date,open,high,low,close,volume,market_return,vix,bond_yield_10y,dollar_index_change,sp500,nasdaq,sp500_above_ma200,nasdaq_12m_return,vnm_etf_above_ma200,usdvnd_change,vix_lag1,bond_yield_lag1,vnindex_return_lag1,day_of_week_sin,day_of_week_cos,month_sin,month_cos,is_quarter_end,days_before_tet,close_smoothed,sentiment_score,news_volume,dividend_flag,days_to_dividend,days_after_dividend,target_return_1d,target_spread_1d,target_return_2d,target_spread_2d,target_return_3d,target_spread_3d
2020-01-02,1690418.882034762,1715830.0463867188,1688011.879068504,1715830.0463867188,27278000,0.0,15.770000457763672,4.421999931335449,0.0,6061.47998046875,19692.330078125,0.0,0.0,1.0,0.0,15.770000457763672,4.421999931335449,0.0,-0.587785252292473,-0.8090169943749475,0.49999999999999994,0.8660254037844387,0,30.0,1715830.0463867188,0.0,0.0,0.0,60.0,60.0,-0.005231415968048571,0.01931061497201428,0.021283454955698763,0.034573422860492684,0.019310601890481307,0.008723735717388175
2020-01-03,1689904.7614577669,1722185.9150561306,1689052.1816729433,1706853.8256835938,23408000,0.0,15.770000457763672,4.421999931335449,0.0,6061.47998046875,19692.330078125,0.0,0.0,1.0,0.0,15.770000457763672,4.421999931335449,0.0,-0.9510565162951536,0.30901699437494723,0.49999999999999994,0.8660254037844387,0,30.0,1711361.9994190834,0.0,0.0,0.0,60.0,60.0,0.02665431071041513,0.03475524198840421,0.024671082553750612,0.00876961321197893,0.03196442641699228,0.014116556363221018
2020-01-06,1694455.6571172765,1752988.1293735604,1693666.0116230936,1752348.837890625,46768000,0.0,15.770000457763672,4.421999931335449,0.0,6061.47998046875,19692.330078125,0.0,0.0,1.0,0.0,15.770000457763672,4.421999931335449,0.0,0.0,1.0,0.49999999999999994,0.8660254037844387,0,30.0,1725001.760039956,0.0,0.0,0.0,60.0,60.0,-0.0019317389855327048,0.008541933852993431,0.005172252871468201,0.013750058043834413,0.01572467012620856,0.013213528325298611
2020-01-07,1755670.7697061927,1759481.8417410473,1744513.3938804157,1748963.7573242188,34330000,0.0,15.770000457763672,4.421999931335449,0.0,6061.47998046875,19692.330078125,0.0,0.0,1.0,0.0,15.770000457763672,4.421999931335449,0.0,0.9510565162951535,0.30901699437494745,0.49999999999999994,0.8660254037844387,0,30.0,1730998.33054669,0.0,0.0,0.0,60.0,60.0,0.007117741475698456,0.013776670976250092,0.017690582700019684,0.013239102816342416,0.024263333496911406,0.010995524686733376
2020-01-08,1748600.2023500632,1769949.705383605,1745854.8071495632,1761412.4291992188,35314000,0.0,15.770000457763672,4.421999931335449,0.0,6061.47998046875,19692.330078125,0.0,0.0,1.0,0.0,15.770000457763672,4.421999931335449,0.0,0.5877852522924732,-0.8090169943749473,0.49999999999999994,0.8660254037844387,0,30.0,1737105.5226619309,0.0,0.0,0.0,60.0,60.0,0.01049811833205239,0.013145536287488659,0.017024416624902314,0.010917814505602863,0.024903343400212143,0.011465812939999825
2020-01-09,1782586.5977734686,1791048.6982380908,1767893.987232819,1779903.9453125,33200000,0.0,15.770000457763672,4.421999931335449,0.0,6061.47998046875,19692.330078125,0.0,0.0,1.0,0.0,15.770000457763672,4.421999931335449,0.0,-0.587785252292473,-0.8090169943749475,0.49999999999999994,0.8660254037844387,0,30.0,1744292.0510541066,0.0,0.0,0.0,60.0,60.0,0.006458496235126452,0.010804388753958314,0.01425556842395441,0.01134669400367169,0.007606682975628447,0.010466389530062903
2020-01-10,1792038.9309745498,1798896.2977079398,1779665.5235380793,1791399.4482421875,26258000,0.0,15.770000457763672,4.421999931335449,0.0,6061.47998046875,19692.330078125,0.0,0.0,1.0,0.0,15.770000457763672,4.421999931335449,0.0,-0.9510565162951536,0.30901699437494723,0.49999999999999994,0.8660254037844387,0,30.0,1751099.3684591006,0.0,0.0,0.0,60.0,60.0,0.007747037973244377,0.011273881681277896,0.001140818766791709,0.010399226167015007,0.007166077415901222,0.006382282213286988
2020-01-13,1799284.943054117,1807095.1262552722,1786899.1008318833,1805277.4877929688,30730000,0.0,15.770000457763672,4.421999931335449,0.0,6061.47998046875,19692.330078125,0.0,0.0,1.0,0.0,15.770000457763672,4.421999931335449,0.0,0.0,1.0,0.49999999999999994,0.8660254037844387,0,30.0,1757981.2681281788,0.0,0.0,0.0,60.0,60.0,-0.006555434010244208,0.01031928229521733,-0.0005764944330787292,0.006333218528851124,0.007034599601859867,0.007430451462202012
2020-01-14,1805239.7789262775,1808536.8549215717,1789907.6869038353,1793443.1103515625,26076000,0.0,15.770000457763672,4.421999931335449,0.0,6061.47998046875,19692.330078125,0.0,0.0,1.0,0.0,15.770000457763672,4.421999931335449,0.0,0.9510565162951535,0.30901699437494745,0.49999999999999994,0.8660254037844387,0,30.0,1762005.9646432886,0.0,0.0,0.0,60.0,60.0,0.006018392753710158,0.0063750094828305005,0.013679710048606993,0.007479482717587922,0.0342024476209588,0.016776249267650763
2020-01-15,1796489.315811274,1806217.5641570974,1794784.3473216891,1804236.7553710938,21550000,0.0,15.770000457763672,4.421999931335449,0.0,6061.47998046875,19692.330078125,0.0,0.0,1.0,0.0,15.770000457763672,4.421999931335449,0.0,0.5877852522924732,-0.8090169943749473,0.49999999999999994,0.8660254037844387,0,30.0,1766344.4013466663,0.0,0.0,0.0,60.0,60.0,0.007615484319253845,0.0074347375470092646,0.02801544690460601,0.016675887228791316,0.029912476448815426,0.013667387888852326
2020-01-16,1812072.1493814478,1818653.8677424619,1805239.8409936102,1817976.8920898438,26080000,0.0,15.770000457763672,4.421999931335449,0.0,6061.47998046875,19692.330078125,0.0,0.0,1.0,0.0,15.770000457763672,4.421999931335449,0.0,-0.587785252292473,-0.8090169943749475,0.49999999999999994,0.8660254037844387,0,30.0,1771196.958689144,0.0,0.0,0.0,60.0,60.0,0.02024578115642437,0.016549852089716113,0.022128473089737654,0.013564090768301392,0.02324561194118524,0.012357202611741181
2020-01-17,1833496.4963129458,1856074.4623119528,1825987.2136453441,1854783.2543945312,52424000,0.0,15.770000457763672,4.421999931335449,0.0,6061.47998046875,19692.330078125,0.0,0.0,1.0,0.0,15.770000457763672,4.421999931335449,0.0,-0.9510565162951536,0.30901699437494723,0.49999999999999994,0.8660254037844387,0,30.0,1778447.5269470566,0.0,0.0,0.0,60.0,60.0,0.0018453317505310294,0.013294924633676816,0.002940302072467902,0.01211198599393823,0.003494546309497677,0.008908353370191196
2020-01-21,1854131.4662249456,1867771.2137386813,1843112.0101597002,1858205.9448242188,48930000,0.0,15.770000457763672,4.421999931335449,0.0,6061.47998046875,19692.330078125,0.0,0.0,1.0,0.0,15.770000457763672,4.421999931335449,0.0,0.9510565162951535,0.30901699437494745,0.49999999999999994,0.8660254037844387,0,30.0,1784881.2892304237,0.0,0.0,0.0,60.0,60.0,0.0010929534602148853,0.012089676529983802,0.0016461768166199505,0.008891944782160707,-0.01084826370382518,0.02092767922281805
2020-01-22,1867583.373553687,1881185.2470743186,1858720.1382753009,1860236.8774414062,28458000,0.0,15.770000457763672,4.421999931335449,0.0,6061.47998046875,19692.330078125,0.0,0.0,1.0,0.0,15.770000457763672,4.421999931335449,0.0,0.5877852522924732,-0.8090169943749473,0.49999999999999994,0.8660254037844387,0,30.0,1790570.6268279625,0.0,0.0,0.0,60.0,60.0,0.0005526193691533674,0.008882236910594823,-0.011928180218196522,0.02090483121520618,-0.035137778998908756,0.011510495440361708
2020-01-23,1864850.4219376934,1872309.5879560455,1855786.5233007858,1861264.8803710938,26650000,0.0,15.770000457763672,4.421999931335449,0.0,6061.47998046875,19692.330078125,0.0,0.0,1.0,0.0,15.770000457763672,4.421999931335449,0.0,-0.587785252292473,-0.8090169943749475,0.49999999999999994,0.8660254037844387,0,30.0,1795594.4097174553,0.0,0.0,0.0,60.0,60.0,-0.01247390626513877,0.020893285181129845,-0.03567068605603657,0.01150413803086044,-0.023028287706968846,0.016461351624450844
2020-01-24,1871457.0262481302,1873187.0538966889,1834299.115953474,1838047.63671875,29786000,0.0,15.770000457763672,4.421999931335449,0.0,6061.47998046875,19692.330078125,0.0,0.0,1.0,0.0,15.770000457763672,4.421999931335449,0.0,-0.9510565162951536,0.30901699437494723,0.49999999999999994,0.8660254037844387,0,30.0,1798448.0924833245,0.0,0.0,0.0,60.0,60.0,-0.023489789219813623,0.01164945220571474,-0.010687698794786277,0.016669282694286473,-0.006459125399478359,0.012788420150286662
2020-01-27,1794634.1289877319,1800952.4408320328,1779540.1927362508,1794872.28515625,34132000,0.0,15.770000457763672,4.421999931335449,0.0,6061.47998046875,19692.330078125,0.0,0.0,1.0,0.0,15.770000457763672,4.421999931335449,0.0,0.0,1.0,0.49999999999999994,0.8660254037844387,0,30.0,1798219.7315181475,0.0,0.0,0.0,60.0,60.0,0.013110042561458798,0.017070259491673404,0.01744033358005397,0.01309604345055369,0.015729192724921966,0.014143684872517612
2020-01-28,1807421.1724423615,1823793.6922857352,1793154.7566237052,1818403.1372070312,29724000,0.0,15.770000457763672,4.421999931335449,0.0,6061.47998046875,19692.330078125,0.0,0.0,1.0,0.0,15.770000457763672,4.421999931335449,0.0,0.9510565162951535,0.30901699437494745,0.49999999999999994,0.8660254037844387,0,30.0,1799449.1402838621,0.0,0.0,0.0,60.0,60.0,0.004274255349050575,0.012926575495632043,0.0025852573298366845,0.01396066002539858,-0.012216703834027625,0.029376081436622303
2020-01-29,1828381.7963636287,1835502.5697140764,1811996.8442794755,1826175.4565429688,21566000,0.0,15.770000457763672,4.421999931335449,0.0,6061.47998046875,19692.330078125,0.0,0.0,1.0,0.0,15.770000457763672,4.421999931335449,0.0,0.5877852522924732,-0.8090169943749473,0.49999999999999994,0.8660254037844387,0,30.0,1801007.3448703384,0.0,0.0,0.0,60.0,60.0,-0.001681809535809373,0.013901242565006652,-0.01642077260792324,0.02925105495850056,0.01777992903321405,0.020381750221198494
2020-01-30,1802857.8427157458,1824357.7012129629,1798971.5932252973,1823104.1772460938,27110000,0.0,15.770000457763672,4.421999931335449,0.0,6061.47998046875,19692.330078125,0.0,0.0,1.0,0.0,15.770000457763672,4.421999931335449,0.0,-0.587785252292473,-0.8090169943749475,0.49999999999999994,0.8660254037844387,0,30.0,1802244.3780637083,0.0,0.0,0.0,60.0,60.0,-0.01476379295989854,0.029300332537163947,0.019494524646469925,0.02041608618963613,-0.0060788479260771465,0.031156885495191765
2020-01-31,1840165.8299813066,1842434.912701838,1789017.3540586347,1796188.2446289062,43822000,0.0,15.770000457763672,4.421999931335449,0.0,6061.47998046875,19692.330078125,0.0,0.0,1.0,0.0,15.770000457763672,4.421999931335449,0.0,-0.9510565162951536,0.30901699437494723,0.49999999999999994,0.8660254037844387,0,30.0,1801917.8892932353,0.0,0.0,0.0,60.0,60.0,0.03477167948312528,0.020722021829639423,0.008815089185478844,0.03162377232237021,0.009261781647919364,0.024358174793046652
2020-02-03,1832380.9796633166,1863283.3199765214,1826062.6679611795,1858644.7265625,71636000,0.0,15.770000457763672,4.421999931335449,0.0,6061.47998046875,19692.330078125,0.0,0.0,1.0,0.0,15.770000457763672,4.421999931335449,0.0,0.0,1.0,0.8660254037844386,0.5000000000000001,0,30.0,1804870.647226657,0.0,0.0,0.0,60.0,60.0,-0.025084364804622318,0.03056111116045085,-0.024652682655509343,0.02353966123735983,-0.0044718534937198545,0.02096318474037104
2020-02-04,1823404.9025630942,1839514.0134662997,1782711.7653700374,1812021.8041992188,95880000,0.0,15.770000457763672,4.421999931335449,0.0,6061.47998046875,19692.330078125,0.0,0.0,1.0,0.0,15.770000457763672,4.421999931335449,0.0,0.9510565162951535,0.30901699437494745,0.8660254037844386,0.5000000000000001,0,30.0,1805230.9187878582,0.0,0.0,0.0,60.0,60.0,0.0004427892358362527,0.024145331542090174,0.021142866692020607,0.02150256287167855,0.02331519494062207,0.01372616497886109
2020-02-05,1834838.0017092403,1836054.0327513102,1792302.1655274236,1812824.1479492188,36376000,0.0,15.770000457763672,4.421999931335449,0.0,6061.47998046875,19692.330078125,0.0,0.0,1.0,0.0,15.770000457763672,4.421999931335449,0.0,0.5877852522924732,-0.8090169943749473,0.8660254037844386,0.5000000000000001,0,30.0,1805601.9895236809,0.0,0.0,0.0,60.0,60.0,0.020690915741414462,0.02149304598227227,0.022862282532173924,0.013720089870751614,0.04329732404497471,0.02329100991547478
2020-02-06,1820258.3207961028,1857341.0520052805,1818377.9392356344,1850333.1396484375,37822000,0.0,15.770000457763672,4.421999931335449,0.0,6061.47998046875,19692.330078125,0.0,0.0,1.0,0.0,15.770000457763672,4.421999931335449,0.0,-0.587785252292473,-0.8090169943749475,0.8660254037844386,0.5000000000000001,0,30.0,1807726.713776263,0.0,0.0,0.0,60.0,60.0,0.0021273499717416543,0.013441963339886833,0.022148142944075577,0.022818866667933986,0.02309668940607024,0.0165518845884527
2020-02-07,1839576.8372428706,1861966.7673787652,1837094.6571490332,1854269.4458007812,28360000,0.0,15.770000457763672,4.421999931335449,0.0,6061.47998046875,19692.330078125,0.0,0.0,1.0,0.0,15.770000457763672,4.421999931335449,0.0,-0.9510565162951536,0.30901699437494723,0.8660254037844386,0.5000000000000001,0,30.0,1809879.6152220278,0.0,0.0,0.0,60.0,60.0,0.019978292153086608,0.02277042600282034,0.020924825008438185,0.016516747685730197,0.026718854258383707,0.00786279877524824
2020-02-10,1851912.8409877631,1891590.422829897,1849367.9176249995,1891314.5825195312,38302000,0.0,15.770000457763672,4.421999931335449,0.0,6061.47998046875,19692.330078125,0.0,0.0,1.0,0.0,15.770000457763672,4.421999931335449,0.0,0.0,1.0,0.8660254037844386,0.5000000000000001,0,30.0,1813554.2903934347,0.0,0.0,0.0,60.0,60.0,0.0009279931373377835,0.01619323451567264,0.0066085348650590904,0.007708790310282532,0.003135189122451958,0.01454938265477891
2020-02-11,1897093.8791903544,1917916.9537157014,1887290.453138051,1893069.7094726562,34852000,0.0,15.770000457763672,4.421999931335449,0.0,6061.47998046875,19692.330078125,0.0,0.0,1.0,0.0,15.770000457763672,4.421999931335449,0.0,0.9510565162951535,0.30901699437494745,0.8660254037844386,0.5000000000000001,0,30.0,1817060.158387773,0.0,0.0,0.0,60.0,60.0,0.0056752751113654555,0.007701643238211249,0.0022051496213987133,0.01453589344541649,0.005741498880257951,0.009602348277474108
2020-02-12,1900340.7207165717,1905906.8795445773,1891327.1320171547,1903813.4008789062,31042000,0.0,15.770000457763672,4.421999931335449,0.0,6061.47998046875,19692.330078125,0.0,0.0,1.0,0.0,15.770000457763672,4.421999931335449,0.0,0.5877852522924732,-0.8090169943749473,0.8660254037844386,0.5000000000000001,0,30.0,1820803.1262937142,0.0,0.0,0.0,60.0,60.0,-0.003450542710799439,0.014453863791974829,6.585005173281371e-05,0.009548159843554643,0.0005334867268076877,0.01287345861264346
2020-02-13,1892994.3198738715,1912989.8712048843,1885472.4116232442,1897244.2114257812,22914000,0.0,15.770000457763672,4.421999931335449,0.0,6061.47998046875,19692.330078125,0.0,0.0,1.0,0.0,15.770000457763672,4.421999931335449,0.0,-0.587785252292473,-0.8090169943749475,0.8660254037844386,0.5000000000000001,0,30.0,1824034.9485765912,0.0,0.0,0.0,60.0,60.0,0.003528568237945253,0.009581220253260093,0.003997824100415875,0.012918032836685954,0.007585659272464329,0.006449084286934891
2020-02-14,1898673.5073650926,1905593.6176576484,1887415.7029937552,1903938.7670898438,23198000,0.0,15.770000457763672,4.421999931335449,0.0,6061.47998046875,19692.330078125,0.0,0.0,1.0,0.0,15.770000457763672,4.421999931335449,0.0,-0.9510565162951536,0.30901699437494723,0.8660254037844386,0.5000000000000001,0,30.0,1827349.619865112,0.0,0.0,0.0,60.0,60.0,0.0004676058832032745,0.01287261095054643,0.004042825648344775,0.006426408266840449,-0.0011457154547289937,0.015019165575956558
2020-02-18,1898435.5706445305,1918769.5182622042,1894260.8552397937,1904829.0600585938,25642000,0.0,15.770000457763672,4.421999931335449,0.0,6061.47998046875,19692.330078125,0.0,0.0,1.0,0.0,15.770000457763672,4.421999931335449,0.0,0.9510565162951535,0.30901699437494745,0.8660254037844386,0.5000000000000001,0,30.0,1830507.061054034,0.0,0.0,0.0,60.0,60.0,0.003573548752720815,0.0064234046450382335,-0.0016125672919794776,0.01501214580825711,-0.0236799117715286,0.02136314629493973
2020-02-19,1914557.0591982305,1918994.989215761,1906759.5013833768,1911636.0595703125,22746000,0.0,15.770000457763672,4.421999931335449,0.0,6061.47998046875,19692.330078125,0.0,0.0,1.0,0.0,15.770000457763672,4.421999931335449,0.0,0.5877852522924732,-0.8090169943749473,0.8660254037844386,0.5000000000000001,0,30.0,1833758.5997919373,0.0,0.0,0.0,60.0,60.0,-0.00516764919835302,0.014958690199552163,-0.027156415748622556,0.021287075891438804,-0.06886486061098909,0.019404932058961464
2020-02-20,1904289.6931083447,1914394.0177531026,1885798.4461636976,1901757.3950195312,25962000,0.0,15.770000457763672,4.421999931335449,0.0,6061.47998046875,19692.330078125,0.0,0.0,1.0,0.0,15.770000457763672,4.421999931335449,0.0,-0.587785252292473,-0.8090169943749475,0.8660254037844386,0.5000000000000001,0,30.0,1836441.679596359,0.0,0.0,0.0,60.0,60.0,-0.022102987033494382,0.02139765144778961,-0.06402808610044511,0.01950573083326528,-0.08613786809281021,0.037198589312682676
2020-02-21,1886199.7205845788,1894185.5081741724,1853492.366297288,1859722.8759765625,42520000,0.0,15.770000457763672,4.421999931335449,0.0,6061.47998046875,19692.330078125,0.0,0.0,1.0,0.0,15.770000457763672,4.421999931335449,0.0,-0.9510565162951536,0.30901699437494723,0.8660254037844386,0.5000000000000001,0,30.0,1837346.958965368,0.0,0.0,0.0,60.0,60.0,-0.042872714111037706,0.01994661050665606,-0.06548223402898268,0.03803937308269166,-0.06268466788560002,0.025022617168025018
2020-02-24,1783990.6196601249,1800701.7229652049,1763606.5551077821,1779991.5087890625,49560000,0.0,15.770000457763672,4.421999931335449,0.0,6061.47998046875,19692.330078125,0.0,0.0,1.0,0.0,15.770000457763672,4.421999931335449,0.0,0.0,1.0,0.8660254037844386,0.5000000000000001,0,30.0,1835147.1017192353,0.0,0.0,0.0,60.0,60.0,-0.02362227077973821,0.0397432751563042,-0.02069939292991876,0.026143458176291014,-0.0738876431668371,0.03884894438326607
2020-02-25,1793956.6612426774,1801290.3389005829,1730547.646590894,1737944.0673828125,51580000,0.0,15.770000457763672,4.421999931335449,0.0,6061.47998046875,19692.330078125,0.0,0.0,1.0,0.0,15.770000457763672,4.421999931335449,0.0,0.9510565162951535,0.30901699437494745,0.8660254037844386,0.5000000000000001,0,30.0,1831466.5427129588,0.0,0.0,0.0,60.0,60.0,0.0029935933218731515,0.0267759673268759,-0.05148148189250586,0.03978884730839872,-0.033952952587474515,0.05355183292900078
2020-02-26,1748800.7255212974,1772231.2714368468,1725696.1378726668,1743146.7651367188,49776000,0.0,15.770000457763672,4.421999931335449,0.0,6061.47998046875,19692.330078125,0.0,0.0,1.0,0.0,15.770000457763672,4.421999931335449,0.0,0.5877852522924732,-0.8090169943749473,0.8660254037844386,0.5000000000000001,0,30.0,1828162.438218505,0.0,0.0,0.0,60.0,60.0,-0.05431248571983379,0.03967009118833921,-0.03683627308822805,0.05339199899736082,-0.0029846584682146323,0.0447833410680679
2020-02-27,1703870.5045394853,1716732.8497191744,1647582.0585915423,1648472.1313476562,62290000,0.0,15.770000457763672,4.421999931335449,0.0,6061.47998046875,19692.330078125,0.0,0.0,1.0,0.0,15.770000457763672,4.421999931335449,0.0,-0.587785252292473,-0.8090169943749475,0.8660254037844386,0.5000000000000001,0,30.0,1821515.7135058464,0.0,0.0,0.0,60.0,60.0,0.018479902047673955,0.05645839475632866,0.054275674021866116,0.0473553265659385,0.017316337926164865,0.06004034210308316
2020-02-28,1597524.3930872418,1682947.279394029,1589877.1890575965,1678935.7348632812,80198000,0.0,15.770000457763672,4.421999931335449,0.0,6061.47998046875,19692.330078125,0.0,0.0,1.0,0.0,15.770000457763672,4.421999931335449,0.0,-0.9510565162951536,0.30901699437494723,0.8660254037844386,0.5000000000000001,0,30.0,1816297.360439027,0.0,0.0,0.0,60.0,60.0,0.03514627230466114,0.046496083497307786,-0.0011424517255271504,0.058950934605946435,0.03162207582042566,0.034183329185387294
2020-03-02,1694154.5246728465,1739385.6291447713,1661321.6930299543,1737944.0673828125,55430000,0.0,15.770000457763672,4.421999931335449,0.0,6061.47998046875,19692.330078125,0.0,0.0,1.0,0.0,15.770000457763672,4.421999931335449,0.0,0.0,1.0,1.0,6.123233995736766e-17,0,30.0,1813458.0730967154,0.0,0.0,0.0,60.0,60.0,-0.035056614703731365,0.05694937631828342,-0.0034045396080972954,0.03302270423027381,-0.051618426995719634,0.037502211340332464
2020-03-03,1752185.837191098,1765361.5158925557,1666386.6851790438,1677017.6318359375,56602000,0.0,15.770000457763672,4.421999931335449,0.0,6061.47998046875,19692.330078125,0.0,0.0,1.0,0.0,15.770000457763672,4.421999931335449,0.0,0.9510565162951535,0.30901699437494745,1.0,6.123233995736766e-17,0,30.0,1808559.8375572956,0.0,0.0,0.0,60.0,60.0,0.032802002250024095,0.03422242665577191,-0.01716350673454615,0.038864675287470965,-0.0313817636720246,0.0340429462037682
2020-03-04,1703644.6946555946,1733506.414104398,1676114.8011984564,1732027.16796875,47598000,0.0,15.770000457763672,4.421999931335449,0.0,6061.47998046875,19692.330078125,0.0,0.0,1.0,0.0,15.770000457763672,4.421999931335449,0.0,0.5877852522924732,-0.8090169943749473,1.0,6.123233995736766e-17,0,30.0,1805836.2689126611,0.0,0.0,0.0,60.0,60.0,-0.048378594227855135,0.03763032527319063,-0.06214527642492978,0.03296173528866472,-0.12001293507784654,0.03958455589721594
2020-03-05,1686833.6014007244,1696963.1773966057,1631786.4316839385,1648234.1284179688,54380000,0.0,15.770000457763672,4.421999931335449,0.0,6061.47998046875,19692.330078125,0.0,0.0,1.0,0.0,15.770000457763672,4.421999931335449,0.0,-0.587785252292473,-0.8090169943749475,1.0,6.123233995736766e-17,0,30.0,1800273.5997193158,0.0,0.0,0.0,60.0,60.0,-0.014466553729846341,0.034637446245673296,-0.07527609237821564,0.04159695826209065,-0.03011205178321326,0.046654919412892806
2020-03-06,1592058.4891758123,1633177.7272693296,1576087.106245968,1624389.8608398438,64640000,0.0,15.770000457763672,4.421999931335449,0.0,6061.47998046875,19692.330078125,0.0,0.0,1.0,0.0,15.770000457763672,4.421999931335449,0.0,-0.9510565162951536,0.30901699437494723,1.0,6.123233995736766e-17,0,30.0,1794113.375299797,0.0,0.0,0.0,60.0,60.0,-0.06170215620637621,0.042207556140807144,-0.015875156863096644,0.047339762632575125,-0.0654761318157008,0.05077409314756291
2020-03-09,1510584.5937861248,1570470.9229449476,1501909.396698992,1524161.50390625,69252000,0.0,15.770000457763672,4.421999931335449,0.0,6061.47998046875,19692.330078125,0.0,0.0,1.0,0.0,15.770000457763672,4.421999931335449,0.0,0.0,1.0,1.0,6.123233995736766e-17,0,30.0,1784726.668623679,0.0,0.0,0.0,60.0,60.0,0.04884056767944475,0.05045280978284693,-0.004022150998520972,0.054112980737841855,-0.0857385673980144,0.06603113445125247
2020-03-10,1572551.864092835,1599454.9012431868,1522556.6708082668,1598602.4169921875,54872000,0.0,15.770000457763672,4.421999931335449,0.0,6061.47998046875,19692.330078125,0.0,0.0,1.0,0.0,15.770000457763672,4.421999931335449,0.0,0.9510565162951535,0.30901699437494745,1.0,6.123233995736766e-17,0,30.0,1778298.6159966893,0.0,0.0,0.0,60.0,60.0,-0.050401100326357764,0.051593142375839444,-0.12831228999390717,0.06295631241395064,-0.04775832634569793,0.08007564580718031
2020-03-11,1564879.6651769863,1575736.142939937,1493259.220837698,1518031.0961914062,54732000,0.0,15.770000457763672,4.421999931335449,0.0,6061.47998046875,19692.330078125,0.0,0.0,1.0,0.0,15.770000457763672,4.421999931335449,0.0,0.5877852522924732,-0.8090169943749473,1.0,6.123233995736766e-17,0,30.0,1769367.0530226666,0.0,0.0,0.0,60.0,60.0,-0.08204641948756039,0.06629779419035493,0.002783042378806569,0.08432575673234317,-0.11388226693346198,0.06473694271804348
2020-03-12,1407359.8887820863,1490263.0029099528,1389620.889720096,1393482.080078125,94326000,0.0,15.770000457763672,4.421999931335449,0.0,6061.47998046875,19692.330078125,0.0,0.0,1.0,0.0,15.770000457763672,4.421999931335449,0.0,-0.587785252292473,-0.8090169943749475,1.0,6.123233995736766e-17,0,30.0,1756544.8186016008,0.0,0.0,0.0,60.0,60.0,0.09241149407469128,0.09186276792478881,-0.03468132607329611,0.07052311150843231,0.005856657633142974,0.06918262432889645
2020-03-13,1473012.8968718157,1522418.8202116322,1394409.6992820634,1522255.8410644531,79400000,0.0,15.770000457763672,4.421999931335449,0.0,6061.47998046875,19692.330078125,0.0,0.0,1.0,0.0,15.770000457763672,4.421999931335449,0.0,-0.9510565162951536,0.30901699437494723,1.0,6.123233995736766e-17,0,30.0,1748597.483034664,0.0,0.0,0.0,60.0,60.0,-0.11634152591523143,0.06455727708006928,-0.07923281374374692,0.06333018711735217,-0.10136136885053514,0.05599251372083691
2020-03-16,1365977.1544785923,1436005.3892282252,1337732.6971098734,1345154.2736816406,96520000,0.0,15.770000457763672,4.421999931335449,0.0,6061.47998046875,19692.330078125,0.0,0.0,1.0,0.0,15.770000457763672,4.421999931335449,0.0,0.0,1.0,1.0,6.123233995736766e-17,0,30.0,1734984.2002877814,0.0,0.0,0.0,60.0,60.0,0.04199440537241395,0.07166817155569648,0.016952428459662196,0.06336442795824487,0.03603917171294122,0.09045667819712658
2020-03-17,1367268.4962707928,1411597.1023629215,1315192.3551078273,1401643.2275390625,83194000,0.0,15.770000457763672,4.421999931335449,0.0,6061.47998046875,19692.330078125,0.0,0.0,1.0,0.0,15.770000457763672,4.421999931335449,0.0,0.9510565162951535,0.30901699437494745,1.0,6.123233995736766e-17,0,30.0,1723791.8709890607,0.0,0.0,0.0,60.0,60.0,-0.02403273643662379,0.06081071801493801,-0.0057152261363095334,0.08681109776668802,-0.044586098132802295,0.06831476870041273
2020-03-18,1328781.7001683807,1385258.0830156193,1300023.1519481938,1367957.9052734375,93044000,0.0,15.770000457763672,4.421999931335449,0.0,6061.47998046875,19692.330078125,0.0,0.0,1.0,0.0,15.770000457763672,4.421999931335449,0.0,0.5877852522924732,-0.8090169943749473,1.0,6.123233995736766e-17,0,30.0,1711899.6655721758,0.0,0.0,0.0,60.0,60.0,0.018768570406178155,0.08894878036147448,-0.021059478594738574,0.06999698786103452,-0.033962782628998496,0.053189651446786126
2020-03-19,1364234.676962005,1444956.5096642517,1323278.322404342,1393632.51953125,74064000,0.0,15.770000457763672,4.421999931335449,0.0,6061.47998046875,19692.330078125,0.0,0.0,1.0,0.0,15.770000457763672,4.421999931335449,0.0,-0.587785252292473,-0.8090169943749475,1.0,6.123233995736766e-17,0,30.0,1701309.2306014227,0.0,0.0,0.0,60.0,60.0,-0.03909430478900373,0.06870744729897493,-0.051759893823729676,0.05220974909500758,0.0164976639006215,0.04218879964383202
2020-03-20,1417740.0023039295,1427242.6244875097,1331489.6915976787,1339149.4250488281,82878000,0.0,15.770000457763672,4.421999931335449,0.0,6061.47998046875,19692.330078125,0.0,0.0,1.0,0.0,15.770000457763672,4.421999931335449,0.0,-0.9510565162951536,0.30901699437494723,1.0,6.123233995736766e-17,0,30.0,1689307.458723079,0.0,0.0,0.0,60.0,60.0,-0.013180886634192373,0.054333894944335125,0.05785371963834423,0.04390524466042235,0.031276628885769465,0.05912689602334633
2020-03-23,1324306.3868643937,1337519.750076662,1264758.5459012922,1321498.2482910156,83672000,0.0,15.770000457763672,4.421999931335449,0.0,6061.47998046875,19692.330078125,0.0,0.0,1.0,0.0,15.770000457763672,4.421999931335449,0.0,0.0,1.0,1.0,6.123233995736766e-17,0,30.0,1677165.1897602484,0.0,0.0,0.0,60.0,60.0,0.0719834114585137,0.04449168451011442,0.04505133202003731,0.059916650602437574,0.10320346686797872,0.07537019933783755
2020-03-24,1383992.0262503084,1420786.2899289157,1361990.606785283,1416624.200439453,72468000,0.0,15.770000457763672,4.421999931335449,0.0,6061.47998046875,19692.330078125,0.0,0.0,1.0,0.0,15.770000457763672,4.421999931335449,0.0,0.9510565162951535,0.30901699437494745,1.0,6.123233995736766e-17,0,30.0,1668595.0534526873,0.0,0.0,0.0,60.0,60.0,-0.025123597203648207,0.05589326286394347,0.029123636686679513,0.07030910976065455,-0.0174777763293101,0.04163681318575421
2020-03-25,1409817.0195121518,1436883.0363491958,1357703.2875346097,1381033.5046386719,90324000,0.0,15.770000457763672,4.421999931335449,0.0,6061.47998046875,19692.330078125,0.0,0.0,1.0,0.0,15.770000457763672,4.421999931335449,0.0,0.5877852522924732,-0.8090169943749473,1.0,6.123233995736766e-17,0,30.0,1659168.0662997577,0.0,0.0,0.0,60.0,60.0,0.05564524255046491,0.07212104997000515,0.007842861774484136,0.04270983795106998,0.04056744623010751,0.04766615702258833
2020-03-26,1397456.0701849097,1468612.6309601304,1369011.0445618334,1457881.4489746094,76562000,0.0,15.770000457763672,4.421999931335449,0.0,6061.47998046875,19692.330078125,0.0,0.0,1.0,0.0,15.770000457763672,4.421999931335449,0.0,-0.587785252292473,-0.8090169943749475,1.0,6.123233995736766e-17,0,30.0,1652590.3136201608,0.0,0.0,0.0,60.0,60.0,-0.04528261848695405,0.04045851411965062,-0.014283014513407053,0.04515357536915121,-0.0008339905661431978,0.03154129007632001
2020-03-27,1413439.8875504734,1443000.7062123974,1384016.9890242815,1391864.7595214844,62794000,0.0,15.770000457763672,4.421999931335449,0.0,6061.47998046875,19692.330078125,0.0,0.0,1.0,0.0,15.770000457763672,4.421999931335449,0.0,-0.9510565162951536,0.30901699437494723,1.0,6.123233995736766e-17,1,30.0,1644095.5490076754,0.0,0.0,0.0,60.0,60.0,0.032469927303950936,0.047295227093898044,0.04655684371260551,0.033037305790257064,-0.007349559959673109,0.032361812566762044
2020-03-30,1419921.3069599262,1442938.0946508113,1377109.534765249,1437058.5070800781,58736000,0.0,15.770000457763672,4.421999931335449,0.0,6061.47998046875,19692.330078125,0.0,0.0,1.0,0.0,15.770000457763672,4.421999931335449,0.0,0.0,1.0,1.0,6.123233995736766e-17,1,30.0,1637368.876303634,0.0,0.0,0.0,60.0,60.0,0.0136438999685339,0.03199832258216577,-0.038567212671852966,0.03134407280148798,-0.025542770108022875,0.025856853624018215
2020-03-31,1440092.5023787417,1471019.711674935,1425036.249995941,1456665.5895996094,65228000,0.0,15.770000457763672,4.421999931335449,0.0,6061.47998046875,19692.330078125,0.0,0.0,1.0,0.0,15.770000457763672,4.421999931335449,0.0,0.9510565162951535,0.30901699437494745,1.0,6.123233995736766e-17,1,30.0,1631513.1968224503,0.0,0.0,0.0,60.0,60.0,-0.0515083380287768,0.030922173755952145,-0.038659207713648974,0.025508813918596933,-0.05959820507936773,0.037617747446642244
2020-04-01,1409089.8834808504,1415884.602773258,1370841.3363073424,1381635.1660156252,51970000,0.0,15.770000457763672,4.421999931335449,0.0,6061.47998046875,19692.330078125,0.0,0.0,1.0,0.0,15.770000457763672,4.421999931335449,0.0,0.5877852522924732,-0.8090169943749473,0.8660254037844387,-0.4999999999999998,0,30.0,1623435.8587640636,0.0,0.0,0.0,60.0,60.0,0.013546909087660134,0.02689408346045203,-0.008529191531086298,0.039660598985617176,0.07357776544367284,0.05965880811135735
2020-04-02,1379002.5485454132,1407547.9066564257,1370390.095189706,1400352.0520019531,56410000,0.0,15.770000457763672,4.421999931335449,0.0,6061.47998046875,19692.330078125,0.0,0.0,1.0,0.0,15.770000457763672,4.421999931335449,0.0,-0.587785252292473,-0.8090169943749475,0.8660254037844387,-0.4999999999999998,0,30.0,1616241.3222965065,0.0,0.0,0.0,60.0,60.0,-0.021781034918865412,0.03913050163738104,0.05922849334131878,0.05886141783517348,0.058664418355086824,0.038969448133613964
2020-04-03,1397443.5727348907,1402558.3825550417,1347761.9042912694,1369850.9350585938,51374000,0.0,15.770000457763672,4.421999931335449,0.0,6061.47998046875,19692.330078125,0.0,0.0,1.0,0.0,15.770000457763672,4.421999931335449,0.0,-0.9510565162951536,0.30901699437494723,0.8660254037844387,-0.4999999999999998,0,30.0,1608312.3894683185,0.0,0.0,0.0,60.0,60.0,0.08281328736400563,0.06017202685320198,0.08223665267753218,0.03983714232158829,0.10460326393113781,0.028324345788720548
2020-04-06,1420372.702284035,1492770.261555734,1410343.5543065045,1483292.794189453,63320000,0.0,15.770000457763672,4.421999931335449,0.0,6061.47998046875,19692.330078125,0.0,0.0,1.0,0.0,15.770000457763672,4.421999931335449,0.0,0.0,1.0,0.8660254037844387,-0.4999999999999998,0,30.0,1604297.411968614,0.0,0.0,0.0,60.0,60.0,-0.0005325338109557364,0.03679040771522817,0.02012348465004301,0.026158106960132682,0.01976011858125623,0.02499176571192451
2020-04-07,1525690.7385830055,1530417.0381975381,1475846.0915382481,1482502.890625,61620000,0.0,15.770000457763672,4.421999931335449,0.0,6061.47998046875,19692.330078125,0.0,0.0,1.0,0.0,15.770000457763672,4.421999931335449,0.0,0.9510565162951535,0.30901699437494745,0.8660254037844387,-0.4999999999999998,0,30.0,1600393.4900431873,0.0,0.0,0.0,60.0,60.0,0.020667024350237092,0.02617204445870878,0.02030346467363022,0.02500508176340924,0.02355071803849244,0.027220624111682624
2020-04-08,1508252.6308760417,1523045.5707881977,1484245.439224596,1513141.8139648438,40334000,0.0,15.770000457763672,4.421999931335449,0.0,6061.47998046875,19692.330078125,0.0,0.0,1.0,0.0,15.770000457763672,4.421999931335449,0.0,0.5877852522924732,-0.8090169943749473,0.8660254037844387,-0.4999999999999998,0,30.0,1597601.8047502215,0.0,0.0,0.0,60.0,60.0,-0.0003561981213592301,0.02449876518674406,0.002825303080689932,0.026669446021352006,0.04824365455576059,0.039113512122545005
2020-04-09,1527157.6202016505,1531933.9423884423,1494863.8363938737,1512602.8356933594,54028000,0.0,15.770000457763672,4.421999931335449,0.0,6061.47998046875,19692.330078125,0.0,0.0,1.0,0.0,15.770000457763672,4.421999931335449,0.0,-0.587785252292473,-0.8090169943749475,0.8660254037844387,-0.4999999999999998,0,30.0,1594886.7818953367,0.0,0.0,0.0,60.0,60.0,0.0031826348506039195,0.02667894901287023,0.04861717002174737,0.03912744924646017,0.04204488879490029,0.034071792627539024
2020-04-13,1506246.9913642686,1522569.392527306,1482214.73859712,1517416.8981933594,38702000,0.0,15.770000457763672,4.421999931335449,0.0,6061.47998046875,19692.330078125,0.0,0.0,1.0,0.0,15.770000457763672,4.421999931335449,0.0,0.0,1.0,0.8660254037844387,-0.4999999999999998,0,30.0,1592416.1684761203,0.0,0.0,0.0,60.0,60.0,0.04529039238992574,0.039003315933879894,0.0387389619738422,0.033963698576793114,0.03884623849311571,0.029047996944147392
2020-04-14,1554474.3795337824,1599329.5127263493,1540145.2220427056,1586141.3049316406,63358000,0.0,15.770000457763672,4.421999931335449,0.0,6061.47998046875,19692.330078125,0.0,0.0,1.0,0.0,15.770000457763672,4.421999931335449,0.0,0.9510565162951535,0.30901699437494745,0.8660254037844387,-0.4999999999999998,0,30.0,1592216.3524145,0.0,0.0,0.0,60.0,60.0,-0.006267569723954432,0.03249211781152926,-0.0061649412868669705,0.02778940393562097,0.010883417439404687,0.01896889535102438
2020-04-15,1562673.2616606185,1598527.337818176,1546990.2476726044,1576200.0537109375,42236000,0.0,15.770000457763672,4.421999931335449,0.0,6061.47998046875,19692.330078125,0.0,0.0,1.0,0.0,15.770000457763672,4.421999931335449,0.0,0.5877852522924732,-0.8090169943749473,0.8660254037844387,-0.4999999999999998,0,30.0,1591707.0425847531,0.0,0.0,0.0,60.0,60.0,0.00010327572489402614,0.027964674482749294,0.01725916015299491,0.019088534069231368,0.0030619906420446246,0.016209351717740912
2020-04-16,1588535.6769056076,1596333.3301493998,1552255.4087276815,1576362.8369140625,57896000,0.0,15.770000457763672,4.421999931335449,0.0,6061.47998046875,19692.330078125,0.0,0.0,1.0,0.0,15.770000457763672,4.421999931335449,0.0,-0.587785252292473,-0.8090169943749475,0.8660254037844387,-0.4999999999999998,0,30.0,1591219.74389185,0.0,0.0,0.0,60.0,60.0,0.017154112824664003,0.019086562890613102,0.0029584093852768004,0.01620767785806127,-0.036001882752067685,0.03578728390060625
2020-04-17,1606788.7253330941,1617193.9496694994,1587106.6012443139,1603403.9428710938,51050000,0.0,15.770000457763672,4.421999931335449,0.0,6061.47998046875,19692.330078125,0.0,0.0,1.0,0.0,15.770000457763672,4.421999931335449,0.0,-0.9510565162951536,0.30901699437494723,0.8660254037844387,-0.4999999999999998,0,30.0,1591606.2119687651,0.0,0.0,0.0,60.0,60.0,-0.013956295570555534,0.01593433841903477,-0.052259529707957504,0.03518373808785378,-0.016098574039691605,0.033369799588340014
2020-04-20,1591983.172260364,1600670.8980896357,1575121.717041513,1581026.3635253906,35292000,0.0,15.770000457763672,4.421999931335449,0.0,6061.47998046875,19692.330078125,0.0,0.0,1.0,0.0,15.770000457763672,4.421999931335449,0.0,0.0,1.0,0.8660254037844387,-0.4999999999999998,0,30.0,1591271.0192072005,0.0,0.0,0.0,60.0,60.0,-0.038845371625353474,0.03568172275711874,-0.0021725999157163715,0.03384211007933854,0.007945156231825238,0.021900655602314797
2020-04-21,1557909.4749473787,1567048.454861347,1510634.7104863385,1519610.8068847656,49648000,0.0,15.770000457763672,4.421999931335449,0.0,6061.47998046875,19692.330078125,0.0,0.0,1.0,0.0,15.770000457763672,4.421999931335449,0.0,0.9510565162951535,0.30901699437494745,0.8660254037844387,-0.4999999999999998,0,30.0,1589003.126285838,0.0,0.0,0.0,60.0,60.0,0.03815491350403454,0.035209849778871684,0.04868158200133052,0.022785777600998227,0.05316127194764087,0.027809876703491776
2020-04-22,1555903.435473303,1604506.9912177327,1551001.72298497,1577591.42578125,46296000,0.0,15.770000457763672,4.421999931335449,0.0,6061.47998046875,19692.330078125,0.0,0.0,1.0,0.0,15.770000457763672,4.421999931335449,0.0,0.5877852522924732,-0.8090169943749473,0.8660254037844387,-0.4999999999999998,0,30.0,1588642.3375791223,0.0,0.0,0.0,60.0,60.0,0.010139785845414738,0.021948340565176815,0.014454835447395883,0.026787790860254596,0.00989343863056867,0.023076795291641153
2020-04-23,1586780.6160342994,1614874.7212663244,1580249.2073805747,1593587.8649902344,34202000,0.0,15.770000457763672,4.421999931335449,0.0,6061.47998046875,19692.330078125,0.0,0.0,1.0,0.0,15.770000457763672,4.421999931335449,0.0,-0.587785252292473,-0.8090169943749475,0.8660254037844387,-0.4999999999999998,0,30.0,1588798.544537252,0.0,0.0,0.0,60.0,60.0,0.0042717351226491465,0.026518894944658703,-0.00024387438085105622,0.022845150359390633,-0.030350015410077192,0.0427794525030248
2020-04-24,1573316.6077391678,1601786.7900010066,1559526.6008242476,1600395.2502441406,37402000,0.0,15.770000457763672,4.421999931335449,0.0,6061.47998046875,19692.330078125,0.0,0.0,1.0,0.0,15.770000457763672,4.421999931335449,0.0,-0.9510565162951536,0.30901699437494723,0.8660254037844387,-0.4999999999999998,0,30.0,1589164.504022979,0.0,0.0,0.0,60.0,60.0,-0.004496402064874128,0.02274797702695537,-0.034474484665744445,0.04259748732030206,0.0513707608892078,0.02617887330215761
2020-04-27,1619701.131458103,1622333.8568458657,1585928.1024592635,1593199.2297363281,44186000,0.0,15.770000457763672,4.421999931335449,0.0,6061.47998046875,19692.330078125,0.0,0.0,1.0,0.0,15.770000457763672,4.421999931335449,0.0,0.0,1.0,0.8660254037844387,-0.4999999999999998,0,30.0,1589291.7215238777,0.0,0.0,0.0,60.0,60.0,-0.030113484936720347,0.042789887860433445,0.056119498784295334,0.02629711570752516,0.05967596986865886,0.022425803987060153
2020-04-28,1608669.1569661002,1610624.715363983,1542451.8989842366,1545222.4487304688,80700000,0.0,15.770000457763672,4.421999931335449,0.0,6061.47998046875,19692.330078125,0.0,0.0,1.0,0.0,15.770000457763672,4.421999931335449,0.0,0.9510565162951535,0.30901699437494745,0.8660254037844387,-0.4999999999999998,0,30.0,1587903.2863802763,0.0,0.0,0.0,60.0,60.0,0.08891038526851718,0.027113600714212857,0.09257727931140577,0.023122090717589774,0.06874134467343636,0.033888006453269184
2020-04-29,1686144.003930828,1705136.6220484087,1663240.0775588925,1682608.7719726562,108358000,0.0,15.770000457763672,4.421999931335449,0.0,6061.47998046875,19692.330078125,0.0,0.0,1.0,0.0,15.770000457763672,4.421999931335449,0.0,0.5877852522924732,-0.8090169943749473,0.8660254037844387,-0.4999999999999998,0,30.0,1590884.8408312676,0.0,0.0,0.0,60.0,60.0,0.0033674892741374462,0.021234153912388337,-0.01852222264379201,0.031121024201557827,-0.014364614792262318,0.02120437395274245
2020-04-30,1669044.1672925062,1692411.9689548733,1656683.1953164712,1688274.9389648438,55842000,0.0,15.770000457763672,4.421999931335449,0.0,6061.47998046875,19692.330078125,0.0,0.0,1.0,0.0,15.770000457763672,4.421999931335449,0.0,-0.587785252292473,-0.8090169943749475,0.8660254037844387,-0.4999999999999998,0,30.0,1593948.7793556575,0.0,0.0,0.0,60.0,60.0,-0.02181624594371206,0.031016576213837264,-0.01767259180305676,0.02113320810113377,0.0017228763501205533,0.026717105980690173
2020-05-01,1659930.2754030356,1694204.8645875496,1641840.356273235,1651443.1176757812,48872000,0.0,15.770000457763672,4.421999931335449,0.0,6061.47998046875,19692.330078125,0.0,0.0,1.0,0.0,15.770000457763672,4.421999931335449,0.0,-0.9510565162951536,0.30901699437494723,0.49999999999999994,-0.8660254037844387,0,30.0,1595756.3966439266,0.0,0.0,0.0,60.0,60.0,0.0042360692696771785,0.021604538015990903,0.024064110854654507,0.027312972506342386,0.02133882959943913,0.017884818706019396
2020-05-04,1639922.6279097083,1660407.1203193131,1624728.4547022402,1658438.7451171875,30806000,0.0,15.770000457763672,4.421999931335449,0.0,6061.47998046875,19692.330078125,0.0,0.0,1.0,0.0,15.770000457763672,4.421999931335449,0.0,0.0,1.0,0.49999999999999994,-0.8660254037844387,0,30.0,1597725.915853157,0.0,0.0,0.0,60.0,60.0,0.01974440292649229,0.02719776090715954,0.017030617454519236,0.017809376951602618,0.03505929391570111,0.01773382949966758
2020-05-05,1676741.800060333,1718751.2078542428,1673645.3873853758,1691183.6279296875,39666000,0.0,15.770000457763672,4.421999931335449,0.0,6061.47998046875,19692.330078125,0.0,0.0,1.0,0.0,15.770000457763672,4.421999931335449,0.0,0.9510565162951535,0.30901699437494745,0.49999999999999994,-0.8660254037844387,0,30.0,1600660.7258451984,0.0,0.0,0.0,60.0,60.0,-0.0026612408601458908,0.017464549842580893,0.015018362390867457,0.017390465148692674,0.02618211668950989,0.018257681047015608
2020-05-06,1702441.2656787646,1715842.6654412672,1686306.9046783324,1686682.9809570312,31732000,0.0,15.770000457763672,4.421999931335449,0.0,6061.47998046875,19692.330078125,0.0,0.0,1.0,0.0,15.770000457763672,4.421999931335449,0.0,0.5877852522924732,-0.8090169943749473,0.49999999999999994,-0.8660254037844387,0,30.0,1603360.5835611357,0.0,0.0,0.0,60.0,60.0,0.017726778478218335,0.017436868856566774,0.028920321490895906,0.018306398783460277,0.04322782586104199,0.02975250251874935
2020-05-07,1706590.9721402447,1725007.0437163494,1695596.5737747985,1716582.4365234375,30652000,0.0,15.770000457763672,4.421999931335449,0.0,6061.47998046875,19692.330078125,0.0,0.0,1.0,0.0,15.770000457763672,4.421999931335449,0.0,-0.587785252292473,-0.8090169943749475,0.49999999999999994,-0.8660254037844387,0,30.0,1606912.31327777,0.0,0.0,0.0,60.0,60.0,0.010998573732544403,0.01798753768750527,0.025056869802477576,0.029234273036656783,0.004308914205304762,0.029080938829329713
2020-05-08,1732303.2390406244,1750882.0985801534,1720005.0073094785,1735462.3950195312,33326000,0.0,15.770000457763672,4.421999931335449,0.0,6061.47998046875,19692.330078125,0.0,0.0,1.0,0.0,15.770000457763672,4.421999931335449,0.0,-0.9510565162951536,0.30901699437494723,0.49999999999999994,-0.8660254037844387,0,30.0,1610942.9634930617,0.0,0.0,0.0,60.0,60.0,0.013905356975955772,0.028916235686392365,-0.0066168832489464655,0.02876456958981127,-0.02601243403704561,0.04140608506013842
2020-05-11,1725997.1946148935,1774563.067916152,1724380.0282768963,1759594.619140625,32718000,0.0,15.770000457763672,4.421999931335449,0.0,6061.47998046875,19692.330078125,0.0,0.0,1.0,0.0,15.770000457763672,4.421999931335449,0.0,0.0,1.0,0.49999999999999994,-0.8660254037844387,0,30.0,1615601.8087586334,0.0,0.0,0.0,60.0,60.0,-0.020240784885594516,0.028370073589120415,-0.03937033248552805,0.040838215100899536,-0.03329316452055449,0.024273453663340386
2020-05-12,1765399.2789278491,1773058.9169855604,1723139.0881535206,1723979.04296875,33918000,0.0,15.770000457763672,4.421999931335449,0.0,6061.47998046875,19692.330078125,0.0,0.0,1.0,0.0,15.770000457763672,4.421999931335449,0.0,0.9510565162951535,0.30901699437494745,0.49999999999999994,-0.8660254037844387,0,30.0,1618997.0003198658,0.0,0.0,0.0,60.0,60.0,-0.019524743737878283,0.04168188925493383,-0.013322027936665912,0.02477491743775638,-0.0015417568756472,0.02587296326926637
2020-05-13,1725207.6231674918,1736703.584884968,1664844.8813381176,1690318.7939453125,40368000,0.0,15.770000457763672,4.421999931335449,0.0,6061.47998046875,19692.330078125,0.0,0.0,1.0,0.0,15.770000457763672,4.421999931335449,0.0,0.5877852522924732,-0.8090169943749473,0.49999999999999994,-0.8660254037844387,0,30.0,1621230.455960765,0.0,0.0,0.0,60.0,60.0,0.006326233896874731,0.025268274012549906,0.01834109198307345,0.026388185835410263,0.027330156542996094,0.028598361327590017
2020-05-14,1671752.225369806,1701651.4374150378,1658939.9989610647,1701012.1459960938,36660000,0.0,15.770000457763672,4.421999931335449,0.0,6061.47998046875,19692.330078125,0.0,0.0,1.0,0.0,15.770000457763672,4.421999931335449,0.0,-0.587785252292473,-0.8090169943749475,0.49999999999999994,-0.8660254037844387,0,30.0,1623727.9108365583,0.0,0.0,0.0,60.0,60.0,0.011939327110327488,0.026222297448438025,0.020871882237220682,0.028418578751391955,0.012926919838878385,0.013803825261597909
2020-05-15,1690230.9013817976,1723226.526890087,1678622.0804343715,1721321.0864257812,41544000,0.0,15.770000457763672,4.421999931335449,0.0,6061.47998046875,19692.330078125,0.0,0.0,1.0,0.0,15.770000457763672,4.421999931335449,0.0,-0.9510565162951536,0.30901699437494723,0.49999999999999994,-0.8660254037844387,0,30.0,1626781.8688115322,0.0,0.0,0.0,60.0,60.0,0.008827164719846207,0.02808328324638143,0.0009759406538443826,0.013640961361800041,0.02629168434695396,0.01792346025474131
2020-05-18,1706929.5876745484,1746017.998263358,1697677.6506352937,1736515.4711914062,47094000,0.0,15.770000457763672,4.421999931335449,0.0,6061.47998046875,19692.330078125,0.0,0.0,1.0,0.0,15.770000457763672,4.421999931335449,0.0,0.0,1.0,0.49999999999999994,-0.8660254037844387,0,30.0,1630214.6148422894,0.0,0.0,0.0,60.0,60.0,-0.007782526423326565,0.01352160393657537,0.01731170634363092,0.017766631273969213,0.015571939055276596,0.015932951588403056
2020-05-19,1736891.3313388734,1745679.1974985555,1722198.7230673698,1723000.9936523438,31586000,0.0,15.770000457763672,4.421999931335449,0.0,6061.47998046875,19692.330078125,0.0,0.0,1.0,0.0,15.770000457763672,4.421999931335449,0.0,0.9510565162951535,0.30901699437494745,0.49999999999999994,-0.8660254037844387,0,30.0,1633116.3205803938,0.0,0.0,0.0,60.0,60.0,0.025291061118385284,0.01790598507595855,0.023537647844899045,0.016057922796873462,0.02825968471471158,0.015315743713750267
2020-05-20,1741504.7430613602,1770175.4922996652,1739323.4622214646,1766577.5170898438,38262000,0.0,15.770000457763672,4.421999931335449,0.0,6061.47998046875,19692.330078125,0.0,0.0,1.0,0.0,15.770000457763672,4.421999931335449,0.0,0.5877852522924732,-0.8090169943749473,0.49999999999999994,-0.8660254037844387,0,30.0,1637288.8499904287,0.0,0.0,0.0,60.0,60.0,-0.0017101614750972473,0.015661818780861616,0.002895395960136555,0.01493794717867128,0.008664679848579089,0.018244905621065063
2020-05-21,1768871.7621806127,1775729.1295493958,1748061.3126143902,1763556.3842773438,30894000,0.0,15.770000457763672,4.421999931335449,0.0,6061.47998046875,19692.330078125,0.0,0.0,1.0,0.0,15.770000457763672,4.421999931335449,0.0,-0.587785252292473,-0.8090169943749475,0.49999999999999994,-0.8660254037844387,0,30.0,1641235.412506024,0.0,0.0,0.0,60.0,60.0,0.004613447174859644,0.014963537243596461,0.010392614372401559,0.0182761608071902,0.00961776435263386,0.021858869708393708
2020-05-22,1759983.4008629739,1776406.0375772673,1750016.995939951,1771692.4584960938,28544000,0.0,15.770000457763672,4.421999931335449,0.0,6061.47998046875,19692.330078125,0.0,0.0,1.0,0.0,15.770000457763672,4.421999931335449,0.0,-0.9510565162951536,0.30901699437494723,0.49999999999999994,-0.8660254037844387,0,30.0,1645311.8885833367,0.0,0.0,0.0,60.0,60.0,0.005752627753285501,0.0181922319062977,0.004981336047060878,0.021758488073063815,0.003538035349654236,0.03211057229161527
2020-05-26,1807696.8383065066,1811645.8307942546,1779414.790722655,1781884.345703125,44590000,0.0,15.770000457763672,4.421999931335449,0.0,6061.47998046875,19692.330078125,0.0,0.0,1.0,0.0,15.770000457763672,4.421999931335449,0.0,0.9510565162951535,0.30901699437494745,0.49999999999999994,-0.8660254037844387,0,30.0,1649578.4429906174,0.0,0.0,0.0,60.0,60.0,-0.0007668801303035958,0.021634035519916377,-0.002201925545626824,0.03192690867071948,0.008548142753789156,0.014598570269722576
2020-05-27,1780166.836721352,1786873.8492341097,1748324.5000067854,1780517.8540039062,31684000,0.0,15.770000457763672,4.421999931335449,0.0,6061.47998046875,19692.330078125,0.0,0.0,1.0,0.0,15.770000457763672,4.421999931335449,0.0,0.5877852522924732,-0.8090169943749473,0.49999999999999994,-0.8660254037844387,0,30.0,1653668.1074697236,0.0,0.0,0.0,60.0,60.0,-0.0014361467677436106,0.031951411573390265,0.009322171872473027,0.014609774215276494,0.01027270648455254,0.013588926845151115
2020-05-28,1755094.332889562,1810831.103634652,1753941.0448676036,1777960.7690429688,35170000,0.0,15.770000457763672,4.421999931335449,0.0,6061.47998046875,19692.330078125,0.0,0.0,1.0,0.0,15.770000457763672,4.421999931335449,0.0,-0.587785252292473,-0.8090169943749475,0.49999999999999994,-0.8660254037844387,0,30.0,1657549.3595643186,0.0,0.0,0.0,60.0,60.0,0.01077379138589183,0.014630786171546306,0.011725693068496025,0.013608470606226181,0.016971729008181363,0.015082126469421895
2020-05-29,1780705.945541898,1801140.3168312479,1775127.3529979822,1797116.1474609375,37044000,0.0,15.770000457763672,4.421999931335449,0.0,6061.47998046875,19692.330078125,0.0,0.0,1.0,0.0,15.770000457763672,4.421999931335449,0.0,-0.9510565162951536,0.30901699437494723,0.49999999999999994,-0.8660254037844387,0,30.0,1661906.7160027958,0.0,0.0,0.0,60.0,60.0,0.0009417554063199676,0.01346341854349759,0.0061318740900389,0.01492136677657866,0.00399712117982688,0.01213096656907281
2020-06-01,1787312.8221402997,1807220.5729575509,1783025.2460930063,1798808.5913085938,25162000,0.0,15.770000457763672,4.421999931335449,0.0,6061.47998046875,19692.330078125,0.0,0.0,1.0,0.0,15.770000457763672,4.421999931335449,0.0,0.0,1.0,1.2246467991473532e-16,-1.0,0,30.0,1666180.0837926287,0.0,0.0,0.0,60.0,60.0,0.005185235460191256,0.014907327720104467,0.0030524910735356668,0.012119552914593311,-0.014335846499874925,0.024608541904993113
2020-06-02,1798971.7024524026,1809000.8512467432,1782185.4220703666,1808135.8374023438,23442000,0.0,15.770000457763672,4.421999931335449,0.0,6061.47998046875,19692.330078125,0.0,0.0,1.0,0.0,15.770000457763672,4.421999931335449,0.0,0.9510565162951535,0.30901699437494745,1.2246467991473532e-16,-1.0,0,30.0,1670610.4401081852,0.0,0.0,0.0,60.0,60.0,-0.0021217426514220346,0.01205703435252386,-0.019420382703023976,0.024481599049479566,-0.0015878669302231366,0.02681816652939843
2020-06-03,1808624.5070580412,1816534.9255034144,1794734.1695978248,1804299.4384765625,27732000,0.0,15.770000457763672,4.421999931335449,0.0,6061.47998046875,19692.330078125,0.0,0.0,1.0,0.0,15.770000457763672,4.421999931335449,0.0,0.5877852522924732,-0.8090169943749473,1.2246467991473532e-16,-1.0,0,30.0,1674782.1175129362,0.0,0.0,0.0,60.0,60.0,-0.017335421354470092,0.02453365314775836,0.000535010876594744,0.02687518876366331,0.006107354929743077,0.017036622220322255
2020-06-04,1801202.9596210246,1806894.6048883672,1762628.548290088,1773021.1474609375,26982000,0.0,15.770000457763672,4.421999931335449,0.0,6061.47998046875,19692.330078125,0.0,0.0,1.0,0.0,15.770000457763672,4.421999931335449,0.0,-0.587785252292473,-0.8090169943749475,1.2246467991473532e-16,-1.0,0,30.0,1677847.1341149802,0.0,0.0,0.0,60.0,60.0,0.018185688809193478,0.027349300410021007,0.023856335919348864,0.01733716935620589,0.026712926168781626,0.017987744031568897
2020-06-05,1774701.002901388,1813137.6841973295,1764646.7962021,1805264.7583007812,42642000,0.0,15.770000457763672,4.421999931335449,0.0,6061.47998046875,19692.330078125,0.0,0.0,1.0,0.0,15.770000457763672,4.421999931335449,0.0,-0.9510565162951536,0.30901699437494723,1.2246467991473532e-16,-1.0,0,30.0,1681821.9411424098,0.0,0.0,0.0,60.0,60.0,0.005569364382627908,0.017027512316031827,0.008374933426496175,0.017666467157485037,0.017138650773427865,0.012784462324789077
2020-06-08,1788039.8225846286,1816522.3414319395,1785783.1735262747,1815318.935546875,33878000,0.0,15.770000457763672,4.421999931335449,0.0,6061.47998046875,19692.330078125,0.0,0.0,1.0,0.0,15.770000457763672,4.421999931335449,0.0,0.0,1.0,1.2246467991473532e-16,-1.0,0,30.0,1685985.8347767428,0.0,0.0,0.0,60.0,60.0,0.0027900303482204366,0.01756862110485179,0.01150520968576141,0.01271365534553465,-0.03186361277693654,0.03673241736444925
2020-06-09,1811808.960464786,1840091.010398219,1808198.3598351332,1820383.73046875,33624000,0.0,15.770000457763672,4.421999931335449,0.0,6061.47998046875,19692.330078125,0.0,0.0,1.0,0.0,15.770000457763672,4.421999931335449,0.0,0.9510565162951535,0.30901699437494745,1.2246467991473532e-16,-1.0,0,30.0,1690177.2991628258,0.0,0.0,0.0,60.0,60.0,0.008690931375249726,0.01267828255245,-0.03455722741192735,0.03663021794472155,-0.026968184249270846,0.03354499803771921
2020-06-10,1832205.450160961,1846321.3189406302,1823241.9796518644,1836204.560546875,31762000,0.0,15.770000457763672,4.421999931335449,0.0,6061.47998046875,19692.330078125,0.0,0.0,1.0,0.0,15.770000457763672,4.421999931335449,0.0,0.5877852522924732,-0.8090169943749473,1.2246467991473532e-16,-1.0,0,30.0,1694730.908662444,0.0,0.0,0.0,60.0,60.0,-0.042875530493976494,0.03631461015990289,-0.03535187490572848,0.033255972661500925,-0.030012797819244878,0.025807327926741834
2020-06-11,1806531.1332072394,1819782.181410195,1753101.1286200995,1757476.3159179688,47144000,0.0,15.770000457763672,4.421999931335449,0.0,6061.47998046875,19692.330078125,0.0,0.0,1.0,0.0,15.770000457763672,4.421999931335449,0.0,-0.587785252292473,-0.8090169943749475,1.2246467991473532e-16,-1.0,0,30.0,1696687.2988366673,0.0,0.0,0.0,60.0,60.0,0.00786068670058244,0.034745713562902104,0.013438934103701408,0.026963397916324426,0.03179227892861215,0.0201012362852699
2020-06-12,1787513.2596972927,1798357.3033244833,1737292.5346580131,1771291.2866210938,36676000,0.0,15.770000457763672,4.421999931335449,0.0,6061.47998046875,19692.330078125,0.0,0.0,1.0,0.0,15.770000457763672,4.421999931335449,0.0,-0.9510565162951536,0.30901699437494723,1.2246467991473532e-16,-1.0,0,30.0,1699013.1944526506,0.0,0.0,0.0,60.0,60.0,0.0055347405417512496,0.026753100177559334,0.02374494068855308,0.01994445914055344,0.02804119728535295,0.019158910020436803
2020-06-15,1741918.710247441,1786435.3615448116,1739047.8283101995,1781094.9243164062,30468000,0.0,15.770000457763672,4.421999931335449,0.0,6061.47998046875,19692.330078125,0.0,0.0,1.0,0.0,15.770000457763672,4.421999931335449,0.0,0.0,1.0,1.2246467991473532e-16,-1.0,0,30.0,1701571.9694889833,0.0,0.0,0.0,60.0,60.0,0.018109966182760364,0.019834679336695995,0.022382574998329657,0.019053454095593527,0.00941747695822219,0.01881416518252661
2020-06-16,1816522.082216228,1826764.3254381877,1791436.878746155,1813350.4931640625,30648000,0.0,15.770000457763672,4.421999931335449,0.0,6061.47998046875,19692.330078125,0.0,0.0,1.0,0.0,15.770000457763672,4.421999931335449,0.0,0.9510565162951535,0.30901699437494745,1.2246467991473532e-16,-1.0,0,30.0,1705056.1769749057,0.0,0.0,0.0,60.0,60.0,0.004196608379730092,0.01871453450851816,-0.008537868710910735,0.01847950202576574,-0.015091665728910755,0.017629149669173703
2020-06-17,1821461.9776650013,1833070.608297237,1799134.5979168797,1820960.4150390625,30610000,0.0,15.770000457763672,4.421999931335449,0.0,6061.47998046875,19692.330078125,0.0,0.0,1.0,0.0,15.770000457763672,4.421999931335449,0.0,0.5877852522924732,-0.8090169943749473,1.2246467991473532e-16,-1.0,0,30.0,1708668.6735278345,0.0,0.0,0.0,60.0,60.0,-0.012681258813637988,0.01840227488477818,-0.019207667052134794,0.017555476210598154,-0.0012943086220654836,0.02186511161089342
2020-06-18,1817588.0567746635,1821499.3650961707,1787989.550984322,1797868.3447265625,34862000,0.0,15.770000457763672,4.421999931335449,0.0,6061.47998046875,19692.330078125,0.0,0.0,1.0,0.0,15.770000457763672,4.421999931335449,0.0,-0.587785252292473,-0.8090169943749475,1.2246467991473532e-16,-1.0,0,30.0,1711448.6182639557,0.0,0.0,0.0,60.0,60.0,-0.0066102343308653035,0.017780961181293384,0.011533205758750156,0.022145950136245065,0.02082109027135453,0.02105823958955556
2020-06-19,1805239.8487702217,1810881.1850396094,1778913.3577929502,1785984.013671875,52784000,0.0,15.770000457763672,4.421999931335449,0.0,6061.47998046875,19692.330078125,0.0,0.0,1.0,0.0,15.770000457763672,4.421999931335449,0.0,-0.9510565162951536,0.30901699437494723,1.2246467991473532e-16,-1.0,0,30.0,1713771.3679536777,0.0,0.0,0.0,60.0,60.0,0.018264170536722076,0.02229331416689987,0.027613858678866537,0.021198365754625022,0.005657458735367692,0.03214141193206361
2020-06-22,1786447.8567875717,1818967.1727418439,1779151.670027996,1818603.5302734375,29442000,0.0,15.770000457763672,4.421999931335449,0.0,6061.47998046875,19692.330078125,0.0,0.0,1.0,0.0,15.770000457763672,4.421999931335449,0.0,0.0,1.0,1.2246467991473532e-16,-1.0,0,30.0,1717038.023652666,0.0,0.0,0.0,60.0,60.0,0.009181986769912847,0.02081813970087101,-0.012380590583590357,0.031564905121941024,-0.006590014714001761,0.015703197665888503
2020-06-23,1820283.3566664273,1849367.8663660039,1811507.9240122742,1835301.923828125,37752000,0.0,15.770000457763672,4.421999931335449,0.0,6061.47998046875,19692.330078125,0.0,0.0,1.0,0.0,15.770000457763672,4.421999931335449,0.0,0.9510565162951535,0.30901699437494745,1.2246467991473532e-16,-1.0,0,30.0,1720722.9760845413,0.0,0.0,0.0,60.0,60.0,-0.021366391430071508,0.031277713569750454,-0.015628500796368777,0.015560322986094612,-0.06929049405970684,0.05602533230596407
2020-06-24,1834424.3975531457,1850107.3145079734,1792703.2666204653,1796088.14453125,31592000,0.0,15.770000457763672,4.421999931335449,0.0,6061.47998046875,19692.330078125,0.0,0.0,1.0,0.0,15.770000457763672,4.421999931335449,0.0,0.5877852522924732,-0.8090169943749473,1.2246467991473532e-16,-1.0,0,30.0,1723071.110846016,0.0,0.0,0.0,60.0,60.0,0.005863165318926126,0.015900049671125457,-0.04897042387463736,0.0572485267370222,-0.02479936377139411,0.03235157229528835
2020-06-25,1794232.8721046941,1808148.2706205286,1779590.3799087622,1806618.90625,23958000,0.0,15.770000457763672,4.421999931335449,0.0,6061.47998046875,19692.330078125,0.0,0.0,1.0,0.0,15.770000457763672,4.421999931335449,0.0,-0.587785252292473,-0.8090169943749475,1.2246467991473532e-16,-1.0,0,30.0,1725674.0359317923,0.0,0.0,0.0,60.0,60.0,-0.05451396480571745,0.05691482570481699,-0.030483797545760766,0.03216299533647873,-0.015994809851119507,0.025723409957284334
2020-06-26,1796000.522072762,1801503.938135846,1698680.5379716002,1708132.9467773438,97640000,0.0,15.770000457763672,4.421999931335449,0.0,6061.47998046875,19692.330078125,0.0,0.0,1.0,0.0,15.770000457763672,4.421999931335449,0.0,-0.9510565162951536,0.30901699437494723,1.2246467991473532e-16,-1.0,1,30.0,1725127.5749800515,0.0,0.0,0.0,60.0,60.0,0.02541567655731569,0.03401741976005995,0.040740056987391526,0.027206546685799096,0.05831739843016504,0.025173627952379346
2020-06-29,1705374.8053495185,1752586.9193182653,1694480.6438617522,1751546.3012695312,45074000,0.0,15.770000457763672,4.421999931335449,0.0,6061.47998046875,19692.330078125,0.0,0.0,1.0,0.0,15.770000457763672,4.421999931335449,0.0,0.0,1.0,1.2246467991473532e-16,-1.0,1,30.0,1725950.5598180927,0.0,0.0,0.0,60.0,60.0,0.014944554467438241,0.02653221255319709,0.032086228663201356,0.024549681195528576,0.052076681713848084,0.02680425728281951
2020-06-30,1751182.9835938876,1785181.5464161881,1738709.1476541387,1777722.3803710938,40286000,0.0,15.770000457763672,4.421999931335449,0.0,6061.47998046875,19692.330078125,0.0,0.0,1.0,0.0,15.770000457763672,4.421999931335449,0.0,0.9510565162951535,0.30901699437494745,1.2246467991473532e-16,-1.0,1,30.0,1727563.2545333288,0.0,0.0,0.0,60.0,60.0,0.016889271557063226,0.02418819933312543,0.03658537511528777,0.02640957790732149,0.057543690551735444,0.023285509398799142
2020-07-01,1779126.3788792924,1815870.5230518065,1772870.6197564323,1807746.81640625,42182000,0.0,15.770000457763672,4.421999931335449,0.0,6061.47998046875,19692.330078125,0.0,0.0,1.0,0.0,15.770000457763672,4.421999931335449,0.0,0.5877852522924732,-0.8090169943749473,-0.4999999999999997,-0.8660254037844388,0,30.0,1730060.8617348936,0.0,0.0,0.0,60.0,60.0,0.019368975668379137,0.025970947522027724,0.03997919943871772,0.022898765922807224,0.03323181999363266,0.02192789926387047
2020-07-02,1820082.8166062883,1866066.2732848637,1819117.3755828643,1842761.0205078125,57218000,0.0,15.770000457763672,4.421999931335449,0.0,6061.47998046875,19692.330078125,0.0,0.0,1.0,0.0,15.770000457763672,4.421999931335449,0.0,-0.587785252292473,-0.8090169943749475,-0.4999999999999997,-0.8660254037844388,0,30.0,1733571.1647817672,0.0,0.0,0.0,60.0,60.0,0.020218610005101334,0.022463667689899016,0.013599437157839673,0.021511248416691123,0.022905758477328585,0.012837403723913551
2020-07-06,1865602.319481521,1892994.2923773918,1851599.1211808051,1880019.0869140625,44712000,0.0,15.770000457763672,4.421999931335449,0.0,6061.47998046875,19692.330078125,0.0,0.0,1.0,0.0,15.770000457763672,4.421999931335449,0.0,0.0,1.0,-0.4999999999999997,-0.8660254037844388,0,30.0,1738132.4342858007,0.0,0.0,0.0,60.0,60.0,-0.006487994614437158,0.021084940233136465,0.0026338947808586,0.012582993093852073,0.012676426528862353,0.02237186167058152
2020-07-07,1875606.6575185729,1907185.7829698413,1867545.6928851025,1867821.533203125,42364000,0.0,15.770000457763672,4.421999931335449,0.0,6061.47998046875,19692.330078125,0.0,0.0,1.0,0.0,15.770000457763672,4.421999931335449,0.0,0.9510565162951535,0.30901699437494745,-0.4999999999999997,-0.8660254037844388,0,30.0,1742171.5798495405,0.0,0.0,0.0,60.0,60.0,0.009181458649566824,0.012665164613656436,0.019289571781130284,0.02251795806121078,0.03294807058847826,0.02726318464096848
2020-07-08,1881460.686872388,1894460.9502756589,1870804.6830887091,1884970.859375,31766000,0.0,15.770000457763672,4.421999931335449,0.0,6061.47998046875,19692.330078125,0.0,0.0,1.0,0.0,15.770000457763672,4.421999931335449,0.0,0.5877852522924732,-0.8090169943749473,-0.4999999999999997,-0.8660254037844388,0,30.0,1746618.8813307972,0.0,0.0,0.0,60.0,60.0,0.010016150262104102,0.022313091335767424,0.023550385052371708,0.02701514619328285,0.005739871092586105,0.04642190453108643
2020-07-09,1892906.7305649095,1916989.197013416,1874929.6700629217,1903851.0107421875,41836000,0.0,15.770000457763672,4.421999931335449,0.0,6061.47998046875,19692.330078125,0.0,0.0,1.0,0.0,15.770000457763672,4.421999931335449,0.0,-0.587785252292473,-0.8090169943749475,-0.4999999999999997,-0.8660254037844388,0,30.0,1751515.511708298,0.0,0.0,0.0,60.0,60.0,0.0134000181945164,0.02674724180031407,-0.004233872070667664,0.04596154677233599,0.0014484699080325953,0.024277954571411003
2020-07-10,1897068.863153196,1932283.648734735,1881360.8853986415,1929362.6489257812,35918000,0.0,15.770000457763672,4.421999931335449,0.0,6061.47998046875,19692.330078125,0.0,0.0,1.0,0.0,15.770000457763672,4.421999931335449,0.0,-0.9510565162951536,0.30901699437494723,-0.4999999999999997,-0.8660254037844388,0,30.0,1757053.9748135891,0.0,0.0,0.0,60.0,60.0,-0.017400720296611775,0.045353804960672435,-0.0117935149712912,0.023956931256686624,-0.014379341220601558,0.025016022520676223
2020-07-13,1943065.0207029653,1976186.1373582273,1888682.200080441,1895790.3491210938,42954000,0.0,15.770000457763672,4.421999931335449,0.0,6061.47998046875,19692.330078125,0.0,0.0,1.0,0.0,15.770000457763672,4.421999931335449,0.0,0.0,1.0,-0.4999999999999997,-0.8660254037844388,0,30.0,1761374.33471332,0.0,0.0,0.0,60.0,60.0,0.005706502580597444,0.02438118137428146,0.0030748842772633247,0.025459027944970274,0.0017786594037650443,0.018277689357134568
2020-07-14,1871419.1535983956,1909040.7434561867,1862819.135106653,1906608.681640625,38108000,0.0,15.770000457763672,4.421999931335449,0.0,6061.47998046875,19692.330078125,0.0,0.0,1.0,0.0,15.770000457763672,4.421999931335449,0.0,0.9510565162951535,0.30901699437494745,-0.4999999999999997,-0.8660254037844388,0,30.0,1765896.921444701,0.0,0.0,0.0,60.0,60.0,-0.0026166861769129517,0.02531457028431611,-0.0039055561108074085,0.018173979496239553,-0.0026366145480751215,0.01665508286383949
2020-07-15,1909580.2226484008,1926002.8604751492,1877737.8809990704,1901619.6850585938,31026000,0.0,15.770000457763672,4.421999931335449,0.0,6061.47998046875,19692.330078125,0.0,0.0,1.0,0.0,15.770000457763672,4.421999931335449,0.0,0.5877852522924732,-0.8090169943749473,-0.4999999999999997,-0.8660254037844388,0,30.0,1770123.208397265,0.0,0.0,0.0,60.0,60.0,-0.001292251350139464,0.018221659861720124,-1.9980654263988258e-05,0.01669877832625714,0.030958147426192528,0.043714702017161995
2020-07-16,1882338.3522006122,1900403.4044712523,1865752.7373837633,1899162.314453125,26484000,0.0,15.770000457763672,4.421999931335449,0.0,6061.47998046875,19692.330078125,0.0,0.0,1.0,0.0,15.770000457763672,4.421999931335449,0.0,-0.587785252292473,-0.8090169943749475,-0.4999999999999997,-0.8660254037844388,0,30.0,1774141.2741798775,0.0,0.0,0.0,60.0,60.0,0.001273916916731087,0.016720385266692877,0.03229212832275595,0.043771265494094054,0.027064234904429826,0.0227273312238709
2020-07-17,1901656.8664508516,1909830.6911654861,1878075.9655838457,1901581.689453125,34264000,0.0,15.770000457763672,4.421999931335449,0.0,6061.47998046875,19692.330078125,0.0,0.0,1.0,0.0,15.770000457763672,4.421999931335449,0.0,-0.9510565162951536,0.30901699437494723,-0.4999999999999997,-0.8660254037844388,0,30.0,1778109.4685255648,0.0,0.0,0.0,60.0,60.0,0.030978747056090977,0.04371557548296167,0.02575750506626204,0.02269841532860081,0.03164461312826213,0.01565744925470849
2020-07-20,1899262.5620488366,1966971.5980381065,1883842.8601558006,1960490.3076171875,30166000,0.0,15.770000457763672,4.421999931335449,0.0,6061.47998046875,19692.330078125,0.0,0.0,1.0,0.0,15.770000457763672,4.421999931335449,0.0,0.0,1.0,-0.4999999999999997,-0.8660254037844388,0,30.0,1783788.2562352652,0.0,0.0,0.0,60.0,60.0,-0.005064354628781566,0.022016375597862726,0.0006458581945287498,0.015186975773669016,-0.030111748716399878,0.03949259631550554
2020-07-21,1987055.250851101,1989587.5492837466,1946424.6583152772,1950561.689453125,27486000,0.0,15.770000457763672,4.421999931335449,0.0,6061.47998046875,19692.330078125,0.0,0.0,1.0,0.0,15.770000457763672,4.421999931335449,0.0,0.9510565162951535,0.30901699437494745,-0.4999999999999997,-0.8660254037844388,0,30.0,1788980.9717922402,0.0,0.0,0.0,60.0,60.0,0.00573927856527825,0.015264279498200745,-0.025174888651489546,0.03969361887800345,-0.030663506996534858,0.017892929357643698
2020-07-22,1950298.2303884593,1964426.7246133394,1934652.8058070443,1961756.5063476562,24482000,0.0,15.770000457763672,4.421999931335449,0.0,6061.47998046875,19692.330078125,0.0,0.0,1.0,0.0,15.770000457763672,4.421999931335449,0.0,0.5877852522924732,-0.8090169943749473,-0.4999999999999997,-0.8660254037844388,0,30.0,1794360.4690048955,0.0,0.0,0.0,60.0,60.0,-0.030737754680187017,0.039467106161576754,-0.03619505207526839,0.017790822869291314,-0.02263478687900851,0.016122919331523364
2020-07-23,1963110.457536877,1968651.557365044,1891226.7050658572,1901456.5161132812,33910000,0.0,15.770000457763672,4.421999931335449,0.0,6061.47998046875,19692.330078125,0.0,0.0,1.0,0.0,15.770000457763672,4.421999931335449,0.0,-0.587785252292473,-0.8090169943749475,-0.4999999999999997,-0.8660254037844388,0,30.0,1797694.9263320402,0.0,0.0,0.0,60.0,60.0,-0.0056303620835666725,0.018355014811725325,0.008359933382636702,0.016634217838747578,-0.008636846412977139,0.016805643551683208
2020-07-24,1879442.8953739365,1899801.9014122158,1864900.6388951049,1890750.6274414062,29902000,0.0,15.770000457763672,4.421999931335449,0.0,6061.47998046875,19692.330078125,0.0,0.0,1.0,0.0,15.770000457763672,4.421999931335449,0.0,-0.9510565162951536,0.30901699437494723,-0.4999999999999997,-0.8660254037844388,0,30.0,1800592.1862756982,0.0,0.0,0.0,60.0,60.0,0.014069511912610425,0.01672840481493615,-0.003023507772934566,0.016900801181839335,0.010144256207397128,0.02010328178794485
2020-07-27,1897081.3641823586,1927544.6930062764,1895915.451106342,1917352.5659179688,27124000,0.0,15.770000457763672,4.421999931335449,0.0,6061.47998046875,19692.330078125,0.0,0.0,1.0,0.0,15.770000457763672,4.421999931335449,0.0,0.0,1.0,-0.4999999999999997,-0.8660254037844388,0,30.0,1804227.426983567,0.0,0.0,0.0,60.0,60.0,-0.01685586587975245,0.01666631427461335,-0.0038707955017895893,0.01982436268104399,0.005845424288175494,0.029893532595952135
2020-07-28,1911799.0460022562,1913065.1950926813,1881109.9946538561,1885033.9282226562,30910000,0.0,15.770000457763672,4.421999931335449,0.0,6061.47998046875,19692.330078125,0.0,0.0,1.0,0.0,15.770000457763672,4.421999931335449,0.0,0.9510565162951535,0.30901699437494745,-0.4999999999999997,-0.8660254037844388,0,30.0,1806743.2355560225,0.0,0.0,0.0,60.0,60.0,0.013207697556556512,0.020164248550171678,0.023090500548265863,0.030406052946348436,-0.010441454035655238,0.033930795498933464
2020-07-29,1886726.0621394718,1922241.549747003,1884231.257092815,1909930.8862304688,22676000,0.0,15.770000457763672,4.421999931335449,0.0,6061.47998046875,19692.330078125,0.0,0.0,1.0,0.0,15.770000457763672,4.421999931335449,0.0,0.5877852522924732,-0.8090169943749473,-0.4999999999999997,-0.8660254037844388,0,30.0,1809955.8086708635,0.0,0.0,0.0,60.0,60.0,0.009753975434200353,0.030009693984437178,-0.023340872408731055,0.03348848965593204,-0.02674734153930234,0.0170724063792835
2020-07-30,1877913.192791167,1931719.4610380593,1874403.019610858,1928560.3051757812,36042000,0.0,15.770000457763672,4.421999931335449,0.0,6061.47998046875,19692.330078125,0.0,0.0,1.0,0.0,15.770000457763672,4.421999931335449,0.0,-0.587785252292473,-0.8090169943749475,-0.4999999999999997,-0.8660254037844388,0,30.0,1813648.3113879845,0.0,0.0,0.0,60.0,60.0,-0.03277515973997569,0.03316499906973061,-0.03614872321528311,0.016907491126184733,-0.04229820348969254,0.018903151761424073
2020-07-31,1876759.5896707827,1886751.0520558308,1822790.3513287567,1865351.4331054688,91468000,0.0,15.770000457763672,4.421999931335449,0.0,6061.47998046875,19692.330078125,0.0,0.0,1.0,0.0,15.770000457763672,4.421999931335449,0.0,-0.9510565162951536,0.30901699437494723,-0.4999999999999997,-0.8660254037844388,0,30.0,1815257.9602739022,0.0,0.0,0.0,60.0,60.0,-0.003487879275722993,0.017480414503870063,-0.009845739432370989,0.019543699639002484,-0.005954406418946899,0.012621433541665698
2020-08-03,1869175.3595583562,1877612.20866596,1845005.0924198884,1858845.3125,45482000,0.0,15.770000457763672,4.421999931335449,0.0,6061.47998046875,19692.330078125,0.0,0.0,1.0,0.0,15.770000457763672,4.421999931335449,0.0,0.0,1.0,-0.8660254037844385,-0.5000000000000004,0,30.0,1816614.9292473306,0.0,0.0,0.0,60.0,60.0,-0.006380113221329437,0.019612104291112775,-0.0024751602032007437,0.012665609659110105,0.014965199382429113,0.02317971966140527
2020-08-04,1863797.0044792327,1871820.2834185075,1835364.4152887114,1846985.6689453125,37212000,0.0,15.770000457763672,4.421999931335449,0.0,6061.47998046875,19692.330078125,0.0,0.0,1.0,0.0,15.770000457763672,4.421999931335449,0.0,0.9510565162951535,0.30901699437494745,-0.8660254037844385,-0.5000000000000004,0,30.0,1817560.4262256995,0.0,0.0,0.0,60.0,60.0,0.0039300270355785705,0.012746936557572522,0.02148237257303731,0.023328558505963725,0.017016333081669586,0.02295529781132427
2020-08-05,1851398.7413323051,1867921.6132603704,1844378.204115579,1854244.3725585938,29134000,0.0,15.770000457763672,4.421999931335449,0.0,6061.47998046875,19692.330078125,0.0,0.0,1.0,0.0,15.770000457763672,4.421999931335449,0.0,0.5877852522924732,-0.8090169943749473,-0.8660254037844385,-0.5000000000000004,0,30.0,1818702.4534480534,0.0,0.0,0.0,60.0,60.0,0.01748363438165865,0.023237235542051357,0.013035077837777678,0.022865436029547857,0.011987116577498945,0.02005289286373017
2020-08-06,1850558.6425123385,1888318.153573689,1845230.6403360218,1886663.3032226562,33306000,0.0,15.770000457763672,4.421999931335449,0.0,6061.47998046875,19692.330078125,0.0,0.0,1.0,0.0,15.770000457763672,4.421999931335449,0.0,-0.587785252292473,-0.8090169943749475,-0.8660254037844385,-0.5000000000000004,0,30.0,1820818.1584182982,0.0,0.0,0.0,60.0,60.0,-0.004372116065124165,0.022472534453533057,-0.005402069987592506,0.01970831980596586,-0.0162197041481637,0.021429326058933926
2020-08-07,1891790.9333567352,1905643.5867149595,1863245.4806310718,1878414.5922851562,27718000,0.0,15.770000457763672,4.421999931335449,0.0,6061.47998046875,19692.330078125,0.0,0.0,1.0,0.0,15.770000457763672,4.421999931335449,0.0,-0.9510565162951536,0.30901699437494723,-0.8660254037844385,-0.5000000000000004,0,30.0,1822611.1904597043,0.0,0.0,0.0,60.0,60.0,-0.0010344767749952948,0.01979486525435138,-0.011899614579109648,0.021523428988591504,0.005919671415265879,0.0177993900866178
2020-08-10,1868924.4488961962,1889421.3711534115,1852238.4074073194,1876471.416015625,20546000,0.0,15.770000457763672,4.421999931335449,0.0,6061.47998046875,19692.330078125,0.0,0.0,1.0,0.0,15.770000457763672,4.421999931335449,0.0,0.0,1.0,-0.8660254037844385,-0.5000000000000004,0,30.0,1824287.8968127407,0.0,0.0,0.0,60.0,60.0,-0.010876389176112852,0.021545717532979982,0.006961349544687777,0.017817822209874913,0.013248230985899279,0.019214118057515703
2020-08-11,1872936.071663677,1893546.0472182778,1853116.1241300942,1856062.1826171875,31098000,0.0,15.770000457763672,4.421999931335449,0.0,6061.47998046875,19692.330078125,0.0,0.0,1.0,0.0,15.770000457763672,4.421999931335449,0.0,0.9510565162951535,0.30901699437494745,-0.8660254037844385,-0.5000000000000004,0,30.0,1825277.0447446278,0.0,0.0,0.0,60.0,60.0,0.01803388224242544,0.018013746729828455,0.024389894142672026,0.019425396226778337,0.016271186792929267,0.014042242983164211
2020-08-12,1864311.0640159945,1895087.913920478,1861653.2798479993,1889534.189453125,22512000,0.0,15.770000457763672,4.421999931335449,0.0,6061.47998046875,19692.330078125,0.0,0.0,1.0,0.0,15.770000457763672,4.421999931335449,0.0,0.5877852522924732,-0.8090169943749473,-0.8660254037844385,-0.5000000000000004,0,30.0,1827277.3841428119,0.0,0.0,0.0,60.0,60.0,0.006243418820448478,0.019081286552064432,-0.0017314703176808607,0.013793492759036009,0.005971189183164103,0.012459900798453426
2020-08-13,1890750.70397263,1926805.4472915079,1890750.70397263,1901331.3427734375,22388000,0.0,15.770000457763672,4.421999931335449,0.0,6061.47998046875,19692.330078125,0.0,0.0,1.0,0.0,15.770000457763672,4.421999931335449,0.0,-0.587785252292473,-0.8090169943749475,-0.8660254037844385,-0.5000000000000004,0,30.0,1829582.6846987302,0.0,0.0,0.0,60.0,60.0,-0.007925407499785455,0.01370790854483818,-0.0002705405393890592,0.012382591096157757,0.025800255263672037,0.02353866679765858
2020-08-14,1897520.1307801362,1905267.7624207917,1879204.486260619,1886262.5170898438,21942000,0.0,15.770000457763672,4.421999931335449,0.0,6061.47998046875,19692.330078125,0.0,0.0,1.0,0.0,15.770000457763672,4.421999931335449,0.0,-0.9510565162951536,0.30901699437494723,-0.8660254037844385,-0.5000000000000004,0,30.0,1831347.1171109106,0.0,0.0,0.0,60.0,60.0,0.007716019559683199,0.012481512166289128,0.033995087686362856,0.023726710648174866,0.02657119751474272,0.019180803783509722
2020-08-17,1900478.5634238017,1910269.5546205628,1886726.1460646908,1900816.9555664062,19990000,0.0,15.770000457763672,4.421999931335449,0.0,6061.47998046875,19692.330078125,0.0,0.0,1.0,0.0,15.770000457763672,4.421999931335449,0.0,0.0,1.0,-0.8660254037844385,-0.5000000000000004,0,30.0,1833509.686864742,0.0,0.0,0.0,60.0,60.0,0.026077850918914805,0.023545036684583166,0.018710805017566556,0.019033937549083207,0.03957819971335439,0.030146937748315776
2020-08-18,1913203.2077153502,1952379.4195678877,1907624.614618399,1950386.1767578125,28378000,0.0,15.770000457763672,4.421999931335449,0.0,6061.47998046875,19692.330078125,0.0,0.0,1.0,0.0,15.770000457763672,4.421999931335449,0.0,0.9510565162951535,0.30901699437494745,-0.8660254037844385,-0.5000000000000004,0,30.0,1837147.9870034778,0.0,0.0,0.0,60.0,60.0,-0.007179811838595496,0.01855018849889135,0.013157236346490866,0.02938075090629563,0.012720247316606512,0.01900654609522983
2020-08-19,1946261.3731336717,1966783.5464252904,1930603.515200801,1936382.7709960938,30472000,0.0,15.770000457763672,4.421999931335449,0.0,6061.47998046875,19692.330078125,0.0,0.0,1.0,0.0,15.770000457763672,4.421999931335449,0.0,0.5877852522924732,-0.8090169943749473,-0.8660254037844385,-0.5000000000000004,0,30.0,1840237.0941371263,0.0,0.0,0.0,60.0,60.0,0.02048412031462452,0.02959322469127627,0.020043971096170763,0.019143996387128163,0.02624620048831762,0.0218437566612054
2020-08-20,1930565.7846739588,1980962.1106030291,1923658.3001726256,1976047.8686523438,26382000,0.0,15.770000457763672,4.421999931335449,0.0,6061.47998046875,19692.330078125,0.0,0.0,1.0,0.0,15.770000457763672,4.421999931335449,0.0,-0.587785252292473,-0.8090169943749475,-0.8660254037844385,-0.5000000000000004,0,30.0,1844464.7642204782,0.0,0.0,0.0,60.0,60.0,-0.00043131412796316174,0.01875972002506604,0.005646418262654199,0.021405288163103185,0.01877890373203358,0.019666971931754682
2020-08-21,1970469.1759708948,1995642.3767433134,1958572.271971267,1975195.5712890625,34838000,0.0,15.770000457763672,4.421999931335449,0.0,6061.47998046875,19692.330078125,0.0,0.0,1.0,0.0,15.770000457763672,4.421999931335449,0.0,-0.9510565162951536,0.30901699437494723,-0.8660254037844385,-0.5000000000000004,0,30.0,1848534.2802144033,0.0,0.0,0.0,60.0,60.0,0.006080354933603254,0.021414524550085252,0.019218507073615953,0.01967545823486553,0.04351434340388559,0.03288333491304781
2020-08-24,1996382.0297625177,2016829.0277929052,1974531.153740316,1987205.4614257812,25638000,0.0,15.770000457763672,4.421999931335449,0.0,6061.47998046875,19692.330078125,0.0,0.0,1.0,0.0,15.770000457763672,4.421999931335449,0.0,0.0,1.0,-0.8660254037844385,-0.5000000000000004,0,30.0,1852850.9528303016,0.0,0.0,0.0,60.0,60.0,0.013058750303180064,0.019556547484881583,0.037207752131044054,0.03268460093847868,0.02736021130352335,0.01840834777583915
2020-08-25,1980874.5303348328,2016954.328733596,1978091.4507650067,2013155.8813476562,25150000,0.0,15.770000457763672,4.421999931335449,0.0,6061.47998046875,19692.330078125,0.0,0.0,1.0,0.0,15.770000457763672,4.421999931335449,0.0,0.9510565162951535,0.30901699437494745,-0.8660254037844385,-0.5000000000000004,0,30.0,1857841.0381333127,0.0,0.0,0.0,60.0,60.0,0.023837711110670408,0.032263282784633265,0.014117109196345486,0.018171056486437777,0.02091085782094,0.009801598198837028
2020-08-26,2013719.8896173604,2072001.5783499423,2007050.5608604753,2061144.9096679688,52188000,0.0,15.770000457763672,4.421999931335449,0.0,6061.47998046875,19692.330078125,0.0,0.0,1.0,0.0,15.770000457763672,4.421999931335449,0.0,0.5877852522924732,-0.8090169943749473,-0.8660254037844385,-0.5000000000000004,0,30.0,1864169.6003209883,0.0,0.0,0.0,60.0,60.0,-0.009494280010237076,0.017747985143783788,-0.0028587082288220483,0.009573390482173339,-0.00888005543367446,0.011659614468282507
2020-08-27,2064254.0281860025,2065984.0557677618,2029402.886531789,2041575.8227539062,31350000,0.0,15.770000457763672,4.421999931335449,0.0,6061.47998046875,19692.330078125,0.0,0.0,1.0,0.0,15.770000457763672,4.421999931335449,0.0,-0.587785252292473,-0.8090169943749475,-0.8660254037844385,-0.5000000000000004,0,30.0,1869691.9850981948,0.0,0.0,0.0,60.0,60.0,0.0066991756306905605,0.009665154162130716,0.0006201120944248201,0.011771375200542014,0.016309118132393177,0.018231238954712594
2020-08-28,2042766.6207174626,2057659.7007620346,2037927.5557014393,2055252.6977539062,22418000,0.0,15.770000457763672,4.421999931335449,0.0,6061.47998046875,19692.330078125,0.0,0.0,1.0,0.0,15.770000457763672,4.421999931335449,0.0,-0.9510565162951536,0.30901699437494723,-0.8660254037844385,-0.5000000000000004,0,30.0,1875468.1868736285,0.0,0.0,0.0,60.0,60.0,-0.006038609828459675,0.011693041462130255,0.009545992223229991,0.018109917437143862,0.047553348576565804,0.04020302764527274
2020-08-31,2060442.8112194592,2061608.724241507,2037576.5692315155,2042841.8286132812,26422000,0.0,15.770000457763672,4.421999931335449,0.0,6061.47998046875,19692.330078125,0.0,0.0,1.0,0.0,15.770000457763672,4.421999931335449,0.0,0.0,1.0,-0.8660254037844385,-0.5000000000000004,0,30.0,1880678.2380598884,0.0,0.0,0.0,60.0,60.0,0.015679283124870713,0.018219940549218324,0.05391754542475382,0.0404472729452141,-1.2179293935174245e-05,0.05663599042258599
2020-09-01,2046138.8251823385,2080062.2062038584,2042841.749535068,2074872.1240234375,22652000,0.0,15.770000457763672,4.421999931335449,0.0,6061.47998046875,19692.330078125,0.0,0.0,1.0,0.0,15.770000457763672,4.421999931335449,0.0,0.9510565162951535,0.30901699437494745,-1.0,-1.8369701987210297e-16,0,30.0,1886723.13864762,0.0,0.0,0.0,60.0,60.0,0.03764796913277395,0.039822878754376824,-0.015449229574250094,0.055761687142360454,-0.04463228509721953,0.05861949694243613
2020-09-02,2091082.1137320697,2163906.0678403173,2081278.6868144956,2152986.845703125,49522000,0.0,15.770000457763672,4.421999931335449,0.0,6061.47998046875,19692.330078125,0.0,0.0,1.0,0.0,15.770000457763672,4.421999931335449,0.0,0.5877852522924732,-0.8090169943749473,-1.0,-1.8369701987210297e-16,0,30.0,1895011.417450897,0.0,0.0,0.0,60.0,60.0,-0.051170724837827836,0.0537385402382312,-0.07929496002267526,0.05649266291286441,-0.11283986459345248,0.02273798393230017
2020-09-03,2130584.0953813894,2131185.8940176647,2015487.5237774649,2042816.9482421875,63726000,0.0,15.770000457763672,4.421999931335449,0.0,6061.47998046875,19692.330078125,0.0,0.0,1.0,0.0,15.770000457763672,4.421999931335449,0.0,-0.587785252292473,-0.8090169943749475,-1.0,-1.8369701987210297e-16,0,30.0,1899612.3080337234,0.0,0.0,0.0,60.0,60.0,-0.029640985919242933,0.05953933377868088,-0.06499497999266968,0.023964252081507324,-0.050493701717716784,0.020588984350895262
2020-09-04,2017104.3510979237,2049686.4047805844,1928058.4446504465,1982265.83984375,55850000,0.0,15.770000457763672,4.421999931335449,0.0,6061.47998046875,19692.330078125,0.0,0.0,1.0,0.0,15.770000457763672,4.421999931335449,0.0,-0.9510565162951536,0.30901699437494723,-1.0,-1.8369701987210297e-16,0,30.0,1902185.1407453842,0.0,0.0,0.0,60.0,60.0,-0.036433931730843326,0.024696273991136365,-0.02148969143985136,0.02121790394290269,-0.03488474821924654,0.033936017785679444
2020-09-08,1911799.188247648,1950097.7621339504,1901143.181829899,1910044.1015625,54032000,0.0,15.770000457763672,4.421999931335449,0.0,6061.47998046875,19692.330078125,0.0,0.0,1.0,0.0,15.770000457763672,4.421999931335449,0.0,0.9510565162951535,0.30901699437494745,-1.0,-1.8369701987210297e-16,0,30.0,1902429.7732920246,0.0,0.0,0.0,60.0,60.0,0.015509305260028661,0.022020185892407132,0.0016077605497042578,0.03521919140079138,-0.005145904118419713,0.029981570884911022
2020-09-09,1941761.0373496867,1954071.7024462759,1912012.1762671738,1939667.55859375,39242000,0.0,15.770000457763672,4.421999931335449,0.0,6061.47998046875,19692.330078125,0.0,0.0,1.0,0.0,15.770000457763672,4.421999931335449,0.0,0.5877852522924732,-0.8090169943749473,-1.0,-1.8369701987210297e-16,0,30.0,1903588.9028990287,0.0,0.0,0.0,60.0,60.0,-0.013689234198365922,0.034681308401968064,-0.02033975392589776,0.02952367913284066,-0.024818709872953724,0.033537319236123485
2020-09-10,1943365.4132665966,1972800.7444878311,1905530.5356909488,1913114.9951171875,33024000,0.0,15.770000457763672,4.421999931335449,0.0,6061.47998046875,19692.330078125,0.0,0.0,1.0,0.0,15.770000457763672,4.421999931335449,0.0,-0.587785252292473,-0.8090169943749475,-1.0,-1.8369701987210297e-16,0,30.0,1903885.4283928163,0.0,0.0,0.0,60.0,60.0,-0.00674282382198937,0.029933445072806226,-0.011283944229831262,0.03400279141114888,0.005943460006302967,0.01893117830926103
2020-09-11,1915747.7593201748,1928973.5540552312,1871707.4314309289,1900215.1977539062,30706000,0.0,15.770000457763672,4.421999931335449,0.0,6061.47998046875,19692.330078125,0.0,0.0,1.0,0.0,15.770000457763672,4.421999931335449,0.0,-0.9510565162951536,0.30901699437494723,-1.0,-1.8369701987210297e-16,0,30.0,1903771.182717568,0.0,0.0,0.0,60.0,60.0,-0.004571948249410922,0.03423362269778853,0.01277240591113405,0.019059694471181148,-0.002421171599801264,0.028223466304631437
2020-09-14,1920135.5165646293,1951915.301630427,1886864.051505916,1891527.5122070312,42660000,0.0,15.770000457763672,4.421999931335449,0.0,6061.47998046875,19692.330078125,0.0,0.0,1.0,0.0,15.770000457763672,4.421999931335449,0.0,0.0,1.0,-1.0,-1.8369701987210297e-16,0,30.0,1903390.0666539306,0.0,0.0,0.0,60.0,60.0,0.017424015859350838,0.01914723463706112,0.0021606550526954097,0.02835309518854408,-0.014441822450847647,0.023992064210559574
2020-09-15,1915421.8119129855,1944380.831651159,1908163.3105524746,1924485.517578125,23042000,0.0,15.770000457763672,4.421999931335449,0.0,6061.47998046875,19692.330078125,0.0,0.0,1.0,0.0,15.770000457763672,4.421999931335449,0.0,0.9510565162951535,0.30901699437494745,-1.0,-1.8369701987210297e-16,0,30.0,1904046.7162627864,0.0,0.0,0.0,60.0,60.0,-0.0150019663077871,0.02786753088838393,-0.03132011611037461,0.023581185264528147,-0.05473842093257909,0.041416969334117114
2020-09-16,1933712.5473997837,1948618.2527095731,1894987.5931042172,1895614.4506835938,22128000,0.0,15.770000457763672,4.421999931335449,0.0,6061.47998046875,19692.330078125,0.0,0.0,1.0,0.0,15.770000457763672,4.421999931335449,0.0,0.5877852522924732,-0.8090169943749473,-1.0,-1.8369701987210297e-16,0,30.0,1903784.2409540052,0.0,0.0,0.0,60.0,60.0,-0.016566682617040147,0.02394033739959391,-0.040341658831380606,0.042047768541088146,-0.05419640488824174,0.02472069485616988
2020-09-17,1862668.4186874768,1878777.7182719808,1833396.0687430697,1864210.4077148438,40008000,0.0,15.770000457763672,4.421999931335449,0.0,6061.47998046875,19692.330078125,0.0,0.0,1.0,0.0,15.770000457763672,4.421999931335449,0.0,-0.587785252292473,-0.8090169943749475,-1.0,-1.8369701987210297e-16,0,30.0,1902552.4084968292,0.0,0.0,0.0,60.0,60.0,-0.024175483781257962,0.04275609520021405,-0.03826362357880962,0.025137133773294122,-0.018304546122802603,0.023180326791301813
2020-09-18,1865790.2121256075,1874440.34842662,1794733.9907611343,1819142.2192382812,63056000,0.0,15.770000457763672,4.421999931335449,0.0,6061.47998046875,19692.330078125,0.0,0.0,1.0,0.0,15.770000457763672,4.421999931335449,0.0,-0.9510565162951536,0.30901699437494723,-1.0,-1.8369701987210297e-16,0,30.0,1899956.0658010973,0.0,0.0,0.0,60.0,60.0,-0.01443716525194746,0.025759891615245452,0.006016386717977605,0.023754605880495917,-0.028736818545814755,0.03473247344389867
2020-09-21,1794734.284952896,1805314.9222264453,1758454.01582615,1792878.9624023438,56908000,0.0,15.770000457763672,4.421999931335449,0.0,6061.47998046875,19692.330078125,0.0,0.0,1.0,0.0,15.770000457763672,4.421999931335449,0.0,0.0,1.0,-1.0,-1.8369701987210297e-16,0,30.0,1896623.037928099,0.0,0.0,0.0,60.0,60.0,0.02075316889881889,0.024102578793536285,-0.014509123913467,0.03524125729921382,-0.005090397888838722,0.025060482147279843
2020-09-22,1818177.3522643945,1835289.5903434143,1792076.5838848383,1830086.8823242188,33950000,0.0,15.770000457763672,4.421999931335449,0.0,6061.47998046875,19692.330078125,0.0,0.0,1.0,0.0,15.770000457763672,4.421999931335449,0.0,0.9510565162951535,0.30901699437494745,-1.0,-1.8369701987210297e-16,0,30.0,1894551.9454406172,0.0,0.0,0.0,60.0,60.0,-0.0345453669767458,0.03452475914155802,-0.025318135250598794,0.024550971685265408,-0.014220880455845525,0.026208634018373887
2020-09-23,1820396.287551067,1821637.3776707656,1758454.0688503971,1766865.859375,37726000,0.0,15.770000457763672,4.421999931335449,0.0,6061.47998046875,19692.330078125,0.0,0.0,1.0,0.0,15.770000457763672,4.421999931335449,0.0,0.5877852522924732,-0.8090169943749473,-1.0,-1.8369701987210297e-16,0,30.0,1890577.4238980764,0.0,0.0,0.0,60.0,60.0,0.009557395459642234,0.025429441058650002,0.021051726125396034,0.027146416954159064,0.034958274678021636,0.0189513885543587
2020-09-24,1758454.1873974705,1802720.0568010788,1757789.6455715613,1783752.4951171875,34552000,0.0,15.770000457763672,4.421999931335449,0.0,6061.47998046875,19692.330078125,0.0,0.0,1.0,0.0,15.770000457763672,4.421999931335449,0.0,-0.587785252292473,-0.8090169943749475,-1.0,-1.8369701987210297e-16,0,30.0,1887252.2572578052,0.0,0.0,0.0,60.0,60.0,0.011385514798314695,0.026889424094406787,0.025160411218437574,0.018771977343329062,0.030333295921529498,0.012650598311562383
2020-09-25,1786497.9445870202,1812686.3231524983,1764722.245831836,1804061.435546875,30326000,0.0,15.770000457763672,4.421999931335449,0.0,6061.47998046875,19692.330078125,0.0,0.0,1.0,0.0,15.770000457763672,4.421999931335449,0.0,-0.9510565162951536,0.30901699437494723,-1.0,-1.8369701987210297e-16,0,30.0,1884662.7581331402,0.0,0.0,0.0,60.0,60.0,0.013619827670628443,0.01856065473418657,0.018734479430421024,0.012508186172791985,0.01844250990729246,0.021152633572076387
2020-09-28,1845343.5418372205,1846597.0656596124,1813112.504235166,1828632.44140625,30784000,0.0,15.770000457763672,4.421999931335449,0.0,6061.47998046875,19692.330078125,0.0,0.0,1.0,0.0,15.770000457763672,4.421999931335449,0.0,0.0,1.0,-1.0,-1.8369701987210297e-16,1,30.0,1882918.6917501357,0.0,0.0,0.0,60.0,60.0,0.0050459271022217644,0.012340115920518938,0.004757880721164353,0.02086840943185441,0.02004596085353701,0.012525273107395537
2020-09-29,1835214.4279398122,1845356.2463072187,1822790.710004244,1837859.5874023438,31816000,0.0,15.770000457763672,4.421999931335449,0.0,6061.47998046875,19692.330078125,0.0,0.0,1.0,0.0,15.770000457763672,4.421999931335449,0.0,0.9510565162951535,0.30901699437494745,-1.0,-1.8369701987210297e-16,1,30.0,1881516.1296686416,0.0,0.0,0.0,60.0,60.0,-0.0002866002172536689,0.0207636376299965,0.01492472467856647,0.012462388801981195,-0.0071078113198795295,0.02160952033031236
2020-09-30,1831490.8572278419,1863157.783176007,1824997.1326883698,1837332.8564453125,40924000,0.0,15.770000457763672,4.421999931335449,0.0,6061.47998046875,19692.330078125,0.0,0.0,1.0,0.0,15.770000457763672,4.421999931335449,0.0,0.5877852522924732,-0.8090169943749473,-1.0,-1.8369701987210297e-16,1,30.0,1880140.8308996134,0.0,0.0,0.0,60.0,60.0,0.015215685714651622,0.012465961549269492,-0.00682316662366256,0.02161571539904182,0.011756391988345433,0.016791749011532763
2020-10-01,1859973.7575900313,1874277.8577837832,1851373.7370421265,1865289.1357421875,32884000,0.0,15.770000457763672,4.421999931335449,0.0,6061.47998046875,19692.330078125,0.0,0.0,1.0,0.0,15.770000457763672,4.421999931335449,0.0,-0.587785252292473,-0.8090169943749475,-0.8660254037844386,0.5000000000000001,0,30.0,1879678.5405303105,0.0,0.0,0.0,60.0,60.0,-0.021708541986129908,0.021291746870346708,-0.003407447082410918,0.016540080347273563,-0.024786659731966247,0.02655412621739033
2020-10-02,1829848.5905622733,1854169.2115103211,1814453.9473920907,1824796.4282226562,31222000,0.0,15.770000457763672,4.421999931335449,0.0,6061.47998046875,19692.330078125,0.0,0.0,1.0,0.0,15.770000457763672,4.421999931335449,0.0,-0.9510565162951536,0.30901699437494723,-0.8660254037844386,0.5000000000000001,0,30.0,1877970.2201933293,0.0,0.0,0.0,60.0,60.0,0.018707200961228798,0.016907109033593402,-0.0031464219794840476,0.02714336918703204,0.002432032307028383,0.02455348483983946
2020-10-05,1833634.7636696573,1861277.521870518,1830425.4896944459,1858933.26171875,21602000,0.0,15.770000457763672,4.421999931335449,0.0,6061.47998046875,19692.330078125,0.0,0.0,1.0,0.0,15.770000457763672,4.421999931335449,0.0,0.0,1.0,-0.8660254037844386,0.5000000000000001,0,30.0,1877377.655531037,0.0,0.0,0.0,60.0,60.0,-0.02145231026156708,0.026644917363321058,-0.015976296858256755,0.024102592792778293,0.00040453544514877025,0.015227607702474735
2020-10-06,1849743.8988389883,1861051.629371785,1811520.5062293601,1819054.8486328125,26096000,0.0,15.770000457763672,4.421999931335449,0.0,6061.47998046875,19692.330078125,0.0,0.0,1.0,0.0,15.770000457763672,4.421999931335449,0.0,0.9510565162951535,0.30901699437494745,-0.8660254037844386,0.5000000000000001,0,30.0,1875562.238876914,0.0,0.0,0.0,60.0,60.0,0.005596061858542702,0.024630984310249557,0.02233600460756104,0.015561436465651557,0.04095741759436032,0.017125888638686488
2020-10-07,1829447.4892444718,1841557.681942124,1796752.5705059657,1829234.3920898438,36108000,0.0,15.770000457763672,4.421999931335449,0.0,6061.47998046875,19692.330078125,0.0,0.0,1.0,0.0,15.770000457763672,4.421999931335449,0.0,0.5877852522924732,-0.8090169943749473,-0.8660254037844386,0.5000000000000001,0,30.0,1874120.19078746,0.0,0.0,0.0,60.0,60.0,0.016646786303120137,0.015474838313199943,0.03516457261225025,0.017030584434702758,0.07226857459111348,0.04051703370567246
2020-10-08,1837144.7904952,1865451.896949735,1837144.7904952,1859685.2661132812,26076000,0.0,15.770000457763672,4.421999931335449,0.0,6061.47998046875,19692.330078125,0.0,0.0,1.0,0.0,15.770000457763672,4.421999931335449,0.0,-0.587785252292473,-0.8090169943749475,-0.8660254037844386,0.5000000000000001,0,30.0,1873670.8747749673,0.0,0.0,0.0,60.0,60.0,0.018214572217817356,0.01675172209674892,0.05471102553744692,0.03985359935381926,0.056382754198637954,0.017884225368600033
2020-10-09,1871507.0982910017,1895313.724303638,1864160.7935382898,1893558.6376953125,32966000,0.0,15.770000457763672,4.421999931335449,0.0,6061.47998046875,19692.330078125,0.0,0.0,1.0,0.0,15.770000457763672,4.421999931335449,0.0,-0.9510565162951536,0.30901699437494723,-0.8660254037844386,0.5000000000000001,0,30.0,1874289.920986393,0.0,0.0,0.0,60.0,60.0,0.035843577881757335,0.03914066881503415,0.037485401429371436,0.017564299172860613,0.03508209932589388,0.025124947672224934
2020-10-12,1928096.344267449,1991304.7091026062,1917189.5575827267,1961430.5541992188,55344000,0.0,15.770000457763672,4.421999931335449,0.0,6061.47998046875,19692.330078125,0.0,0.0,1.0,0.0,15.770000457763672,4.421999931335449,0.0,0.0,1.0,-0.8660254037844386,0.5000000000000001,0,30.0,1877002.3452693322,0.0,0.0,0.0,60.0,60.0,0.0015850110795411247,0.016956516937411178,-0.0007351289056795984,0.0242555422543663,-0.005829013697134954,0.019346875684211815
2020-10-13,1977000.6523193757,1987217.8374808137,1953958.807066979,1964539.443359375,39072000,0.0,15.770000457763672,4.421999931335449,0.0,6061.47998046875,19692.330078125,0.0,0.0,1.0,0.0,15.770000457763672,4.421999931335449,0.0,0.9510565162951535,0.30901699437494745,-0.8660254037844386,0.5000000000000001,0,30.0,1879727.1089875887,0.0,0.0,0.0,60.0,60.0,-0.0023164683572091402,0.024217157790952643,-0.007402292061744215,0.019316259199365533,0.0004020316983586111,0.012794511952179243
2020-10-14,1973979.4142340748,1985575.4181962498,1937999.8565098655,1959988.6499023438,33174000,0.0,15.770000457763672,4.421999931335449,0.0,6061.47998046875,19692.330078125,0.0,0.0,1.0,0.0,15.770000457763672,4.421999931335449,0.0,0.5877852522924732,-0.8090169943749473,-0.8660254037844386,0.5000000000000001,0,30.0,1882225.4055979475,0.0,0.0,0.0,60.0,60.0,-0.005097632208242157,0.019361108594785844,0.002724811996336609,0.012824218849349686,-0.02142072228871612,0.03902291142269342
2020-10-15,1936244.930586966,1969967.8421658175,1932020.2890705105,1949997.3486328125,31210000,0.0,15.770000457763672,4.421999931335449,0.0,6061.47998046875,19692.330078125,0.0,0.0,1.0,0.0,15.770000457763672,4.421999931335449,0.0,-0.587785252292473,-0.8090169943749475,-0.8660254037844386,0.5000000000000001,0,30.0,1884334.9382772953,0.0,0.0,0.0,60.0,60.0,0.007862524462516986,0.012889926956163313,-0.016406725532982683,0.03922285511221265,-0.0028222519343018837,0.03429188490858468
2020-10-16,1957970.32164743,1977878.07011107,1952742.746722481,1965329.2504882812,34194000,0.0,15.770000457763672,4.421999931335449,0.0,6061.47998046875,19692.330078125,0.0,0.0,1.0,0.0,15.770000457763672,4.421999931335449,0.0,-0.9510565162951536,0.30901699437494723,-0.8660254037844386,0.5000000000000001,0,30.0,1886856.0417383048,0.0,0.0,0.0,60.0,60.0,-0.024079921027366523,0.03891687026772804,-0.010601422453441211,0.034024367486897286,0.011666795389416085,0.03061812328660184
2020-10-19,1975646.66933326,1985675.816195118,1909191.3527204944,1918004.27734375,29734000,0.0,15.770000457763672,4.421999931335449,0.0,6061.47998046875,19692.330078125,0.0,0.0,1.0,0.0,15.770000457763672,4.421999931335449,0.0,0.0,1.0,-0.8660254037844386,0.5000000000000001,0,30.0,1887825.5900062744,0.0,0.0,0.0,60.0,60.0,0.013811068000685404,0.034863887135835214,0.0366287334249888,0.03137359702531587,0.05013893123507213,0.02349092625134376
2020-10-20,1909429.7266162953,1973026.7943183233,1906157.7096669616,1944493.96484375,41670000,0.0,15.770000457763672,4.421999931335449,0.0,6061.47998046875,19692.330078125,0.0,0.0,1.0,0.0,15.770000457763672,4.421999931335449,0.0,0.9510565162951535,0.30901699437494745,-0.8660254037844386,0.5000000000000001,0,30.0,1889589.5006820892,0.0,0.0,0.0,60.0,60.0,0.02250682217279558,0.03094619699426546,0.03583297162658533,0.023170911220834967,0.05280201058696475,0.014319109512443265
2020-10-21,1968024.6368661535,2024802.0183946018,1964627.3251043868,1988258.3447265625,60322000,0.0,15.770000457763672,4.421999931335449,0.0,6061.47998046875,19692.330078125,0.0,0.0,1.0,0.0,15.770000457763672,4.421999931335449,0.0,0.5877852522924732,-0.8090169943749473,-0.8660254037844386,0.5000000000000001,0,30.0,1892660.7546279717,0.0,0.0,0.0,60.0,60.0,0.013032822045599744,0.022660886674181296,0.029628348444456172,0.014003925648159098,-0.0010719057669694324,0.03896615059550947
2020-10-22,1987017.1457290996,2022645.4944261704,1977589.7973973264,2014170.9619140625,30512000,0.0,15.770000457763672,4.421999931335449,0.0,6061.47998046875,19692.330078125,0.0,0.0,1.0,0.0,15.770000457763672,4.421999931335449,0.0,-0.587785252292473,-0.8090169943749475,-0.8660254037844386,0.5000000000000001,0,30.0,1896442.987929277,0.0,0.0,0.0,60.0,60.0,0.016382022415962167,0.01382376300491549,-0.013923268334078004,0.03846484511412552,-0.004842243113008463,0.015566405254090004
2020-10-23,2024689.4210827919,2048596.2841107924,2020752.8620819098,2047167.1557617188,30548000,0.0,15.770000457763672,4.421999931335449,0.0,6061.47998046875,19692.330078125,0.0,0.0,1.0,0.0,15.770000457763672,4.421999931335449,0.0,-0.9510565162951536,0.30901699437494723,-0.8660254037844386,0.5000000000000001,0,30.0,1901134.5592260538,0.0,0.0,0.0,60.0,60.0,-0.029816830760154373,0.037844869611815594,-0.020882173297910256,0.015315506286788034,-0.07482033692120903,0.027758999532224195
2020-10-26,2024626.3500443955,2042904.3075825481,1965429.5334991545,1986127.119140625,35826000,0.0,15.770000457763672,4.421999931335449,0.0,6061.47998046875,19692.330078125,0.0,0.0,1.0,0.0,15.770000457763672,4.421999931335449,0.0,0.0,1.0,-0.8660254037844386,0.5000000000000001,0,30.0,1903780.1107072493,0.0,0.0,0.0,60.0,60.0,0.009209248052864662,0.01578620076329296,-0.04638660779522246,0.028612122341777815,-0.01730106124751061,0.04556611761694414
2020-10-27,1991944.2125578672,2008329.164821073,1976975.7633768984,2004417.8564453125,25902000,0.0,15.770000457763672,4.421999931335449,0.0,6061.47998046875,19692.330078125,0.0,0.0,1.0,0.0,15.770000457763672,4.421999931335449,0.0,0.9510565162951535,0.30901699437494745,-0.8660254037844386,0.5000000000000001,0,30.0,1906912.6468869387,0.0,0.0,0.0,60.0,60.0,-0.05508853189301619,0.028351030667803638,-0.0262683971153885,0.0451503171466749,0.0107763021232759,0.049878706005297015
2020-10-28,1943152.659923599,1947916.3570283737,1891089.0449091995,1893997.4194335938,45174000,0.0,15.770000457763672,4.421999931335449,0.0,6061.47998046875,19692.330078125,0.0,0.0,1.0,0.0,15.770000457763672,4.421999931335449,0.0,0.5877852522924732,-0.8090169943749473,-0.8660254037844386,0.5000000000000001,0,30.0,1906510.636615167,0.0,0.0,0.0,60.0,60.0,0.03050035453095448,0.04778258987281434,0.06970476731353928,0.052786644769189844,0.07513907562481817,0.02912370454623227
2020-10-29,1901794.8785315226,1991705.8069987076,1901205.7050857435,1951765.0122070312,55406000,0.0,15.770000457763672,4.421999931335449,0.0,6061.47998046875,19692.330078125,0.0,0.0,1.0,0.0,15.770000457763672,4.421999931335449,0.0,-0.587785252292473,-0.8090169943749475,-0.8660254037844386,0.5000000000000001,0,30.0,1907919.262191437,0.0,0.0,0.0,60.0,60.0,0.03804405559901936,0.05122428588898096,0.04331752133572198,0.028261712301388096,0.05702428304236629,0.030117898793143295
2020-10-30,2090367.4834642177,2107767.9958088016,2007790.2268353982,2026018.0688476562,99878000,0.0,15.770000457763672,4.421999931335449,0.0,6061.47998046875,19692.330078125,0.0,0.0,1.0,0.0,15.770000457763672,4.421999931335449,0.0,-0.9510565162951536,0.30901699437494723,-0.8660254037844386,0.5000000000000001,0,30.0,1911595.3037249418,0.0,0.0,0.0,60.0,60.0,0.005080194533419379,0.027225927598110697,0.01828460684396877,0.029014085318145092,0.08027925885992496,0.04147615636253594
2020-11-02,2035332.759786675,2078834.040882736,2023673.8196278256,2036310.634765625,44228000,0.0,15.770000457763672,4.421999931335449,0.0,6061.47998046875,19692.330078125,0.0,0.0,1.0,0.0,15.770000457763672,4.421999931335449,0.0,0.0,1.0,-0.5000000000000004,0.8660254037844384,0,30.0,1915477.2959172549,0.0,0.0,0.0,60.0,60.0,0.013137670389256029,0.02886743314210273,0.07481896940712741,0.041266514441457174,0.08506941353021116,0.03126853000062675
2020-11-03,2044383.918295595,2079786.5485372688,2021003.4874316193,2063063.0126953125,31432000,0.0,15.770000457763672,4.421999931335449,0.0,6061.47998046875,19692.330078125,0.0,0.0,1.0,0.0,15.770000457763672,4.421999931335449,0.0,0.9510565162951535,0.30901699437494745,-0.5000000000000004,0.8660254037844384,0,30.0,1920071.1697274495,0.0,0.0,0.0,60.0,60.0,0.06088145848349801,0.0407313987501839,0.07099898191853665,0.030863061274400267,0.0693156417138546,0.01933574777067774
2020-11-04,2138181.164341844,2218978.2736722887,2134946.8314554403,2188665.2978515625,71342000,0.0,15.770000457763672,4.421999931335449,0.0,6061.47998046875,19692.330078125,0.0,0.0,1.0,0.0,15.770000457763672,4.421999931335449,0.0,0.5877852522924732,-0.8090169943749473,-0.5000000000000004,0.8660254037844384,0,30.0,1928431.6489181938,0.0,0.0,0.0,60.0,60.0,0.009536902878386974,0.029091903744380827,0.007950165556115036,0.01822611528937237,0.008918105284418656,0.033989113831151316
2020-11-05,2219504.7917412072,2246295.1615649033,2182622.721391139,2209538.3862304688,39758000,0.0,15.770000457763672,4.421999931335449,0.0,6061.47998046875,19692.330078125,0.0,0.0,1.0,0.0,15.770000457763672,4.421999931335449,0.0,-0.587785252292473,-0.8090169943749475,-0.5000000000000004,0.8660254037844384,0,30.0,1937181.604311788,0.0,0.0,0.0,60.0,60.0,-0.0015717477169460957,0.01805393664897851,-0.0006129519309338823,0.03366802514523413,-0.014059661294739184,0.024544701096965067
2020-11-06,2195547.4648145637,2217059.94609268,2177169.080044189,2206065.5493164062,28622000,0.0,15.770000457763672,4.421999931335449,0.0,6061.47998046875,19692.330078125,0.0,0.0,1.0,0.0,15.770000457763672,4.421999931335449,0.0,-0.9510565162951536,0.30901699437494723,-0.5000000000000004,0.8660254037844384,0,30.0,1945551.1019022441,0.0,0.0,0.0,60.0,60.0,0.0009603051434289695,0.033721026091005746,-0.012507572326041081,0.02458333990533619,-0.007103320492836573,0.011274420123121607
2020-11-09,2251509.90643366,2277723.340691478,2203332.5467445105,2208184.0454101562,53440000,0.0,15.770000457763672,4.421999931335449,0.0,6061.47998046875,19692.330078125,0.0,0.0,1.0,0.0,15.770000457763672,4.421999931335449,0.0,0.0,1.0,-0.5000000000000004,0.8660254037844384,0,30.0,1953726.024612381,0.0,0.0,0.0,60.0,60.0,-0.013454956605437236,0.024559755046243928,-0.008055889524120634,0.011263603626625414,-0.010559598358461405,0.015334243043928315
2020-11-10,2168506.6204513246,2205626.8430291857,2151394.3837768883,2178473.0249023438,43022000,0.0,15.770000457763672,4.421999931335449,0.0,6061.47998046875,19692.330078125,0.0,0.0,1.0,0.0,15.770000457763672,4.421999931335449,0.0,0.9510565162951535,0.30901699437494745,-0.5000000000000004,0.8660254037844384,0,30.0,1960721.6782478804,0.0,0.0,0.0,60.0,60.0,0.005472702049912665,0.011417221851187796,0.0029348464789943204,0.015543378527517953,0.019876637111620226,0.0236803993269781
2020-11-11,2191861.779720042,2210039.501969708,2185167.39214757,2190395.1586914062,31838000,0.0,15.770000457763672,4.421999931335449,0.0,6061.47998046875,19692.330078125,0.0,0.0,1.0,0.0,15.770000457763672,4.421999931335449,0.0,0.5877852522924732,-0.8090169943749473,-0.5000000000000004,0.8660254037844384,0,30.0,1967870.6765019465,0.0,0.0,0.0,60.0,60.0,-0.0025240422397786416,0.015458777245596833,0.014325535673262401,0.0235515089357469,0.015338498587143912,0.018892818460711138
2020-11-12,2183838.5159019656,2212647.1844510054,2178786.3536129612,2184866.5087890625,26474000,0.0,15.770000457763672,4.421999931335449,0.0,6061.47998046875,19692.330078125,0.0,0.0,1.0,0.0,15.770000457763672,4.421999931335449,0.0,-0.587785252292473,-0.8090169943749475,-0.5000000000000004,0.8660254037844384,0,30.0,1974625.059448872,0.0,0.0,0.0,60.0,60.0,0.01689221457615466,0.023611104360480573,0.01790774072092116,0.01894062539926671,0.010810003921216216,0.010127260857729296
2020-11-13,2191360.5314544314,2227878.957150532,2176291.8459977945,2221773.7426757812,29744000,0.0,15.770000457763672,4.421999931335449,0.0,6061.47998046875,19692.330078125,0.0,0.0,1.0,0.0,15.770000457763672,4.421999931335449,0.0,-0.9510565162951536,0.30901699437494723,-0.5000000000000004,0.8660254037844384,0,30.0,1982318.0028817756,0.0,0.0,0.0,60.0,60.0,0.000998656622806161,0.01862599115990012,-0.005981175357383909,0.00995903077294223,-0.017841785324417995,0.014913190009587322
2020-11-16,2211594.065612468,2249454.005705885,2208071.267615508,2223992.5317382812,25468000,0.0,15.770000457763672,4.421999931335449,0.0,6061.47998046875,19692.330078125,0.0,0.0,1.0,0.0,15.770000457763672,4.421999931335449,0.0,0.0,1.0,-0.5000000000000004,0.8660254037844384,0,30.0,1989840.5527025685,0.0,0.0,0.0,60.0,60.0,-0.006972868478903656,0.009949095043286324,-0.018821645586207383,0.014898311711927575,-0.008714611309239223,0.018866649711351012
2020-11-17,2216257.422225265,2227891.301380142,2205764.588306319,2208484.9243164062,21314000,0.0,15.770000457763672,4.421999931335449,0.0,6061.47998046875,19692.330078125,0.0,0.0,1.0,0.0,15.770000457763672,4.421999931335449,0.0,0.9510565162951535,0.30901699437494745,-0.5000000000000004,0.8660254037844384,0,30.0,1996646.2472154612,0.0,0.0,0.0,60.0,60.0,-0.011931977215118019,0.015002925135697634,-0.0017539730537549424,0.018999128133036513,-0.014350021723799896,0.01893667788421754
2020-11-18,2202191.625697673,2212672.025539783,2179538.291556947,2182133.3325195312,20108000,0.0,15.770000457763672,4.421999931335449,0.0,6061.47998046875,19692.330078125,0.0,0.0,1.0,0.0,15.770000457763672,4.421999931335449,0.0,0.5877852522924732,-0.8090169943749473,-0.5000000000000004,0.8660254037844384,0,30.0,2002419.861745353,0.0,0.0,0.0,60.0,60.0,0.010300914437728938,0.01922856290752861,-0.002447244980023329,0.019165358505221407,-0.00751444213058449,0.020572857386019952
2020-11-19,2172844.1400376847,2210779.2586530107,2168819.970596044,2204611.3012695312,20106000,0.0,15.770000457763672,4.421999931335449,0.0,6061.47998046875,19692.330078125,0.0,0.0,1.0,0.0,15.770000457763672,4.421999931335449,0.0,-0.587785252292473,-0.8090169943749475,-0.5000000000000004,0.8660254037844384,0,30.0,2008713.4283775024,0.0,0.0,0.0,60.0,60.0,-0.012618180618837809,0.01896995066651767,-0.017633713197447075,0.020363098847108865,0.0030309284176856443,0.02601543994774083
2020-11-20,2208911.295988535,2216884.4578156252,2175063.090191695,2176793.1176757812,27694000,0.0,15.770000457763672,4.421999931335449,0.0,6061.47998046875,19692.330078125,0.0,0.0,1.0,0.0,15.770000457763672,4.421999931335449,0.0,-0.9510565162951536,0.30901699437494723,-0.5000000000000004,0.8660254037844384,0,30.0,2013945.2059423057,0.0,0.0,0.0,60.0,60.0,-0.0050796282452848195,0.020623327721257172,0.015849095789844978,0.02634790254092982,0.015981646354208245,0.012681533899208447
2020-11-23,2181606.963356362,2188840.4059117734,2143947.6880645687,2165735.8178710938,22530000,0.0,15.770000457763672,4.421999931335449,0.0,6061.47998046875,19692.330078125,0.0,0.0,1.0,0.0,15.770000457763672,4.421999931335449,0.0,0.0,1.0,-0.5000000000000004,0.8660254037844384,0,30.0,2018669.956803242,0.0,0.0,0.0,60.0,60.0,0.021035576945940257,0.026482423406870955,0.02116880425550825,0.012746280264462126,0.03441859860366024,0.01879535127939841
2020-11-24,2165660.8787674974,2214527.6531035714,2157173.720187283,2211293.3203125,27984000,0.0,15.770000457763672,4.421999931335449,0.0,6061.47998046875,19692.330078125,0.0,0.0,1.0,0.0,15.770000457763672,4.421999931335449,0.0,0.9510565162951535,0.30901699437494745,-0.5000000000000004,0.8660254037844384,0,30.0,2024665.6987338269,0.0,0.0,0.0,60.0,60.0,0.00013048253418014404,0.012483678876879126,0.013107301997987639,0.018408125734088447,-0.005385806151797938,0.018425080283991844
2020-11-25,2216195.3903315803,2219417.0983571126,2191812.0226437435,2211581.85546875,19600000,0.0,15.770000457763672,4.421999931335449,0.0,6061.47998046875,19692.330078125,0.0,0.0,1.0,0.0,15.770000457763672,4.421999931335449,0.0,0.5877852522924732,-0.8090169943749473,-0.5000000000000004,0.8660254037844384,0,30.0,2030483.7933915518,0.0,0.0,0.0,60.0,60.0,0.012975126436428761,0.018405724108563344,-0.0055155690005574435,0.018422676446482725,0.01770266979876916,0.033268539309967836
2020-11-27,2212095.5975162224,2252801.362991485,2212095.5975162224,2240277.4096679688,14790000,0.0,15.770000457763672,4.421999931335449,0.0,6061.47998046875,19692.330078125,0.0,0.0,1.0,0.0,15.770000457763672,4.421999931335449,0.0,-0.9510565162951536,0.30901699437494723,-0.5000000000000004,0.8660254037844384,0,30.0,2037013.988862311,0.0,0.0,0.0,60.0,60.0,-0.018253849432646088,0.018186701692560144,0.00466698859523979,0.03284240495322337,0.021236438170558376,0.0266197568187102
2020-11-30,2226023.5450018244,2231903.036935172,2191159.7799769593,2199383.7231445312,32418000,0.0,15.770000457763672,4.421999931335449,0.0,6061.47998046875,19692.330078125,0.0,0.0,1.0,0.0,15.770000457763672,4.421999931335449,0.0,0.0,1.0,-0.5000000000000004,0.8660254037844384,0,30.0,2042068.0322533592,0.0,0.0,0.0,60.0,60.0,0.023347010848618923,0.03345305192614572,0.040224540305437324,0.027114704553031933,0.03844050894703477,0.015292969763393805
2020-12-01,2214753.3886887874,2283778.695387532,2210202.5974916583,2250732.7587890625,37350000,0.0,15.770000457763672,4.421999931335449,0.0,6061.47998046875,19692.330078125,0.0,0.0,1.0,0.0,15.770000457763672,4.421999931335449,0.0,0.9510565162951535,0.30901699437494745,-2.4492935982947064e-16,1.0,0,30.0,2048563.0882895081,0.0,0.0,0.0,60.0,60.0,0.016492479362227842,0.026496099823017843,0.014749149544004081,0.014944070389878779,0.015818592924432343,0.008861751494917592
2020-12-02,2250732.6991606904,2297593.795974078,2237958.156122267,2287852.9223632812,29424000,0.0,15.770000457763672,4.421999931335449,0.0,6061.47998046875,19692.330078125,0.0,0.0,1.0,0.0,15.770000457763672,4.421999931335449,0.0,0.5877852522924732,-0.8090169943749473,-2.4492935982947064e-16,1.0,0,30.0,2056011.4041830485,0.0,0.0,0.0,60.0,60.0,-0.0017150444824909758,0.014701604481378016,-0.0006629527040065391,0.008717970545613551,-0.004350837875607513,0.014383796681598717
2020-12-03,2282299.361343671,2311496.540245414,2277861.431469264,2283929.1528320312,24728000,0.0,15.770000457763672,4.421999931335449,0.0,6061.47998046875,19692.330078125,0.0,0.0,1.0,0.0,15.770000457763672,4.421999931335449,0.0,-0.587785252292473,-0.8090169943749475,-2.4492935982947064e-16,1.0,0,30.0,2063105.7436148115,0.0,0.0,0.0,60.0,60.0,0.0010538992625998597,0.008732947939793574,-0.0026403216622153214,0.014408507913596859,-0.005768831756889761,0.013552201908953924
2020-12-04,2281898.254152957,2293531.943139876,2273586.508750017,2286336.1840820312,20544000,0.0,15.770000457763672,4.421999931335449,0.0,6061.47998046875,19692.330078125,0.0,0.0,1.0,0.0,15.770000457763672,4.421999931335449,0.0,-0.9510565162951536,0.30901699437494723,-2.4492935982947064e-16,1.0,0,30.0,2070054.182039792,0.0,0.0,0.0,60.0,60.0,-0.0036903316869715333,0.01439333878446556,-0.006815548118353474,0.01353793428998858,-0.025167832650974307,0.03639189648187124
2020-12-07,2276043.331651408,2293268.427511891,2260360.416239216,2277898.8452148438,22288000,0.0,15.770000457763672,4.421999931335449,0.0,6061.47998046875,19692.330078125,0.0,0.0,1.0,0.0,15.770000457763672,4.421999931335449,0.0,0.0,1.0,-2.4492935982947064e-16,1.0,0,30.0,2076523.710917194,0.0,0.0,0.0,60.0,60.0,-0.0031367922351628083,0.013588078807777989,-0.021557053642136094,0.03652669209111534,-0.027176049595981466,0.022817437344542918
2020-12-08,2267230.942553538,2276570.490554088,2245618.221529162,2270753.5498046875,19936000,0.0,15.770000457763672,4.421999931335449,0.0,6061.47998046875,19692.330078125,0.0,0.0,1.0,0.0,15.770000457763672,4.421999931335449,0.0,0.9510565162951535,0.30901699437494745,-2.4492935982947064e-16,1.0,0,30.0,2082569.454314163,0.0,0.0,0.0,60.0,60.0,-0.018478223755769987,0.03664162926929096,-0.024114900794382197,0.02288923612268135,-0.020167621557225568,0.013564620968215308
2020-12-09,2269537.3156424365,2292115.475798584,2208911.3660647143,2228794.0576171875,31728000,0.0,15.770000457763672,4.421999931335449,0.0,6061.47998046875,19692.330078125,0.0,0.0,1.0,0.0,15.770000457763672,4.421999931335449,0.0,0.5877852522924732,-0.8090169943749473,-2.4492935982947064e-16,1.0,0,30.0,2087120.9506285966,0.0,0.0,0.0,60.0,60.0,-0.005742793664936118,0.023320151092588566,-0.001721202567629242,0.013819989832645397,-0.014399257035858993,0.022875826604188167
2020-12-10,2209663.6162525127,2225196.1806421275,2173220.366464231,2215994.5532226562,28688000,0.0,15.770000457763672,4.421999931335449,0.0,6061.47998046875,19692.330078125,0.0,0.0,1.0,0.0,15.770000457763672,4.421999931335449,0.0,-0.587785252292473,-0.8090169943749475,-2.4492935982947064e-16,1.0,0,30.0,2091132.3665789939,0.0,0.0,0.0,60.0,60.0,0.004044819662037836,0.01389981359409737,-0.00870646279027889,0.02300795655131418,-0.003716868368027151,0.012632513638810058
2020-12-11,2206404.0528610274,2228104.5733737564,2197302.6621584264,2224957.8515625,18628000,0.0,15.770000457763672,4.421999931335449,0.0,6061.47998046875,19692.330078125,0.0,0.0,1.0,0.0,15.770000457763672,4.421999931335449,0.0,-0.9510565162951536,0.30901699437494723,-2.4492935982947064e-16,1.0,0,30.0,2095297.9183755585,0.0,0.0,0.0,60.0,60.0,-0.012699913592113166,0.02291526842303581,-0.007730419875755722,0.01258162324174151,-0.00992217048844728,0.011296990316013743
2020-12-14,2219843.3552157315,2243762.651709928,2192777.1453114324,2196701.0791015625,33050000,0.0,15.770000457763672,4.421999931335449,0.0,6061.47998046875,19692.330078125,0.0,0.0,1.0,0.0,15.770000457763672,4.421999931335449,0.0,0.0,1.0,-2.4492935982947064e-16,1.0,0,30.0,2098454.268639756,0.0,0.0,0.0,60.0,60.0,0.005033417686043206,0.01274346413512175,0.0028134739801069023,0.011442306621399986,-0.0067057506937543586,0.020293788671566483
2020-12-15,2206228.4376942264,2211418.5201113834,2183424.9386942694,2207757.9931640625,21352000,0.0,15.770000457763672,4.421999931335449,0.0,6061.47998046875,19692.330078125,0.0,0.0,1.0,0.0,15.770000457763672,4.421999931335449,0.0,0.9510565162951535,0.30901699437494745,-2.4492935982947064e-16,1.0,0,30.0,2101856.537632099,0.0,0.0,0.0,60.0,60.0,-0.0022088257632740522,0.011385001155229632,-0.011680376167814848,0.02019215313087823,-0.019794779434542702,0.018942911640838948
2020-12-16,2217824.831426232,2217824.831426232,2192689.504123592,2202881.4404296875,24676000,0.0,15.770000457763672,4.421999931335449,0.0,6061.47998046875,19692.330078125,0.0,0.0,1.0,0.0,15.770000457763672,4.421999931335449,0.0,0.5877852522924732,-0.8090169943749473,-2.4492935982947064e-16,1.0,0,30.0,2105001.113776146,0.0,0.0,0.0,60.0,60.0,-0.009492517722244024,0.02023685281273859,-0.017624883969054213,0.018984845857480736,-0.01287858133092945,0.02447090482926727
2020-12-17,2211330.898199534,2214816.0121271997,2170236.6246533105,2181970.5493164062,34880000,0.0,15.770000457763672,4.421999931335449,0.0,6061.47998046875,19692.330078125,0.0,0.0,1.0,0.0,15.770000457763672,4.421999931335449,0.0,-0.587785252292473,-0.8090169943749475,-2.4492935982947064e-16,1.0,0,30.0,2107396.9215199854,0.0,0.0,0.0,60.0,60.0,-0.008210302690605752,0.019166786922016454,-0.0034185139125843724,0.024705421480506487,-0.011657367567501154,0.015415016141956147
2020-12-18,2189066.130347272,2191811.5253770915,2149990.1607882287,2164055.9106445312,85256000,0.0,15.770000457763672,4.421999931335449,0.0,6061.47998046875,19692.330078125,0.0,0.0,1.0,0.0,15.770000457763672,4.421999931335449,0.0,-0.9510565162951536,0.30901699437494723,-2.4492935982947064e-16,1.0,0,30.0,2109160.5311994934,0.0,0.0,0.0,60.0,60.0,0.00483145649830899,0.024909939624831064,-0.003475600609934619,0.015542625804417232,0.0011644157747723106,0.013271775568638412
2020-12-21,2142631.4298427026,2177570.3723675394,2123663.8702886254,2174511.4526367188,33974000,0.0,15.770000457763672,4.421999931335449,0.0,6061.47998046875,19692.330078125,0.0,0.0,1.0,0.0,15.770000457763672,4.421999931335449,0.0,0.0,1.0,-2.4492935982947064e-16,1.0,0,30.0,2111194.6923576114,0.0,0.0,0.0,60.0,60.0,-0.008267114902226978,0.015467893350573454,-0.0036494087638495928,0.013207961875406064,-0.00023061034842651454,0.010411860899879397
2020-12-22,2167955.1091314126,2172067.0810092357,2138431.9697702504,2156534.5166015625,20370000,0.0,15.770000457763672,4.421999931335449,0.0,6061.47998046875,19692.330078125,0.0,0.0,1.0,0.0,15.770000457763672,4.421999931335449,0.0,0.9510565162951535,0.30901699437494745,-2.4492935982947064e-16,1.0,0,30.0,2112605.9732600744,0.0,0.0,0.0,60.0,60.0,0.0046561994744402715,0.013318063839441925,0.00810349709539798,0.010498654482807547,0.03124005587224724,0.026264022178838338
2020-12-23,2161185.2174273813,2186483.5199324014,2157762.6555683417,2166575.771484375,22974000,0.0,15.770000457763672,4.421999931335449,0.0,6061.47998046875,19692.330078125,0.0,0.0,1.0,0.0,15.770000457763672,4.421999931335449,0.0,0.5877852522924732,-0.8090169943749473,-2.4492935982947064e-16,1.0,0,30.0,2114285.8770809523,0.0,0.0,0.0,60.0,60.0,0.003431320707283818,0.010449997211284463,0.02646065033163944,0.026142298422662077,0.0170870780085325,0.019302982110824127
2020-12-24,2167541.1313057793,2184352.4683114314,2161711.757541383,2174009.9877929688,9312000,0.0,15.770000457763672,4.421999931335449,0.0,6061.47998046875,19692.330078125,0.0,0.0,1.0,0.0,15.770000457763672,4.421999931335449,0.0,-0.587785252292473,-0.8090169943749475,-2.4492935982947064e-16,1.0,0,30.0,2116144.8938488057,0.0,0.0,0.0,60.0,60.0,0.022950578827979025,0.02605290255862781,0.013609060251002744,0.019236973883990514,0.0012052170060422316,0.02292751542185555
2020-12-28,2187486.5878326143,2240252.2341342038,2183612.96376075,2223904.775390625,27650000,0.0,15.770000457763672,4.421999931335449,0.0,6061.47998046875,19692.330078125,0.0,0.0,1.0,0.0,15.770000457763672,4.421999931335449,0.0,0.0,1.0,-2.4492935982947064e-16,1.0,0,30.0,2119499.1074266746,0.0,0.0,0.0,60.0,60.0,-0.009131935374316032,0.01880537953850206,-0.021257490119269515,0.022413121314349513,-0.012018187551580484,0.0120690807072824
2020-12-29,2240541.035382096,2242095.458785836,2200274.0854271282,2203596.220703125,19726000,0.0,15.770000457763672,4.421999931335449,0.0,6061.47998046875,19692.330078125,0.0,0.0,1.0,0.0,15.770000457763672,4.421999931335449,0.0,0.9510565162951535,0.30901699437494745,-2.4492935982947064e-16,1.0,1,30.0,2122116.7761768755,0.0,0.0,0.0,60.0,60.0,-0.01223730502358465,0.022619682795828547,-0.0029128521548979153,0.012180310515751344,-0.017994564309788828,0.0314888710060922
2020-12-30,2212672.2533775424,2216132.3083506017,2166287.6608282104,2176630.1416015625,21026000,0.0,15.770000457763672,4.421999931335449,0.0,6061.47998046875,19692.330078125,0.0,0.0,1.0,0.0,15.770000457763672,4.421999931335449,0.0,0.5877852522924732,-0.8090169943749473,-2.4492935982947064e-16,1.0,1,30.0,2123813.599353247,0.0,0.0,0.0,60.0,60.0,0.009439972693956996,0.012331211309860382,-0.0058285854643879255,0.031878983855372314,0.002188665830070567,0.017238279360915713
2020-12-31,2177909.01135578,2203270.0600290685,2176429.5738095683,2197177.470703125,21070000,0.0,15.770000457763672,4.421999931335449,0.0,6061.47998046875,19692.330078125,0.0,0.0,1.0,0.0,15.770000457763672,4.421999931335449,0.0,-0.587785252292473,-0.8090169943749475,-2.4492935982947064e-16,1.0,1,30.0,2126097.1772315977,0.0,0.0,0.0,60.0,60.0,-0.015125771290388616,0.03158086138623462,-0.00718349486848079,0.017077072265040995,-0.016980151243667897,0.02731309603288867
2021-01-04,2206404.1272214847,2209525.59884742,2140136.841704187,2163943.466796875,37324000,0.0,15.770000457763672,4.421999931335449,0.0,6061.47998046875,19692.330078125,0.0,0.0,1.0,0.0,15.770000457763672,4.421999931335449,0.0,0.0,1.0,0.49999999999999994,0.8660254037844387,0,30.0,2127275.2086908,0.0,0.0,0.0,60.0,60.0,0.00806425449096566,0.017339343204680547,-0.0018828596578356017,0.027732572583074353,0.027929604846360433,0.0295806400051015
2021-01-05,2162639.595321719,2189893.649865148,2152372.291418831,2181394.0576171875,20360000,0.0,15.770000457763672,4.421999931335449,0.0,6061.47998046875,19692.330078125,0.0,0.0,1.0,0.0,15.770000457763672,4.421999931335449,0.0,0.9510565162951535,0.30901699437494745,0.49999999999999994,0.8660254037844387,0,30.0,2128959.7517851316,0.0,0.0,0.0,60.0,60.0,-0.009867539796681094,0.027510719142678317,0.019706432667256933,0.029344002501148707,0.03320594292860355,0.021918970841221446
2021-01-06,2131511.8389784154,2186308.4164322168,2126296.697173603,2159869.0649414062,46588000,0.0,15.770000457763672,4.421999931335449,0.0,6061.47998046875,19692.330078125,0.0,0.0,1.0,0.0,15.770000457763672,4.421999931335449,0.0,0.5877852522924732,-0.8090169943749473,0.49999999999999994,0.8660254037844387,0,30.0,2129921.857787357,0.0,0.0,0.0,60.0,60.0,0.029868703080257724,0.029636441264760734,0.04350274782067009,0.02213741264145657,0.01939195309090646,0.01871284755013245
2021-01-07,2164733.2820988456,2228744.1147815553,2164733.2820988456,2224381.552734375,41936000,0.0,15.770000457763672,4.421999931335449,0.0,6061.47998046875,19692.330078125,0.0,0.0,1.0,0.0,15.770000457763672,4.421999931335449,0.0,-0.587785252292473,-0.8090169943749475,0.49999999999999994,0.8660254037844387,0,30.0,2132862.079653984,0.0,0.0,0.0,60.0,60.0,0.013238624204846686,0.021495373706614522,-0.01017289869865558,0.018170129351599645,-0.02080231363992496,0.029036102390760217
2021-01-08,2227916.575660936,2255747.369863299,2207933.4571211743,2253829.3041992188,35484000,0.0,15.770000457763672,4.421999931335449,0.0,6061.47998046875,19692.330078125,0.0,0.0,1.0,0.0,15.770000457763672,4.421999931335449,0.0,-0.9510565162951536,0.30901699437494723,0.49999999999999994,0.8660254037844387,0,30.0,2136627.394321644,0.0,0.0,0.0,60.0,60.0,-0.023105636070550297,0.017932724747695947,-0.03359617076528814,0.028656726754318816,-0.028133928397986698,0.016169564440528462
2021-01-11,2227741.051001232,2236967.9284934266,2196550.627952931,2201753.14453125,34796000,0.0,15.770000457763672,4.421999931335449,0.0,6061.47998046875,19692.330078125,0.0,0.0,1.0,0.0,15.770000457763672,4.421999931335449,0.0,0.0,1.0,0.49999999999999994,0.8660254037844387,0,30.0,2138654.54622933,0.0,0.0,0.0,60.0,60.0,-0.010738658223536906,0.029334519485863648,-0.005147222169662898,0.01655200913995263,-0.014445141731472313,0.023618028391400824
2021-01-12,2188050.614956884,2216307.601515588,2151720.2309942744,2178109.2700195312,29528000,0.0,15.770000457763672,4.421999931335449,0.0,6061.47998046875,19692.330078125,0.0,0.0,1.0,0.0,15.770000457763672,4.421999931335449,0.0,0.9510565162951535,0.30901699437494745,0.49999999999999994,0.8660254037844387,0,30.0,2139882.6429126686,0.0,0.0,0.0,60.0,60.0,0.005652132371647317,0.016731684986526826,-0.003746718234515765,0.023874407493765824,-0.005646199536477329,0.02066839270060366
2021-01-13,2165435.0695128595,2201878.50768506,2165435.0695128595,2190420.2319335938,23432000,0.0,15.770000457763672,4.421999931335449,0.0,6061.47998046875,19692.330078125,0.0,0.0,1.0,0.0,15.770000457763672,4.421999931335449,0.0,0.5877852522924732,-0.8090169943749473,0.49999999999999994,0.8660254037844387,0,30.0,2141455.712977295,0.0,0.0,0.0,60.0,60.0,-0.00934602563214141,0.023740224601783905,-0.011234831155261998,0.02055222878298982,0.02130209151025459,0.04064099581051504
2021-01-14,2192451.3028044873,2215869.420477777,2163868.3521993817,2169948.5083007812,29212000,0.0,15.770000457763672,4.421999931335449,0.0,6061.47998046875,19692.330078125,0.0,0.0,1.0,0.0,15.770000457763672,4.421999931335449,0.0,-0.587785252292473,-0.8090169943749475,0.49999999999999994,0.8660254037844387,0,30.0,2142342.6006161966,0.0,0.0,0.0,60.0,60.0,-0.0019066248881965512,0.020746122576355993,0.030937257544394067,0.04102441100733308,0.08616796128905299,0.04633949161094514
2021-01-15,2167566.3170151464,2190884.0047258907,2145865.986988302,2165811.23046875,31444000,0.0,15.770000457763672,4.421999931335449,0.0,6061.47998046875,19692.330078125,0.0,0.0,1.0,0.0,15.770000457763672,4.421999931335449,0.0,-0.9510565162951536,0.30901699437494723,0.49999999999999994,0.8660254037844387,0,30.0,2143073.1023910125,0.0,0.0,0.0,60.0,60.0,0.032906623019025194,0.04110277858796293,0.0882428321572455,0.04642801241492493,0.09060441772075224,0.030487019658706076
2021-01-19,2185092.326666539,2261363.701781127,2172342.8423118466,2237080.7641601562,41660000,0.0,15.770000457763672,4.421999931335449,0.0,6061.47998046875,19692.330078125,0.0,0.0,1.0,0.0,15.770000457763672,4.421999931335449,0.0,0.9510565162951535,0.30901699437494745,0.49999999999999994,0.8660254037844387,0,30.0,2145999.253755166,0.0,0.0,0.0,60.0,60.0,0.0535732929821683,0.0449488960378849,0.05585964250387453,0.02951575580917205,0.06057261420733575,0.015629299076965
2021-01-20,2289608.019404093,2381562.5017959327,2281008.1910993457,2356928.5473632812,64152000,0.0,15.770000457763672,4.421999931335449,0.0,6061.47998046875,19692.330078125,0.0,0.0,1.0,0.0,15.770000457763672,4.421999931335449,0.0,0.5877852522924732,-0.8090169943749473,0.49999999999999994,0.8660254037844387,0,30.0,2152564.793460191,0.0,0.0,0.0,60.0,60.0,0.0021700906210660067,0.02801490509087117,0.00664341177950295,0.014834562703014078,0.007558206570139818,0.0333285810359847
2021-01-21,2373953.016698799,2422130.1902043284,2356101.060643981,2362043.295898437,58634000,0.0,15.770000457763672,4.421999931335449,0.0,6061.47998046875,19692.330078125,0.0,0.0,1.0,0.0,15.770000457763672,4.421999931335449,0.0,-0.587785252292473,-0.8090169943749475,0.49999999999999994,0.8660254037844387,0,30.0,2159085.1747337775,0.0,0.0,0.0,60.0,60.0,0.004463634666710849,0.014802440066656536,0.0053764485684607505,0.03325641160906156,0.012631681917792893,0.021027998620995008
2021-01-22,2371207.5839135186,2387417.1243351744,2352453.12001279,2372586.5942382812,32744000,0.0,15.770000457763672,4.421999931335449,0.0,6061.47998046875,19692.330078125,0.0,0.0,1.0,0.0,15.770000457763672,4.421999931335449,0.0,-0.9510565162951536,0.30901699437494723,0.49999999999999994,0.8660254037844387,0,30.0,2165730.7762291697,0.0,0.0,0.0,60.0,60.0,0.0009087575400903197,0.0331086267947334,0.008131750089481605,0.020934554418161958,-0.03889976523831291,0.04395633286990571
2021-01-25,2397884.975259477,2409268.0746332835,2330714.9905464607,2374742.7001953125,50586000,0.0,15.770000457763672,4.421999931335449,0.0,6061.47998046875,19692.330078125,0.0,0.0,1.0,0.0,15.770000457763672,4.421999931335449,0.0,0.0,1.0,0.49999999999999994,0.8660254037844387,0,30.0,2172236.6343619428,0.0,0.0,0.0,60.0,60.0,0.0072164345600722515,0.020915547256887143,-0.039772379328800844,0.04391642348892635,-0.02168625772481683,0.030085257310387057
2021-01-26,2364349.9810301545,2401658.2418029667,2351989.198634084,2391879.8754882812,31462000,0.0,15.770000457763672,4.421999931335449,0.0,6061.47998046875,19692.330078125,0.0,0.0,1.0,0.0,15.770000457763672,4.421999931335449,0.0,0.9510565162951535,0.30901699437494745,0.49999999999999994,0.8660254037844387,0,30.0,2179073.4106172277,0.0,0.0,0.0,60.0,60.0,-0.046652151689121985,0.04360177413914813,-0.02869561227673283,0.029869704542229366,-0.04223903621538236,0.02409912320252525
2021-01-27,2350459.692005204,2357429.9200888514,2253139.7139898376,2280293.5327148438,82512000,0.0,15.770000457763672,4.421999931335449,0.0,6061.47998046875,19692.330078125,0.0,0.0,1.0,0.0,15.770000457763672,4.421999931335449,0.0,0.5877852522924732,-0.8090169943749473,0.49999999999999994,0.8660254037844387,0,30.0,2182224.0621931353,0.0,0.0,0.0,60.0,60.0,0.018835244076130426,0.03133138087546103,0.004629071625386993,0.02527841568554812,0.040754590523517355,0.03900624289420071
2021-01-28,2295412.6224796376,2366857.367660977,2295412.6224796376,2323243.4179687495,55278000,0.0,15.770000457763672,4.421999931335449,0.0,6061.47998046875,19692.330078125,0.0,0.0,1.0,0.0,15.770000457763672,4.421999931335449,0.0,-0.587785252292473,-0.8090169943749475,0.49999999999999994,0.8660254037844387,0,30.0,2186613.533813776,0.0,0.0,0.0,60.0,60.0,-0.013943542425866361,0.024811092698771266,0.021514122695336448,0.038285133068370815,0.03557073567922385,0.02320312051487692
2021-01-29,2299198.413337565,2316147.6717105503,2258505.4639055175,2290849.1748046875,44530000,0.0,15.770000457763672,4.421999931335449,0.0,6061.47998046875,19692.330078125,0.0,0.0,1.0,0.0,15.770000457763672,4.421999931335449,0.0,-0.9510565162951536,0.30901699437494723,0.49999999999999994,0.8660254037844387,0,30.0,2189858.048606944,0.0,0.0,0.0,60.0,60.0,0.03595906182535906,0.03882651218831703,0.05021444535427895,0.023531229207666808,0.12669636285659297,0.05093143226542304
2021-02-01,2312449.4658509446,2401395.149258095,2312449.4658509446,2373225.961914062,40252000,0.0,15.770000457763672,4.421999931335449,0.0,6061.47998046875,19692.330078125,0.0,0.0,1.0,0.0,15.770000457763672,4.421999931335449,0.0,0.0,1.0,0.8660254037844386,0.5000000000000001,0,30.0,2195565.692356787,0.0,0.0,0.0,60.0,60.0,0.013760566468526195,0.02271443928122488,0.08758772848741228,0.04916355688388101,0.08481464764026461,0.018065883287097073
2021-02-02,2398373.612682015,2443805.3859062963,2389898.888893773,2405882.8955078125,66332000,0.0,15.770000457763672,4.421999931335449,0.0,6061.47998046875,19692.330078125,0.0,0.0,1.0,0.0,15.770000457763672,4.421999931335449,0.0,0.9510565162951535,0.30901699437494745,0.8660254037844386,0.5000000000000001,0,30.0,2202112.1793820015,0.0,0.0,0.0,60.0,60.0,0.07282504810387905,0.048496221405754755,0.07008960845582901,0.017820660898293046,0.08843129165949826,0.023938027898647067
2021-02-03,2589528.4728693115,2640940.165565308,2524263.935988443,2581091.4331054688,97882000,0.0,15.770000457763672,4.421999931335449,0.0,6061.47998046875,19692.330078125,0.0,0.0,1.0,0.0,15.770000457763672,4.421999931335449,0.0,0.5877852522924732,-0.8090169943749473,0.8660254037844386,0.5000000000000001,0,30.0,2213908.564656016,0.0,0.0,0.0,60.0,60.0,-0.0025497537113667143,0.016610966466330597,0.014546867248487375,0.022313076993266852,0.012453531556844824,0.025086426597638958
2021-02-04,2583273.093683891,2594154.63083421,2551280.207592362,2574510.2856445312,48596000,0.0,15.770000457763672,4.421999931335449,0.0,6061.47998046875,19692.330078125,0.0,0.0,1.0,0.0,15.770000457763672,4.421999931335449,0.0,-0.587785252292473,-0.8090169943749475,0.8660254037844386,0.5000000000000001,0,30.0,2225132.917373603,0.0,0.0,0.0,60.0,60.0,0.017140324566030353,0.02237011527771992,0.015041637739863788,0.02515055431685128,0.010595843814968432,0.013882723888987938
2021-02-05,2581944.196106214,2627551.580866305,2569959.4889927614,2618638.227539062,29866000,0.0,15.770000457763672,4.421999931335449,0.0,6061.47998046875,19692.330078125,0.0,0.0,1.0,0.0,15.770000457763672,4.421999931335449,0.0,-0.9510565162951536,0.30901699437494723,0.8660254037844386,0.5000000000000001,0,30.0,2237381.4512158567,0.0,0.0,0.0,60.0,60.0,-0.0020633208373308613,0.02472673013684904,-0.00643419653414505,0.01364877938047643,-0.00112512633365661,0.022328294475508353
2021-02-08,2632641.5176512008,2651446.0999201383,2586695.739141743,2613235.1367187495,28828000,0.0,15.770000457763672,4.421999931335449,0.0,6061.47998046875,19692.330078125,0.0,0.0,1.0,0.0,15.770000457763672,4.421999931335449,0.0,0.0,1.0,0.8660254037844386,0.5000000000000001,0,30.0,2249080.547653858,0.0,0.0,0.0,60.0,60.0,-0.004379912862288642,0.01367699941836851,0.0009401343023702212,0.022374460165391637,0.002029134273438292,0.01206029222036552
2021-02-09,2601049.67572923,2630773.4786179177,2595032.2631729553,2601789.3945312505,21892000,0.0,15.770000457763672,4.421999931335449,0.0,6061.47998046875,19692.330078125,0.0,0.0,1.0,0.0,15.770000457763672,4.421999931335449,0.0,0.9510565162951535,0.30901699437494745,0.8660254037844386,0.5000000000000001,0,30.0,2260059.2209020606,0.0,0.0,0.0,60.0,60.0,0.00534345101448622,0.022472889463003434,0.006437241693417594,0.012113347627444336,0.009463309419928264,0.012494048428318156
2021-02-10,2611504.7801772794,2631237.116960181,2572767.3914908655,2615691.928710938,25102000,0.0,15.770000457763672,4.421999931335449,0.0,6061.47998046875,19692.330078125,0.0,0.0,1.0,0.0,15.770000457763672,4.421999931335449,0.0,0.5877852522924732,-0.8090169943749473,0.8660254037844386,0.5000000000000001,0,30.0,2271128.9043517844,0.0,0.0,0.0,60.0,60.0,0.0010879771264512997,0.012048964575460086,0.004097961150773616,0.012427641932426658,0.011608063374169716,0.025588571715397405
2021-02-11,2621358.505190151,2625119.2681246223,2593602.8887352673,2618537.7416992188,20480000,0.0,15.770000457763672,4.421999931335449,0.0,6061.47998046875,19692.330078125,0.0,0.0,1.0,0.0,15.770000457763672,4.421999931335449,0.0,-0.587785252292473,-0.8090169943749475,0.8660254037844386,0.5000000000000001,0,30.0,2281942.605574615,0.0,0.0,0.0,60.0,60.0,0.003006712789581443,0.012414135636809147,0.010508653073544589,0.025560762190799155,0.014300465484011081,0.016320750431680985
2021-02-12,2607280.3925600047,2632014.5847293693,2599507.7020338112,2626410.9326171875,18990000,0.0,15.770000457763672,4.421999931335449,0.0,6061.47998046875,19692.330078125,0.0,0.0,1.0,0.0,15.770000457763672,4.421999931335449,0.0,-0.9510565162951536,0.30901699437494723,0.8660254037844386,0.5000000000000001,0,30.0,2292664.778300365,0.0,0.0,0.0,60.0,60.0,0.007479451720815113,0.025484138705023293,0.011259897416856998,0.016271825725163294,0.005145386336141545,0.013680053765591511
2021-02-16,2622298.541700729,2689230.362203935,2622298.541700729,2646055.0463867188,31004000,0.0,15.770000457763672,4.421999931335449,0.0,6061.47998046875,19692.330078125,0.0,0.0,1.0,0.0,15.770000457763672,4.421999931335449,0.0,0.9510565162951535,0.30901699437494745,0.8660254037844386,0.5000000000000001,0,30.0,2303664.661854471,0.0,0.0,0.0,60.0,60.0,0.003752379951357552,0.016151024914076776,-0.002316737458701407,0.013578494074718282,-0.010370942584286232,0.016653240781506824
2021-02-17,2625094.3357097665,2660772.9976278907,2618036.49664968,2655984.0502929688,20294000,0.0,15.770000457763672,4.421999931335449,0.0,6061.47998046875,19692.330078125,0.0,0.0,1.0,0.0,15.770000457763672,4.421999931335449,0.0,0.5877852522924732,-0.8090169943749473,0.8660254037844386,0.5000000000000001,0,30.0,2314631.2124036034,0.0,0.0,0.0,60.0,60.0,-0.006046428911434383,0.013527732881068042,-0.01407052458129983,0.016590985101638166,-0.0303782510974511,0.015259942020520119
2021-02-18,2638909.463772539,2660208.8495612075,2624279.406792467,2639924.8315429688,22546000,0.0,15.770000457763672,4.421999931335449,0.0,6061.47998046875,19692.330078125,0.0,0.0,1.0,0.0,15.770000457763672,4.421999931335449,0.0,-0.587785252292473,-0.8090169943749475,0.8660254037844386,0.5000000000000001,0,30.0,2324756.539103283,0.0,0.0,0.0,60.0,60.0,-0.008072907933795696,0.0166919115582712,-0.024479837784946844,0.015352771461757132,-0.02169715468314961,0.03906812545988532
2021-02-19,2642407.1520425496,2655933.847552434,2611868.455743835,2618612.9614257812,37938000,0.0,15.770000457763672,4.421999931335449,0.0,6061.47998046875,19692.330078125,0.0,0.0,1.0,0.0,15.770000457763672,4.421999931335449,0.0,-0.9510565162951536,0.30901699437494723,0.8660254037844386,0.5000000000000001,0,30.0,2333903.3286443185,0.0,0.0,0.0,60.0,60.0,-0.016540459457534504,0.015477721683936465,-0.013735129182704678,0.03938608570364342,-0.0023936785497190804,0.02910267100914549
2021-02-22,2574472.5702441945,2607982.3863957175,2567452.2237808206,2575299.8999023438,29466000,0.0,15.770000457763672,4.421999931335449,0.0,6061.47998046875,19692.330078125,0.0,0.0,1.0,0.0,15.770000457763672,4.421999931335449,0.0,0.0,1.0,0.8660254037844386,0.5000000000000001,0,30.0,2341417.2145479815,0.0,0.0,0.0,60.0,60.0,0.0028525121361702766,0.040048506400088904,0.014384710630812748,0.029592138577549186,-0.018649024549144234,0.03724456075825551
2021-02-23,2524815.731824269,2598166.1032521394,2495029.188728752,2582645.9741210933,34658000,0.0,15.770000457763672,4.421999931335449,0.0,6061.47998046875,19692.330078125,0.0,0.0,1.0,0.0,15.770000457763672,4.421999931335449,0.0,0.9510565162951535,0.30901699437494745,0.8660254037844386,0.5000000000000001,0,30.0,2348925.877010391,0.0,0.0,0.0,60.0,60.0,0.011499396327060898,0.029507966744297367,-0.02144037774758545,0.03713862238717545,-0.018547437520952132,0.026945008912620517
2021-02-24,2544936.7039627526,2617998.804843036,2541790.1733263773,2612344.84375,22608000,0.0,15.770000457763672,4.421999931335449,0.0,6061.47998046875,19692.330078125,0.0,0.0,1.0,0.0,15.770000457763672,4.421999931335449,0.0,0.5877852522924732,-0.8090169943749473,0.8660254037844386,0.5000000000000001,0,30.0,2357125.248046903,0.0,0.0,0.0,60.0,60.0,-0.03256529286547939,0.03671640588420771,-0.029705241502979214,0.02663868017169636,-0.006790425524374743,0.020064208226573236
2021-02-25,2577393.560152578,2611329.5705048935,2515413.6569122514,2527273.0688476562,41548000,0.0,15.770000457763672,4.421999931335449,0.0,6061.47998046875,19692.330078125,0.0,0.0,1.0,0.0,15.770000457763672,4.421999931335449,0.0,-0.587785252292473,-0.8090169943749475,0.8660254037844386,0.5000000000000001,0,30.0,2362421.3933057752,0.0,0.0,0.0,60.0,60.0,0.0029563249503126317,0.02753537781438338,0.0266424877575957,0.020739599353430404,0.024072931738260004,0.01888435374717477
2021-02-26,2544823.7749677366,2578132.92558933,2508543.5067984937,2534744.5092773438,40042000,0.0,15.770000457763672,4.421999931335449,0.0,6061.47998046875,19692.330078125,0.0,0.0,1.0,0.0,15.770000457763672,4.421999931335449,0.0,-0.9510565162951536,0.30901699437494723,0.8660254037844386,0.5000000000000001,0,30.0,2367785.24838262,0.0,0.0,0.0,60.0,60.0,0.02361634521668379,0.020678467085252054,0.021054363248562698,0.018828690021083738,-0.005193054510256444,0.04055079264817445
2021-03-01,2567452.091853917,2602842.2878145934,2550427.6569099785,2594605.9106445312,26060000,0.0,15.770000457763672,4.421999931335449,0.0,6061.47998046875,19692.330078125,0.0,0.0,1.0,0.0,15.770000457763672,4.421999931335449,0.0,0.0,1.0,1.0,6.123233995736766e-17,0,30.0,2374845.4338511056,0.0,0.0,0.0,60.0,60.0,-0.002502873249428974,0.01839428425412452,-0.02814472420410767,0.03961522579984835,-0.017263729917452578,0.0334161167016492
2021-03-02,2588563.1942179957,2626047.059372799,2578321.140724972,2588111.9409179688,25564000,0.0,15.770000457763672,4.421999931335449,0.0,6061.47998046875,19692.330078125,0.0,0.0,1.0,0.0,15.770000457763672,4.421999931335449,0.0,0.9510565162951535,0.30901699437494745,1.0,6.123233995736766e-17,0,30.0,2381483.7227852074,0.0,0.0,0.0,60.0,60.0,-0.025706190290702025,0.03971462647606636,-0.014797893920866027,0.03349996286255475,0.015786054696561982,0.0379853289456892
2021-03-03,2572403.9653566303,2602541.33497588,2499755.435964076,2521581.4428710933,33892000,0.0,15.770000457763672,4.421999931335449,0.0,6061.47998046875,19692.330078125,0.0,0.0,1.0,0.0,15.770000457763672,4.421999931335449,0.0,0.5877852522924732,-0.8090169943749473,1.0,6.123233995736766e-17,0,30.0,2385844.5066546127,0.0,0.0,0.0,60.0,60.0,0.011196105590664411,0.03438384040698175,0.04258699436840734,0.03898755033353128,-0.0019439462728893654,0.053967094391293956
2021-03-04,2525918.9087594016,2600786.210709439,2514084.5568045527,2549813.334960938,49216000,0.0,15.770000457763672,4.421999931335449,0.0,6061.47998046875,19692.330078125,0.0,0.0,1.0,0.0,15.770000457763672,4.421999931335449,0.0,-0.587785252292473,-0.8090169943749475,1.0,6.123233995736766e-17,0,30.0,2390948.3200526927,0.0,0.0,0.0,60.0,60.0,0.031043324439433778,0.038555874689368684,-0.012994563360069857,0.053369563127194264,0.0031613508258284025,0.013923786700211086
2021-03-05,2583937.37687314,2640413.6680780808,2542103.3846540456,2628968.017578125,53100000,0.0,15.770000457763672,4.421999931335449,0.0,6061.47998046875,19692.330078125,0.0,0.0,1.0,0.0,15.770000457763672,4.421999931335449,0.0,-0.9510565162951536,0.30901699437494723,1.0,6.123233995736766e-17,0,30.0,2398357.094833797,0.0,0.0,0.0,60.0,60.0,-0.04271196637003253,0.051762677534632866,-0.02704248497876118,0.013504560254809162,-0.029031010879852097,0.020061326213503265
2021-03-08,2612658.2738251467,2649866.1072480283,2513783.683505269,2516679.624023437,36868000,0.0,15.770000457763672,4.421999931335449,0.0,6061.47998046875,19692.330078125,0.0,0.0,1.0,0.0,15.770000457763672,4.421999931335449,0.0,0.0,1.0,1.0,6.123233995736766e-17,0,30.0,2402040.088210402,0.0,0.0,0.0,60.0,60.0,0.016368617219473438,0.01410710233533458,0.014291367915989957,0.020956415946653126,0.04634622538396369,0.027307570263823137
2021-03-09,2569645.989929456,2587409.952285588,2551906.895284238,2557874.189453125,33920000,0.0,15.770000457763672,4.421999931335449,0.0,6061.47998046875,19692.330078125,0.0,0.0,1.0,0.0,15.770000457763672,4.421999931335449,0.0,0.9510565162951535,0.30901699437494745,1.0,6.123233995736766e-17,0,30.0,2406890.6941445363,0.0,0.0,0.0,60.0,60.0,-0.0020437952021445786,0.020618912854653622,0.029494818766149414,0.02686778182755162,0.004724669380969276,0.022148038829513692
2021-03-10,2584250.59854578,2584250.59854578,2531510.013540278,2552646.4184570312,27100000,0.0,15.770000457763672,4.421999931335449,0.0,6061.47998046875,19692.330078125,0.0,0.0,1.0,0.0,15.770000457763672,4.421999931335449,0.0,0.5877852522924732,-0.8090169943749473,1.0,6.123233995736766e-17,0,30.0,2411427.5931613194,0.0,0.0,0.0,60.0,60.0,0.03160320444591294,0.02692280653036665,0.00678232626900182,0.02219339758902543,0.008962910201574055,0.013358214153633004
2021-03-11,2580264.303061037,2646769.743758743,2578045.338094191,2633318.2250976562,27702000,0.0,15.770000457763672,4.421999931335449,0.0,6061.47998046875,19692.330078125,0.0,0.0,1.0,0.0,15.770000457763672,4.421999931335449,0.0,-0.587785252292473,-0.8090169943749475,1.0,6.123233995736766e-17,0,30.0,2418334.322854752,0.0,0.0,0.0,60.0,60.0,-0.024060489604859972,0.021513501987370988,-0.021946707946200374,0.012948984741480974,-0.007926534734757566,0.025893318647838604
2021-03-12,2603067.978030692,2604572.283236977,2547920.3863679585,2569959.299316406,33818000,0.0,15.770000457763672,4.421999931335449,0.0,6061.47998046875,19692.330078125,0.0,0.0,1.0,0.0,15.770000457763672,4.421999931335449,0.0,-0.9510565162951536,0.30901699437494723,1.0,6.123233995736766e-17,0,30.0,2423053.91248909,0.0,0.0,0.0,60.0,60.0,0.0021658941319055358,0.013268224724540732,0.016531716052329986,0.026531683953808647,0.015717141731204018,0.026770691220622388
2021-03-15,2563666.147392083,2576214.9685652414,2542116.171048988,2575525.5590820312,26168000,0.0,15.770000457763672,4.421999931335449,0.0,6061.47998046875,19692.330078125,0.0,0.0,1.0,0.0,15.770000457763672,4.421999931335449,0.0,0.0,1.0,1.0,6.123233995736766e-17,0,30.0,2427799.856192425,0.0,0.0,0.0,60.0,60.0,0.014334774316849397,0.02647434332894643,0.013521960464476613,0.026712834050106694,-0.01611144730814777,0.024128232813467772
2021-03-16,2590004.897800043,2649790.889717966,2581605.5418143515,2612445.1367187495,31900000,0.0,15.770000457763672,4.421999931335449,0.0,6061.47998046875,19692.330078125,0.0,0.0,1.0,0.0,15.770000457763672,4.421999931335449,0.0,0.9510565162951535,0.30901699437494745,1.0,6.123233995736766e-17,0,30.0,2433547.2598933284,0.0,0.0,0.0,60.0,60.0,-0.0008013270105229421,0.026335323136385307,-0.030015949759291824,0.023787247982026492,-0.02731916764759177,0.01636840361886263
2021-03-17,2593114.180828108,2631387.6943223383,2562588.1074707718,2610351.7138671875,26382000,0.0,15.770000457763672,4.421999931335449,0.0,6061.47998046875,19692.330078125,0.0,0.0,1.0,0.0,15.770000457763672,4.421999931335449,0.0,0.5877852522924732,-0.8090169943749473,1.0,6.123233995736766e-17,0,30.0,2439050.604303794,0.0,0.0,0.0,60.0,60.0,-0.029238051989563193,0.02380632463297617,-0.026539107140455636,0.016381530581791526,-0.024747716484887192,0.01649203932103876
2021-03-18,2567677.6585036423,2593465.09257832,2531322.212271752,2534030.1147460933,31700000,0.0,15.770000457763672,4.421999931335449,0.0,6061.47998046875,19692.330078125,0.0,0.0,1.0,0.0,15.770000457763672,4.421999931335449,0.0,-0.587785252292473,-0.8090169943749475,1.0,6.123233995736766e-17,0,30.0,2442007.005830239,0.0,0.0,0.0,60.0,60.0,0.0027802334595407327,0.0168749203812173,0.004625578406610273,0.01698875749594323,0.009889511445971994,0.017864350502515974
2021-03-19,2544547.990014706,2553711.932174975,2510950.375745028,2541075.310058594,46072000,0.0,15.770000457763672,4.421999931335449,0.0,6061.47998046875,19692.330078125,0.0,0.0,1.0,0.0,15.770000457763672,4.421999931335449,0.0,-0.9510565162951536,0.30901699437494723,1.0,6.123233995736766e-17,0,30.0,2445090.6781330984,0.0,0.0,0.0,60.0,60.0,0.0018402286817154282,0.016941655737800976,0.007089567334115287,0.017814821140704852,0.0027480849515441864,0.019043301235580228
2021-03-22,2541915.338523482,2567878.184217016,2524828.1611101776,2545751.469726563,33536000,0.0,15.770000457763672,4.421999931335449,0.0,6061.47998046875,19692.330078125,0.0,0.0,1.0,0.0,15.770000457763672,4.421999931335449,0.0,0.0,1.0,1.0,6.123233995736766e-17,0,30.0,2448223.919357789,0.0,0.0,0.0,60.0,60.0,0.005239696412777584,0.017782098013918564,0.0009061886754371728,0.019008321577022917,0.0008717169885110033,0.024400584201973947
2021-03-23,2557360.406906342,2587648.3248823187,2542379.5227285638,2559090.4345703125,28510000,0.0,15.770000457763672,4.421999931335449,0.0,6061.47998046875,19692.330078125,0.0,0.0,1.0,0.0,15.770000457763672,4.421999931335449,0.0,0.9510565162951535,0.30901699437494745,1.0,6.123233995736766e-17,0,30.0,2451674.8313786755,0.0,0.0,0.0,60.0,60.0,-0.004310919826191344,0.018909242884910513,-0.0043452118334103024,0.024273398960514617,-0.008131878467920543,0.017410222726375952
2021-03-24,2572165.7343787584,2592023.367255459,2543632.904663718,2548058.4008789067,25218000,0.0,15.770000457763672,4.421999931335449,0.0,6061.47998046875,19692.330078125,0.0,0.0,1.0,0.0,15.770000457763672,4.421999931335449,0.0,0.5877852522924732,-0.8090169943749473,1.0,6.123233995736766e-17,0,30.0,2454674.936665858,0.0,0.0,0.0,60.0,60.0,-3.444047735561321e-05,0.024378492687975876,-0.0038375018043405756,0.01748560175364864,0.006523631958007381,0.021529847407235642
2021-03-25,2543695.6935394667,2564493.5175787834,2502375.6944844215,2547970.6445312505,35616000,0.0,15.770000457763672,4.421999931335449,0.0,6061.47998046875,19692.330078125,0.0,0.0,1.0,0.0,15.770000457763672,4.421999931335449,0.0,-0.587785252292473,-0.8090169943749475,1.0,6.123233995736766e-17,0,30.0,2457578.926918307,0.0,0.0,0.0,60.0,60.0,-0.0038031923107436196,0.017486203986861085,0.006558298306287303,0.021530588930996176,0.006892950162382797,0.013048189373044592
2021-03-26,2547130.832673947,2556658.4188559996,2512104.0844131922,2538280.2221679688,27978000,0.0,15.770000457763672,4.421999931335449,0.0,6061.47998046875,19692.330078125,0.0,0.0,1.0,0.0,15.770000457763672,4.421999931335449,0.0,-0.9510565162951536,0.30901699437494723,1.0,6.123233995736766e-17,0,30.0,2460090.8942964193,0.0,0.0,0.0,60.0,60.0,0.010401047802055377,0.021612786514481796,0.010736977262491754,0.013098003599620761,0.01866403110337535,0.0193902862922612
2021-03-29,2535057.627511476,2568968.571296048,2514109.2627404,2564680.9960937495,26492000,0.0,15.770000457763672,4.421999931335449,0.0,6061.47998046875,19692.330078125,0.0,0.0,1.0,0.0,15.770000457763672,4.421999931335449,0.0,0.0,1.0,1.0,6.123233995736766e-17,1,30.0,2463346.442090066,0.0,0.0,0.0,60.0,60.0,0.0003324714094142438,0.012963173017400466,0.008177924319550736,0.01919068308019005,0.041055218078984566,0.021663965417227222
2021-03-30,2573694.8782622907,2585842.5621480327,2552596.1586612305,2565533.6791992188,27312000,0.0,15.770000457763672,4.421999931335449,0.0,6061.47998046875,19692.330078125,0.0,0.0,1.0,0.0,15.770000457763672,4.421999931335449,0.0,0.9510565162951535,0.30901699437494745,1.0,6.123233995736766e-17,1,30.0,2466527.1965637794,0.0,0.0,0.0,60.0,60.0,0.007842845388276435,0.01918430484731883,0.04070921202047373,0.02165676516199046,0.08428675657175849,0.040938823106668853
2021-03-31,2575475.2617699364,2615416.24713438,2566198.2669365588,2585654.763183594,42570000,0.0,15.770000457763672,4.421999931335449,0.0,6061.47998046875,19692.330078125,0.0,0.0,1.0,0.0,15.770000457763672,4.421999931335449,0.0,0.5877852522924732,-0.8090169943749473,1.0,6.123233995736766e-17,1,30.0,2470235.248088301,0.0,0.0,0.0,60.0,60.0,0.03261060668594156,0.021488236247435073,0.07584903889855135,0.040620244807013504,0.07114596614727486,0.012707766383387687
2021-04-01,2622925.5905893133,2677458.7581009325,2621897.5976953376,2669974.533691406,39880000,0.0,15.770000457763672,4.421999931335449,0.0,6061.47998046875,19692.330078125,0.0,0.0,1.0,0.0,15.770000457763672,4.421999931335449,0.0,-0.587785252292473,-0.8090169943749475,0.8660254037844387,-0.4999999999999998,0,30.0,2476452.478770367,0.0,0.0,0.0,60.0,60.0,0.041872930543856345,0.03933742743296047,0.037318384308494185,0.012306445722237899,0.051296398672254065,0.014743304252154771
2021-04-05,2691750.3963123397,2794348.263543492,2689318.334076554,2781774.1918945312,48510000,0.0,15.770000457763672,4.421999931335449,0.0,6061.47998046875,19692.330078125,0.0,0.0,1.0,0.0,15.770000457763672,4.421999931335449,0.0,0.0,1.0,0.8660254037844387,-0.4999999999999998,0,30.0,2485956.145094585,0.0,0.0,0.0,60.0,60.0,-0.0043714987709534735,0.011811848989889726,0.009044738424558822,0.014150770041082443,0.014182306821527964,0.01297006685303665
2021-04-06,2771694.714190926,2793106.960349272,2760249.0636706413,2769613.669433594,35240000,0.0,15.770000457763672,4.421999931335449,0.0,6061.47998046875,19692.330078125,0.0,0.0,1.0,0.0,15.770000457763672,4.421999931335449,0.0,0.9510565162951535,0.30901699437494745,0.8660254037844387,-0.4999999999999998,0,30.0,2494785.476075947,0.0,0.0,0.0,60.0,60.0,0.013475143769941014,0.014212901723498398,0.01863526965085654,0.013027014430609251,0.027796601387988132,0.01661644667129796
2021-04-07,2774427.731771778,2813791.9786674953,2774427.731771778,2806934.611816406,24134000,0.0,15.770000457763672,4.421999931335449,0.0,6061.47998046875,19692.330078125,0.0,0.0,1.0,0.0,15.770000457763672,4.421999931335449,0.0,0.5877852522924732,-0.8090169943749473,0.8660254037844387,-0.4999999999999998,0,30.0,2504501.657731085,0.0,0.0,0.0,60.0,60.0,0.005091516957900724,0.012853807526202523,0.01413103982478932,0.016395514752821503,0.0024966634997142887,0.012983290725213653
2021-04-08,2838237.9770373697,2848003.9098651116,2811924.1126261875,2821226.1669921875,28664000,0.0,15.770000457763672,4.421999931335449,0.0,6061.47998046875,19692.330078125,0.0,0.0,1.0,0.0,15.770000457763672,4.421999931335449,0.0,-0.587785252292473,-0.8090169943749475,0.8660254037844387,-0.4999999999999998,0,30.0,2514360.2557970677,0.0,0.0,0.0,60.0,60.0,0.008993731132313621,0.016312459588203095,-0.0025817086448408693,0.012917520948251592,0.0017774712627333597,0.009073855111364902
2021-04-09,2814970.278134424,2850736.5468490347,2804715.4090107935,2846599.516601563,26146000,0.0,15.770000457763672,4.421999931335449,0.0,6061.47998046875,19692.330078125,0.0,0.0,1.0,0.0,15.770000457763672,4.421999931335449,0.0,-0.9510565162951536,0.30901699437494723,0.8660254037844387,-0.4999999999999998,0,30.0,2524701.7773324437,0.0,0.0,0.0,60.0,60.0,-0.011472261343154525,0.01280237978659717,-0.007151937268710308,0.008992974714701186,-0.012665831835837062,0.01383288367430179
2021-04-12,2825852.112458282,2829324.601385416,2792881.353273539,2813942.5830078125,25024000,0.0,15.770000457763672,4.421999931335449,0.0,6061.47998046875,19692.330078125,0.0,0.0,1.0,0.0,15.770000457763672,4.421999931335449,0.0,0.0,1.0,0.8660254037844387,-0.4999999999999998,0,30.0,2533704.8975926843,0.0,0.0,0.0,60.0,60.0,0.004370463170122493,0.009097341797328138,-0.0012074223575195696,0.013993419843834747,0.01810098563663633,0.01997220689389939
2021-04-13,2821928.3714417056,2837573.7973347623,2811974.399859084,2826240.8154296875,25682000,0.0,15.770000457763672,4.421999931335449,0.0,6061.47998046875,19692.330078125,0.0,0.0,1.0,0.0,15.770000457763672,4.421999931335449,0.0,0.9510565162951535,0.30901699437494745,0.8660254037844387,-0.4999999999999998,0,30.0,2542810.5839154585,0.0,0.0,0.0,60.0,60.0,-0.00555361366366393,0.013932528242285148,0.013670774848531296,0.019885298927310703,0.012561894676242339,0.010344081231596913
2021-04-14,2842537.8487891736,2842537.8487891736,2803161.1688087005,2810544.9658203125,21002000,0.0,15.770000457763672,4.421999931335449,0.0,6061.47998046875,19692.330078125,0.0,0.0,1.0,0.0,15.770000457763672,4.421999931335449,0.0,0.5877852522924732,-0.8090169943749473,0.8660254037844387,-0.4999999999999998,0,30.0,2551144.279541755,0.0,0.0,0.0,60.0,60.0,0.01933174958080974,0.019996350935087222,0.01821667672467095,0.010401849082790468,0.021343464811144276,0.015125457444934303
2021-04-15,2835668.1043730513,2878354.4861287796,2822153.842673394,2864877.7172851562,29174000,0.0,15.770000457763672,4.421999931335449,0.0,6061.47998046875,19692.330078125,0.0,0.0,1.0,0.0,15.770000457763672,4.421999931335449,0.0,-0.587785252292473,-0.8090169943749475,0.8660254037844387,-0.4999999999999998,0,30.0,2560909.7753249486,0.0,0.0,0.0,60.0,60.0,-0.0010939253649239822,0.010204576760282535,0.0019735628083416765,0.014838601320084948,-0.0027304037802461266,0.01832617392779588
2021-04-16,2869879.896314223,2876148.090009107,2846913.2254342474,2861743.7548828125,26282000,0.0,15.770000457763672,4.421999931335449,0.0,6061.47998046875,19692.330078125,0.0,0.0,1.0,0.0,15.770000457763672,4.421999931335449,0.0,-0.9510565162951536,0.30901699437494723,0.8660254037844387,-0.4999999999999998,0,30.0,2570273.7531638523,0.0,0.0,0.0,60.0,60.0,0.0030708474511843215,0.0148548514188442,-0.001638270561043478,0.01834624334874614,-0.0019274009175880365,0.015411261047882301
2021-04-19,2845985.5809190376,2888496.359196627,2845985.5809190376,2870531.733398437,30290000,0.0,15.770000457763672,4.421999931335449,0.0,6061.47998046875,19692.330078125,0.0,0.0,1.0,0.0,15.770000457763672,4.421999931335449,0.0,0.0,1.0,0.8660254037844387,-0.4999999999999998,0,30.0,2579619.802026379,0.0,0.0,0.0,60.0,60.0,-0.0046947013007044595,0.018290077311452303,-0.004982946500212792,0.015364080301050029,-0.01626374825457101,0.021207474400803845
2021-04-20,2880222.588930475,2882115.5958077568,2829613.348478922,2857055.444335938,22288000,0.0,15.770000457763672,4.421999931335449,0.0,6061.47998046875,19692.330078125,0.0,0.0,1.0,0.0,15.770000457763672,4.421999931335449,0.0,0.9510565162951535,0.30901699437494745,0.8660254037844387,-0.4999999999999998,0,30.0,2588255.4661537637,0.0,0.0,0.0,60.0,60.0,-0.00028960480757514554,0.015436550293792688,-0.011623616360714087,0.021307506780601504,0.009179324782003024,0.019688369698372427
2021-04-21,2848330.0417373837,2858296.447183937,2814193.367125291,2856228.0273437495,23204000,0.0,15.770000457763672,4.421999931335449,0.0,6061.47998046875,19692.330078125,0.0,0.0,1.0,0.0,15.770000457763672,4.421999931335449,0.0,0.5877852522924732,-0.8090169943749473,0.8660254037844387,-0.4999999999999998,0,30.0,2596596.5755160176,0.0,0.0,0.0,60.0,60.0,-0.011337294888243475,0.02131367932460102,0.009471672631508032,0.019694073196650914,0.01386076034843709,0.011942888269075459
2021-04-22,2852529.309946529,2869428.4492961206,2808551.721043378,2823846.1279296875,24146000,0.0,15.770000457763672,4.421999931335449,0.0,6061.47998046875,19692.330078125,0.0,0.0,1.0,0.0,15.770000457763672,4.421999931335449,0.0,-0.587785252292473,-0.8090169943749475,0.8660254037844387,-0.4999999999999998,0,30.0,2603670.110808426,0.0,0.0,0.0,60.0,60.0,0.021047590257184123,0.019919911102972913,0.025487008973229374,0.012079840988565922,0.017074256548651447,0.014335073392602917
2021-04-23,2841998.969877752,2891041.3492567767,2834790.585419943,2883281.2841796875,29066000,0.0,15.770000457763672,4.421999931335449,0.0,6061.47998046875,19692.330078125,0.0,0.0,1.0,0.0,15.770000457763672,4.421999931335449,0.0,-0.9510565162951536,0.30901699437494723,0.8660254037844387,-0.4999999999999998,0,30.0,2612373.4920989936,0.0,0.0,0.0,60.0,60.0,0.004347905776778767,0.011830830515474034,-0.0038914285156207667,0.014039574187714563,0.025700860497097317,0.033983619626749506
2021-04-26,2889035.3297496918,2914120.728242824,2880009.1160412556,2895817.5195312505,32038000,0.0,15.770000457763672,4.421999931335449,0.0,6061.47998046875,19692.330078125,0.0,0.0,1.0,0.0,15.770000457763672,4.421999931335449,0.0,0.0,1.0,0.8660254037844387,-0.4999999999999998,0,30.0,2621196.177599249,0.0,0.0,0.0,60.0,60.0,-0.008203665527661056,0.013978795701133195,0.021260515999984915,0.0338365017055181,0.0358583011461634,0.013121635966173608
2021-04-27,2905470.5874513984,2906498.5803393885,2866018.538846099,2872061.201171875,44386000,0.0,15.770000457763672,4.421999931335449,0.0,6061.47998046875,19692.330078125,0.0,0.0,1.0,0.0,15.770000457763672,4.421999931335449,0.0,0.9510565162951535,0.30901699437494745,0.8660254037844387,-0.4999999999999998,0,30.0,2629004.785266246,0.0,0.0,0.0,60.0,60.0,0.02970789516309482,0.03411638108495328,0.044426426215082304,0.013230171871077397,0.027289603744305817,0.0154038512440611
2021-04-28,2999330.7602971625,3048072.2418459714,2950087.907407483,2957384.0942382812,81106000,0.0,15.770000457763672,4.421999931335449,0.0,6061.47998046875,19692.330078125,0.0,0.0,1.0,0.0,15.770000457763672,4.421999931335449,0.0,0.5877852522924732,-0.8090169943749473,0.8660254037844387,-0.4999999999999998,0,30.0,2639226.159106897,0.0,0.0,0.0,60.0,60.0,0.014293889676019455,0.012848470846173202,-0.0023485217799616583,0.014959437833213171,-0.006765589665747653,0.019520631998249386
2021-04-29,2995231.3112877263,3013948.0900640558,2975950.226748299,2999656.616210938,41234000,0.0,15.770000457763672,4.421999931335449,0.0,6061.47998046875,19692.330078125,0.0,0.0,1.0,0.0,15.770000457763672,4.421999931335449,0.0,-0.587785252292473,-0.8090169943749475,0.8660254037844387,-0.4999999999999998,0,30.0,2650445.1803565077,0.0,0.0,0.0,60.0,60.0,-0.016407879043121267,0.014748622648206465,-0.02076269960424766,0.019245538395666135,-0.035912529376022885,0.028548594523527142
2021-04-30,2968641.394287881,2985979.161572997,2941738.358066306,2950438.6132812505,44856000,0.0,15.770000457763672,4.421999931335449,0.0,6061.47998046875,19692.330078125,0.0,0.0,1.0,0.0,15.770000457763672,4.421999931335449,0.0,-0.9510565162951536,0.30901699437494723,0.8660254037844387,-0.4999999999999998,0,30.0,2659782.99471739,0.0,0.0,0.0,60.0,60.0,-0.004427465885848949,0.019566584548220342,-0.01983001888417599,0.02902483043047752,-0.016456257063262404,0.011353291872753182
2021-05-03,2964742.5620155013,2985603.127627302,2927873.1210462004,2937375.6469726562,28242000,0.0,15.770000457763672,4.421999931335449,0.0,6061.47998046875,19692.330078125,0.0,0.0,1.0,0.0,15.770000457763672,4.421999931335449,0.0,0.0,1.0,0.49999999999999994,-0.8660254037844387,0,30.0,2668423.5460428977,0.0,0.0,0.0,60.0,60.0,-0.015471050546841426,0.029153908365203627,-0.012082285082439057,0.011403781727320561,-0.002445479189230804,0.01891100531211218
2021-05-04,2900355.7752414625,2914697.366843379,2829061.3863973576,2891931.3598632812,44818000,0.0,15.770000457763672,4.421999931335449,0.0,6061.47998046875,19692.330078125,0.0,0.0,1.0,0.0,15.770000457763672,4.421999931335449,0.0,0.9510565162951535,0.30901699437494745,0.49999999999999994,-0.8660254037844387,0,30.0,2675380.613245992,0.0,0.0,0.0,60.0,60.0,0.0034420170847028982,0.011582982637183617,0.013230257337628797,0.019208175973510995,0.019550603686846472,0.01087640906426504
2021-05-05,2919260.8900104132,2927246.4862241633,2893749.29549494,2901885.4370117188,26636000,0.0,15.770000457763672,4.421999931335449,0.0,6061.47998046875,19692.330078125,0.0,0.0,1.0,0.0,15.770000457763672,4.421999931335449,0.0,0.5877852522924732,-0.8090169943749473,0.49999999999999994,-0.8660254037844387,0,30.0,2682430.9675656883,0.0,0.0,0.0,60.0,60.0,0.009754664530954806,0.019142287891547986,0.0160533307633896,0.010839100694491784,-0.009944884676544495,0.020071156296192202
2021-05-06,2891304.4216309236,2930192.3559570312,2874643.6294934624,2930192.3559570312,25190000,0.0,15.770000457763672,4.421999931335449,0.0,6061.47998046875,19692.330078125,0.0,0.0,1.0,0.0,15.770000457763672,4.421999931335449,0.0,-0.587785252292473,-0.8090169943749475,0.49999999999999994,-0.8660254037844387,0,30.0,2690142.9692164455,0.0,0.0,0.0,60.0,60.0,0.00623781840647462,0.01073439031799541,-0.019509243085943078,0.019877260290266187,-0.028788958966636875,0.019834436062621287
2021-05-07,2963464.0631067003,2972690.749001791,2941236.9205461415,2948470.3637695312,28898000,0.0,15.770000457763672,4.421999931335449,0.0,6061.47998046875,19692.330078125,0.0,0.0,1.0,0.0,15.770000457763672,4.421999931335449,0.0,-0.9510565162951536,0.30901699437494723,0.49999999999999994,-0.8660254037844387,0,30.0,2698183.8560795803,0.0,0.0,0.0,60.0,60.0,-0.025587451615754167,0.019754038187259498,-0.03480964115280574,0.019711479433392822,-0.06449167898574885,0.023112954044403413
2021-05-10,2918646.336752069,2922231.878092321,2863987.681932415,2873026.5209960933,30914000,0.0,15.770000457763672,4.421999931335449,0.0,6061.47998046875,19692.330078125,0.0,0.0,1.0,0.0,15.770000457763672,4.421999931335449,0.0,0.0,1.0,0.49999999999999994,-0.8660254037844387,0,30.0,2703626.1363681057,0.0,0.0,0.0,60.0,60.0,-0.009464358348364515,0.020229090302745032,-0.0399258275506663,0.023719885466098437,-0.0273633422231337,0.014277312797822392
2021-05-11,2811999.5852669426,2858647.396400709,2800528.683465298,2845835.1684570312,34186000,0.0,15.770000457763672,4.421999931335449,0.0,6061.47998046875,19692.330078125,0.0,0.0,1.0,0.0,15.770000457763672,4.421999931335449,0.0,0.9510565162951535,0.30901699437494745,0.49999999999999994,-0.8660254037844387,0,30.0,2708052.6384036127,0.0,0.0,0.0,60.0,60.0,-0.030752522091491662,0.023946523949958536,-0.018070004876274946,0.01441372949893672,0.00366510189856212,0.015294750636493036
2021-05-12,2790838.0663017607,2818154.865142774,2750007.0051236833,2758318.5595703125,46376000,0.0,15.770000457763672,4.421999931335449,0.0,6061.47998046875,19692.330078125,0.0,0.0,1.0,0.0,15.770000457763672,4.421999931335449,0.0,0.5877852522924732,-0.8090169943749473,0.49999999999999994,-0.8660254037844387,0,30.0,2709617.25212105,0.0,0.0,0.0,60.0,60.0,0.01308491123710087,0.014871051849460987,0.03550963481929495,0.015780026242107774,0.04029987921426762,0.015575510478834147
2021-05-13,2790750.194708783,2807448.6714823265,2766429.573165626,2794410.913085938,33204000,0.0,15.770000457763672,4.421999931335449,0.0,6061.47998046875,19692.330078125,0.0,0.0,1.0,0.0,15.770000457763672,4.421999931335449,0.0,-0.587785252292473,-0.8090169943749475,0.49999999999999994,-0.8660254037844387,0,30.0,2712256.601445837,0.0,0.0,0.0,60.0,60.0,0.022135087921515625,0.015576212879173601,0.026863461961874394,0.015374338622627928,0.01499742209160496,0.020407938200552835
2021-05-14,2831393.3324579145,2864213.5477371197,2820687.2084830073,2856265.444335938,31996000,0.0,15.770000457763672,4.421999931335449,0.0,6061.47998046875,19692.330078125,0.0,0.0,1.0,0.0,15.770000457763672,4.421999931335449,0.0,-0.9510565162951536,0.30901699437494723,0.49999999999999994,-0.8660254037844387,0,30.0,2716739.1257041763,0.0,0.0,0.0,60.0,60.0,0.004625977619038387,0.01504139599971197,-0.006983094420938938,0.01996598927256458,-0.0030197457066201455,0.021747849023006877
2021-05-17,2837698.6796980924,2870556.5751956883,2827594.355567138,2869478.4643554688,21598000,0.0,15.770000457763672,4.421999931335449,0.0,6061.47998046875,19692.330078125,0.0,0.0,1.0,0.0,15.770000457763672,4.421999931335449,0.0,0.0,1.0,0.49999999999999994,-0.8660254037844387,0,30.0,2721493.401739858,0.0,0.0,0.0,60.0,60.0,-0.011555616018899694,0.019874052351188384,-0.007610517243222082,0.021647707213931732,0.00787715790228595,0.012442514724939555
2021-05-18,2886315.0670127575,2892997.020962597,2835968.8557413886,2836319.873046875,22204000,0.0,15.770000457763672,4.421999931335449,0.0,6061.47998046875,19692.330078125,0.0,0.0,1.0,0.0,15.770000457763672,4.421999931335449,0.0,0.9510565162951535,0.30901699437494745,0.49999999999999994,-0.8660254037844387,0,30.0,2725067.574219561,0.0,0.0,0.0,60.0,60.0,0.003991219778889497,0.02190078426743902,0.019659956833299394,0.012587976548387636,0.013993545395075949,0.013078692468352277
2021-05-19,2793646.135455985,2852015.4358722796,2789897.80621923,2847640.249023437,23684000,0.0,15.770000457763672,4.421999931335449,0.0,6061.47998046875,19692.330078125,0.0,0.0,1.0,0.0,15.770000457763672,4.421999931335449,0.0,0.5877852522924732,-0.8090169943749473,0.49999999999999994,-0.8660254037844387,0,30.0,2728882.860677857,0.0,0.0,0.0,60.0,60.0,0.015606448289319352,0.012537934894649681,0.00996256283833765,0.013026700045477109,0.039419013504985174,0.023592313880573597
2021-05-20,2872086.247380599,2898412.5444739256,2862709.0164282857,2892081.799316406,32352000,0.0,15.770000457763672,4.421999931335449,0.0,6061.47998046875,19692.330078125,0.0,0.0,1.0,0.0,15.770000457763672,4.421999931335449,0.0,-0.587785252292473,-0.8090169943749475,0.49999999999999994,-0.8660254037844387,0,30.0,2733962.7098495485,0.0,0.0,0.0,60.0,60.0,-0.005557157952756428,0.01282652356867091,0.023446646341971883,0.02322977952760376,0.02423984962882368,0.012570684295940849
2021-05-21,2905194.789238712,2907050.303038106,2869954.94767665,2876010.0439453125,40632000,0.0,15.770000457763672,4.421999931335449,0.0,6061.47998046875,19692.330078125,0.0,0.0,1.0,0.0,15.770000457763672,4.421999931335449,0.0,-0.9510565162951536,0.30901699437494723,0.49999999999999994,-0.8660254037844387,0,30.0,2738384.1787539646,0.0,0.0,0.0,60.0,60.0,0.029165883717377505,0.023359592472686496,0.029963519592777686,0.012640931951465187,0.0375654709907732,0.009820742486230391
2021-05-24,2902035.918637671,2965545.1886882475,2898362.766114332,2959891.4184570312,31832000,0.0,15.770000457763672,4.421999931335449,0.0,6061.47998046875,19692.330078125,0.0,0.0,1.0,0.0,15.770000457763672,4.421999931335449,0.0,0.0,1.0,0.49999999999999994,-0.8660254037844387,0,30.0,2745278.97462363,0.0,0.0,0.0,60.0,60.0,0.0007750313997186706,0.012282696260592868,0.00816154849892239,0.009542429108471395,0.0006945568933582468,0.013887911485742747
2021-05-25,2973631.078646169,2988674.7053977833,2952319.25814054,2962185.4272460933,22440000,0.0,15.770000457763672,4.421999931335449,0.0,6061.47998046875,19692.330078125,0.0,0.0,1.0,0.0,15.770000457763672,4.421999931335449,0.0,0.9510565162951535,0.30901699437494745,0.49999999999999994,-0.8660254037844387,0,30.0,2752030.5630394635,0.0,0.0,0.0,60.0,60.0,0.007380796749967554,0.009535039153729708,-8.041218439259962e-05,0.013877156253907168,-0.002547796579180875,0.009826993784697832
2021-05-26,2966760.874933863,2994930.251962229,2966685.69793283,2984048.7158203125,21572000,0.0,15.770000457763672,4.421999931335449,0.0,6061.47998046875,19692.330078125,0.0,0.0,1.0,0.0,15.770000457763672,4.421999931335449,0.0,0.5877852522924732,-0.8090169943749473,0.49999999999999994,-0.8660254037844387,0,30.0,2759252.529253917,0.0,0.0,0.0,60.0,60.0,-0.007406542747719291,0.013775482219512155,-0.00985584930860332,0.009754994155538679,0.0003654408047298666,0.013204184494547909
2021-05-27,2995005.602224289,2995005.602224289,2953898.892197348,2961947.2314453125,35224000,0.0,15.770000457763672,4.421999931335449,0.0,6061.47998046875,19692.330078125,0.0,0.0,1.0,0.0,15.770000457763672,4.421999931335449,0.0,-0.587785252292473,-0.8090169943749475,0.49999999999999994,-0.8660254037844387,0,30.0,2765561.75236208,0.0,0.0,0.0,60.0,60.0,-0.0024675828185128815,0.009827784058281696,0.007829976608916742,0.01330271159664907,0.003347890302969291,0.017471709542352977
2021-05-28,2976664.8610586515,2978733.2807753184,2949623.9029926485,2954638.3813476562,21482000,0.0,15.770000457763672,4.421999931335449,0.0,6061.47998046875,19692.330078125,0.0,0.0,1.0,0.0,15.770000457763672,4.421999931335449,0.0,-0.9510565162951536,0.30901699437494723,0.49999999999999994,-0.8660254037844387,0,30.0,2771447.0893930146,0.0,0.0,0.0,60.0,60.0,0.010323032364727779,0.013335618339337465,0.00582985878084414,0.01751492908041929,-0.003933289375536371,0.011668115699968432
2021-06-01,2976689.735052405,2990818.2287505637,2951416.2989661535,2985139.208984375,23354000,0.0,15.770000457763672,4.421999931335449,0.0,6061.47998046875,19692.330078125,0.0,0.0,1.0,0.0,15.770000457763672,4.421999931335449,0.0,0.9510565162951535,0.30901699437494745,1.2246467991473532e-16,-1.0,0,30.0,2778098.6261343327,0.0,0.0,0.0,60.0,60.0,-0.004447264330267785,0.017335969308177053,-0.014110656971658149,0.011548896072039886,0.005203335448247545,0.015378941388087085
2021-06-02,2995130.884571846,3000759.7867373023,2949009.5050297133,2971863.505859375,21158000,0.0,15.770000457763672,4.421999931335449,0.0,6061.47998046875,19692.330078125,0.0,0.0,1.0,0.0,15.770000457763672,4.421999931335449,0.0,0.5877852522924732,-0.8090169943749473,1.2246467991473532e-16,-1.0,0,30.0,2784129.8930762587,0.0,0.0,0.0,60.0,60.0,-0.0097065602806963,0.01160048650187342,0.009693710270428958,0.015447641131477884,0.013376341495642548,0.009917353029488112
2021-06-03,2940697.73272389,2954851.2853765604,2920376.2228914285,2943016.9335937495,18696000,0.0,15.770000457763672,4.421999931335449,0.0,6061.47998046875,19692.330078125,0.0,0.0,1.0,0.0,15.770000457763672,4.421999931335449,0.0,-0.587785252292473,-0.8090169943749475,1.2246467991473532e-16,-1.0,0,30.0,2789075.526961588,0.0,0.0,0.0,60.0,60.0,0.019590426203998906,0.01559905429228783,0.023309153479681377,0.01001455995941886,0.02166500731634573,0.010538509581769868
2021-06-04,2970208.5613234267,3007516.8226945144,2961608.541764263,3000671.889648437,24458000,0.0,15.770000457763672,4.421999931335449,0.0,6061.47998046875,19692.330078125,0.0,0.0,1.0,0.0,15.770000457763672,4.421999931335449,0.0,-0.9510565162951536,0.30901699437494723,1.2246467991473532e-16,-1.0,0,30.0,2795661.829644859,0.0,0.0,0.0,60.0,60.0,0.0036472755923449905,0.009822140049611601,0.0020347200787973517,0.010336022495822583,0.006003504068733278,0.0066761856695557046
2021-06-07,2995494.4300843854,3014386.8125548144,2984913.7930117548,3011616.1669921875,24120000,0.0,15.770000457763672,4.421999931335449,0.0,6061.47998046875,19692.330078125,0.0,0.0,1.0,0.0,15.770000457763672,4.421999931335449,0.0,0.0,1.0,1.2246467991473532e-16,-1.0,0,30.0,2802383.7818251774,0.0,0.0,0.0,60.0,60.0,-0.0016066954524396244,0.010298461169759406,0.002347665891881846,0.006651924268528972,0.013666069407348045,0.01341214716594207
2021-06-08,3023789.4197299555,3033204.1447335496,3002189.132579561,3006777.4169921875,24240000,0.0,15.770000457763672,4.421999931335449,0.0,6061.47998046875,19692.330078125,0.0,0.0,1.0,0.0,15.770000457763672,4.421999931335449,0.0,0.9510565162951535,0.30901699437494745,1.2246467991473532e-16,-1.0,0,30.0,2808745.88715915,0.0,0.0,0.0,60.0,60.0,0.003960725023204617,0.006662629084380137,0.01529734303127042,0.013433731080578533,0.013241994487339932,0.009489505918869965
2021-06-09,3023061.621765376,3024879.2599014463,3004846.2172327368,3018686.435546875,17942000,0.0,15.770000457763672,4.421999931335449,0.0,6061.47998046875,19692.330078125,0.0,0.0,1.0,0.0,15.770000457763672,4.421999931335449,0.0,0.5877852522924732,-0.8090169943749473,1.2246467991473532e-16,-1.0,0,30.0,2815280.6497587934,0.0,0.0,0.0,60.0,60.0,0.011291893921252526,0.01338073367388753,0.009244653931976071,0.009452068873162975,0.017014735374328908,0.012840833827930885
2021-06-10,3017407.9865991217,3053863.8585897973,3013471.6193507677,3052773.122558594,25904000,0.0,15.770000457763672,4.421999931335449,0.0,6061.47998046875,19692.330078125,0.0,0.0,1.0,0.0,15.770000457763672,4.421999931335449,0.0,-0.587785252292473,-0.8090169943749475,1.2246467991473532e-16,-1.0,0,30.0,2822673.0136486916,0.0,0.0,0.0,60.0,60.0,-0.0020243808949544197,0.009346528860735623,0.005658941288341828,0.012697455507272934,-0.002767934317110239,0.014122428375449296
2021-06-11,3058878.7539806934,3061034.976046783,3032502.143951511,3046593.1469726562,21958000,0.0,15.770000457763672,4.421999931335449,0.0,6061.47998046875,19692.330078125,0.0,0.0,1.0,0.0,15.770000457763672,4.421999931335449,0.0,-0.9510565162951536,0.30901699437494723,1.2246467991473532e-16,-1.0,0,30.0,2829642.9150029067,0.0,0.0,0.0,60.0,60.0,0.007698907704966198,0.012723212134841158,-0.000745061710848824,0.014151075542420429,-0.006069635193248522,0.019883136836323218
2021-06-14,3049175.393884282,3070061.02028193,3031298.5693844436,3070048.5864257812,22098000,0.0,15.770000457763672,4.421999931335449,0.0,6061.47998046875,19692.330078125,0.0,0.0,1.0,0.0,15.770000457763672,4.421999931335449,0.0,0.0,1.0,1.2246467991473532e-16,-1.0,0,30.0,2837125.957237283,0.0,0.0,0.0,60.0,60.0,-0.008379456751666188,0.014042960088792293,-0.01366335002741302,0.01973122793355711,-0.005733206706354611,0.01651754453577031
2021-06-15,3070160.603361704,3078321.8022216638,3035209.2324518333,3044323.2470703125,21562000,0.0,15.770000457763672,4.421999931335449,0.0,6061.47998046875,19692.330078125,0.0,0.0,1.0,0.0,15.770000457763672,4.421999931335449,0.0,0.9510565162951535,0.30901699437494745,1.2246467991473532e-16,-1.0,0,30.0,2843575.33117041,0.0,0.0,0.0,60.0,60.0,-0.005328543576192908,0.019897962045967593,0.0026686115604695275,0.016657122170606123,-0.01077663679425006,0.013078603659294806
2021-06-16,3048147.1076519783,3056020.033317571,2995444.204891709,3028101.4379882812,26472000,0.0,15.770000457763672,4.421999931335449,0.0,6061.47998046875,19692.330078125,0.0,0.0,1.0,0.0,15.770000457763672,4.421999931335449,0.0,0.5877852522924732,-0.8090169943749473,1.2246467991473532e-16,-1.0,0,30.0,2849319.0253289505,0.0,0.0,0.0,60.0,60.0,0.008039996608945646,0.016746355857535436,-0.005477279138626295,0.013148666903860873,0.008611329421391452,0.01740049819383936
2021-06-17,3026221.3004324115,3071979.0380843556,3021269.373831089,3052447.3632812505,25842000,0.0,15.770000457763672,4.421999931335449,0.0,6061.47998046875,19692.330078125,0.0,0.0,1.0,0.0,15.770000457763672,4.421999931335449,0.0,-0.587785252292473,-0.8090169943749475,1.2246467991473532e-16,-1.0,0,30.0,2855641.7460985933,0.0,0.0,0.0,60.0,60.0,-0.01340946370485711,0.013043794837598797,0.0005667759358435916,0.017261714071241985,0.004821576155224421,0.010973879601727164
2021-06-18,3043006.9997489373,3048924.175396456,3009108.678237246,3011515.6811523438,46116000,0.0,15.770000457763672,4.421999931335449,0.0,6061.47998046875,19692.330078125,0.0,0.0,1.0,0.0,15.770000457763672,4.421999931335449,0.0,-0.9510565162951536,0.30901699437494723,1.2246467991473532e-16,-1.0,0,30.0,2860493.5918653426,0.0,0.0,0.0,60.0,60.0,0.014166200796111882,0.017496330479778766,0.018478831074685717,0.011123033515947166,0.01678453314454715,0.010498572501810768
2021-06-21,3021282.024818261,3058878.5623236275,3006188.08872115,3054177.4169921875,27414000,0.0,15.770000457763672,4.421999931335449,0.0,6061.47998046875,19692.330078125,0.0,0.0,1.0,0.0,15.770000457763672,4.421999931335449,0.0,0.0,1.0,1.2246467991473532e-16,-1.0,0,30.0,2866522.3358416646,0.0,0.0,0.0,60.0,60.0,0.004252390067021022,0.010967663394042988,0.0025817586371739646,0.010351925052885295,0.005643898800972409,0.006202098702247316
2021-06-22,3052610.281792502,3068907.623403005,3035410.433547747,3067164.970703125,22390000,0.0,15.770000457763672,4.421999931335449,0.0,6061.47998046875,19692.330078125,0.0,0.0,1.0,0.0,15.770000457763672,4.421999931335449,0.0,0.9510565162951535,0.30901699437494745,1.2246467991473532e-16,-1.0,0,30.0,2872767.684804139,0.0,0.0,0.0,60.0,60.0,-0.0016635573351591066,0.010308091028983696,0.0013856165518894323,0.00617583663588135,0.0014550388651764336,0.008730453671211934
2021-06-23,3061222.611176518,3086345.5025483537,3054728.886829436,3062062.5659179688,19148000,0.0,15.770000457763672,4.421999931335449,0.0,6061.47998046875,19692.330078125,0.0,0.0,1.0,0.0,15.770000457763672,4.421999931335449,0.0,0.5877852522924732,-0.8090169943749473,1.2246467991473532e-16,-1.0,0,30.0,2878659.81530857,0.0,0.0,0.0,60.0,60.0,0.0030542548150495597,0.006186127613849599,0.003123792808776097,0.008745001482574248,0.0033490354406305834,0.011295629908760244
2021-06-24,3076429.363652571,3085342.7166496017,3066400.4068552414,3071414.8852539067,21362000,0.0,15.770000457763672,4.421999931335449,0.0,6061.47998046875,19692.330078125,0.0,0.0,1.0,0.0,15.770000457763672,4.421999931335449,0.0,-0.587785252292473,-0.8090169943749475,1.2246467991473532e-16,-1.0,0,30.0,2884659.650173714,0.0,0.0,0.0,60.0,60.0,6.932625368241852e-05,0.008718373348794294,0.000293883031915734,0.011261235226845245,-0.0018571146978378441,0.01085715819212087
2021-06-25,3058878.3311904003,3074749.477737095,3047971.7360584075,3071627.814941406,34594000,0.0,15.770000457763672,4.421999931335449,0.0,6061.47998046875,19692.330078125,0.0,0.0,1.0,0.0,15.770000457763672,4.421999931335449,0.0,-0.9510565162951536,0.30901699437494723,1.2246467991473532e-16,-1.0,0,30.0,2890479.357608415,0.0,0.0,0.0,60.0,60.0,0.0002245412116323157,0.011260454581714334,-0.0019263074078442362,0.010856405558195064,-0.003420172051563552,0.007366868119636485
2021-06-28,3075890.2468977305,3078560.656489958,3043972.73098788,3072317.5219726562,28526000,0.0,15.770000457763672,4.421999931335449,0.0,6061.47998046875,19692.330078125,0.0,0.0,1.0,0.0,15.770000457763672,4.421999931335449,0.0,0.0,1.0,1.2246467991473532e-16,-1.0,1,30.0,2896139.3849096983,0.0,0.0,0.0,60.0,60.0,-0.0021503657737402637,0.010853968394980637,-0.0036438950585843525,0.0073652143254879085,-0.000746733253886858,0.008613763861182868
2021-06-29,3075689.945967633,3084478.004269955,3051131.166987119,3065710.9155273438,23108000,0.0,15.770000457763672,4.421999931335449,0.0,6061.47998046875,19692.330078125,0.0,0.0,1.0,0.0,15.770000457763672,4.421999931335449,0.0,0.9510565162951535,0.30901699437494745,1.2246467991473532e-16,-1.0,1,30.0,2901417.5920240623,0.0,0.0,0.0,60.0,60.0,-0.0014967478401715132,0.007381086360971563,0.0014066573476692137,0.00863232652068069,0.024412699009866482,0.019174366426944374
2021-06-30,3058740.375302742,3065322.0929665836,3042693.815941303,3061122.319335938,24474000,0.0,15.770000457763672,4.421999931335449,0.0,6061.47998046875,19692.330078125,0.0,0.0,1.0,0.0,15.770000457763672,4.421999931335449,0.0,0.5877852522924732,-0.8090169943749473,1.2246467991473532e-16,-1.0,1,30.0,2906388.6778237824,0.0,0.0,0.0,60.0,60.0,0.002907757367400126,0.008645266304349433,0.025948284889402363,0.019203108638323363,0.033586015243327154,0.01511599869136861
2021-07-01,3051983.326578996,3073596.045168138,3047131.827527291,3070023.3203125,18110000,0.0,15.770000457763672,4.421999931335449,0.0,6061.47998046875,19692.330078125,0.0,0.0,1.0,0.0,15.770000457763672,4.421999931335449,0.0,-0.587785252292473,-0.8090169943749475,-0.4999999999999997,-0.8660254037844388,0,30.0,2911482.089028981,0.0,0.0,0.0,60.0,60.0,0.02297372550241596,0.01914743255025855,0.030589311579817115,0.015072172470823847,0.032908773042580435,0.009236810941134712
2021-07-02,3087712.364501973,3144226.3458160595,3085443.281362655,3140553.193359375,25982000,0.0,15.770000457763672,4.421999931335449,0.0,6061.47998046875,19692.330078125,0.0,0.0,1.0,0.0,15.770000457763672,4.421999931335449,0.0,-0.9510565162951536,0.30901699437494723,-0.4999999999999997,-0.8660254037844388,0,30.0,2918612.32326198,0.0,0.0,0.0,60.0,60.0,0.007444556871351602,0.014733684839677977,0.009711928363834613,0.009029372613258676,-0.0017045818836770616,0.012562072745007797
2021-07-06,3150356.2159774755,3169900.5140491636,3123628.5930759623,3163933.2202148438,26404000,0.0,15.770000457763672,4.421999931335449,0.0,6061.47998046875,19692.330078125,0.0,0.0,1.0,0.0,15.770000457763672,4.421999931335449,0.0,0.9510565162951535,0.30901699437494745,-0.4999999999999997,-0.8660254037844388,0,30.0,2926248.360389526,0.0,0.0,0.0,60.0,60.0,0.0022506166488450736,0.0089626496581605,-0.009081530782638382,0.012469244743372954,-0.005321257543634806,0.009374742405953693
2021-07-07,3188304.1784114228,3191362.906893659,3163005.6818990577,3171054.0209960933,24060000,0.0,15.770000457763672,4.421999931335449,0.0,6061.47998046875,19692.330078125,0.0,0.0,1.0,0.0,15.770000457763672,4.421999931335449,0.0,0.5877852522924732,-0.8090169943749473,-0.4999999999999997,-0.8660254037844388,0,30.0,2933868.35989481,0.0,0.0,0.0,60.0,60.0,-0.011306700383357168,0.012441244271882307,-0.007554871073861169,0.009353690833635363,0.003965255086379197,0.011532043892119736
2021-07-08,3109675.836432212,3149027.458104114,3109575.600429567,3135199.8632812505,23790000,0.0,15.770000457763672,4.421999931335449,0.0,6061.47998046875,19692.330078125,0.0,0.0,1.0,0.0,15.770000457763672,4.421999931335449,0.0,-0.587785252292473,-0.8090169943749475,-0.4999999999999997,-0.8660254037844388,0,30.0,2940135.151080908,0.0,0.0,0.0,60.0,60.0,0.003794735243933319,0.009460659678043914,0.015446605611323484,0.01166392439049722,0.01837356853863352,0.011060072148043122
2021-07-09,3134723.7084534434,3152512.7304653144,3122851.6715361606,3147097.1166992188,18632000,0.0,15.770000457763672,4.421999931335449,0.0,6061.47998046875,19692.330078125,0.0,0.0,1.0,0.0,15.770000457763672,4.421999931335449,0.0,-0.9510565162951536,0.30901699437494723,-0.4999999999999997,-0.8660254037844388,0,30.0,2946577.200140164,0.0,0.0,0.0,60.0,60.0,0.011607821757063342,0.011619830211266008,0.014523719623970116,0.011018260765589094,0.021658075169112456,0.011249418040508725
2021-07-12,3163632.50655437,3185984.9442125517,3149416.210058142,3183628.0590820312,17668000,0.0,15.770000457763672,4.421999931335449,0.0,6061.47998046875,19692.330078125,0.0,0.0,1.0,0.0,15.770000457763672,4.421999931335449,0.0,0.0,1.0,-0.4999999999999997,-0.8660254037844388,0,30.0,2953955.8180339118,0.0,0.0,0.0,60.0,60.0,0.0028824390284390524,0.010891830340389676,0.009934930509525729,0.011120335171953882,0.0002322114545494089,0.01708989499874248
2021-07-13,3185207.587038522,3210756.673664766,3176081.1369783403,3192804.672851563,19240000,0.0,15.770000457763672,4.421999931335449,0.0,6061.47998046875,19692.330078125,0.0,0.0,1.0,0.0,15.770000457763672,4.421999931335449,0.0,0.9510565162951535,0.30901699437494745,-0.4999999999999997,-0.8660254037844388,0,30.0,2961390.401658368,0.0,0.0,0.0,60.0,60.0,0.007032221531288262,0.011088373611095348,-0.002642610410505443,0.017040776000922533,-0.0029174066148985813,0.01302008398563072
2021-07-14,3208261.895775754,3242574.170834094,3207171.1597542646,3215257.1826171875,23742000,0.0,15.770000457763672,4.421999931335449,0.0,6061.47998046875,19692.330078125,0.0,0.0,1.0,0.0,15.770000457763672,4.421999931335449,0.0,0.5877852522924732,-0.8090169943749473,-0.4999999999999997,-0.8660254037844388,0,30.0,2969292.444202991,0.0,0.0,0.0,60.0,60.0,-0.009607271480432078,0.016921778307163213,-0.009880148751404883,0.012929163245474355,-0.028533160796995985,0.0210547998136621
2021-07-15,3225587.0919828317,3226865.6748058936,3172457.8055611313,3184367.333984375,24218000,0.0,15.770000457763672,4.421999931335449,0.0,6061.47998046875,19692.330078125,0.0,0.0,1.0,0.0,15.770000457763672,4.421999931335449,0.0,-0.587785252292473,-0.8090169943749475,-0.4999999999999997,-0.8660254037844388,0,30.0,2975987.022055629,0.0,0.0,0.0,60.0,60.0,-0.0002755243077972704,0.013054582160352466,-0.019109479271777564,0.021259041193824865,-0.006263468832259057,0.02119993196633628
2021-07-16,3200865.41466168,3204588.6846601157,3163018.099669874,3183489.9633789067,20424000,0.0,15.770000457763672,4.421999931335449,0.0,6061.47998046875,19692.330078125,0.0,0.0,1.0,0.0,15.770000457763672,4.421999931335449,0.0,-0.9510565162951536,0.30901699437494723,-0.4999999999999997,-0.8660254037844388,0,30.0,2982445.909919052,0.0,0.0,0.0,60.0,60.0,-0.018839145606533027,0.021264900190730292,-0.005989594803423986,0.02120577467272429,0.004560157098802328,0.012384832091283979
2021-07-19,3161413.16296429,3164309.1032059756,3096612.5068765315,3123515.732421875,27968000,0.0,15.770000457763672,4.421999931335449,0.0,6061.47998046875,19692.330078125,0.0,0.0,1.0,0.0,15.770000457763672,4.421999931335449,0.0,0.0,1.0,-0.4999999999999997,-0.8660254037844388,0,30.0,2986836.952082819,0.0,0.0,0.0,60.0,60.0,0.013096273404682826,0.021612944073103338,0.023848589760340887,0.012622631687584013,0.030852180287592908,0.007898675782104337
2021-07-20,3147322.34626132,3185320.2062966297,3117811.8354603373,3164422.1484375,26312000,0.0,15.770000457763672,4.421999931335449,0.0,6061.47998046875,19692.330078125,0.0,0.0,1.0,0.0,15.770000457763672,4.421999931335449,0.0,0.9510565162951535,0.30901699437494745,-0.4999999999999997,-0.8660254037844388,0,30.0,2992364.5984002063,0.0,0.0,0.0,60.0,60.0,0.01061332139691233,0.012459459203382029,0.017526376662346542,0.007796569772741823,0.05392234304922896,0.028512083665133334
2021-07-21,3162516.556238228,3199185.524596746,3159758.5359360105,3198007.177734375,20746000,0.0,15.770000457763672,4.421999931335449,0.0,6061.47998046875,19692.330078125,0.0,0.0,1.0,0.0,15.770000457763672,4.421999931335449,0.0,0.5877852522924732,-0.8090169943749473,-0.4999999999999997,-0.8660254037844388,0,30.0,2998765.5792797245,0.0,0.0,0.0,60.0,60.0,0.006840455314678313,0.00771469127476479,0.0428541962938437,0.028212653703913907,0.05085115185639519,0.01517457009994889
2021-07-22,3205403.682902661,3221425.1835548165,3196753.545484114,3219883.0029296875,14302000,0.0,15.770000457763672,4.421999931335449,0.0,6061.47998046875,19692.330078125,0.0,0.0,1.0,0.0,15.770000457763672,4.421999931335449,0.0,-0.587785252292473,-0.8090169943749475,-0.4999999999999997,-0.8660254037844388,0,30.0,3005648.241447702,0.0,0.0,0.0,60.0,60.0,0.03576906429321976,0.028020977459727037,0.04371168868851397,0.015071474353110119,0.027086554707118196,0.03344454189495611
2021-07-23,3270254.5374694527,3344683.218167427,3254458.949119376,3335055.205078125,41506000,0.0,15.770000457763672,4.421999931335449,0.0,6061.47998046875,19692.330078125,0.0,0.0,1.0,0.0,15.770000457763672,4.421999931335449,0.0,-0.9510565162951536,0.30901699437494723,-0.4999999999999997,-0.8660254037844388,0,30.0,3015901.602802127,0.0,0.0,0.0,60.0,60.0,0.007668335219795383,0.014550998743522503,-0.008382669347270251,0.0322895740449419,0.023147733689390035,0.02270045310051404
2021-07-26,3342915.681027186,3365694.122911775,3317165.738813105,3360629.5263671875,30572000,0.0,15.770000457763672,4.421999931335449,0.0,6061.47998046875,19692.330078125,0.0,0.0,1.0,0.0,15.770000457763672,4.421999931335449,0.0,0.0,1.0,-0.4999999999999997,-0.8660254037844388,0,30.0,3026631.8555275425,0.0,0.0,0.0,60.0,60.0,-0.015928856753809322,0.03204385105333176,0.015361600566934796,0.02252770312124828,0.01300017573233956,0.008341075610023693
2021-07-27,3366032.3335966878,3369755.6035856055,3262068.0915972665,3307098.5400390625,54710000,0.0,15.770000457763672,4.421999931335449,0.0,6061.47998046875,19692.330078125,0.0,0.0,1.0,0.0,15.770000457763672,4.421999931335449,0.0,0.9510565162951535,0.30901699437494745,-0.4999999999999997,-0.8660254037844388,0,30.0,3035361.8660666924,0.0,0.0,0.0,60.0,60.0,0.031796946323946834,0.022892352118908128,0.029397297832268153,0.008476090034007793,0.02142922378317246,0.007956782518363306
2021-07-28,3417720.0980364103,3467489.5728940815,3391782.3086235803,3412254.1748046875,95130000,0.0,15.770000457763672,4.421999931335449,0.0,6061.47998046875,19692.330078125,0.0,0.0,1.0,0.0,15.770000457763672,4.421999931335449,0.0,0.5877852522924732,-0.8090169943749473,-0.4999999999999997,-0.8660254037844388,0,30.0,3047093.290899314,0.0,0.0,0.0,60.0,60.0,-0.002325698384966219,0.008214881875940936,-0.01004821983405956,0.00771157789011828,-0.0091076758899134,0.01133404589386704
2021-07-29,3413657.8473918405,3426470.0740198134,3398438.8090431066,3404318.30078125,31716000,0.0,15.770000457763672,4.421999931335449,0.0,6061.47998046875,19692.330078125,0.0,0.0,1.0,0.0,15.770000457763672,4.421999931335449,0.0,-0.587785252292473,-0.8090169943749475,-0.4999999999999997,-0.8660254037844388,0,30.0,3058212.5370462784,0.0,0.0,0.0,60.0,60.0,-0.007740523572264149,0.007729554502541348,-0.006797787107444309,0.011360466913420044,-0.0010862998182966112,0.01776797220085994
2021-07-30,3385702.1005322766,3392459.231432491,3366145.3675826034,3377967.0947265625,25576000,0.0,15.770000457763672,4.421999931335449,0.0,6061.47998046875,19692.330078125,0.0,0.0,1.0,0.0,15.770000457763672,4.421999931335449,0.0,-0.9510565162951536,0.30901699437494723,-0.4999999999999997,-0.8660254037844388,0,30.0,3068165.45057445,0.0,0.0,0.0,60.0,60.0,0.0009500906640003225,0.011449088855587666,0.0067061327324618916,0.017906578493789717,0.0029614965480990823,0.008628636569578928
2021-08-02,3387757.9961551474,3393261.4117033184,3354586.7662845426,3381176.4697265625,21634000,0.0,15.770000457763672,4.421999931335449,0.0,6061.47998046875,19692.330078125,0.0,0.0,1.0,0.0,15.770000457763672,4.421999931335449,0.0,0.0,1.0,-0.8660254037844385,-0.5000000000000004,0,30.0,3077908.459804975,0.0,0.0,0.0,60.0,60.0,0.005750578497518476,0.01788958176916796,0.0020094966800636915,0.008620446363969005,0.010359164161640929,0.01115285652975164
2021-08-03,3388208.908129192,3403177.356081071,3342689.523149911,3400620.1904296875,20762000,0.0,15.770000457763672,4.421999931335449,0.0,6061.47998046875,19692.330078125,0.0,0.0,1.0,0.0,15.770000457763672,4.421999931335449,0.0,0.9510565162951535,0.30901699437494745,-0.8660254037844385,-0.5000000000000004,0,30.0,3087953.420454565,0.0,0.0,0.0,60.0,60.0,-0.003719691439843417,0.008571157251380367,0.004582235161134261,0.011089087859549422,0.000799928764142955,0.009308390055801264
2021-08-04,3393587.209045094,3401109.117141079,3371961.8667366873,3387970.9326171875,19676000,0.0,15.770000457763672,4.421999931335449,0.0,6061.47998046875,19692.330078125,0.0,0.0,1.0,0.0,15.770000457763672,4.421999931335449,0.0,0.5877852522924732,-0.8090169943749473,-0.8660254037844385,-0.5000000000000004,0,30.0,3097291.9843116133,0.0,0.0,0.0,60.0,60.0,0.008332922501475295,0.011130489847355896,0.004536494563982915,0.009343143667321828,0.013228406307508158,0.013650369086249444
2021-08-05,3401886.1006412758,3418672.569181084,3380962.7931124517,3416202.6318359375,17870000,0.0,15.770000457763672,4.421999931335449,0.0,6061.47998046875,19692.330078125,0.0,0.0,1.0,0.0,15.770000457763672,4.421999931335449,0.0,-0.587785252292473,-0.8090169943749475,-0.8660254037844385,-0.5000000000000004,0,30.0,3107218.6296768365,0.0,0.0,0.0,60.0,60.0,-0.003765054034013081,0.009265931379234678,0.004855027240296918,0.013537561634291944,0.004077152443022563,0.010333866981591161
2021-08-06,3410950.346131635,3421744.0799490386,3390089.780784886,3403340.4443359375,20488000,0.0,15.770000457763672,4.421999931335449,0.0,6061.47998046875,19692.330078125,0.0,0.0,1.0,0.0,15.770000457763672,4.421999931335449,0.0,-0.9510565162951536,0.30901699437494723,-0.8660254037844385,-0.5000000000000004,0,30.0,3116435.933212617,0.0,0.0,0.0,60.0,60.0,0.008652659002994162,0.013588723914081747,0.007871844396535944,0.010372921591875153,0.003982052484932001,0.01039495497575665
2021-08-09,3408455.525976095,3439583.394714763,3393336.3410310536,3432788.388671875,17760000,0.0,15.770000457763672,4.421999931335449,0.0,6061.47998046875,19692.330078125,0.0,0.0,1.0,0.0,15.770000457763672,4.421999931335449,0.0,0.0,1.0,-0.8660254037844385,-0.5000000000000004,0,30.0,3126282.950426162,0.0,0.0,0.0,60.0,60.0,-0.0007741164408667857,0.010283938181582051,-0.004630540034146974,0.010305782553561675,0.002052549123076311,0.01369115232942762
2021-08-10,3443544.6534718843,3454338.769896848,3419036.186317294,3430131.0107421875,19414000,0.0,15.770000457763672,4.421999931335449,0.0,6061.47998046875,19692.330078125,0.0,0.0,1.0,0.0,15.770000457763672,4.421999931335449,0.0,0.9510565162951535,0.30901699437494745,-0.8660254037844385,-0.5000000000000004,0,30.0,3135740.7467182367,0.0,0.0,0.0,60.0,60.0,-0.003859411226963046,0.010313766609861632,0.002828855427438312,0.013701759086405203,0.006728413797617239,0.006019440465902213
2021-08-11,3439520.8112073005,3452082.0658529177,3416704.495166874,3416892.724609375,15352000,0.0,15.770000457763672,4.421999931335449,0.0,6061.47998046875,19692.330078125,0.0,0.0,1.0,0.0,15.770000457763672,4.421999931335449,0.0,0.5877852522924732,-0.8090169943749473,-0.8660254037844385,-0.5000000000000004,0,30.0,3144492.0881987126,0.0,0.0,0.0,60.0,60.0,0.006714179433888351,0.013754844688420828,0.010628846112596905,0.00604276196928835,0.014899350528394204,0.02247966683685012
2021-08-12,3409283.031723111,3442492.1400567708,3395493.3113127737,3439834.35546875,16506000,0.0,15.770000457763672,4.421999931335449,0.0,6061.47998046875,19692.330078125,0.0,0.0,1.0,0.0,15.770000457763672,4.421999931335449,0.0,-0.587785252292473,-0.8090169943749475,-0.8660254037844385,-0.5000000000000004,0,30.0,3153685.126973978,0.0,0.0,0.0,60.0,60.0,0.003888558201206534,0.006002460373297228,0.00813058091533852,0.022329740949403577,-0.0038813812567816517,0.015915434912579053
2021-08-13,3441238.270178213,3456445.066933482,3435797.5975240744,3453210.3515625,15948000,0.0,15.770000457763672,4.421999931335449,0.0,6061.47998046875,19692.330078125,0.0,0.0,1.0,0.0,15.770000457763672,4.421999931335449,0.0,-0.9510565162951536,0.30901699437494723,-0.8660254037844385,-0.5000000000000004,0,30.0,3163008.3675289517,0.0,0.0,0.0,60.0,60.0,0.0042255912565962025,0.022243246789678116,-0.007739842629455369,0.01585378654090524,-0.016543455628387466,0.012945888372927691
2021-08-16,3448132.615481976,3469131.290357299,3392320.6802908233,3467802.20703125,22384000,0.0,15.770000457763672,4.421999931335449,0.0,6061.47998046875,19692.330078125,0.0,0.0,1.0,0.0,15.770000457763672,4.421999931335449,0.0,0.0,1.0,-0.8660254037844385,-0.5000000000000004,0,30.0,3172495.60283361,0.0,0.0,0.0,60.0,60.0,-0.011915085604499604,0.0157870768071816,-0.020681654665855687,0.01289141452442811,-0.019011567141433965,0.015201368699861556
2021-08-17,3453774.787192137,3466699.876275827,3411953.416481311,3426483.046875,21716000,0.0,15.770000457763672,4.421999931335449,0.0,6061.47998046875,19692.330078125,0.0,0.0,1.0,0.0,15.770000457763672,4.421999931335449,0.0,0.9510565162951535,0.30901699437494745,-0.8660254037844385,-0.5000000000000004,0,30.0,3180401.4012250155,0.0,0.0,0.0,60.0,60.0,-0.00887228307368641,0.01304686908646403,-0.00718205635319907,0.01538467846071872,0.005619716775010492,0.0168591795259069
2021-08-18,3422433.6764590247,3437590.355153896,3392885.4794143294,3396082.3193359375,19258000,0.0,15.770000457763672,4.421999931335449,0.0,6061.47998046875,19692.330078125,0.0,0.0,1.0,0.0,15.770000457763672,4.421999931335449,0.0,0.5877852522924732,-0.8090169943749473,-0.8660254037844385,-0.5000000000000004,0,30.0,3187114.8427571063,0.0,0.0,0.0,60.0,60.0,0.001705357131701526,0.015522397565905737,0.014621727958168206,0.017010097929851673,0.033905757380633235,0.02411976627082615
2021-08-19,3370670.9959312873,3418735.308653954,3366019.9687266783,3401873.8525390625,21782000,0.0,15.770000457763672,4.421999931335449,0.0,6061.47998046875,19692.330078125,0.0,0.0,1.0,0.0,15.770000457763672,4.421999931335449,0.0,-0.587785252292473,-0.8090169943749475,-0.8660254037844385,-0.5000000000000004,0,30.0,3193799.588298288,0.0,0.0,0.0,60.0,60.0,0.012894381301355534,0.01698113902331385,0.03214558055388146,0.02407870348212079,0.041137380677137576,0.012835355509369236
2021-08-20,3409897.270448939,3448860.382743117,3391092.689913375,3445738.9111328125,31194000,0.0,15.770000457763672,4.421999931335449,0.0,6061.47998046875,19692.330078125,0.0,0.0,1.0,0.0,15.770000457763672,4.421999931335449,0.0,-0.9510565162951536,0.30901699437494723,-0.8660254037844385,-0.5000000000000004,0,30.0,3201641.6353754997,0.0,0.0,0.0,60.0,60.0,0.019006127003875963,0.023772175980663193,0.0278834594180449,0.012671958445340088,0.03383179493081135,0.005919338824425731
2021-08-23,3459278.117429968,3532114.4970451323,3450201.7852662643,3511229.0625,28454000,0.0,15.770000457763672,4.421999931335449,0.0,6061.47998046875,19692.330078125,0.0,0.0,1.0,0.0,15.770000457763672,4.421999931335449,0.0,0.0,1.0,-0.8660254037844385,-0.5000000000000004,0,30.0,3211278.0793839497,0.0,0.0,0.0,60.0,60.0,0.008711755679301398,0.012435605743214425,0.014549145028721691,0.00580893349663168,0.009989862156974415,0.007572762491149404
2021-08-24,3525520.4984774296,3562340.016494673,3518675.756199307,3541818.0322265625,19268000,0.0,15.770000457763672,4.421999931335449,0.0,6061.47998046875,19692.330078125,0.0,0.0,1.0,0.0,15.770000457763672,4.421999931335449,0.0,0.9510565162951535,0.30901699437494745,-0.8660254037844385,-0.5000000000000004,0,30.0,3221566.70698652,0.0,0.0,0.0,60.0,60.0,0.005786974640232276,0.005758764546884599,0.0012670680900435174,0.007507360203262075,0.019414218978423357,0.02134695293741473
2021-08-25,3550931.5358335455,3565085.088884265,3544688.5927687623,3562314.443359375,15848000,0.0,15.770000457763672,4.421999931335449,0.0,6061.47998046875,19692.330078125,0.0,0.0,1.0,0.0,15.770000457763672,4.421999931335449,0.0,0.5877852522924732,-0.8090169943749473,-0.8660254037844385,-0.5000000000000004,0,30.0,3232173.0695027835,0.0,0.0,0.0,60.0,60.0,-0.004493900462178404,0.007464165268144818,0.013548837558833486,0.02122412943859259,0.017676845881986303,0.012721869416564334
2021-08-26,3554065.630233525,3570801.5993592697,3544211.895616936,3546305.7568359375,20610000,0.0,15.770000457763672,4.421999931335449,0.0,6061.47998046875,19692.330078125,0.0,0.0,1.0,0.0,15.770000457763672,4.421999931335449,0.0,-0.587785252292473,-0.8090169943749475,-0.8660254037844385,-0.5000000000000004,0,30.0,3241950.9925948866,0.0,0.0,0.0,60.0,60.0,0.01812418631024812,0.021319939122870474,0.022270829233952263,0.01277929831115113,0.023027345196765397,0.00629584666268456
2021-08-27,3551620.998769464,3623329.1471383325,3547722.124291505,3610579.6630859375,28780000,0.0,15.770000457763672,4.421999931335449,0.0,6061.47998046875,19692.330078125,0.0,0.0,1.0,0.0,15.770000457763672,4.421999931335449,0.0,-0.9510565162951536,0.30901699437494723,-0.8660254037844385,-0.5000000000000004,0,30.0,3253425.197397335,0.0,0.0,0.0,60.0,60.0,0.004072826261727324,0.012551807022151378,0.004815875069510586,0.0061837708477402355,0.008412957788310683,0.009517087402794389
2021-08-30,3620508.413338369,3659885.4773108293,3614566.1781416703,3625284.9267578125,24434000,0.0,15.770000457763672,4.421999931335449,0.0,6061.47998046875,19692.330078125,0.0,0.0,1.0,0.0,15.770000457763672,4.421999931335449,0.0,0.0,1.0,-0.8660254037844385,-0.5000000000000004,0,30.0,3264999.9744942426,0.0,0.0,0.0,60.0,60.0,0.0007400347747181989,0.006158687583213549,0.00432252662662144,0.009478483187546807,-0.009015017438964688,0.016145620646784493
2021-08-31,3639238.1934667854,3639852.2346705208,3617525.237406486,3627967.763671875,22448000,0.0,15.770000457763672,4.421999931335449,0.0,6061.47998046875,19692.330078125,0.0,0.0,1.0,0.0,15.770000457763672,4.421999931335449,0.0,0.9510565162951535,0.30901699437494745,-0.8660254037844385,-0.5000000000000004,0,30.0,3276297.974576995,0.0,0.0,0.0,60.0,60.0,0.003579842643858766,0.009471473967443063,-0.009747838474233618,0.016133681161680635,-0.006620725937522395,0.012125304780826771
2021-09-01,3635552.137783506,3666993.3404904497,3632631.138262109,3640955.3173828125,21936000,0.0,15.770000457763672,4.421999931335449,0.0,6061.47998046875,19692.330078125,0.0,0.0,1.0,0.0,15.770000457763672,4.421999931335449,0.0,0.5877852522924732,-0.8090169943749473,-1.0,-1.8369701987210297e-16,0,30.0,3287648.5649379995,0.0,0.0,0.0,60.0,60.0,-0.01328014030551029,0.0160761311418707,-0.01016418240775791,0.0120820529325136,-0.006438615120876727,0.006514450712299992
2021-09-02,3640968.3262629723,3648577.84644684,3590045.3712829025,3592602.919921875,32342000,0.0,15.770000457763672,4.421999931335449,0.0,6061.47998046875,19692.330078125,0.0,0.0,1.0,0.0,15.770000457763672,4.421999931335449,0.0,-0.587785252292473,-0.8090169943749475,-1.0,-1.8369701987210297e-16,0,30.0,3297140.796564522,0.0,0.0,0.0,60.0,60.0,0.0031578951889314867,0.0122446637855799,0.006933604424209978,0.006602127897088248,0.0028193537068091183,0.009770556475510641
2021-09-03,3587425.1113235606,3614365.6412339215,3570375.4263643855,3603947.9833984375,19850000,0.0,15.770000457763672,4.421999931335449,0.0,6061.47998046875,19692.330078125,0.0,0.0,1.0,0.0,15.770000457763672,4.421999931335449,0.0,-0.9510565162951536,0.30901699437494723,-1.0,-1.8369701987210297e-16,0,30.0,3306690.700786295,0.0,0.0,0.0,60.0,60.0,0.003763823475234063,0.0065813447003224,-0.0003374757690150149,0.009739799210442825,-0.0013810497455124446,0.007882283663131573
2021-09-07,3606330.1710854466,3624645.815040771,3600926.991079994,3617512.607421875,20124000,0.0,15.770000457763672,4.421999931335449,0.0,6061.47998046875,19692.330078125,0.0,0.0,1.0,0.0,15.770000457763672,4.421999931335449,0.0,0.9510565162951535,0.30901699437494745,-1.0,-1.8369701987210297e-16,0,30.0,3316365.5701041524,0.0,0.0,0.0,60.0,60.0,-0.004085920560525431,0.00970327778572619,-0.005125581437009667,0.007852727383461088,-0.02359646314834052,0.027588612453286553
2021-09-08,3612986.799482666,3620508.3254375183,3585406.595714337,3602731.73828125,18344000,0.0,15.770000457763672,4.421999931335449,0.0,6061.47998046875,19692.330078125,0.0,0.0,1.0,0.0,15.770000457763672,4.421999931335449,0.0,0.5877852522924732,-0.8090169943749473,-1.0,-1.8369701987210297e-16,0,30.0,3325279.2122735786,0.0,0.0,0.0,60.0,60.0,-0.001043926276320326,0.007884944640887896,-0.01959058817483142,0.027701799806680225,-0.009454224635803567,0.011830922274717142
2021-09-09,3606480.0348768197,3618264.2682483112,3589856.9279359938,3598970.751953125,15314000,0.0,15.770000457763672,4.421999931335449,0.0,6061.47998046875,19692.330078125,0.0,0.0,1.0,0.0,15.770000457763672,4.421999931335449,0.0,-0.587785252292473,-0.8090169943749475,-1.0,-1.8369701987210297e-16,0,30.0,3333798.334714025,0.0,0.0,0.0,60.0,60.0,-0.01856604347914628,0.027730748663872477,-0.00841908726590275,0.011843285791953333,-0.006942129627148582,0.011237255392551358
2021-09-10,3615807.0800586147,3628494.202987975,3528692.0496169347,3532152.1044921875,36840000,0.0,15.770000457763672,4.421999931335449,0.0,6061.47998046875,19692.330078125,0.0,0.0,1.0,0.0,15.770000457763672,4.421999931335449,0.0,-0.9510565162951536,0.30901699437494723,-1.0,-1.8369701987210297e-16,0,30.0,3339972.438792077,0.0,0.0,0.0,60.0,60.0,0.010338908844375128,0.012067328334488581,0.011843806478027347,0.0114498334991251,0.02522429035831307,0.022026439351381058
2021-09-13,3559067.558311086,3584152.957390944,3541529.318218682,3568670.703125,22094000,0.0,15.770000457763672,4.421999931335449,0.0,6061.47998046875,19692.330078125,0.0,0.0,1.0,0.0,15.770000457763672,4.421999931335449,0.0,0.0,1.0,-1.0,-1.8369701987210297e-16,0,30.0,3347091.0677349004,0.0,0.0,0.0,60.0,60.0,0.0014894978511453352,0.011332666097380543,0.014733057772627829,0.02180104038215739,0.00897546760288128,0.013338475308902743
2021-09-14,3585294.1535933786,3594508.5978352395,3554066.0443452196,3573986.23046875,19674000,0.0,15.770000457763672,4.421999931335449,0.0,6061.47998046875,19692.330078125,0.0,0.0,1.0,0.0,15.770000457763672,4.421999931335449,0.0,0.9510565162951535,0.30901699437494745,-1.0,-1.8369701987210297e-16,0,30.0,3354153.5720225247,0.0,0.0,0.0,60.0,60.0,0.013223863005951289,0.021768616075290837,0.0074748359995769125,0.013318637227372388,-0.0122383494401644,0.02090572041687531
2021-09-15,3579677.3582650754,3621774.565051793,3543973.830942343,3621248.134765625,27408000,0.0,15.770000457763672,4.421999931335449,0.0,6061.47998046875,19692.330078125,0.0,0.0,1.0,0.0,15.770000457763672,4.421999931335449,0.0,0.5877852522924732,-0.8090169943749473,-1.0,-1.8369701987210297e-16,0,30.0,3362467.3521483117,0.0,0.0,0.0,60.0,60.0,-0.005673994875445022,0.013144812033798456,-0.025129898116075196,0.020632874116144378,-0.0395348530029905,0.018541875707485504
2021-09-16,3609238.4681343636,3618001.467168979,3570400.8411097415,3600701.19140625,26190000,0.0,15.770000457763672,4.421999931335449,0.0,6061.47998046875,19692.330078125,0.0,0.0,1.0,0.0,15.770000457763672,4.421999931335449,0.0,-0.587785252292473,-0.8090169943749475,-1.0,-1.8369701987210297e-16,0,30.0,3369882.7923496054,0.0,0.0,0.0,60.0,60.0,-0.019566925877788962,0.020750612987900065,-0.03405408080753542,0.018647682562785674,-0.031870990937252396,0.012070923172740236
2021-09-17,3586171.3402656387,3596689.233939956,3521972.477032014,3530246.5380859375,53384000,0.0,15.770000457763672,4.421999931335449,0.0,6061.47998046875,19692.330078125,0.0,0.0,1.0,0.0,15.770000457763672,4.421999931335449,0.0,-0.9510565162951536,0.30901699437494723,-1.0,-1.8369701987210297e-16,0,30.0,3374874.39123693,0.0,0.0,0.0,60.0,60.0,-0.01477628133130547,0.019019842409417984,-0.012549622594565523,0.01231182779461762,-0.0036682285038324033,0.016587324818815384
2021-09-20,3464092.047815885,3485115.593344319,3417970.860523531,3478082.6220703125,46518000,0.0,15.770000457763672,4.421999931335449,0.0,6061.47998046875,19692.330078125,0.0,0.0,1.0,0.0,15.770000457763672,4.421999931335449,0.0,0.0,1.0,-1.0,-1.8369701987210297e-16,0,30.0,3378086.9258894795,0.0,0.0,0.0,60.0,60.0,0.0022600539294250527,0.01249647928823136,0.011274650231201366,0.016836099765471922,0.017996918793882263,0.009335373569014893
2021-09-21,3503907.7116878703,3510476.9961007554,3467013.2086512963,3485943.2763671875,25332000,0.0,15.770000457763672,4.421999931335449,0.0,6061.47998046875,19692.330078125,0.0,0.0,1.0,0.0,15.770000457763672,4.421999931335449,0.0,0.9510565162951535,0.30901699437494745,-1.0,-1.8369701987210297e-16,0,30.0,3381444.141303495,0.0,0.0,0.0,60.0,60.0,0.008994268769301947,0.01679813507429026,0.015701378901373766,0.009314322697402696,0.022886524996135322,0.015028862567562369
2021-09-22,3492738.197574816,3532428.217422831,3473870.871405101,3517296.787109375,25056000,0.0,15.770000457763672,4.421999931335449,0.0,6061.47998046875,19692.330078125,0.0,0.0,1.0,0.0,15.770000457763672,4.421999931335449,0.0,0.5877852522924732,-0.8090169943749473,-1.0,-1.8369701987210297e-16,0,30.0,3385672.789820844,0.0,0.0,0.0,60.0,60.0,0.006647322328453527,0.009231293958451946,0.013768419362558067,0.014894893888637729,0.005620700796138912,0.01333729200530878
2021-09-23,3534948.2538030795,3552724.843665016,3520255.6430840907,3540677.392578125,20952000,0.0,15.770000457763672,4.421999931335449,0.0,6061.47998046875,19692.330078125,0.0,0.0,1.0,0.0,15.770000457763672,4.421999931335449,0.0,-0.587785252292473,-0.8090169943749475,-1.0,-1.8369701987210297e-16,0,30.0,3390497.576115903,0.0,0.0,0.0,60.0,60.0,0.007074073388118581,0.014796536540905588,-0.001019842311744256,0.013249220168249778,-0.03814009785518261,0.02645943901373513
2021-09-24,3523689.9391614087,3568620.5361339883,3516230.7737151477,3565724.404296875,22984000,0.0,15.770000457763672,4.421999931335449,0.0,6061.47998046875,19692.330078125,0.0,0.0,1.0,0.0,15.770000457763672,4.421999931335449,0.0,-0.9510565162951536,0.30901699437494723,-1.0,-1.8369701987210297e-16,0,30.0,3395951.8141455823,0.0,0.0,0.0,60.0,60.0,-0.008037060940941834,0.013156152579397831,-0.04489656961497012,0.02627357779623611,-0.05527898585452176,0.02310582885516208
2021-09-27,3530359.447138785,3558792.03962733,3511880.825308318,3537066.4599609375,21882000,0.0,15.770000457763672,4.421999931335449,0.0,6061.47998046875,19692.330078125,0.0,0.0,1.0,0.0,15.770000457763672,4.421999931335449,0.0,0.0,1.0,-1.0,-1.8369701987210297e-16,0,30.0,3400344.2515122844,0.0,0.0,0.0,60.0,60.0,-0.03715815099805235,0.02648645101717038,-0.047624687428738,0.023293036408274962,-0.05242723465345855,0.014081432369528493
2021-09-28,3476466.1343622636,3487535.711176039,3393851.3736398076,3405635.6103515625,45772000,0.0,15.770000457763672,4.421999931335449,0.0,6061.47998046875,19692.330078125,0.0,0.0,1.0,0.0,15.770000457763672,4.421999931335449,0.0,0.9510565162951535,0.30901699437494745,-1.0,-1.8369701987210297e-16,1,30.0,3400508.9542059842,0.0,0.0,0.0,60.0,60.0,-0.010870462726080037,0.024191965100415828,-0.01585835064318575,0.014624865323547032,0.005248965684640484,0.02089014565931384
2021-09-29,3434468.296568329,3438755.8723066575,3356366.854476299,3368614.775390625,30848000,0.0,15.770000457763672,4.421999931335449,0.0,6061.47998046875,19692.330078125,0.0,0.0,1.0,0.0,15.770000457763672,4.421999931335449,0.0,0.5877852522924732,-0.8090169943749473,-1.0,-1.8369701987210297e-16,1,30.0,3399516.192738885,0.0,0.0,0.0,60.0,60.0,-0.005042704447844647,0.014785591545323516,0.016296579773713262,0.02111972686296267,-0.005165345328550453,0.036549048532108094
2021-09-30,3366308.2122410014,3398426.1985132275,3348619.23637076,3351627.8466796875,37996000,0.0,15.770000457763672,4.421999931335449,0.0,6061.47998046875,19692.330078125,0.0,0.0,1.0,0.0,15.770000457763672,4.421999931335449,0.0,-0.587785252292473,-0.8090169943749475,-1.0,-1.8369701987210297e-16,1,30.0,3398025.585159179,0.0,0.0,0.0,60.0,60.0,0.02144743730907123,0.021226767176215532,-0.00012326245684519236,0.03673428869308914,0.01755724654919789,0.02381505958128063
2021-10-01,3370971.558859592,3432726.117956908,3361581.8939941176,3423511.6748046875,35360000,0.0,15.770000457763672,4.421999931335449,0.0,6061.47998046875,19692.330078125,0.0,0.0,1.0,0.0,15.770000457763672,4.421999931335449,0.0,-0.9510565162951536,0.30901699437494723,-0.8660254037844386,0.5000000000000001,0,30.0,3398818.883769987,0.0,0.0,0.0,60.0,60.0,-0.02111777755568398,0.035962975040461156,-0.003808508022812964,0.023315012316267265,0.007484961627036633,0.023435821214626274
2021-10-04,3408907.0459974655,3408907.0459974655,3285787.381085737,3351214.716796875,51202000,0.0,15.770000457763672,4.421999931335449,0.0,6061.47998046875,19692.330078125,0.0,0.0,1.0,0.0,15.770000457763672,4.421999931335449,0.0,0.0,1.0,-0.8660254037844386,0.5000000000000001,0,30.0,3397337.1217557387,0.0,0.0,0.0,60.0,60.0,0.017682688617685727,0.023817995445916423,0.02921979634209537,0.023941410598004222,0.041639415514291116,0.010407089980842138
2021-10-05,3360779.108601753,3440598.325464709,3360779.108601753,3410473.203125,32404000,0.0,15.770000457763672,4.421999931335449,0.0,6061.47998046875,19692.330078125,0.0,0.0,1.0,0.0,15.770000457763672,4.421999931335449,0.0,0.9510565162951535,0.30901699437494745,-0.8660254037844386,0.5000000000000001,0,30.0,3397746.005003292,0.0,0.0,0.0,60.0,60.0,0.011336645354634507,0.023525417957658043,0.023540468128769795,0.010226262171146928,0.02766100296245089,0.008186079379274253
2021-10-06,3378556.601917151,3453774.9307167907,3373542.1231798823,3449136.5283203125,24364000,0.0,15.770000457763672,4.421999931335449,0.0,6061.47998046875,19692.330078125,0.0,0.0,1.0,0.0,15.770000457763672,4.421999931335449,0.0,0.5877852522924732,-0.8090169943749473,-0.8660254037844386,0.5000000000000001,0,30.0,3399345.6239061183,0.0,0.0,0.0,60.0,60.0,0.012067023211500365,0.010111630205549406,0.016141368636051052,0.008094316978303233,0.009806231776807601,0.01347008315374785
2021-10-07,3482407.908704331,3511241.83021661,3476365.4371137824,3490757.3388671875,25110000,0.0,15.770000457763672,4.421999931335449,0.0,6061.47998046875,19692.330078125,0.0,0.0,1.0,0.0,15.770000457763672,4.421999931335449,0.0,-0.587785252292473,-0.8090169943749475,-0.8660254037844386,0.5000000000000001,0,30.0,3402190.971603581,0.0,0.0,0.0,60.0,60.0,0.004025766407862925,0.007997807252545659,-0.0022338356875998195,0.013309477381255303,-0.019939096898300087,0.026913331415405205
2021-10-08,3499582.35465745,3518487.1705251224,3490568.7661634535,3504810.3125,26526000,0.0,15.770000457763672,4.421999931335449,0.0,6061.47998046875,19692.330078125,0.0,0.0,1.0,0.0,15.770000457763672,4.421999931335449,0.0,-0.9510565162951536,0.30901699437494723,-0.8660254037844386,0.5000000000000001,0,30.0,3405385.1760385283,0.0,0.0,0.0,60.0,60.0,-0.0062345034409405,0.013256111373389423,-0.023868773200814274,0.02680541905980555,-0.015763346411489996,0.01059482519199063
2021-10-11,3492437.2196246902,3528040.5148025258,3481580.358957422,3482959.560546875,17954000,0.0,15.770000457763672,4.421999931335449,0.0,6061.47998046875,19692.330078125,0.0,0.0,1.0,0.0,15.770000457763672,4.421999931335449,0.0,0.0,1.0,-0.8660254037844386,0.5000000000000001,0,30.0,3407799.8128981134,0.0,0.0,0.0,60.0,60.0,-0.01774490040249226,0.02697358597437731,-0.009588623275353567,0.010661293060259695,0.01610345586041442,0.018086707244616293
2021-10-12,3497150.1261876114,3497827.2930329093,3403879.3838812187,3421154.7900390625,36332000,0.0,15.770000457763672,4.421999931335449,0.0,6061.47998046875,19692.330078125,0.0,0.0,1.0,0.0,15.770000457763672,4.421999931335449,0.0,0.9510565162951535,0.30901699437494745,-0.8660254037844386,0.5000000000000001,0,30.0,3408215.5096550756,0.0,0.0,0.0,60.0,60.0,0.008303624109949477,0.010853894334199235,0.03445984274021738,0.01841345211852559,0.03605009753615366,0.0070575633435026545
2021-10-13,3445062.0998483165,3460043.175707314,3422910.3231152906,3449562.7734375,19654000,0.0,15.770000457763672,4.421999931335449,0.0,6061.47998046875,19692.330078125,0.0,0.0,1.0,0.0,15.770000457763672,4.421999931335449,0.0,0.5877852522924732,-0.8090169943749473,-0.8660254037844386,0.5000000000000001,0,30.0,3409502.514738065,0.0,0.0,0.0,60.0,60.0,0.02594081584637419,0.018261812888731334,0.027517974509609217,0.006999442603146956,0.037766374762598705,0.012548888258170505
2021-10-14,3497000.1539524314,3543723.1410580026,3480727.871141554,3539047.24609375,31894000,0.0,15.770000457763672,4.421999931335449,0.0,6061.47998046875,19692.330078125,0.0,0.0,1.0,0.0,15.770000457763672,4.421999931335449,0.0,-0.587785252292473,-0.8090169943749475,-0.8660254037844386,0.5000000000000001,0,30.0,3413534.8185104886,0.0,0.0,0.0,60.0,60.0,0.0015372803566002125,0.00682246236336021,0.011526550784967787,0.012231590813372604,0.014778448079293321,0.007527399378370939
2021-10-15,3550668.3364322283,3553263.3776747985,3529118.3610361703,3544487.75390625,30274000,0.0,15.770000457763672,4.421999931335449,0.0,6061.47998046875,19692.330078125,0.0,0.0,1.0,0.0,15.770000457763672,4.421999931335449,0.0,-0.9510565162951536,0.30901699437494723,-0.8660254037844386,0.5000000000000001,0,30.0,3417610.9550687284,0.0,0.0,0.0,60.0,60.0,0.009973937689878969,0.012212816290790006,0.013220843579560567,0.0075158454168483746,0.0028367303140754323,0.015346544345009403
2021-10-18,3537179.124973786,3580291.6984725213,3537003.5206891093,3579840.25390625,20396000,0.0,15.770000457763672,4.421999931335449,0.0,6061.47998046875,19692.330078125,0.0,0.0,1.0,0.0,15.770000457763672,4.421999931335449,0.0,0.0,1.0,-0.8660254037844386,0.5000000000000001,0,30.0,3422660.6225222354,0.0,0.0,0.0,60.0,60.0,0.0032148412632391978,0.00744162313142399,-0.0070667243078851374,0.01519499045699305,-0.006247254966275146,0.011598468842169482
2021-10-19,3595122.2602364304,3602017.5025478946,3575377.680507623,3591348.8720703125,20164000,0.0,15.770000457763672,4.421999931335449,0.0,6061.47998046875,19692.330078125,0.0,0.0,1.0,0.0,15.770000457763672,4.421999931335449,0.0,0.9510565162951535,0.30901699437494745,-0.8660254037844386,0.5000000000000001,0,30.0,3427911.335985437,0.0,0.0,0.0,60.0,60.0,-0.010248617891435776,0.015146297514757311,-0.00943177457143652,0.011561301094354617,-0.03958816918720921,0.03160491479034012
2021-10-20,3593881.7036379096,3599097.0372195616,3544701.3987238966,3554542.509765625,23288000,0.0,15.770000457763672,4.421999931335449,0.0,6061.47998046875,19692.330078125,0.0,0.0,1.0,0.0,15.770000457763672,4.421999931335449,0.0,0.5877852522924732,-0.8090169943749473,-0.8660254037844386,0.5000000000000001,0,30.0,3431852.9502401934,0.0,0.0,0.0,60.0,60.0,0.0008253015199221601,0.011681015357335947,-0.029643354711229114,0.03193217545502091,-0.030486345139467817,0.018170429091291157
2021-10-21,3554542.4540079003,3564245.8360176217,3522725.170372746,3557476.0791015625,26292000,0.0,15.770000457763672,4.421999931335449,0.0,6061.47998046875,19692.330078125,0.0,0.0,1.0,0.0,15.770000457763672,4.421999931335449,0.0,-0.587785252292473,-0.8090169943749475,-0.8660254037844386,0.5000000000000001,0,30.0,3435763.1873537386,0.0,0.0,0.0,60.0,60.0,-0.030443531138630766,0.031905843513874516,-0.031285826419294116,0.018155445374628612,-0.01816605816760223,0.01253462647496554
2021-10-22,3488876.5877167475,3524805.841649353,3411301.5665651867,3449173.9453125,50588000,0.0,15.770000457763672,4.421999931335449,0.0,6061.47998046875,19692.330078125,0.0,0.0,1.0,0.0,15.770000457763672,4.421999931335449,0.0,-0.9510565162951536,0.30901699437494723,-0.8660254037844386,0.5000000000000001,0,30.0,3436180.6203851113,0.0,0.0,0.0,60.0,60.0,-0.0008687428816317694,0.01872551621046896,0.01266297875919181,0.012928206739403217,0.06288589048829434,0.06720382272797497
2021-10-25,3448759.915977416,3460042.5870277816,3395455.0244021052,3446177.5,34412000,0.0,15.770000457763672,4.421999931335449,0.0,6061.47998046875,19692.330078125,0.0,0.0,1.0,0.0,15.770000457763672,4.421999931335449,0.0,0.0,1.0,-0.8660254037844386,0.5000000000000001,0,30.0,3436491.7905497462,0.0,0.0,0.0,60.0,60.0,0.013543487449137486,0.012939447792565253,0.06381006791220127,0.06726225633436794,0.06112892841280303,0.018414411846141836
2021-10-26,3491722.5327435075,3512269.38433536,3467677.750490197,3492850.76171875,49236000,0.0,15.770000457763672,4.421999931335449,0.0,6061.47998046875,19692.330078125,0.0,0.0,1.0,0.0,15.770000457763672,4.421999931335449,0.0,0.9510565162951535,0.30901699437494745,-0.8660254037844386,0.5000000000000001,0,30.0,3438246.0609834134,0.0,0.0,0.0,60.0,60.0,0.049594892656824756,0.06636346359804651,0.04694957991731313,0.018168349038961116,0.06272040591574668,0.025788076851951124
2021-10-27,3495270.046572113,3727067.720950844,3495270.046572113,3666078.3203125,85782000,0.0,15.770000457763672,4.421999931335449,0.0,6061.47998046875,19692.330078125,0.0,0.0,1.0,0.0,15.770000457763672,4.421999931335449,0.0,0.5877852522924732,-0.8090169943749473,-0.8660254037844386,0.5000000000000001,0,30.0,3445337.734022973,0.0,0.0,0.0,60.0,60.0,-0.002520317846455583,0.017309867993899847,0.012505313574552082,0.024569552531523976,-0.01860603369542801,0.03296807929005499
2021-10-28,3689069.8661393044,3689659.0395437432,3626199.707763836,3656838.6376953125,36206000,0.0,15.770000457763672,4.421999931335449,0.0,6061.47998046875,19692.330078125,0.0,0.0,1.0,0.0,15.770000457763672,4.421999931335449,0.0,-0.587785252292473,-0.8090169943749475,-0.8660254037844386,0.5000000000000001,0,30.0,3451921.0653775074,0.0,0.0,0.0,60.0,60.0,0.015063596472027922,0.02463163207342596,-0.01612635940036753,0.03305137927108187,-0.002855694093896766,0.015588030150965748
2021-10-29,3637507.7329630344,3716838.0212428737,3626764.1173672746,3711923.779296875,43320000,0.0,15.770000457763672,4.421999931335449,0.0,6061.47998046875,19692.330078125,0.0,0.0,1.0,0.0,15.770000457763672,4.421999931335449,0.0,-0.9510565162951536,0.30901699437494723,-0.8660254037844386,0.5000000000000001,0,30.0,3460014.0994453956,0.0,0.0,0.0,60.0,60.0,-0.03072709530791941,0.032560895086727375,-0.017653367363587143,0.015356702974221289,-0.009780615017858608,0.014036198869940019
2021-11-01,3711923.4563973704,3711923.4563973704,3591059.8956497563,3597867.1435546875,46924000,0.0,15.770000457763672,4.421999931335449,0.0,6061.47998046875,19692.330078125,0.0,0.0,1.0,0.0,15.770000457763672,4.421999931335449,0.0,0.0,1.0,-0.5000000000000004,0.8660254037844384,0,30.0,3464305.0138190226,0.0,0.0,0.0,60.0,60.0,0.013488180553737383,0.015843528587131835,0.021610508442630096,0.014481162943886324,0.033244849513714245,0.023871630662411682
2021-11-02,3625008.830058141,3675893.9019378494,3618890.9909962383,3646395.8251953125,33482000,0.0,15.770000457763672,4.421999931335449,0.0,6061.47998046875,19692.330078125,0.0,0.0,1.0,0.0,15.770000457763672,4.421999931335449,0.0,0.9510565162951535,0.30901699437494745,-0.5000000000000004,0.8660254037844384,0,30.0,3469972.905194859,0.0,0.0,0.0,60.0,60.0,0.00801423050089734,0.01428843791347846,0.019493733956702338,0.023553930988488677,0.02351269737917377,0.014649361323859729
2021-11-03,3658130.3762707775,3677399.0274518523,3625297.727095582,3675618.8818359375,27494000,0.0,15.770000457763672,4.421999931335449,0.0,6061.47998046875,19692.330078125,0.0,0.0,1.0,0.0,15.770000457763672,4.421999931335449,0.0,0.5877852522924732,-0.8090169943749473,-0.5000000000000004,0.8660254037844384,0,30.0,3476373.991821195,0.0,0.0,0.0,60.0,60.0,0.011388235511417988,0.023366665147955674,0.015375246111927417,0.01453289138247606,0.016596295000793918,0.014901355761082377
2021-11-04,3688819.378957342,3754234.4689833787,3668347.513360015,3717477.6953125,38412000,0.0,15.770000457763672,4.421999931335449,0.0,6061.47998046875,19692.330078125,0.0,0.0,1.0,0.0,15.770000457763672,4.421999931335449,0.0,-0.587785252292473,-0.8090169943749475,-0.5000000000000004,0.8660254037844384,0,30.0,3483878.761509307,0.0,0.0,0.0,60.0,60.0,0.003942116845459805,0.014369250968326093,0.005149416719033148,0.014733566436579488,0.004390586983283955,0.01746510653795129
2021-11-05,3740092.7718061586,3769127.1614857875,3715709.7915126877,3732132.4267578125,38354000,0.0,15.770000457763672,4.421999931335449,0.0,6061.47998046875,19692.330078125,0.0,0.0,1.0,0.0,15.770000457763672,4.421999931335449,0.0,-0.9510565162951536,0.30901699437494723,-0.5000000000000004,0.8660254037844384,0,30.0,3491606.0861208383,0.0,0.0,0.0,60.0,60.0,0.0012025592445178647,0.014675713060902967,0.00044670915812687677,0.01739652739425788,-0.019875353468181894,0.023731637536662926
2021-11-08,3756528.0952167297,3776335.799904923,3721564.095304534,3736620.537109375,23052000,0.0,15.770000457763672,4.421999931335449,0.0,6061.47998046875,19692.330078125,0.0,0.0,1.0,0.0,15.770000457763672,4.421999931335449,0.0,0.0,1.0,-0.5000000000000004,0.8660254037844384,0,30.0,3499232.5845872727,0.0,0.0,0.0,60.0,60.0,-0.0007549422236408718,0.017375632167165915,-0.02105259571909666,0.023703133114811672,-0.02190488657078257,0.012983961673348487
2021-11-09,3741684.9636074016,3756766.272438692,3691840.1284376015,3733799.6044921875,19530000,0.0,15.770000457763672,4.421999931335449,0.0,6061.47998046875,19692.330078125,0.0,0.0,1.0,0.0,15.770000457763672,4.421999931335449,0.0,0.9510565162951535,0.30901699437494745,-0.5000000000000004,0.8660254037844384,0,30.0,3506533.8886955134,0.0,0.0,0.0,60.0,60.0,-0.0203129886282596,0.023721041130349695,-0.021165923396416,0.012993771219886709,-0.001615162568478337,0.023093236407941236
2021-11-10,3698234.550367545,3712526.2166752624,3623956.60268462,3657954.9755859375,29970000,0.0,15.770000457763672,4.421999931335449,0.0,6061.47998046875,19692.330078125,0.0,0.0,1.0,0.0,15.770000457763672,4.421999931335449,0.0,0.5877852522924732,-0.8090169943749473,-0.5000000000000004,0.8660254037844384,0,30.0,3511247.1318625854,0.0,0.0,0.0,60.0,60.0,-0.0008706196553143389,0.01326318616972686,0.019085509803381896,0.02357205529917815,0.017536616695671504,0.013533860872657039
2021-11-11,3672898.08381155,3699124.336365978,3650608.198524303,3654770.2880859375,16518000,0.0,15.770000457763672,4.421999931335449,0.0,6061.47998046875,19692.330078125,0.0,0.0,1.0,0.0,15.770000457763672,4.421999931335449,0.0,-0.587785252292473,-0.8090169943749475,-0.5000000000000004,0.8660254037844384,0,30.0,3515714.5382805294,0.0,0.0,0.0,60.0,60.0,0.019973518796746473,0.023592595476519887,0.0184232760172017,0.013545653985260694,0.014471782320076372,0.009947394560399257
2021-11-12,3676056.3262100094,3732081.736430477,3645856.2194640613,3727768.9111328125,22360000,0.0,15.770000457763672,4.421999931335449,0.0,6061.47998046875,19692.330078125,0.0,0.0,1.0,0.0,15.770000457763672,4.421999931335449,0.0,-0.9510565162951536,0.30901699437494723,-0.5000000000000004,0.8660254037844384,0,30.0,3522315.097320348,0.0,0.0,0.0,60.0,60.0,-0.0015198853215067601,0.013280397711933128,-0.005393999329669314,0.009752600804905314,-0.004244047969517856,0.00887480718146299
2021-11-15,3733348.3081699503,3749620.5896004546,3700114.335882431,3722103.1298828125,23508000,0.0,15.770000457763672,4.421999931335449,0.0,6061.47998046875,19692.330078125,0.0,0.0,1.0,0.0,15.770000457763672,4.421999931335449,0.0,0.0,1.0,-0.5000000000000004,0.8660254037844384,0,30.0,3528533.845307669,0.0,0.0,0.0,60.0,60.0,-0.0038800111802026263,0.009767446203017888,-0.002728309365368048,0.008888316403096966,0.009339738977297493,0.018160746777862696
2021-11-16,3714518.694388267,3729888.085980226,3693532.643897011,3707661.328125,18904000,0.0,15.770000457763672,4.421999931335449,0.0,6061.47998046875,19692.330078125,0.0,0.0,1.0,0.0,15.770000457763672,4.421999931335449,0.0,0.9510565162951535,0.30901699437494745,-0.5000000000000004,0.8660254037844384,0,30.0,3534109.497957914,0.0,0.0,0.0,60.0,60.0,0.0011561878365668723,0.008922937500358606,0.013271242727658618,0.018231485144053323,0.007104109965292517,0.01398134440170807
2021-11-17,3711459.143705569,3724797.7983824257,3691714.5680790697,3711948.0810546875,19594000,0.0,15.770000457763672,4.421999931335449,0.0,6061.47998046875,19692.330078125,0.0,0.0,1.0,0.0,15.770000457763672,4.421999931335449,0.0,0.5877852522924732,-0.8090169943749473,-0.5000000000000004,0.8660254037844384,0,30.0,3539645.031375589,0.0,0.0,0.0,60.0,60.0,0.012101063788330159,0.01821043046585006,0.0059410531553310535,0.013965198009634082,-0.011786604686562943,0.024870427946263866
2021-11-18,3716825.381300722,3775470.70871693,3707874.536294038,3756866.6015625,35608000,0.0,15.770000457763672,4.421999931335449,0.0,6061.47998046875,19692.330078125,0.0,0.0,1.0,0.0,15.770000457763672,4.421999931335449,0.0,-0.587785252292473,-0.8090169943749475,-0.5000000000000004,0.8660254037844384,0,30.0,3546406.4283675742,0.0,0.0,0.0,60.0,60.0,-0.006086359211936768,0.013798224811030088,-0.023602058459933548,0.02457306768671201,-0.027072526624035354,0.01698494106029692
2021-11-19,3760302.204533971,3785149.6423048577,3733311.5523514478,3734000.9619140625,33682000,0.0,15.770000457763672,4.421999931335449,0.0,6061.47998046875,19692.330078125,0.0,0.0,1.0,0.0,15.770000457763672,4.421999931335449,0.0,-0.9510565162951536,0.30901699437494723,-0.5000000000000004,0.8660254037844384,0,30.0,3552245.632613003,0.0,0.0,0.0,60.0,60.0,-0.017622958906277585,0.024723544056834048,-0.021114678932727882,0.017088950551910873,-0.018844957610208962,0.01260014335691423
2021-11-22,3744179.9117261725,3756640.9297047197,3664323.1924145767,3668196.81640625,30594000,0.0,15.770000457763672,4.421999931335449,0.0,6061.47998046875,19692.330078125,0.0,0.0,1.0,0.0,15.770000457763672,4.421999931335449,0.0,0.0,1.0,-0.5000000000000004,0.8660254037844384,0,30.0,3555854.8137115566,0.0,0.0,0.0,60.0,60.0,-0.003554358337367916,0.01739551092611551,-0.0012439202595480791,0.01282617857486363,-0.028154093421997397,0.018557479461481036
2021-11-23,3664460.7838219283,3677172.773900323,3613362.616101386,3655158.73046875,27218000,0.0,15.770000457763672,4.421999931335449,0.0,6061.47998046875,19692.330078125,0.0,0.0,1.0,0.0,15.770000457763672,4.421999931335449,0.0,0.9510565162951535,0.30901699437494745,-0.5000000000000004,0.8660254037844384,0,30.0,3558945.81983713,0.0,0.0,0.0,60.0,60.0,0.002318679495616766,0.012871930026671948,-0.024687483246535438,0.01862367467483396,-0.001725052798477614,0.016490425586598693
2021-11-24,3647424.3317214292,3666880.8301986842,3619831.8827837114,3663633.8720703125,18040000,0.0,15.770000457763672,4.421999931335449,0.0,6061.47998046875,19692.330078125,0.0,0.0,1.0,0.0,15.770000457763672,4.421999931335449,0.0,0.5877852522924732,-0.8090169943749473,-0.5000000000000004,0.8660254037844384,0,30.0,3562204.41648965,0.0,0.0,0.0,60.0,60.0,-0.026943688963017378,0.018580592236598543,-0.004034377864861555,0.016452278026881574,-0.02889744097023013,0.030101960790559323
2021-11-26,3619217.0710655036,3624457.2714563897,3556384.7843752606,3564922.060546875,30470000,0.0,15.770000457763672,4.421999931335449,0.0,6061.47998046875,19692.330078125,0.0,0.0,1.0,0.0,15.770000457763672,4.421999931335449,0.0,-0.9510565162951536,0.30901699437494723,-0.5000000000000004,0.8660254037844384,0,30.0,3562289.007860286,0.0,0.0,0.0,60.0,60.0,0.023543664265166166,0.01690783754266846,-0.0020078509178267858,0.030935476651376703,-0.00795793251517412,0.03543671605460625
2021-11-29,3610479.449976708,3668084.163448814,3607809.0403968124,3648853.388671875,32596000,0.0,15.770000457763672,4.421999931335449,0.0,6061.47998046875,19692.330078125,0.0,0.0,1.0,0.0,15.770000457763672,4.421999931335449,0.0,0.0,1.0,-0.5000000000000004,0.8660254037844384,0,30.0,3564983.4739003247,0.0,0.0,0.0,60.0,60.0,-0.02496377641234991,0.030223895405171838,-0.030776993576484363,0.03462159680314896,-0.01762169444566018,0.025080716558414273
2021-11-30,3635765.441114747,3660625.118739445,3550342.5555714197,3557764.228515625,42068000,0.0,15.770000457763672,4.421999931335449,0.0,6061.47998046875,19692.330078125,0.0,0.0,1.0,0.0,15.770000457763672,4.421999931335449,0.0,0.9510565162951535,0.30901699437494745,-0.5000000000000004,0.8660254037844384,0,30.0,3564758.762404194,0.0,0.0,0.0,60.0,60.0,-0.005962052509951572,0.035508010846775157,0.007530060718846435,0.02572285618900359,0.0007327201960801746,0.028887036945406397
2021-12-01,3610479.7717599324,3659384.233966511,3533055.1031501098,3536552.6513671875,34020000,0.0,15.770000457763672,4.421999931335449,0.0,6061.47998046875,19692.330078125,0.0,0.0,1.0,0.0,15.770000457763672,4.421999931335449,0.0,0.5877852522924732,-0.8090169943749473,-2.4492935982947064e-16,1.0,0,30.0,3563880.798424111,0.0,0.0,0.0,60.0,60.0,0.01357303638444153,0.025877137038836345,0.006734926692623844,0.02906029595584991,0.014912997425769594,0.026249273763108205
2021-12-02,3541529.4419078236,3607082.2606187453,3515566.4030142566,3584554.4091796875,29194000,0.0,15.770000457763672,4.421999931335449,0.0,6061.47998046875,19692.330078125,0.0,0.0,1.0,0.0,15.770000457763672,4.421999931335449,0.0,-0.587785252292473,-0.8090169943749475,-2.4492935982947064e-16,1.0,0,30.0,3564524.3003077223,0.0,0.0,0.0,60.0,60.0,-0.0067465386768872536,0.02867114150896525,0.0013220172530515354,0.025897762490548367,0.030101531140258982,0.016112309859791858
2021-12-03,3602480.904471572,3620508.0804129243,3517734.813700748,3560371.07421875,41230000,0.0,15.770000457763672,4.421999931335449,0.0,6061.47998046875,19692.330078125,0.0,0.0,1.0,0.0,15.770000457763672,4.421999931335449,0.0,-0.9510565162951536,0.30901699437494723,-2.4492935982947064e-16,1.0,0,30.0,3564395.023963937,0.0,0.0,0.0,60.0,60.0,0.00812336049570939,0.026073669510348306,0.037098355306067525,0.016221750527129954,0.04355582992882715,0.01399280652144417
2021-12-06,3586422.370103441,3606781.3756512734,3513949.43692789,3589293.251953125,30618000,0.0,15.770000457763672,4.421999931335449,0.0,6061.47998046875,19692.330078125,0.0,0.0,1.0,0.0,15.770000457763672,4.421999931335449,0.0,0.0,1.0,-2.4492935982947064e-16,1.0,0,30.0,3565170.02436416,0.0,0.0,0.0,60.0,60.0,0.028741517105714817,0.01609103723095304,0.03514695802277122,0.013880053840398756,0.03131908321011871,0.013866091526141563
2021-12-07,3650508.129519901,3699011.644435153,3641256.1930851666,3692454.9853515625,32240000,0.0,15.770000457763672,4.421999931335449,0.0,6061.47998046875,19692.330078125,0.0,0.0,1.0,0.0,15.770000457763672,4.421999931335449,0.0,0.9510565162951535,0.30901699437494745,-2.4492935982947064e-16,1.0,0,30.0,3569131.9888762687,0.0,0.0,0.0,60.0,60.0,0.0062264823675801705,0.013492265656244944,0.0025055527180974264,0.013478693428406336,0.004970363042930259,0.015437672725370121
2021-12-08,3700653.1481842156,3720623.8305924004,3670804.247006311,3715445.9912109375,24270000,0.0,15.770000457763672,4.421999931335449,0.0,6061.47998046875,19692.330078125,0.0,0.0,1.0,0.0,15.770000457763672,4.421999931335449,0.0,0.5877852522924732,-0.8090169943749473,-2.4492935982947064e-16,1.0,0,30.0,3573686.265205363,0.0,0.0,0.0,60.0,60.0,-0.003697904711002694,0.013395287904460554,-0.001248346517072727,0.01534214512924204,-0.015925762003733204,0.016550087554714786
2021-12-09,3700515.653978888,3738350.535038329,3688581.066292585,3701706.6259765625,23270000,0.0,15.770000457763672,4.421999931335449,0.0,6061.47998046875,19692.330078125,0.0,0.0,1.0,0.0,15.770000457763672,4.421999931335449,0.0,-0.587785252292473,-0.8090169943749475,-2.4492935982947064e-16,1.0,0,30.0,3577671.120307397,0.0,0.0,0.0,60.0,60.0,0.0024586500475234107,0.015399089494830124,-0.012273242574265163,0.01661151535560517,-0.025274576522695203,0.022114823907244962
2021-12-10,3728321.198548289,3735278.801105855,3678275.8894888363,3710807.8271484375,24458000,0.0,15.770000457763672,4.421999931335449,0.0,6061.47998046875,19692.330078125,0.0,0.0,1.0,0.0,15.770000457763672,4.421999931335449,0.0,-0.9510565162951536,0.30901699437494723,-2.4492935982947064e-16,1.0,0,30.0,3581815.2305280496,0.0,0.0,0.0,60.0,60.0,-0.014695760888581471,0.016570773622251324,-0.02766520750646809,0.022060584649747465,-0.010543750013643568,0.034073977502711364
2021-12-13,3705291.613957195,3710018.0088759013,3648527.0524165463,3656274.6826171875,27070000,0.0,15.770000457763672,4.421999931335449,0.0,6061.47998046875,19692.330078125,0.0,0.0,1.0,0.0,15.770000457763672,4.421999931335449,0.0,0.0,1.0,-2.4492935982947064e-16,1.0,0,30.0,3584132.9097297383,0.0,0.0,0.0,60.0,60.0,-0.013162885231857843,0.022389617109170732,0.0042139378986964775,0.034582189084500906,-0.009473500415939366,0.027909930449108115
2021-12-14,3609677.1140819085,3622514.2088417024,3540651.618651949,3608147.55859375,38446000,0.0,15.770000457763672,4.421999931335449,0.0,6061.47998046875,19692.330078125,0.0,0.0,1.0,0.0,15.770000457763672,4.421999931335449,0.0,0.9510565162951535,0.30901699437494745,-2.4492935982947064e-16,1.0,0,30.0,3584880.4072018033,0.0,0.0,0.0,60.0,60.0,0.01760860315294993,0.035043462154973774,0.003738595519672261,0.028282205879199798,-0.015162533221863247,0.017612069657950712
2021-12-15,3595661.40355206,3678702.343267237,3552260.3608480957,3671681.9970703125,36370000,0.0,15.770000457763672,4.421999931335449,0.0,6061.47998046875,19692.330078125,0.0,0.0,1.0,0.0,15.770000457763672,4.421999931335449,0.0,0.5877852522924732,-0.8090169943749473,-2.4492935982947064e-16,1.0,0,30.0,3587582.256783921,0.0,0.0,0.0,60.0,60.0,-0.013630002331252855,0.027792813260000406,-0.03220406772630986,0.017307312068099292,-0.0330098680599133,0.016754232734718755
2021-12-16,3689972.666483774,3702672.0324215353,3600625.660326855,3621636.962890625,33650000,0.0,15.770000457763672,4.421999931335449,0.0,6061.47998046875,19692.330078125,0.0,0.0,1.0,0.0,15.770000457763672,4.421999931335449,0.0,-0.587785252292473,-0.8090169943749475,-2.4492935982947064e-16,1.0,0,30.0,3588642.268398949,0.0,0.0,0.0,60.0,60.0,-0.018830728265211025,0.017546470501946076,-0.01964766342697377,0.016985748526736243,-0.006732738649980029,0.02330645244714629
2021-12-17,3572870.1473822924,3606329.8424795377,3542782.89634142,3553438.9013671875,50416000,0.0,15.770000457763672,4.421999931335449,0.0,6061.47998046875,19692.330078125,0.0,0.0,1.0,0.0,15.770000457763672,4.421999931335449,0.0,-0.9510565162951536,0.30901699437494723,-2.4492935982947064e-16,1.0,0,30.0,3587546.502726362,0.0,0.0,0.0,60.0,60.0,-0.00083261388763056,0.017311741221475503,0.01233017580528255,0.023753752913540132,0.03309211412607077,0.02421940238328383
2021-12-20,3510188.444667424,3554680.22399309,3493164.009286297,3550480.2587890625,27192000,0.0,15.770000457763672,4.421999931335449,0.0,6061.47998046875,19692.330078125,0.0,0.0,1.0,0.0,15.770000457763672,4.421999931335449,0.0,0.0,1.0,-2.4492935982947064e-16,1.0,0,30.0,3586392.7517888,0.0,0.0,0.0,60.0,60.0,0.013173758347065165,0.02377354709901301,0.03395299775115563,0.024239584598050562,0.03749460984630742,0.012651237926536885
2021-12-21,3561675.004567627,3607194.77280285,3522787.2631464126,3597253.427734375,28756000,0.0,15.770000457763672,4.421999931335449,0.0,6061.47998046875,19692.330078125,0.0,0.0,1.0,0.0,15.770000457763672,4.421999931335449,0.0,0.9510565162951535,0.30901699437494745,-2.4492935982947064e-16,1.0,0,30.0,3586730.8091079057,0.0,0.0,0.0,60.0,60.0,0.020509058029681504,0.023924410199486466,0.024004620430478112,0.01248674062302665,0.030904919373016336,0.00818623503631185
2021-12-22,3587098.894368396,3673161.060965022,3587098.894368396,3671029.70703125,26322000,0.0,15.770000457763672,4.421999931335449,0.0,6061.47998046875,19692.330078125,0.0,0.0,1.0,0.0,15.770000457763672,4.421999931335449,0.0,0.5877852522924732,-0.8090169943749473,-2.4492935982947064e-16,1.0,0,30.0,3589354.7580755707,0.0,0.0,0.0,60.0,60.0,0.0034253124686081326,0.012235795973369473,0.010186936864045421,0.008021717173306808,0.0018579782523445915,0.015329660078629593
2021-12-23,3673161.2230254086,3716875.596374056,3671957.625866643,3683604.130859375,26384000,0.0,15.770000457763672,4.421999931335449,0.0,6061.47998046875,19692.330078125,0.0,0.0,1.0,0.0,15.770000457763672,4.421999931335449,0.0,-0.587785252292473,-0.8090169943749475,-2.4492935982947064e-16,1.0,0,30.0,3592288.432779646,0.0,0.0,0.0,60.0,60.0,0.006738542780829862,0.007994334081100595,-0.0015619839332213124,0.015277330448158469,-0.0017799035205794211,0.01204426174723696
2021-12-27,3692116.478991269,3719395.593963818,3689947.631919206,3708426.2548828125,15976000,0.0,15.770000457763672,4.421999931335449,0.0,6061.47998046875,19692.330078125,0.0,0.0,1.0,0.0,15.770000457763672,4.421999931335449,0.0,0.0,1.0,-2.4492935982947064e-16,1.0,0,30.0,3595903.423318331,0.0,0.0,0.0,60.0,60.0,-0.00824496764683641,0.015175072572426972,-0.008461428602782496,0.011963644218853589,-0.011534321231595228,0.008826496481138042
2021-12-28,3716688.0314835804,3718267.705214387,3661992.0676670466,3677850.400390625,18200000,0.0,15.770000457763672,4.421999931335449,0.0,6061.47998046875,19692.330078125,0.0,0.0,1.0,0.0,15.770000457763672,4.421999931335449,0.0,0.9510565162951535,0.30901699437494745,-2.4492935982947064e-16,1.0,0,30.0,3598454.1646825615,0.0,0.0,0.0,60.0,60.0,-0.00021826050676292924,0.012063104122060395,-0.0033166996662009184,0.008899875668082247,-0.012509651813135444,0.012588003546477882
2021-12-29,3676784.4557395135,3696153.342150631,3651787.0498253573,3677047.6708984375,17788000,0.0,15.770000457763672,4.421999931335449,0.0,6061.47998046875,19692.330078125,0.0,0.0,1.0,0.0,15.770000457763672,4.421999931335449,0.0,0.5877852522924732,-0.8090169943749473,-2.4492935982947064e-16,1.0,1,30.0,3600900.5234675584,0.0,0.0,0.0,60.0,60.0,-0.0030991155739736815,0.008901818583517398,-0.012294074617328675,0.012590751610304873,-0.011342897279666383,0.01457843636283239
2021-12-30,3678025.4829342235,3693219.654239363,3660487.24295008,3665652.0751953125,15688000,0.0,15.770000457763672,4.421999931335449,0.0,6061.47998046875,19692.330078125,0.0,0.0,1.0,0.0,15.770000457763672,4.421999931335449,0.0,-0.587785252292473,-0.8090169943749475,-2.4492935982947064e-16,1.0,1,30.0,3602916.0274835806,0.0,0.0,0.0,60.0,60.0,-0.009223543871815365,0.012629893108735779,-0.008269409561652787,0.014623757076137053,-0.012318718953409264,0.018936279216926657
2021-12-31,3661878.908293614,3678138.56634447,3631841.7724609375,3631841.7724609375,18136000,0.0,15.770000457763672,4.421999931335449,0.0,6061.47998046875,19692.330078125,0.0,0.0,1.0,0.0,15.770000457763672,4.421999931335449,0.0,-0.9510565162951536,0.30901699437494723,-2.4492935982947064e-16,1.0,1,30.0,3603816.3913144493,0.0,0.0,0.0,60.0,60.0,0.0009630167372882481,0.014759895620940211,-0.0031239893342736563,0.01911256479683316,-0.04885692876575709,0.04702380390168983
2022-01-03,3636931.2130328575,3656889.27364496,3603283.668171666,3635339.296875,28646000,0.0,15.770000457763672,4.421999931335449,0.0,6061.47998046875,19692.330078125,0.0,0.0,1.0,0.0,15.770000457763672,4.421999931335449,0.0,0.0,1.0,0.49999999999999994,0.8660254037844387,0,30.0,3604797.5962594845,0.0,0.0,0.0,60.0,60.0,-0.00408307400295747,0.01909417678500446,-0.04977201422030264,0.04697856275945872,-0.049961630988579274,0.02332205690625
2022-01-04,3645480.7164564915,3672785.078832779,3603371.267624774,3620495.9375,28400000,0.0,15.770000457763672,4.421999931335449,0.0,6061.47998046875,19692.330078125,0.0,0.0,1.0,0.0,15.770000457763672,4.421999931335449,0.0,0.9510565162951535,0.30901699437494745,0.49999999999999994,0.8660254037844387,0,30.0,3605286.2342761946,0.0,0.0,0.0,60.0,60.0,-0.045876256367070566,0.047171166121538766,-0.046066650528799276,0.02341767299807821,-0.05112557363299762,0.01857351810143593
2022-01-05,3621009.820951912,3623003.063551041,3452220.048240872,3454401.1376953125,54618000,0.0,15.770000457763672,4.421999931335449,0.0,6061.47998046875,19692.330078125,0.0,0.0,1.0,0.0,15.770000457763672,4.421999931335449,0.0,0.5877852522924732,-0.8090169943749473,0.49999999999999994,0.8660254037844387,0,30.0,3600589.6747343433,0.0,0.0,0.0,60.0,60.0,-0.0001995487094826507,0.02454364347847889,-0.005501715370733474,0.01946657152741556,0.006492535571762886,0.04104517778233317
2022-01-06,3434932.4865179635,3508683.994888671,3423900.4049334256,3453711.81640625,37348000,0.0,15.770000457763672,4.421999931335449,0.0,6061.47998046875,19692.330078125,0.0,0.0,1.0,0.0,15.770000457763672,4.421999931335449,0.0,-0.587785252292473,-0.8090169943749475,0.49999999999999994,0.8660254037844387,0,30.0,3596017.8474124335,0.0,0.0,0.0,60.0,60.0,-0.005303224912938297,0.019470456831949416,0.006693419944557499,0.04105336992932248,0.01443593621208432,0.02557940494108378
2022-01-07,3463690.4856031556,3471287.762111829,3404042.4152804976,3435396.005859375,29760000,0.0,15.770000457763672,4.421999931335449,0.0,6061.47998046875,19692.330078125,0.0,0.0,1.0,0.0,15.770000457763672,4.421999931335449,0.0,-0.9510565162951536,0.30901699437494723,0.49999999999999994,0.8660254037844387,0,30.0,3591018.214846527,0.0,0.0,0.0,60.0,60.0,0.012060604958175096,0.041272245932162846,0.019844400443838707,0.02571578151426591,0.03221143017164503,0.01396540691322406
2022-01-10,3386780.2986982744,3480590.1056744177,3338803.5968462196,3476828.9599609375,44408000,0.0,15.770000457763672,4.421999931335449,0.0,6061.47998046875,19692.330078125,0.0,0.0,1.0,0.0,15.770000457763672,4.421999931335449,0.0,0.0,1.0,0.49999999999999994,0.8660254037844387,0,30.0,3587463.8768319553,0.0,0.0,0.0,60.0,60.0,0.007691036927561554,0.02540932962737805,0.01991069024399255,0.013798982832457155,-0.000594895415677347,0.032025856721383576
2022-01-11,3460218.8330552117,3515604.5883100852,3427260.695208424,3503569.3798828125,28730000,0.0,15.770000457763672,4.421999931335449,0.0,6061.47998046875,19692.330078125,0.0,0.0,1.0,0.0,15.770000457763672,4.421999931335449,0.0,0.9510565162951535,0.30901699437494745,0.49999999999999994,0.8660254037844387,0,30.0,3584852.515543903,0.0,0.0,0.0,60.0,60.0,0.012126388812277797,0.013693664354235099,-0.008222691320647858,0.031781424611089175,-0.0018284269021744816,0.02678980258759412
2022-01-12,3539022.052845306,3575578.3548274543,3527601.6516975635,3546055.0244140625,26108000,0.0,15.770000457763672,4.421999931335449,0.0,6061.47998046875,19692.330078125,0.0,0.0,1.0,0.0,15.770000457763672,4.421999931335449,0.0,0.5877852522924732,-0.8090169943749473,0.49999999999999994,0.8660254037844387,0,30.0,3583644.876543798,0.0,0.0,0.0,60.0,60.0,-0.02010527574209891,0.031400648142752625,-0.013787621653485533,0.02646883124846862,-0.03841121067320975,0.01197049393239743
2022-01-13,3548800.201553782,3581645.856286632,3470297.430170166,3474760.6103515625,31436000,0.0,15.770000457763672,4.421999931335449,0.0,6061.47998046875,19692.330078125,0.0,0.0,1.0,0.0,15.770000457763672,4.421999931335449,0.0,-0.587785252292473,-0.8090169943749475,0.49999999999999994,0.8660254037844387,0,30.0,3580255.6654757024,0.0,0.0,0.0,60.0,60.0,0.006447278398603372,0.027011913211915834,-0.01868153228906747,0.012216102032249421,-0.025041998839474347,0.0212429760635561
2022-01-14,3436950.973794697,3528792.7952517737,3434932.8632127736,3497163.359375,29662000,0.0,15.770000457763672,4.421999931335449,0.0,6061.47998046875,19692.330078125,0.0,0.0,1.0,0.0,15.770000457763672,4.421999931335449,0.0,-0.9510565162951536,0.30901699437494723,0.49999999999999994,0.8660254037844387,0,30.0,3577669.273764958,0.0,0.0,0.0,60.0,60.0,-0.024967836097340587,0.012137845960184745,-0.03128755764353748,0.02110689404154047,-0.04425735357703189,0.033420536426081705
2022-01-18,3414284.687275537,3438266.7224816126,3395818.6923279166,3409846.7578125,34872000,0.0,15.770000457763672,4.421999931335449,0.0,6061.47998046875,19692.330078125,0.0,0.0,1.0,0.0,15.770000457763672,4.421999931335449,0.0,0.9510565162951535,0.30901699437494745,0.49999999999999994,0.8660254037844387,0,30.0,3572445.5077569517,0.0,0.0,0.0,60.0,60.0,-0.006481551870967625,0.02164738233563302,-0.019783467862724814,0.03427634252834574,-0.04151881103711165,0.035140167887873296
2022-01-19,3423022.995811419,3459027.6173821148,3385213.360909829,3387745.6591796875,28648000,0.0,15.770000457763672,4.421999931335449,0.0,6061.47998046875,19692.330078125,0.0,0.0,1.0,0.0,15.770000457763672,4.421999931335449,0.0,0.5877852522924732,-0.8090169943749473,0.49999999999999994,0.8660254037844387,0,30.0,3566696.4055866855,0.0,0.0,0.0,60.0,60.0,-0.013388695516230228,0.034499955781288255,-0.035265836514787686,0.03536941659618734,-0.03191698314209689,0.04960905825348363
2022-01-20,3416164.9122068025,3450665.221241012,3333788.1458010618,3342388.1640625,29908000,0.0,15.770000457763672,4.421999931335449,0.0,6061.47998046875,19692.330078125,0.0,0.0,1.0,0.0,15.770000457763672,4.421999931335449,0.0,-0.587785252292473,-0.8090169943749475,0.49999999999999994,0.8660254037844387,0,30.0,3559714.423695044,0.0,0.0,0.0,60.0,60.0,-0.022174022230572715,0.03584939320626768,-0.018779723627392778,0.05028227228699843,-0.0478028751651505,0.02174295524951503
2022-01-21,3324487.248190904,3381452.2918605534,3261629.7043191018,3268273.974609375,55652000,0.0,15.770000457763672,4.421999931335449,0.0,6061.47998046875,19692.330078125,0.0,0.0,1.0,0.0,15.770000457763672,4.421999931335449,0.0,-0.9510565162951536,0.30901699437494723,0.49999999999999994,0.8660254037844387,0,30.0,3550642.835757922,0.0,0.0,0.0,60.0,60.0,0.0034712706354180314,0.05142251630673598,-0.02621003482955236,0.022236017188982937,-0.008580745902422962,0.04494003550193685
2022-01-24,3158617.733953311,3289623.1265962115,3121560.25484198,3279619.0380859375,76622000,0.0,15.770000457763672,4.421999931335449,0.0,6061.47998046875,19692.330078125,0.0,0.0,1.0,0.0,15.770000457763672,4.421999931335449,0.0,0.0,1.0,0.49999999999999994,0.8660254037844387,0,30.0,3542206.7514005597,0.0,0.0,0.0,60.0,60.0,-0.02957863003509368,0.022159096966376173,-0.012010325447792257,0.044784576117939,-0.013753306388620884,0.028439508277074216
2022-01-25,3227868.9543985445,3244391.826213292,3171718.429935572,3182612.3999023438,46960000,0.0,15.770000457763672,4.421999931335449,0.0,6061.47998046875,19692.330078125,0.0,0.0,1.0,0.0,15.770000457763672,4.421999931335449,0.0,0.9510565162951535,0.30901699437494745,0.49999999999999994,0.8660254037844387,0,30.0,3531013.7553990004,0.0,0.0,0.0,60.0,60.0,0.018103789890711857,0.046149618613158284,0.016307682555512036,0.029306349960226748,0.050545713501184544,0.03837796154707218
2022-01-26,3287517.0361998817,3334678.8400141965,3187802.491565195,3240229.74609375,49130000,0.0,15.770000457763672,4.421999931335449,0.0,6061.47998046875,19692.330078125,0.0,0.0,1.0,0.0,15.770000457763672,4.421999931335449,0.0,0.5877852522924732,-0.8090169943749473,0.49999999999999994,0.8660254037844387,0,30.0,3521962.6002851604,0.0,0.0,0.0,60.0,60.0,-0.0017641691869083622,0.028785228236280932,0.0318650455214936,0.03769552959938579,0.04697328139040199,0.025252869210176183
2022-01-27,3292155.6408298505,3325966.1643737867,3232695.4115944915,3234513.4326171875,31950000,0.0,15.770000457763672,4.421999931335449,0.0,6061.47998046875,19692.330078125,0.0,0.0,1.0,0.0,15.770000457763672,4.421999931335449,0.0,-0.587785252292473,-0.8090169943749475,0.49999999999999994,0.8660254037844387,0,30.0,3513015.2478838945,0.0,0.0,0.0,60.0,60.0,0.03368864718170856,0.03776214841805639,0.048823583639161,0.025297498277142585,0.06696633067264357,0.0265454778482051
2022-01-28,3250911.088634833,3343617.9259101087,3221475.7496074215,3343479.814453125,34362000,0.0,15.770000457763672,4.421999931335449,0.0,6061.47998046875,19692.330078125,0.0,0.0,1.0,0.0,15.770000457763672,4.421999931335449,0.0,-0.9510565162951536,0.30901699437494723,0.49999999999999994,0.8660254037844387,0,30.0,3507738.164357396,0.0,0.0,0.0,60.0,60.0,0.0146416781288224,0.024473034840921132,0.032193140150725906,0.02568034187139405,0.10985267755265728,0.04517390471439466
2022-01-31,3363813.530149323,3396684.05278159,3314858.954792562,3392433.9697265625,39986000,0.0,15.770000457763672,4.421999931335449,0.0,6061.47998046875,19692.330078125,0.0,0.0,1.0,0.0,15.770000457763672,4.421999931335449,0.0,0.0,1.0,0.49999999999999994,0.8660254037844387,0,30.0,3504149.1219152976,0.0,0.0,0.0,60.0,60.0,0.017298187527907866,0.025309764446847002,0.09383706728805058,0.04452202751783593,0.05754828295618555,0.051805796791932424
2022-02-01,3449875.8386064647,3454852.8241703003,3368991.119495039,3451116.9287109375,68644000,0.0,15.770000457763672,4.421999931335449,0.0,6061.47998046875,19692.330078125,0.0,0.0,1.0,0.0,15.770000457763672,4.421999931335449,0.0,0.9510565162951535,0.30901699437494745,0.8660254037844386,0.5000000000000001,0,30.0,3502498.4031984513,0.0,0.0,0.0,60.0,60.0,0.07523740895099452,0.04376497281099751,0.03956568086107347,0.05092488852046757,0.04104075103504725,0.03167592508436407
2022-02-02,3792256.5283285603,3799690.4425486377,3648652.4039960303,3710770.0244140625,123200000,0.0,15.770000457763672,4.421999931335449,0.0,6061.47998046875,19692.330078125,0.0,0.0,1.0,0.0,15.770000457763672,4.421999931335449,0.0,0.5877852522924732,-0.8090169943749473,0.8660254037844386,0.5000000000000001,0,30.0,3508981.2175524365,0.0,0.0,0.0,60.0,60.0,-0.033175676174364614,0.04736152973895326,-0.031803820841119775,0.02945947083004415,-0.0594525738997792,0.03614869379288625
2022-02-03,3653240.7789318524,3752767.085518167,3577019.340652464,3587662.7197265625,71518000,0.0,15.770000457763672,4.421999931335449,0.0,6061.47998046875,19692.330078125,0.0,0.0,1.0,0.0,15.770000457763672,4.421999931335449,0.0,-0.587785252292473,-0.8090169943749475,0.8660254037844386,0.5000000000000001,0,30.0,3511430.3153637964,0.0,0.0,0.0,60.0,60.0,0.0014189292712625697,0.030470345133101037,-0.02717856499662659,0.03738910255158784,-0.02579479446384268,0.020867935403344678
2022-02-04,3596551.9982740595,3632418.510324411,3523101.189033183,3592753.359375,57998000,0.0,15.770000457763672,4.421999931335449,0.0,6061.47998046875,19692.330078125,0.0,0.0,1.0,0.0,15.770000457763672,4.421999931335449,0.0,-0.9510565162951536,0.30901699437494723,0.8660254037844386,0.5000000000000001,0,30.0,3513961.635732594,0.0,0.0,0.0,60.0,60.0,-0.02855697394166465,0.03733612523062259,-0.027175164099313368,0.02083836723411088,-0.011870788003099033,0.01631279420657156
2022-02-07,3616747.5259115277,3616747.5259115277,3482608.0365631627,3490155.1953125,54974000,0.0,15.770000457763672,4.421999931335449,0.0,6061.47998046875,19692.330078125,0.0,0.0,1.0,0.0,15.770000457763672,4.421999931335449,0.0,0.0,1.0,0.8660254037844386,0.5000000000000001,0,30.0,3513220.6191083803,0.0,0.0,0.0,60.0,60.0,0.0014224301428752055,0.02145094120307116,0.017176700527945944,0.016792332405495054,-0.004173898550558053,0.025341026185069213
2022-02-08,3485780.1501035723,3510188.382505334,3435321.268621092,3495119.697265625,54284000,0.0,15.770000457763672,4.421999931335449,0.0,6061.47998046875,19692.330078125,0.0,0.0,1.0,0.0,15.770000457763672,4.421999931335449,0.0,0.9510565162951535,0.30901699437494745,0.8660254037844386,0.5000000000000001,0,30.0,3512657.196615879,0.0,0.0,0.0,60.0,60.0,0.015731892866453014,0.01676848041350467,-0.00558837961382073,0.02530503154543258,-0.03670407115689777,0.04129512929202141
2022-02-09,3534346.449296328,3573485.170765386,3514877.324578933,3550104.5458984375,40144000,0.0,15.770000457763672,4.421999931335449,0.0,6061.47998046875,19692.330078125,0.0,0.0,1.0,0.0,15.770000457763672,4.421999931335449,0.0,0.5877852522924732,-0.8090169943749473,0.8660254037844386,0.5000000000000001,0,30.0,3513822.81011632,0.0,0.0,0.0,60.0,60.0,-0.020990059118953845,0.024913101304735393,-0.05162382356172111,0.04065554068159089,-0.04284154753469649,0.021494874905343478
2022-02-10,3502754.2755582016,3547408.648226244,3458964.5340318745,3475587.6416015625,39330000,0.0,15.770000457763672,4.421999931335449,0.0,6061.47998046875,19692.330078125,0.0,0.0,1.0,0.0,15.770000457763672,4.421999931335449,0.0,-0.587785252292473,-0.8090169943749475,0.8660254037844386,0.5000000000000001,0,30.0,3512632.6743799783,0.0,0.0,0.0,60.0,60.0,-0.03129055504298439,0.041527199044581214,-0.022319986246592864,0.02195572691120937,-0.01451077681334489,0.016498360593273052
2022-02-11,3475086.3919687895,3489039.089803505,3344707.6700138305,3366834.5751953125,39958000,0.0,15.770000457763672,4.421999931335449,0.0,6061.47998046875,19692.330078125,0.0,0.0,1.0,0.0,15.770000457763672,4.421999931335449,0.0,-0.9510565162951536,0.30901699437494723,0.8660254037844386,0.5000000000000001,0,30.0,3508094.456428529,0.0,0.0,0.0,60.0,60.0,0.009260329651054014,0.02266492499428826,0.01732178654496764,0.017031278758725357,0.025733143802060425,0.023547391968268376
2022-02-14,3341109.8979755756,3417418.951090554,3341109.8979755756,3398012.5732421875,34302000,0.0,15.770000457763672,4.421999931335449,0.0,6061.47998046875,19692.330078125,0.0,0.0,1.0,0.0,15.770000457763672,4.421999931335449,0.0,0.0,1.0,0.8660254037844386,0.5000000000000001,0,30.0,3504667.967460571,0.0,0.0,0.0,60.0,60.0,0.007987490102480127,0.01687501059772539,0.016321670105374886,0.023331336104738955,-0.022040010103274766,0.034200040221964115
2022-02-15,3449273.9317409946,3462763.3258903073,3405421.8277056413,3425154.1650390625,26680000,0.0,15.770000457763672,4.421999931335449,0.0,6061.47998046875,19692.330078125,0.0,0.0,1.0,0.0,15.770000457763672,4.421999931335449,0.0,0.9510565162951535,0.30901699437494745,0.8660254037844386,0.5000000000000001,0,30.0,3502192.962864796,0.0,0.0,0.0,60.0,60.0,0.00826813832981939,0.023146454032248857,-0.029789556418703227,0.033929032411391405,-0.04542554570490057,0.028354781562778722
2022-02-16,3426106.7069677627,3462198.9365811385,3382918.763146696,3453473.8134765625,25022000,0.0,15.770000457763672,4.421999931335449,0.0,6061.47998046875,19692.330078125,0.0,0.0,1.0,0.0,15.770000457763672,4.421999931335449,0.0,0.5877852522924732,-0.8090169943749473,0.8660254037844386,0.5000000000000001,0,30.0,3500676.4950948497,0.0,0.0,0.0,60.0,60.0,-0.03774560883334527,0.033650802917956246,-0.05325337774102703,0.02812226280376962,-0.05753315470026538,0.028728458856241063
2022-02-17,3415989.7626227443,3437815.5781439496,3321603.411464327,3323120.341796875,38950000,0.0,15.770000457763672,4.421999931335449,0.0,6061.47998046875,19692.330078125,0.0,0.0,1.0,0.0,15.770000457763672,4.421999931335449,0.0,-0.587785252292473,-0.8090169943749475,0.8660254037844386,0.5000000000000001,0,30.0,3495149.7527930415,0.0,0.0,0.0,60.0,60.0,-0.016116080165536954,0.02922539305814305,-0.020563736625747515,0.02985536789435708,-0.037355102349726624,0.03412956447226205
2022-02-18,3346387.5246944106,3361506.7091394933,3264387.210970969,3269564.66796875,45620000,0.0,15.770000457763672,4.421999931335449,0.0,6061.47998046875,19692.330078125,0.0,0.0,1.0,0.0,15.770000457763672,4.421999931335449,0.0,-0.9510565162951536,0.30901699437494723,0.8660254037844386,0.5000000000000001,0,30.0,3488128.026945765,0.0,0.0,0.0,60.0,60.0,-0.004520509351305256,0.03034440068842694,-0.021586918696428235,0.03468860887370158,0.017545583808280193,0.0617048788097763
2022-02-22,3255398.6114556184,3314131.551149853,3214918.5707882857,3254784.5703125,44990000,0.0,15.770000457763672,4.421999931335449,0.0,6061.47998046875,19692.330078125,0.0,0.0,1.0,0.0,15.770000457763672,4.421999931335449,0.0,0.9510565162951535,0.30901699437494745,0.8660254037844386,0.5000000000000001,0,30.0,3480864.808360144,0.0,0.0,0.0,60.0,60.0,-0.017143908544014118,0.034846131135355764,0.022166296108427394,0.06198508295692451,0.03578988162679018,0.027115858103273
2022-02-23,3300792.8618405065,3310884.560977292,3197467.91102285,3198984.841308594,32786000,0.0,15.770000457763672,4.421999931335449,0.0,6061.47998046875,19692.330078125,0.0,0.0,1.0,0.0,15.770000457763672,4.421999931335449,0.0,0.5877852522924732,-0.8090169943749473,0.8660254037844386,0.5000000000000001,0,30.0,3472090.806958336,0.0,0.0,0.0,60.0,60.0,0.03999589054203048,0.06306628558927777,0.05385711156593546,0.02758883862957398,0.0585400607941731,0.024759355418368184
2022-02-24,3132930.627768336,3334678.719366074,3132930.627768336,3326931.0888671875,54456000,0.0,15.770000457763672,4.421999931335449,0.0,6061.47998046875,19692.330078125,0.0,0.0,1.0,0.0,15.770000457763672,4.421999931335449,0.0,-0.587785252292473,-0.8090169943749475,0.8660254037844386,0.5000000000000001,0,30.0,3467572.459722312,0.0,0.0,0.0,60.0,60.0,0.01332814980324654,0.026527834273648028,0.017831003392213086,0.02380716658934486,0.010328527669140206,0.02288766778039411
2022-02-25,3348519.3505137847,3391631.9296789253,3303375.653113609,3371272.9248046875,36406000,0.0,15.770000457763672,4.421999931335449,0.0,6061.47998046875,19692.330078125,0.0,0.0,1.0,0.0,15.770000457763672,4.421999931335449,0.0,-0.9510565162951536,0.30901699437494723,0.8660254037844386,0.5000000000000001,0,30.0,3464574.970176678,0.0,0.0,0.0,60.0,60.0,0.0044436282460334755,0.02349403457701969,-0.0029601685640419212,0.02258662979493672,0.0008329800605398008,0.016294826716417212
2022-02-28,3335932.4590892163,3403666.3612069767,3324461.558543045,3386253.6083984375,38864000,0.0,15.770000457763672,4.421999931335449,0.0,6061.47998046875,19692.330078125,0.0,0.0,1.0,0.0,15.770000457763672,4.421999931335449,0.0,0.0,1.0,0.8660254037844386,0.5000000000000001,0,30.0,3462137.0823578956,0.0,0.0,0.0,60.0,60.0,-0.0073710426368117435,0.022486707227540138,-0.0035946747870745266,0.01622273889563255,-0.008570330764531373,0.025278228829205957
2022-03-01,3381777.877932641,3416303.0588967134,3340157.3654064564,3361293.388671875,26496000,0.0,15.770000457763672,4.421999931335449,0.0,6061.47998046875,19692.330078125,0.0,0.0,1.0,0.0,15.770000457763672,4.421999931335449,0.0,0.9510565162951535,0.30901699437494745,1.0,6.123233995736766e-17,0,30.0,3458998.148012828,0.0,0.0,0.0,60.0,60.0,0.003804410320416937,0.016343205359157068,-0.001208193775552759,0.025465939353970537,-0.016074669313186365,0.026211909286648988
2022-03-02,3375497.8224047595,3391406.272219083,3336471.9640956414,3374081.1279296875,23520000,0.0,15.770000457763672,4.421999931335449,0.0,6061.47998046875,19692.330078125,0.0,0.0,1.0,0.0,15.770000457763672,4.421999931335449,0.0,0.5877852522924732,-0.8090169943749473,1.0,6.123233995736766e-17,0,30.0,3456354.9589240816,0.0,0.0,0.0,60.0,60.0,-0.004993606368365785,0.025369423656787623,-0.019803738088038335,0.02611256636965968,-0.06088217825913729,0.04042462259443967
2022-03-03,3410148.109901198,3420916.97732536,3335318.4837385397,3357232.294921875,24604000,0.0,15.770000457763672,4.421999931335449,0.0,6061.47998046875,19692.330078125,0.0,0.0,1.0,0.0,15.770000457763672,4.421999931335449,0.0,-0.587785252292473,-0.8090169943749475,1.0,6.123233995736766e-17,0,30.0,3453269.59460393,0.0,0.0,0.0,60.0,60.0,-0.014884458848166433,0.026243616660946736,-0.056169058056789,0.0406275003388626,-0.05074709541408747,0.041639438734628366
2022-03-04,3332861.2958181426,3356028.4379387884,3267922.5205491083,3307261.708984375,30430000,0.0,15.770000457763672,4.421999931335449,0.0,6061.47998046875,19692.330078125,0.0,0.0,1.0,0.0,15.770000457763672,4.421999931335449,0.0,-0.9510565162951536,0.30901699437494723,1.0,6.123233995736766e-17,0,30.0,3448724.8466869323,0.0,0.0,0.0,60.0,60.0,-0.04190838280792026,0.0412413555991203,-0.03640449781554468,0.04226858372972372,0.011474193008856555,0.029073679915513725
2022-03-07,3296769.1799837854,3302962.005391348,3166566.049191769,3168659.7192382812,45112000,0.0,15.770000457763672,4.421999931335449,0.0,6061.47998046875,19692.330078125,0.0,0.0,1.0,0.0,15.770000457763672,4.421999931335449,0.0,0.0,1.0,1.0,6.123233995736766e-17,0,30.0,3440007.3353059883,0.0,0.0,0.0,60.0,60.0,0.005744633283094625,0.044117475793809854,0.05571761077842161,0.030345406841906425,0.04787983662204022,0.018670079721686078
2022-03-08,3165437.825799178,3290801.700088254,3151008.431625939,3186862.5073242188,40428000,0.0,15.770000457763672,4.421999931335449,0.0,6061.47998046875,19692.330078125,0.0,0.0,1.0,0.0,15.770000457763672,4.421999931335449,0.0,0.9510565162951535,0.30901699437494745,1.0,6.123233995736766e-17,0,30.0,3432127.7647965793,0.0,0.0,0.0,60.0,60.0,0.0496875407947225,0.03017207931087699,0.04189453460109638,0.01856343956888992,0.02176160334296883,0.032760456431838655
2022-03-09,3290801.987874169,3353120.47929493,3256966.2109710835,3345209.8681640625,37026000,0.0,15.770000457763672,4.421999931335449,0.0,6061.47998046875,19692.330078125,0.0,0.0,1.0,0.0,15.770000457763672,4.421999931335449,0.0,0.5877852522924732,-0.8090169943749473,1.0,6.123233995736766e-17,0,30.0,3429422.294965314,0.0,0.0,0.0,60.0,60.0,-0.007424119931657,0.0176847288811635,-0.026604047744160926,0.031209722092190965,-0.05598117142725687,0.03847994964213345
2022-03-10,3291202.511952635,3341498.407813765,3282339.278244691,3320374.62890625,27102000,0.0,15.770000457763672,4.421999931335449,0.0,6061.47998046875,19692.330078125,0.0,0.0,1.0,0.0,15.770000457763672,4.421999931335449,0.0,-0.587785252292473,-0.8090169943749475,1.0,6.123233995736766e-17,0,30.0,3426027.9977938123,0.0,0.0,0.0,60.0,60.0,-0.019323386954741745,0.031443159882186586,-0.048920241233603744,0.038767766187794074,-0.024401597814807947,0.031216690032694314
2022-03-11,3346926.948882041,3354624.462092205,3250221.39176675,3256213.7451171875,31526000,0.0,15.770000457763672,4.421999931335449,0.0,6061.47998046875,19692.330078125,0.0,0.0,1.0,0.0,15.770000457763672,4.421999931335449,0.0,-0.9510565162951536,0.30901699437494723,1.0,6.123233995736766e-17,0,30.0,3420742.2355361516,0.0,0.0,0.0,60.0,60.0,-0.030180034769011155,0.03953165158839669,-0.005178272625771123,0.031831787989476265,0.02625694121549383,0.035408314245984805
2022-03-14,3265729.0547518455,3269715.540414384,3140992.033145063,3157941.1010742188,38812000,0.0,15.770000457763672,4.421999931335449,0.0,6061.47998046875,19692.330078125,0.0,0.0,1.0,0.0,15.770000457763672,4.421999931335449,0.0,0.0,1.0,1.0,6.123233995736766e-17,0,30.0,3412562.0957898456,0.0,0.0,0.0,60.0,60.0,0.02577979732277958,0.03282236820304547,0.05819325030193928,0.036510193144509415,0.06262741379652575,0.015049563256263814
2022-03-15,3183640.4761355394,3255812.694297322,3152161.5887143333,3239352.1826171875,30920000,0.0,15.770000457763672,4.421999931335449,0.0,6061.47998046875,19692.330078125,0.0,0.0,1.0,0.0,15.770000457763672,4.421999931335449,0.0,0.9510565162951535,0.30901699437494745,1.0,6.123233995736766e-17,0,30.0,3407170.637727464,0.0,0.0,0.0,60.0,60.0,0.03159884125594671,0.035592622549009745,0.03592156578820924,0.014671339107615712,0.05361912225388031,0.030848028293527254
2022-03-16,3277839.0500842878,3343028.0338091278,3227730.9942699233,3341711.9580078125,35576000,0.0,15.770000457763672,4.421999931335449,0.0,6061.47998046875,19692.330078125,0.0,0.0,1.0,0.0,15.770000457763672,4.421999931335449,0.0,0.5877852522924732,-0.8090169943749473,1.0,6.123233995736766e-17,0,30.0,3405133.123129927,0.0,0.0,0.0,60.0,60.0,0.004190315420478489,0.014221942213267426,0.02134577911228016,0.02990312421829645,0.021165819834559823,0.022190073162652986
2022-03-17,3338414.511571701,3361769.8809108417,3314244.24655067,3355714.78515625,28264000,0.0,15.770000457763672,4.421999931335449,0.0,6061.47998046875,19692.330078125,0.0,0.0,1.0,0.0,15.770000457763672,4.421999931335449,0.0,-0.587785252292473,-0.8090169943749475,1.0,6.123233995736766e-17,0,30.0,3403594.8919062205,0.0,0.0,0.0,60.0,60.0,0.01708387685915719,0.029778343566055302,0.01690466852090013,0.022097477760838067,0.045046699922707066,0.03697354214603311
2022-03-18,3345321.751304614,3416014.5204108874,3316086.892628813,3413043.4033203125,44566000,0.0,15.770000457763672,4.421999931335449,0.0,6061.47998046875,19692.330078125,0.0,0.0,1.0,0.0,15.770000457763672,4.421999931335449,0.0,-0.9510565162951536,0.30901699437494723,1.0,6.123233995736766e-17,0,30.0,3403888.9931623666,0.0,0.0,0.0,60.0,60.0,-0.0001761981900750125,0.02172630818716445,0.027493133752057388,0.036352500503902,0.01579431986311921,0.012881454378973688
2022-03-21,3413996.4544083225,3436223.5960898926,3362070.763253187,3412442.03125,26832000,0.0,15.770000457763672,4.421999931335449,0.0,6061.47998046875,19692.330078125,0.0,0.0,1.0,0.0,15.770000457763672,4.421999931335449,0.0,0.0,1.0,1.0,6.123233995736766e-17,0,30.0,3404155.2212627726,0.0,0.0,0.0,60.0,60.0,0.02767420808750918,0.03635890687748692,0.015973332525474677,0.012883724467906359,0.040194397017916376,0.028423640225159544
2022-03-22,3412442.1903609317,3536514.8523999727,3412442.1903609317,3506878.662109375,35496000,0.0,15.770000457763672,4.421999931335449,0.0,6061.47998046875,19692.330078125,0.0,0.0,1.0,0.0,15.770000457763672,4.421999931335449,0.0,0.9510565162951535,0.30901699437494745,1.0,6.123233995736766e-17,0,30.0,3407352.6659886753,0.0,0.0,0.0,60.0,60.0,-0.011385783033136258,0.012536779036113822,0.01218303313625739,0.027658220865594784,0.012905156056647875,0.01642620785960065
2022-03-23,3477656.2254069312,3499870.7417134927,3455905.778820165,3466950.1025390625,25154000,0.0,15.770000457763672,4.421999931335449,0.0,6061.47998046875,19692.330078125,0.0,0.0,1.0,0.0,15.770000457763672,4.421999931335449,0.0,0.5877852522924732,-0.8090169943749473,1.0,6.123233995736766e-17,0,30.0,3409207.739257297,0.0,0.0,0.0,60.0,60.0,0.023840256153410774,0.02797675816402085,0.02457069569999752,0.016615387051581536,0.02299766381734049,0.015845248412212916
2022-03-24,3490130.2257662388,3550781.4280318148,3453787.403446352,3549603.0810546875,26396000,0.0,15.770000457763672,4.421999931335449,0.0,6061.47998046875,19692.330078125,0.0,0.0,1.0,0.0,15.770000457763672,4.421999931335449,0.0,-0.587785252292473,-0.8090169943749475,1.0,6.123233995736766e-17,0,30.0,3413577.78704261,0.0,0.0,0.0,60.0,60.0,0.0007134311648684542,0.01622849556043625,-0.00082297246177438,0.015476289701426515,0.006593777510976136,0.012396553671840746
2022-03-25,3558228.0681697843,3561211.811134481,3503607.093292274,3552135.478515625,24126000,0.0,15.770000457763672,4.421999931335449,0.0,6061.47998046875,19692.330078125,0.0,0.0,1.0,0.0,15.770000457763672,4.421999931335449,0.0,-0.9510565162951536,0.30901699437494723,1.0,6.123233995736766e-17,0,30.0,3417890.6347839083,0.0,0.0,0.0,60.0,60.0,-0.0015353082898611663,0.015465256305605418,0.005876154114632733,0.012387715889263807,0.0018740143696515878,0.00790904815687562
2022-03-28,3532766.267199367,3560396.589152551,3505461.9035450723,3546681.85546875,35050000,0.0,15.770000457763672,4.421999931335449,0.0,6061.47998046875,19692.330078125,0.0,0.0,1.0,0.0,15.770000457763672,4.421999931335449,0.0,0.0,1.0,1.0,6.123233995736766e-17,0,30.0,3421899.4842337263,0.0,0.0,0.0,60.0,60.0,0.007422858781115014,0.012406764097032334,0.0034145650695703357,0.007921209655725785,-0.016881405232468855,0.021798351449629914
2022-03-29,3576569.048011582,3605302.3518909826,3561299.506782957,3573008.3740234375,34318000,0.0,15.770000457763672,4.421999931335449,0.0,6061.47998046875,19692.330078125,0.0,0.0,1.0,0.0,15.770000457763672,4.421999931335449,0.0,0.9510565162951535,0.30901699437494745,1.0,6.123233995736766e-17,1,30.0,3426603.009726186,0.0,0.0,0.0,60.0,60.0,-0.003978759938397991,0.007862844868647996,-0.024125186163623184,0.021637737579236413,-0.016525661835634052,0.015181856137763563
2022-03-30,3571867.6743509015,3578399.0832306803,3550305.072671354,3558792.2314453125,19884000,0.0,15.770000457763672,4.421999931335449,0.0,6061.47998046875,19692.330078125,0.0,0.0,1.0,0.0,15.770000457763672,4.421999931335449,0.0,0.5877852522924732,-0.8090169943749473,1.0,6.123233995736766e-17,1,30.0,3430717.6278340253,0.0,0.0,0.0,60.0,60.0,-0.020226904221419185,0.021724172847858308,-0.012597022425405365,0.015242502395656337,0.007277826788719629,0.023964637422177176
2022-03-31,3561663.386435203,3563042.588247969,3485730.7706824355,3486808.8818359375,37524000,0.0,15.770000457763672,4.421999931335449,0.0,6061.47998046875,19692.330078125,0.0,0.0,1.0,0.0,15.770000457763672,4.421999931335449,0.0,-0.587785252292473,-0.8090169943749475,1.0,6.123233995736766e-17,1,30.0,3432463.5651079286,0.0,0.0,0.0,60.0,60.0,0.007787396723677848,0.015557175902593874,0.028072551827198384,0.02445937485467855,0.010954926314999933,0.018753381692208092
2022-04-01,3497652.269303225,3521997.760463094,3467752.8613496455,3513962.0458984375,25942000,0.0,15.770000457763672,4.421999931335449,0.0,6061.47998046875,19692.330078125,0.0,0.0,1.0,0.0,15.770000457763672,4.421999931335449,0.0,-0.9510565162951536,0.30901699437494723,0.8660254037844387,-0.4999999999999998,0,30.0,3435000.3462498477,0.0,0.0,0.0,60.0,60.0,0.02012840721115156,0.0242703718405252,0.003143053387668609,0.018608470152708233,-0.02570449480126104,0.027424131947543832
2022-04-04,3519177.554905475,3603259.123017065,3517973.9575296175,3584692.5048828125,25942000,0.0,15.770000457763672,4.421999931335449,0.0,6061.47998046875,19692.330078125,0.0,0.0,1.0,0.0,15.770000457763672,4.421999931335449,0.0,0.0,1.0,0.8660254037844387,-0.4999999999999998,0,30.0,3439659.7735352395,0.0,0.0,0.0,60.0,60.0,-0.01665021158455715,0.01824130180197654,-0.04492856162854199,0.026883019582325425,-0.04954140089691407,0.020542635771239996
2022-04-05,3582122.3949322635,3585168.4983824324,3519779.0405335817,3525006.6162109375,21418000,0.0,15.770000457763672,4.421999931335449,0.0,6061.47998046875,19692.330078125,0.0,0.0,1.0,0.0,15.770000457763672,4.421999931335449,0.0,0.9510565162951535,0.30901699437494745,0.8660254037844387,-0.4999999999999998,0,30.0,3442316.341595429,0.0,0.0,0.0,60.0,60.0,-0.02875716289068634,0.027338206504975586,-0.033448107377291814,0.020890466457863518,-0.05194859625672107,0.01923663722260197
2022-04-06,3478847.5739232367,3494154.6073103105,3397787.2485049306,3423637.4267578125,32468000,0.0,15.770000457763672,4.421999931335449,0.0,6061.47998046875,19692.330078125,0.0,0.0,1.0,0.0,15.770000457763672,4.421999931335449,0.0,0.5877852522924732,-0.8090169943749473,0.8660254037844387,-0.4999999999999998,0,30.0,3441734.928071496,0.0,0.0,0.0,60.0,60.0,-0.004829836892869154,0.021509004401040734,-0.023878099770659644,0.01980620755964132,-0.05656983219451834,0.02507540203716364
2022-04-07,3410147.9197759684,3439094.701132365,3365455.6686526635,3407101.81640625,26234000,0.0,15.770000457763672,4.421999931335449,0.0,6061.47998046875,19692.330078125,0.0,0.0,1.0,0.0,15.770000457763672,4.421999931335449,0.0,-0.587785252292473,-0.8090169943749475,0.8660254037844387,-0.4999999999999998,0,30.0,3440656.9125832785,0.0,0.0,0.0,60.0,60.0,-0.01914070938211994,0.019902332579789336,-0.051991103853140076,0.02519709991995033,-0.060152301907436555,0.03540405842752508
2022-04-08,3399454.3080274346,3401623.1549789305,3333813.881495609,3341887.470703125,25142000,0.0,15.770000457763672,4.421999931335449,0.0,6061.47998046875,19692.330078125,0.0,0.0,1.0,0.0,15.770000457763672,4.421999931335449,0.0,-0.9510565162951536,0.30901699437494723,0.8660254037844387,-0.4999999999999998,0,30.0,3437582.5429124683,0.0,0.0,0.0,60.0,60.0,-0.03349144447653286,0.025688801809765936,-0.04181190199002129,0.03609494120733947,-0.025460072492423984,0.019454203788724502
2022-04-11,3305181.160804562,3311925.667223145,3226076.5823177123,3229962.8320312505,36884000,0.0,15.770000457763672,4.421999931335449,0.0,6061.47998046875,19692.330078125,0.0,0.0,1.0,0.0,15.770000457763672,4.421999931335449,0.0,0.0,1.0,0.8660254037844387,-0.4999999999999998,0,30.0,3431120.0203949255,0.0,0.0,0.0,60.0,60.0,-0.00860877792124874,0.03734570273699255,0.008309675003092994,0.020128330657340102,-0.016250979891972123,0.030107155686673968
2022-04-12,3299577.204817946,3299577.204817946,3178951.9730413724,3202156.799316406,32710000,0.0,15.770000457763672,4.421999931335449,0.0,6061.47998046875,19692.330078125,0.0,0.0,1.0,0.0,15.770000457763672,4.421999931335449,0.0,0.9510565162951535,0.30901699437494745,0.8660254037844387,-0.4999999999999998,0,30.0,3423993.144215257,0.0,0.0,0.0,60.0,60.0,0.017065364860571475,0.020303115671263434,-0.007708563280093601,0.030368592152294045,-0.0002975442062449702,0.015898701430885506
2022-04-13,3209315.010782084,3267834.8549998896,3202821.095105846,3256802.7734375,27928000,0.0,15.770000457763672,4.421999931335449,0.0,6061.47998046875,19692.330078125,0.0,0.0,1.0,0.0,15.770000457763672,4.421999931335449,0.0,0.5877852522924732,-0.8090169943749473,0.8660254037844387,-0.4999999999999998,0,30.0,3418789.05481892,0.0,0.0,0.0,60.0,60.0,-0.024358245788913782,0.029859036795002104,-0.017071576387026718,0.015631936727159165,0.0008853538430634214,0.02566320291985718
2022-04-14,3271483.240759201,3271483.240759201,3174238.2469130657,3177472.7709960933,31598000,0.0,15.770000457763672,4.421999931335449,0.0,6061.47998046875,19692.330078125,0.0,0.0,1.0,0.0,15.770000457763672,4.421999931335449,0.0,-0.587785252292473,-0.8090169943749475,0.8660254037844387,-0.4999999999999998,0,30.0,3411277.6682003974,0.0,0.0,0.0,60.0,60.0,0.007468591181585028,0.016022209647842827,0.025873841010822088,0.02630392027513081,0.010336886622935233,0.030766212309820847
2022-04-18,3184242.3241513176,3214642.9098439207,3163732.7749567092,3201204.0161132812,20808000,0.0,15.770000457763672,4.421999931335449,0.0,6061.47998046875,19692.330078125,0.0,0.0,1.0,0.0,15.770000457763672,4.421999931335449,0.0,0.0,1.0,0.8660254037844387,-0.4999999999999998,0,30.0,3404738.762519462,0.0,0.0,0.0,60.0,60.0,0.018268807574091127,0.026108923400064408,0.002847032122347551,0.03053813546061763,-0.022416085183220382,0.04364153402821303
2022-04-19,3201579.922721161,3267809.5206679623,3184229.530223282,3259686.1962890625,26490000,0.0,15.770000457763672,4.421999931335449,0.0,6061.47998046875,19692.330078125,0.0,0.0,1.0,0.0,15.770000457763672,4.421999931335449,0.0,0.9510565162951535,0.30901699437494745,0.8660254037844387,-0.4999999999999998,0,30.0,3400223.7505703913,0.0,0.0,0.0,60.0,60.0,-0.01514509266809831,0.029990249365853837,-0.039954963222568515,0.04285855925625768,-0.07979070170063596,0.04981960460974202
2022-04-20,3281825.626655251,3294537.6184764216,3196778.816595281,3210317.9467773438,31696000,0.0,15.770000457763672,4.421999931335449,0.0,6061.47998046875,19692.330078125,0.0,0.0,1.0,0.0,15.770000457763672,4.421999931335449,0.0,0.5877852522924732,-0.8090169943749473,0.8660254037844387,-0.4999999999999998,0,30.0,3394312.604041887,0.0,0.0,0.0,60.0,60.0,-0.02519139659026864,0.043517637915179826,-0.06563972880804432,0.05058573018101694,-0.038784698414029824,0.03722660986662723
2022-04-21,3240655.8648277232,3261929.9991763113,3122224.5451758513,3129445.5541992188,36446000,0.0,15.770000457763672,4.421999931335449,0.0,6061.47998046875,19692.330078125,0.0,0.0,1.0,0.0,15.770000457763672,4.421999931335449,0.0,-0.587785252292473,-0.8090169943749475,0.8660254037844387,-0.4999999999999998,0,30.0,3386068.159106971,0.0,0.0,0.0,60.0,60.0,-0.04149361431186963,0.051892986996704575,-0.01394458540498503,0.03818863491398644,-0.04938923296490893,0.032039552723733204
2022-04-22,3134096.480908195,3144175.745903039,2981779.468452084,2999593.5473632812,56884000,0.0,15.770000457763672,4.421999931335449,0.0,6061.47998046875,19692.330078125,0.0,0.0,1.0,0.0,15.770000457763672,4.421999931335449,0.0,-0.9510565162951536,0.30901699437494723,0.8660254037844387,-0.4999999999999998,0,30.0,3374038.468523879,0.0,0.0,0.0,60.0,60.0,0.028741622714497223,0.03984181585453922,-0.008237418937351032,0.03342654071180901,-0.044643877316591224,0.03766017083015692
2022-04-25,2986192.606266211,3090909.014176697,2971399.760424185,3085806.733398437,46128000,0.0,15.770000457763672,4.421999931335449,0.0,6061.47998046875,19692.330078125,0.0,0.0,1.0,0.0,15.770000457763672,4.421999931335449,0.0,0.0,1.0,0.8660254037844387,-0.4999999999999998,0,30.0,3365066.7573572826,0.0,0.0,0.0,60.0,60.0,-0.03594589820743639,0.032492649246180796,-0.07133521032953757,0.03660799757550843,-0.03698187960714821,0.04496887887144145
2022-04-26,3066262.3808132894,3071665.560486649,2971399.524656831,2974884.638671875,73054000,0.0,15.770000457763672,4.421999931335449,0.0,6061.47998046875,19692.330078125,0.0,0.0,1.0,0.0,15.770000457763672,4.421999931335449,0.0,0.9510565162951535,0.30901699437494745,0.8660254037844387,-0.4999999999999998,0,30.0,3352921.664209602,0.0,0.0,0.0,60.0,60.0,-0.0367088445101766,0.03797297009310937,-0.001074609192352906,0.04664559674381993,-0.03826814621064596,0.034601759912286784
2022-04-27,2870067.6814607265,2939581.9204540937,2826616.715039356,2865680.0610351562,91820000,0.0,15.770000457763672,4.421999931335449,0.0,6061.47998046875,19692.330078125,0.0,0.0,1.0,0.0,15.770000457763672,4.421999931335449,0.0,0.5877852522924732,-0.8090169943749473,0.8660254037844387,-0.4999999999999998,0,30.0,3337755.4267717707,0.0,0.0,0.0,60.0,60.0,0.036992175330109886,0.04842315480422026,-0.0016187231571502154,0.03592035462496503,0.02002280655810702,0.03627033722512805
2022-04-28,2918846.9755873494,2999944.788729819,2861179.5195149463,2971687.8002929688,48884000,0.0,15.770000457763672,4.421999931335449,0.0,6061.47998046875,19692.330078125,0.0,0.0,1.0,0.0,15.770000457763672,4.421999931335449,0.0,-0.587785252292473,-0.8090169943749475,0.8660254037844387,-0.4999999999999998,0,30.0,3326360.9388928423,0.0,0.0,0.0,60.0,60.0,-0.037233548531809255,0.03463898328213553,-0.016364027786999396,0.03497648110370936,-0.010027689515270902,0.020312608053871566
2022-04-29,2926857.3429104746,2956581.140782084,2853644.8967480096,2861041.318359375,42676000,0.0,15.770000457763672,4.421999931335449,0.0,6061.47998046875,19692.330078125,0.0,0.0,1.0,0.0,15.770000457763672,4.421999931335449,0.0,-0.9510565162951536,0.30901699437494723,0.8660254037844387,-0.4999999999999998,0,30.0,3311877.061072242,0.0,0.0,0.0,60.0,60.0,0.021676618159039977,0.03632914405188428,0.028258004810045277,0.021098167705049787,0.07143590017389816,0.06781646876013077
2022-05-02,2843377.7129630307,2927133.305796696,2823194.123603625,2923059.0185546875,35534000,0.0,15.770000457763672,4.421999931335449,0.0,6061.47998046875,19692.330078125,0.0,0.0,1.0,0.0,15.770000457763672,4.421999931335449,0.0,0.0,1.0,0.49999999999999994,-0.8660254037844387,0,30.0,3299774.427154049,0.0,0.0,0.0,60.0,60.0,0.006441751268482887,0.02065053396549937,0.04870355367877507,0.06637762630051114,-0.0006647749009501894,0.051752833218276006
2022-05-03,2919235.3023642316,2969669.312081097,2909306.5825352743,2941888.6376953125,24968000,0.0,15.770000457763672,4.421999931335449,0.0,6061.47998046875,19692.330078125,0.0,0.0,1.0,0.0,15.770000457763672,4.421999931335449,0.0,0.9510565162951535,0.30901699437494745,0.49999999999999994,-0.8660254037844387,0,30.0,3288634.613100417,0.0,0.0,0.0,60.0,60.0,0.04199130486888777,0.06595277492895259,-0.00706104070153714,0.05142158813766281,-0.013529612996253753,0.03030664869080891
2022-05-04,2934304.3168121343,3080303.0269654975,2886277.3077775356,3065422.3803710933,49916000,0.0,15.770000457763672,4.421999931335449,0.0,6061.47998046875,19692.330078125,0.0,0.0,1.0,0.0,15.770000457763672,4.421999931335449,0.0,0.5877852522924732,-0.8090169943749473,0.49999999999999994,-0.8660254037844387,0,30.0,3281686.7463777363,0.0,0.0,0.0,60.0,60.0,-0.04707558051705345,0.04934934475689614,-0.05328347521299867,0.02908531822597344,-0.07974740576934158,0.025163379669994407
2022-05-05,3013847.5288121686,3034783.270363727,2883506.684489289,2921115.8422851562,45840000,0.0,15.770000457763672,4.421999931335449,0.0,6061.47998046875,19692.330078125,0.0,0.0,1.0,0.0,15.770000457763672,4.421999931335449,0.0,-0.587785252292473,-0.8090169943749475,0.49999999999999994,-0.8660254037844387,0,30.0,3270463.353488021,0.0,0.0,0.0,60.0,60.0,-0.006514571952425784,0.030522166953970004,-0.034285851620861764,0.026406480047649495,-0.018114968137915653,0.028749740178961498
2022-05-06,2887995.2115807487,2947843.9539722386,2858685.1685421243,2902086.0229492188,39710000,0.0,15.770000457763672,4.421999931335449,0.0,6061.47998046875,19692.330078125,0.0,0.0,1.0,0.0,15.770000457763672,4.421999931335449,0.0,-0.9510565162951536,0.30901699437494723,0.49999999999999994,-0.8660254037844387,0,30.0,3258996.972076281,0.0,0.0,0.0,60.0,60.0,-0.02795338399981657,0.02657963499227589,-0.011676463346107951,0.028938260559554764,-0.018523317138268432,0.02702455863054102
2022-05-09,2839491.6380329016,2885299.6830773926,2808163.295871217,2820962.8979492188,40802000,0.0,15.770000457763672,4.421999931335449,0.0,6061.47998046875,19692.330078125,0.0,0.0,1.0,0.0,15.770000457763672,4.421999931335449,0.0,0.0,1.0,0.49999999999999994,-0.8660254037844387,0,30.0,3245362.4040697943,0.0,0.0,0.0,60.0,60.0,0.016745000070763634,0.029770445247400874,0.009701249617380862,0.027801710520574376,0.0029596974789756745,0.03973386604611099
2022-05-10,2896093.459702477,2914710.0022068857,2830728.680708539,2868199.921875,39900000,0.0,15.770000457763672,4.421999931335449,0.0,6061.47998046875,19692.330078125,0.0,0.0,1.0,0.0,15.770000457763672,4.421999931335449,0.0,0.9510565162951535,0.30901699437494745,0.49999999999999994,-0.8660254037844387,0,30.0,3233622.569621462,0.0,0.0,0.0,60.0,60.0,-0.006927745356891392,0.02734383795213099,-0.013558269370224123,0.039079480148262916,0.01447172066680885,0.03732677481323462
2022-05-11,2839153.1954531237,2917580.7893311884,2839153.1954531237,2848329.763183594,37534000,0.0,15.770000457763672,4.421999931335449,0.0,6061.47998046875,19692.330078125,0.0,0.0,1.0,0.0,15.770000457763672,4.421999931335449,0.0,0.5877852522924732,-0.8090169943749473,0.49999999999999994,-0.8660254037844387,0,30.0,3221629.6647720933,0.0,0.0,0.0,60.0,60.0,-0.006676779038314404,0.03935210148662077,0.021548750278388158,0.037587169149790774,0.00741614549084971,0.020074334190915463
2022-05-12,2792542.889254657,2865692.598754169,2753604.8368460056,2829312.094726563,53836000,0.0,15.770000457763672,4.421999931335449,0.0,6061.47998046875,19692.330078125,0.0,0.0,1.0,0.0,15.770000457763672,4.421999931335449,0.0,-0.587785252292473,-0.8090169943749475,0.49999999999999994,-0.8660254037844387,0,30.0,3209418.1020082026,0.0,0.0,0.0,60.0,60.0,0.02841525167344424,0.0378398172484086,0.014187652348970613,0.02020926700120883,0.032159428515568855,0.01798942576916771
2022-05-13,2871659.732423761,2955453.008631731,2848392.3560285657,2909707.709960938,35038000,0.0,15.770000457763672,4.421999931335449,0.0,6061.47998046875,19692.330078125,0.0,0.0,1.0,0.0,15.770000457763672,4.421999931335449,0.0,-0.9510565162951536,0.30901699437494723,0.49999999999999994,-0.8660254037844387,0,30.0,3200089.097796001,0.0,0.0,0.0,60.0,60.0,-0.013834488842247705,0.019650882236843702,0.0036407247325747705,0.01749237551649997,-0.03576878650419001,0.033127869982740886
2022-05-16,2882252.992281251,2912703.8846641663,2855525.5611120877,2869453.3911132812,25990000,0.0,15.770000457763672,4.421999931335449,0.0,6061.47998046875,19692.330078125,0.0,0.0,1.0,0.0,15.770000457763672,4.421999931335449,0.0,0.0,1.0,0.49999999999999994,-0.8660254037844387,0,30.0,3189797.489689663,0.0,0.0,0.0,60.0,60.0,0.01772036577745117,0.017737768476575527,-0.022242004423975018,0.03359260652286346,-0.03548421983669243,0.026300863241840625
2022-05-17,2929515.4067536425,2931007.278104557,2880109.5781986653,2920301.1547851562,23054000,0.0,15.770000457763672,4.421999931335449,0.0,6061.47998046875,19692.330078125,0.0,0.0,1.0,0.0,15.770000457763672,4.421999931335449,0.0,0.9510565162951535,0.30901699437494745,0.49999999999999994,-0.8660254037844387,0,30.0,3181408.95025223,0.0,0.0,0.0,60.0,60.0,-0.03926655252781383,0.03300769804012085,-0.05227819684388438,0.02584291729462348,-0.06495063438469602,0.0548367560298376
2022-05-18,2883369.1871576607,2893398.33563188,2797005.9169285153,2805630.9960937495,35126000,0.0,15.770000457763672,4.421999931335449,0.0,6061.47998046875,19692.330078125,0.0,0.0,1.0,0.0,15.770000457763672,4.421999931335449,0.0,0.5877852522924732,-0.8090169943749473,0.49999999999999994,-0.8660254037844387,0,30.0,3169712.211633156,0.0,0.0,0.0,60.0,60.0,-0.013543448862226942,0.02689915435193761,-0.026733827082277947,0.057078012818352675,-0.0036775442121985903,0.030442507182283748
2022-05-19,2793896.8215152826,2833474.1651059752,2758005.063887469,2767633.076171875,34144000,0.0,15.770000457763672,4.421999931335449,0.0,6061.47998046875,19692.330078125,0.0,0.0,1.0,0.0,15.770000457763672,4.421999931335449,0.0,-0.587785252292473,-0.8090169943749475,0.49999999999999994,-0.8660254037844387,0,30.0,3157196.803265984,0.0,0.0,0.0,60.0,60.0,-0.013371474095678418,0.05786165924137179,0.010001357524210342,0.030860464302428267,-0.039987659631048895,0.04143721162785052
2022-05-20,2806922.179110173,2812751.74475161,2652611.9027930032,2730625.7421875,48962000,0.0,15.770000457763672,4.421999931335449,0.0,6061.47998046875,19692.330078125,0.0,0.0,1.0,0.0,15.770000457763672,4.421999931335449,0.0,-0.9510565162951536,0.30901699437494723,0.49999999999999994,-0.8660254037844387,0,30.0,3143919.0413624966,0.0,0.0,0.0,60.0,60.0,0.023689596445091377,0.031278706719068614,-0.026976906542383494,0.04199879746013841,-0.028491904378201944,0.024272793238390208
2022-05-23,2747662.425399834,2811848.6601704326,2726438.2184210108,2795313.1640625,37184000,0.0,15.770000457763672,4.421999931335449,0.0,6061.47998046875,19692.330078125,0.0,0.0,1.0,0.0,15.770000457763672,4.421999931335449,0.0,0.0,1.0,0.49999999999999994,-0.8660254037844387,0,30.0,3133068.080621646,0.0,0.0,0.0,60.0,60.0,-0.04949400986726987,0.04102688706223571,-0.05097394855286314,0.023711087152473713,-0.0331468592649999,0.030716311480280447
2022-05-24,2651997.5464278595,2669210.0196511983,2554527.0221656254,2656961.9067382812,76780000,0.0,15.770000457763672,4.421999931335449,0.0,6061.47998046875,19692.330078125,0.0,0.0,1.0,0.0,15.770000457763672,4.421999931335449,0.0,0.9510565162951535,0.30901699437494745,0.49999999999999994,-0.8660254037844387,0,30.0,3118248.452675903,0.0,0.0,0.0,60.0,60.0,-0.0015570009036835288,0.02494575247144172,0.017198366735160963,0.03231574740101446,0.05988954723133805,0.030003815459581994
2022-05-25,2632277.780283328,2670250.585937931,2603970.671886388,2652825.014648437,40258000,0.0,15.770000457763672,4.421999931335449,0.0,6061.47998046875,19692.330078125,0.0,0.0,1.0,0.0,15.770000457763672,4.421999931335449,0.0,0.5877852522924732,-0.8090169943749473,0.49999999999999994,-0.8660254037844387,0,30.0,3103761.343356281,0.0,0.0,0.0,60.0,60.0,0.01878461530184481,0.03236614151259832,0.06154236966019733,0.03005060427759845,0.07520433106685781,0.034558872943693225
2022-05-26,2649615.8187768687,2724144.546541366,2638282.836709094,2702657.3120117188,37948000,0.0,15.770000457763672,4.421999931335449,0.0,6061.47998046875,19692.330078125,0.0,0.0,1.0,0.0,15.770000457763672,4.421999931335449,0.0,-0.587785252292473,-0.8090169943749475,0.49999999999999994,-0.8660254037844387,0,30.0,3091276.286790894,0.0,0.0,0.0,60.0,60.0,0.04196937577986911,0.02949652343218304,0.05537943439428264,0.03392166746987453,0.056585477598461116,0.03573069729011979
2022-05-27,2745042.545496749,2816123.8364902823,2736404.841757368,2816086.1523437495,37914000,0.0,15.770000457763672,4.421999931335449,0.0,6061.47998046875,19692.330078125,0.0,0.0,1.0,0.0,15.770000457763672,4.421999931335449,0.0,-0.9510565162951536,0.30901699437494723,0.49999999999999994,-0.8660254037844387,0,30.0,3082710.5179969682,0.0,0.0,0.0,60.0,60.0,0.012869916262535721,0.03255534016485429,0.014027381378317846,0.034291504261703375,0.04724149352175679,0.04409855515184215
2022-05-31,2826867.4698287835,2901797.5177631136,2810118.875140027,2852328.9453125,50012000,0.0,15.770000457763672,4.421999931335449,0.0,6061.47998046875,19692.330078125,0.0,0.0,1.0,0.0,15.770000457763672,4.421999931335449,0.0,0.9510565162951535,0.30901699437494745,0.49999999999999994,-0.8660254037844387,0,30.0,3075539.4931709487,0.0,0.0,0.0,60.0,60.0,0.0011427579170809445,0.03385578316733718,0.03393483872642927,0.04353822188200109,0.006847621819346337,0.0246391710248541
2022-06-01,2879733.6763020735,2936059.6182812243,2839491.7879868047,2855588.466796875,36606000,0.0,15.770000457763672,4.421999931335449,0.0,6061.47998046875,19692.330078125,0.0,0.0,1.0,0.0,15.770000457763672,4.421999931335449,0.0,0.5877852522924732,-0.8090169943749473,1.2246467991473532e-16,-1.0,0,30.0,3068693.137135359,0.0,0.0,0.0,60.0,60.0,0.032754650173541296,0.04348852502572577,0.0056983520653284235,0.02461104655655395,0.025712962670282575,0.02794751685254717
2022-06-02,2858296.2064046636,2956067.4371047397,2831882.10660327,2949122.268066406,37992000,0.0,15.770000457763672,4.421999931335449,0.0,6061.47998046875,19692.330078125,0.0,0.0,1.0,0.0,15.770000457763672,4.421999931335449,0.0,-0.587785252292473,-0.8090169943749475,1.2246467991473532e-16,-1.0,0,30.0,3064971.2870734334,0.0,0.0,0.0,60.0,60.0,-0.02619818570041433,0.02383048728216172,-0.006818354680925866,0.027061138720460804,-0.004021283871785553,0.02243618467225825
2022-06-03,2910008.8316843975,2916502.747482966,2846223.7267802698,2871860.615234375,26136000,0.0,15.770000457763672,4.421999931335449,0.0,6061.47998046875,19692.330078125,0.0,0.0,1.0,0.0,15.770000457763672,4.421999931335449,0.0,-0.9510565162951536,0.30901699437494723,1.2246467991473532e-16,-1.0,0,30.0,3058960.3834851333,0.0,0.0,0.0,60.0,60.0,0.01990120652365754,0.027789164410136916,0.02277352691582289,0.023039785244593783,0.02316197418249446,0.017203487695077374
2022-06-06,2926105.540675278,2992360.392564641,2912553.785764896,2929014.1064453125,33542000,0.0,15.770000457763672,4.421999931335449,0.0,6061.47998046875,19692.330078125,0.0,0.0,1.0,0.0,15.770000457763672,4.421999931335449,0.0,0.0,1.0,1.2246467991473532e-16,-1.0,0,30.0,3054915.580908941,0.0,0.0,0.0,60.0,60.0,0.002816273158412742,0.022590212755140372,0.00319714070145213,0.016867798160290073,-0.01699186810920452,0.030157400363295152
2022-06-07,2895416.5808316995,2950840.0158841684,2884672.9640567615,2937263.0102539067,31590000,0.0,15.770000457763672,4.421999931335449,0.0,6061.47998046875,19692.330078125,0.0,0.0,1.0,0.0,15.770000457763672,4.421999931335449,0.0,0.9510565162951535,0.30901699437494745,1.2246467991473532e-16,-1.0,0,30.0,3051253.4412022736,0.0,0.0,0.0,60.0,60.0,0.00037979792832821635,0.016820427242533888,-0.019752512796018633,0.03007270740463069,-0.051114142869815915,0.024865681349308815
2022-06-08,2927534.533430504,2972891.3238163427,2923485.305060181,2938378.5766601562,26108000,0.0,15.770000457763672,4.421999931335449,0.0,6061.47998046875,19692.330078125,0.0,0.0,1.0,0.0,15.770000457763672,4.421999931335449,0.0,0.5877852522924732,-0.8090169943749473,1.2246467991473532e-16,-1.0,0,30.0,3047740.0158599885,0.0,0.0,0.0,60.0,60.0,-0.020124667417353442,0.030061290188894075,-0.05147439093110654,0.02485624100047081,-0.09216763970440323,0.02280400938994997
2022-06-09,2916653.1838065027,2966084.264722995,2877752.8136451845,2879244.685058594,25798000,0.0,15.770000457763672,4.421999931335449,0.0,6061.47998046875,19692.330078125,0.0,0.0,1.0,0.0,15.770000457763672,4.421999931335449,0.0,-0.587785252292473,-0.8090169943749475,1.2246467991473532e-16,-1.0,0,30.0,3042495.3073263764,0.0,0.0,0.0,60.0,60.0,-0.03199358374613327,0.025366738169597034,-0.07352258995760912,0.023272357851733746,-0.07070988550164711,0.01850034494320693
2022-06-10,2819308.2535184585,2840218.9392524115,2767181.8932003262,2787127.329101563,41452000,0.0,15.770000457763672,4.421999931335449,0.0,6061.47998046875,19692.330078125,0.0,0.0,1.0,0.0,15.770000457763672,4.421999931335449,0.0,-0.9510565162951536,0.30901699437494723,1.2246467991473532e-16,-1.0,0,30.0,3034546.5374213774,0.0,0.0,0.0,60.0,60.0,-0.042901581553757555,0.024041532639624986,-0.03999591439212136,0.01911179991430458,-0.012567327067166035,0.03377066325678818
2022-06-13,2677433.7612711224,2727704.604370669,2660697.791717283,2667555.158691406,47252000,0.0,15.770000457763672,4.421999931335449,0.0,6061.47998046875,19692.330078125,0.0,0.0,1.0,0.0,15.770000457763672,4.421999931335449,0.0,0.0,1.0,1.2246467991473532e-16,-1.0,0,30.0,3023123.2961562774,0.0,0.0,0.0,60.0,60.0,0.00303591261424637,0.019968479255592912,0.03169397619090864,0.03528442070943092,-0.00337428864212647,0.032995728623824966
2022-06-14,2671128.082198935,2705966.597770419,2652699.57792094,2675653.623046875,33706000,0.0,15.770000457763672,4.421999931335449,0.0,6061.47998046875,19692.330078125,0.0,0.0,1.0,0.0,15.770000457763672,4.421999931335449,0.0,0.9510565162951535,0.30901699437494745,1.2246467991473532e-16,-1.0,0,30.0,3012307.701735585,0.0,0.0,0.0,60.0,60.0,0.028571323535136237,0.03517762451542532,-0.006390799348017078,0.032895859668500886,0.0040106666620533075,0.034235920596633496
2022-06-15,2721524.2073543663,2793696.2347382973,2699573.096253417,2752100.5883789067,39698000,0.0,15.770000457763672,4.421999931335449,0.0,6061.47998046875,19692.330078125,0.0,0.0,1.0,0.0,15.770000457763672,4.421999931335449,0.0,0.5877852522924732,-0.8090169943749473,1.2246467991473532e-16,-1.0,0,30.0,3004208.305381766,0.0,0.0,0.0,60.0,60.0,-0.033990956274175185,0.03198208905478703,-0.0238784188428173,0.03328492620129321,0.01621200299752196,0.03543498678981179
2022-06-16,2688327.977401318,2724119.3095174376,2636101.3834121716,2658554.0576171875,51684000,0.0,15.770000457763672,4.421999931335449,0.0,6061.47998046875,19692.330078125,0.0,0.0,1.0,0.0,15.770000457763672,4.421999931335449,0.0,-0.587785252292473,-0.8090169943749475,1.2246467991473532e-16,-1.0,0,30.0,2993449.219214168,0.0,0.0,0.0,60.0,60.0,0.010468367244632184,0.03445612276352583,0.05196945059444586,0.03668183752518681,0.05143651764518795,0.027953398184452437
2022-06-17,2658553.983548095,2725398.0078314827,2633794.542848755,2686384.7778320312,51376000,0.0,15.770000457763672,4.421999931335449,0.0,6061.47998046875,19692.330078125,0.0,0.0,1.0,0.0,15.770000457763672,4.421999931335449,0.0,-0.9510565162951536,0.30901699437494723,1.2246467991473532e-16,-1.0,0,30.0,2983891.3074997836,0.0,0.0,0.0,60.0,60.0,0.041071135618999895,0.03630181677553318,0.04054372381024519,0.02766380333179196,0.047585741214260506,0.02092517872717741
2022-06-21,2731164.830544371,2820424.041820751,2722903.393827311,2796717.6513671875,47416000,0.0,15.770000457763672,4.421999931335449,0.0,6061.47998046875,19692.330078125,0.0,0.0,1.0,0.0,15.770000457763672,4.421999931335449,0.0,0.9510565162951535,0.30901699437494745,1.2246467991473532e-16,-1.0,0,30.0,2978065.2037916454,0.0,0.0,0.0,60.0,60.0,-0.0005066049674320452,0.026572442924703336,0.006257598902103039,0.02009966275237832,0.0576542107313911,0.045959462128361606
2022-06-22,2771958.075071751,2841910.94250455,2767595.322337085,2795300.8203125,30774000,0.0,15.770000457763672,4.421999931335449,0.0,6061.47998046875,19692.330078125,0.0,0.0,1.0,0.0,15.770000457763672,4.421999931335449,0.0,0.5877852522924732,-0.8090169943749473,1.2246467991473532e-16,-1.0,0,30.0,2972376.3463193676,0.0,0.0,0.0,60.0,60.0,0.0067676323857194425,0.020109850502537222,0.05819029519142345,0.04598275722158628,0.03898205656980037,0.03049670832837192
2022-06-23,2813955.173499193,2826767.4015776296,2770554.3199715256,2814218.388671875,28362000,0.0,15.770000457763672,4.421999931335449,0.0,6061.47998046875,19692.330078125,0.0,0.0,1.0,0.0,15.770000457763672,4.421999931335449,0.0,-0.587785252292473,-0.8090169943749475,1.2246467991473532e-16,-1.0,0,30.0,2967453.4064005744,0.0,0.0,0.0,60.0,60.0,0.051076992497115385,0.045673654716751035,0.03199787433346757,0.030291705203219943,-0.0020892061701898433,0.048658276331590436
2022-06-24,2833097.904372232,2960567.866390111,2832032.2274083802,2957960.2001953125,41164000,0.0,15.770000457763672,4.421999931335449,0.0,6061.47998046875,19692.330078125,0.0,0.0,1.0,0.0,15.770000457763672,4.421999931335449,0.0,-0.9510565162951536,0.30901699437494723,1.2246467991473532e-16,-1.0,0,30.0,2967157.913941767,0.0,0.0,0.0,60.0,60.0,-0.018151970121922514,0.028819682496573223,-0.05058259199546806,0.04629373174270483,-0.05317647577387796,0.019393957392401236
2022-06-27,2965432.402480244,2973117.099414472,2887869.625607343,2904267.3950195312,36420000,0.0,15.770000457763672,4.421999931335449,0.0,6061.47998046875,19692.330078125,0.0,0.0,1.0,0.0,15.770000457763672,4.421999931335449,0.0,0.0,1.0,1.2246467991473532e-16,-1.0,0,30.0,2965200.337789918,0.0,0.0,0.0,60.0,60.0,-0.03303018480117811,0.047149589685945015,-0.035672023150369485,0.019752504259553803,-0.059313690494966986,0.03572369060716165
2022-06-28,2903490.0437723487,2941274.811493338,2804339.795479899,2808338.90625,35792000,0.0,15.770000457763672,4.421999931335449,0.0,6061.47998046875,19692.330078125,0.0,0.0,1.0,0.0,15.770000457763672,4.421999931335449,0.0,0.9510565162951535,0.30901699437494745,1.2246467991473532e-16,-1.0,1,30.0,2960317.754488178,0.0,0.0,0.0,60.0,60.0,-0.0027320794379172876,0.020427219080765644,-0.02718130936526146,0.03694395631141431,-0.029194467520251767,0.022494035465921252
2022-06-29,2796917.9722741456,2837247.467235524,2779880.9131445177,2800666.3012695312,24716000,0.0,15.770000457763672,4.421999931335449,0.0,6061.47998046875,19692.330078125,0.0,0.0,1.0,0.0,15.770000457763672,4.421999931335449,0.0,0.5877852522924732,-0.8090169943749473,1.2246467991473532e-16,-1.0,1,30.0,2955348.3269371777,0.0,0.0,0.0,60.0,60.0,-0.024516210161020756,0.03704516664949161,-0.026534883491910258,0.022555659318955236,0.01397934552782905,0.0684458228943023
2022-06-30,2758005.1082488596,2780269.743547107,2676518.593686962,2732004.5776367188,43170000,0.0,15.770000457763672,4.421999931335449,0.0,6061.47998046875,19692.330078125,0.0,0.0,1.0,0.0,15.770000457763672,4.421999931335449,0.0,-0.587785252292473,-0.8090169943749475,1.2246467991473532e-16,-1.0,1,30.0,2948396.3665338014,0.0,0.0,0.0,60.0,60.0,-0.002069407356551482,0.023122536277797548,0.039463039867842574,0.07016602798248496,0.05147623443117418,0.03775137184116544
2022-07-01,2706179.789601046,2739200.6679332573,2676029.7929757433,2726350.947265625,35476000,0.0,15.770000457763672,4.421999931335449,0.0,6061.47998046875,19692.330078125,0.0,0.0,1.0,0.0,15.770000457763672,4.421999931335449,0.0,-0.9510565162951536,0.30901699437494723,-0.4999999999999997,-0.8660254037844388,0,30.0,2941484.818897755,0.0,0.0,0.0,60.0,60.0,0.0416185730055409,0.07031153118236415,0.05365667931462748,0.037829656811266495,0.09238291203804971,0.0400597291912815
2022-07-05,2685306.842469378,2842676.0398212853,2650982.1301785503,2839817.783203125,39342000,0.0,15.770000457763672,4.421999931335449,0.0,6061.47998046875,19692.330078125,0.0,0.0,1.0,0.0,15.770000457763672,4.421999931335449,0.0,0.9510565162951535,0.30901699437494745,-0.4999999999999997,-0.8660254037844388,0,30.0,2938320.256608945,0.0,0.0,0.0,60.0,60.0,0.011557115647766531,0.036318147344580096,0.04873601560889101,0.03845911567771978,0.053772990826625365,0.024575549258758638
2022-07-06,2840795.5462845666,2898149.4797137785,2795012.5590316486,2872637.8857421875,37432000,0.0,15.770000457763672,4.421999931335449,0.0,6061.47998046875,19692.330078125,0.0,0.0,1.0,0.0,15.770000457763672,4.421999931335449,0.0,0.5877852522924732,-0.8090169943749473,-0.4999999999999997,-0.8660254037844388,0,30.0,2936275.779237647,0.0,0.0,0.0,60.0,60.0,0.03675412825040174,0.038019717406754514,0.04173355564982135,0.024294771771756356,0.009640137606332665,0.023282330406840118
2022-07-07,2885374.824442286,2988411.313833436,2879194.4332055813,2978219.1870117188,40936000,0.0,15.770000457763672,4.421999931335449,0.0,6061.47998046875,19692.330078125,0.0,0.0,1.0,0.0,15.770000457763672,4.421999931335449,0.0,-0.587785252292473,-0.8090169943749475,-0.4999999999999997,-0.8660254037844388,0,30.0,2937581.3403332285,0.0,0.0,0.0,60.0,60.0,0.0048029009615064245,0.023433494123390235,-0.02615276843876755,0.022456944971254417,-0.040094029719002056,0.027647027687230572
2022-07-08,2939782.6906100535,3000834.8328226903,2931044.751005683,2992523.278808594,38238000,0.0,15.770000457763672,4.421999931335449,0.0,6061.47998046875,19692.330078125,0.0,0.0,1.0,0.0,15.770000457763672,4.421999931335449,0.0,-0.9510565162951536,0.30901699437494723,-0.4999999999999997,-0.8660254037844388,0,30.0,2939291.5031739697,0.0,0.0,0.0,60.0,60.0,-0.03080770305365577,0.022349602046097927,-0.04468232589450741,0.027514876460622117,-0.06702780705822163,0.025089327971755164
2022-07-11,2958537.0185844377,2958537.0185844377,2891655.3141893814,2900330.5102539067,31196000,0.0,15.770000457763672,4.421999931335449,0.0,6061.47998046875,19692.330078125,0.0,0.0,1.0,0.0,15.770000457763672,4.421999931335449,0.0,0.0,1.0,-0.4999999999999997,-0.8660254037844388,0,30.0,2938078.7748979162,0.0,0.0,0.0,60.0,60.0,-0.014315655298300166,0.028389491484108832,-0.03737143198381306,0.0258868421166828,-0.045895163364147895,0.023513863348833826
2022-07-12,2913832.487359986,2932862.791131711,2850523.882809757,2858810.3784179688,29960000,0.0,15.770000457763672,4.421999931335449,0.0,6061.47998046875,19692.330078125,0.0,0.0,1.0,0.0,15.770000457763672,4.421999931335449,0.0,0.9510565162951535,0.30901699437494745,-0.4999999999999997,-0.8660254037844388,0,30.0,2935611.408986429,0.0,0.0,0.0,60.0,60.0,-0.023390628865562764,0.02626281147289298,-0.03203815525284082,0.023855368582474428,-0.019671997543715795,0.019649986246396575
2022-07-13,2800653.694907491,2863210.3316993765,2788129.9336942355,2791941.005859375,43722000,0.0,15.770000457763672,4.421999931335449,0.0,6061.47998046875,19692.330078125,0.0,0.0,1.0,0.0,15.770000457763672,4.421999931335449,0.0,0.5877852522924732,-0.8090169943749473,-0.4999999999999997,-0.8660254037844388,0,30.0,2931139.419253989,0.0,0.0,0.0,60.0,60.0,-0.008854642032804805,0.024426725042340974,0.003807695719248914,0.020120620206184377,-0.020865887926263104,0.047685956185066415
2022-07-14,2763283.000344706,2785409.715552833,2717211.740268269,2767219.3676757812,37004000,0.0,15.770000457763672,4.421999931335449,0.0,6061.47998046875,19692.330078125,0.0,0.0,1.0,0.0,15.770000457763672,4.421999931335449,0.0,-0.587785252292473,-0.8090169943749475,-0.4999999999999997,-0.8660254037844388,0,30.0,2926037.1241977797,0.0,0.0,0.0,60.0,60.0,0.012775459876060697,0.020300372739928955,-0.012118551327418764,0.048111970460991374,0.03119127246287456,0.04041044046884176
2022-07-15,2808163.276783219,2836746.2234698976,2780570.6388529288,2802571.8676757812,46770000,0.0,15.770000457763672,4.421999931335449,0.0,6061.47998046875,19692.330078125,0.0,0.0,1.0,0.0,15.770000457763672,4.421999931335449,0.0,-0.9510565162951536,0.30901699437494723,-0.4999999999999997,-0.8660254037844388,0,30.0,2922194.0545921964,0.0,0.0,0.0,60.0,60.0,-0.024579990520826687,0.04750507132832693,0.01818350988586109,0.03990069079456864,0.018988695944745792,0.0261233106801899
2022-07-18,2824197.4124460965,2850273.121878707,2717136.7454020064,2733684.677734375,43164600,0.0,15.770000457763672,4.421999931335449,0.0,6061.47998046875,19692.330078125,0.0,0.0,1.0,0.0,15.770000457763672,4.421999931335449,0.0,0.0,1.0,-0.4999999999999997,-0.8660254037844388,0,30.0,2916326.374266755,0.0,0.0,0.0,60.0,60.0,0.04384111458767531,0.04090616391586396,0.04466659084514376,0.026781602208610086,0.048702111441270256,0.03155097025720623
2022-07-19,2779317.069907907,2858797.720731582,2746973.167209894,2853532.4609375,36530900,0.0,15.770000457763672,4.421999931335449,0.0,6061.47998046875,19692.330078125,0.0,0.0,1.0,0.0,15.770000457763672,4.421999931335449,0.0,0.9510565162951535,0.30901699437494745,-0.4999999999999997,-0.8660254037844388,0,30.0,2914371.8051310377,0.0,0.0,0.0,60.0,60.0,0.0007908064224836675,0.025656780360858857,0.004656835974041002,0.03022583592108181,-0.05192867547899888,0.05131355871143193
2022-07-20,2837485.843188617,2893398.214470236,2820185.7588673816,2855789.052734375,35600400,0.0,15.770000457763672,4.421999931335449,0.0,6061.47998046875,19692.330078125,0.0,0.0,1.0,0.0,15.770000457763672,4.421999931335449,0.0,0.5877852522924732,-0.8090169943749473,-0.4999999999999997,-0.8660254037844388,0,30.0,2912548.3156612944,0.0,0.0,0.0,60.0,60.0,0.003862974686365465,0.030201952023450124,-0.05267782393998834,0.05127301168449175,-0.05610187641776804,0.031343279194282016
2022-07-21,2865316.588324254,2872086.344441375,2785835.9404815976,2866820.8935546875,32676200,0.0,15.770000457763672,4.421999931335449,0.0,6061.47998046875,19692.330078125,0.0,0.0,1.0,0.0,15.770000457763672,4.421999931335449,0.0,-0.587785252292473,-0.8090169943749475,-0.4999999999999997,-0.8660254037844388,0,30.0,2911124.9705762886,0.0,0.0,0.0,60.0,60.0,-0.056323223439950776,0.051075707519256656,-0.05973409978873678,0.031222666822705084,-0.08151132655297826,0.027374472644058102
2022-07-22,2783077.859422433,2816675.28410433,2670250.3786350368,2705352.2998046875,48901200,0.0,15.770000457763672,4.421999931335449,0.0,6061.47998046875,19692.330078125,0.0,0.0,1.0,0.0,15.770000457763672,4.421999931335449,0.0,-0.9510565162951536,0.30901699437494723,-0.4999999999999997,-0.8660254037844388,0,30.0,2904719.940376063,0.0,0.0,0.0,60.0,60.0,-0.003614454051968462,0.03308618755726928,-0.026691451711723536,0.029008314418677628,0.04782209520132176,0.054680276791386734
2022-07-25,2718139.462594479,2754745.6888909545,2665235.895291127,2695573.9282226562,34690900,0.0,15.770000457763672,4.421999931335449,0.0,6061.47998046875,19692.330078125,0.0,0.0,1.0,0.0,15.770000457763672,4.421999931335449,0.0,0.0,1.0,-0.4999999999999997,-0.8660254037844388,0,30.0,2898209.9090921404,0.0,0.0,0.0,60.0,60.0,-0.023160710985422807,0.02911354398570392,0.051623138716198315,0.054878633089122206,0.06241274798961279,0.026788178633390825
2022-07-26,2672757.546528701,2687801.1719749267,2609323.4618488997,2633142.5195312505,47991000,0.0,15.770000457763672,4.421999931335449,0.0,6061.47998046875,19692.330078125,0.0,0.0,1.0,0.0,15.770000457763672,4.421999931335449,0.0,0.9510565162951535,0.30901699437494745,-0.4999999999999997,-0.8660254037844388,0,30.0,2889959.2282370673,0.0,0.0,0.0,60.0,60.0,0.07655696340496511,0.05617979713375683,0.08760239267337516,0.027423322274858938,0.1075985925933303,0.03475530058144313
2022-07-27,2739451.4836450918,2856039.9270824078,2708110.514510873,2834727.915039062,59858500,0.0,15.770000457763672,4.421999931335449,0.0,6061.47998046875,19692.330078125,0.0,0.0,1.0,0.0,15.770000457763672,4.421999931335449,0.0,0.5877852522924732,-0.8090169943749473,-0.4999999999999997,-0.8660254037844388,0,30.0,2888240.058107697,0.0,0.0,0.0,60.0,60.0,0.010259958036475149,0.02547317346601305,0.02883417249950791,0.032283754378884026,0.015920638616322397,0.021050810269967316
2022-07-28,2817427.5136424387,2866820.7147654225,2794611.198856683,2863812.1044921875,32816600,0.0,15.770000457763672,4.421999931335449,0.0,6061.47998046875,19692.330078125,0.0,0.0,1.0,0.0,15.770000457763672,4.421999931335449,0.0,-0.587785252292473,-0.8090169943749475,-0.4999999999999997,-0.8660254037844388,0,30.0,2887479.6958105545,0.0,0.0,0.0,60.0,60.0,0.018385579192046076,0.031955888305847745,0.005603192064396233,0.020837023285453508,0.007967230236521003,0.023025719710756475
2022-07-29,2835229.217743221,2926243.3149006898,2834727.6551606026,2916464.9487304688,37223400,0.0,15.770000457763672,4.421999931335449,0.0,6061.47998046875,19692.330078125,0.0,0.0,1.0,0.0,15.770000457763672,4.421999931335449,0.0,-0.9510565162951536,0.30901699437494723,-0.4999999999999997,-0.8660254037844388,0,30.0,2888381.9119290365,0.0,0.0,0.0,60.0,60.0,-0.012551618354406564,0.020460838911313846,-0.010230259705553425,0.02261002137228252,0.015130692650646605,0.026994492766836103
2022-08-01,2890890.6745912093,2926493.9647550257,2866820.6452485584,2879858.59375,26034300,0.0,15.770000457763672,4.421999931335449,0.0,6061.47998046875,19692.330078125,0.0,0.0,1.0,0.0,15.770000457763672,4.421999931335449,0.0,0.0,1.0,-0.8660254037844385,-0.5000000000000004,0,30.0,2888116.6089121774,0.0,0.0,0.0,60.0,60.0,0.0023508658194209297,0.022897421062762463,0.028034185401084256,0.027337624192415495,0.028991957952037035,0.016454811171077298
2022-08-02,2858296.585661311,2917217.5735112196,2851276.238688911,2886628.7548828125,20236000,0.0,15.770000457763672,4.421999931335449,0.0,6061.47998046875,19692.330078125,0.0,0.0,1.0,0.0,15.770000457763672,4.421999931335449,0.0,0.9510565162951535,0.30901699437494745,-0.8660254037844385,-0.5000000000000004,0,30.0,2888070.2968827137,0.0,0.0,0.0,60.0,60.0,0.025623083151294766,0.027273507835070317,0.026578609388277462,0.016416218843314418,0.020324759989261598,0.018327111977204102
2022-08-03,2901170.5425866125,2974132.40387889,2895403.9119156543,2960593.0834960933,28499000,0.0,15.770000457763672,4.421999931335449,0.0,6061.47998046875,19692.330078125,0.0,0.0,1.0,0.0,15.770000457763672,4.421999931335449,0.0,0.5877852522924732,-0.8090169943749473,-0.8660254037844385,-0.5000000000000004,0,30.0,2890327.694022584,0.0,0.0,0.0,60.0,60.0,0.0009316543793522834,0.016006093381668536,-0.005165955455832487,0.017869246781081448,-0.006605684270858306,0.02769312508235294
2022-08-04,2945549.6857453934,2978144.178411337,2930756.6490517766,2963351.3330078125,21602900,0.0,15.770000457763672,4.421999931335449,0.0,6061.47998046875,19692.330078125,0.0,0.0,1.0,0.0,15.770000457763672,4.421999931335449,0.0,-0.587785252292473,-0.8090169943749475,-0.8660254037844385,-0.5000000000000004,0,30.0,2892600.6810586024,0.0,0.0,0.0,60.0,60.0,-0.006091934257954621,0.017852614314772204,-0.007530322991817325,0.02766734867579407,-0.013199136654349302,0.013622138640969707
2022-08-05,2914208.6053144457,2961345.3515558913,2908441.783128537,2945298.7915039067,19159500,0.0,15.770000457763672,4.421999931335449,0.0,6061.47998046875,19692.330078125,0.0,0.0,1.0,0.0,15.770000457763672,4.421999931335449,0.0,-0.9510565162951536,0.30901699437494723,-0.8660254037844385,-0.5000000000000004,0,30.0,2894241.0008718767,0.0,0.0,0.0,60.0,60.0,-0.001447205011651468,0.027836929419762586,-0.00715076438290949,0.013705632452836075,0.01898359714265414,0.0213671119180554
2022-08-08,2968365.5709983823,3012493.704903305,2930505.6303240987,2941036.3403320312,19138300,0.0,15.770000457763672,4.421999931335449,0.0,6061.47998046875,19692.330078125,0.0,0.0,1.0,0.0,15.770000457763672,4.421999931335449,0.0,0.0,1.0,-0.8660254037844385,-0.5000000000000004,0,30.0,2895697.5867311563,0.0,0.0,0.0,60.0,60.0,-0.005711825553825197,0.013725496059520816,0.02046041256591145,0.021398079325695263,0.013128778392146486,0.024978691697627595
2022-08-09,2937024.8225079756,2941537.929620106,2901170.746919971,2924237.653808594,19086500,0.0,15.770000457763672,4.421999931335449,0.0,6061.47998046875,19692.330078125,0.0,0.0,1.0,0.0,15.770000457763672,4.421999931335449,0.0,0.9510565162951535,0.30901699437494745,-0.8660254037844385,-0.5000000000000004,0,30.0,2896585.9456704753,0.0,0.0,0.0,60.0,60.0,0.02632258815138253,0.021521003543680018,0.018948836393901623,0.025122185237233557,0.04329927342182565,0.019034563237559716
2022-08-10,2978144.2496270533,3031799.9740081327,2968867.4450979554,3001211.157226563,30930400,0.0,15.770000457763672,4.421999931335449,0.0,6061.47998046875,19692.330078125,0.0,0.0,1.0,0.0,15.770000457763672,4.421999931335449,0.0,0.5877852522924732,-0.8090169943749473,-0.8660254037844385,-0.5000000000000004,0,30.0,2899842.586298256,0.0,0.0,0.0,60.0,60.0,-0.007184633606050264,0.024477864491401057,0.01654127607287842,0.018546374655794014,0.01988302590305969,0.01411864988427996
2022-08-11,3040826.1882453025,3046091.448156247,2972628.208139574,2979648.5546875,24293700,0.0,15.770000457763672,4.421999931335449,0.0,6061.47998046875,19692.330078125,0.0,0.0,1.0,0.0,15.770000457763672,4.421999931335449,0.0,-0.587785252292473,-0.8090169943749475,-0.8660254037844385,-0.5000000000000004,0,30.0,2902326.6850649905,0.0,0.0,0.0,60.0,60.0,0.023897605216471062,0.018680587834933652,0.027263538040737265,0.014220821274715918,0.024065837128206983,0.0150622747081852
2022-08-12,3015251.727859761,3050855.0195312505,2995193.4329881775,3050855.0195312505,19096300,0.0,15.770000457763672,4.421999931335449,0.0,6061.47998046875,19692.330078125,0.0,0.0,1.0,0.0,15.770000457763672,4.421999931335449,0.0,-0.9510565162951536,0.30901699437494723,-0.8660254037844385,-0.5000000000000004,0,30.0,2906949.886310707,0.0,0.0,0.0,60.0,60.0,0.003287372494200316,0.013888909596296371,0.00016430540600820425,0.014710723642136807,-0.017504942438107775,0.015696939439935626
2022-08-15,3037065.0661720755,3066400.3573297444,3024027.307772068,3060884.3164062505,19494800,0.0,15.770000457763672,4.421999931335449,0.0,6061.47998046875,19692.330078125,0.0,0.0,1.0,0.0,15.770000457763672,4.421999931335449,0.0,0.0,1.0,-0.8660254037844385,-0.5000000000000004,0,30.0,2911741.3616311145,0.0,0.0,0.0,60.0,60.0,-0.003112834043179553,0.01466252246907637,-0.020724186810622183,0.015645506831121175,-0.01564558115057121,0.017201820829455126
2022-08-16,3046843.1848692014,3069659.4993252307,3024779.2142606806,3051356.2915039067,19041200,0.0,15.770000457763672,4.421999931335449,0.0,6061.47998046875,19692.330078125,0.0,0.0,1.0,0.0,15.770000457763672,4.421999931335449,0.0,0.9510565162951535,0.30901699437494745,-0.8660254037844385,-0.5000000000000004,0,30.0,2916087.1177457846,0.0,0.0,0.0,60.0,60.0,-0.017666345168100454,0.015694360771617004,-0.012571881287450046,0.017255534444507246,-0.03689387254156784,0.019638452988412856
2022-08-17,3011741.450458229,3041076.5478758244,2993187.4613942187,2997449.9780273438,22847000,0.0,15.770000457763672,4.421999931335449,0.0,6061.47998046875,19692.330078125,0.0,0.0,1.0,0.0,15.770000457763672,4.421999931335449,0.0,0.5877852522924732,-0.8090169943749473,-0.8660254037844385,-0.5000000000000004,0,30.0,2918619.6774648475,0.0,0.0,0.0,60.0,60.0,0.005186083013232599,0.01756585897228582,-0.019573316335942562,0.019991632060873916,-0.04441649295109538,0.014889158857405105
2022-08-18,2994441.2044940987,3029292.342700154,2976639.5591096445,3012995.002441406,17987700,0.0,15.770000457763672,4.421999931335449,0.0,6061.47998046875,19692.330078125,0.0,0.0,1.0,0.0,15.770000457763672,4.421999931335449,0.0,-0.587785252292473,-0.8090169943749475,-0.8660254037844385,-0.5000000000000004,0,30.0,2921557.2726487187,0.0,0.0,0.0,60.0,60.0,-0.024631657528478953,0.019888488707429448,-0.0493466600886823,0.014812340828249507,-0.052508970313101276,0.013148055100898202
2022-08-19,2985164.537002578,2987421.1862285025,2927497.2691469053,2938779.9414062505,21809500,0.0,15.770000457763672,4.421999931335449,0.0,6061.47998046875,19692.330078125,0.0,0.0,1.0,0.0,15.770000457763672,4.421999931335449,0.0,-0.9510565162951536,0.30901699437494723,-0.8660254037844385,-0.5000000000000004,0,30.0,2922093.3579952656,0.0,0.0,0.0,60.0,60.0,-0.025339147770140975,0.01518640720972754,-0.028581318021849052,0.013480092113284988,-0.030031536358562906,0.016295504245137905
2022-08-22,2888383.603250273,2899164.9041510043,2854535.3952610297,2864313.7622070312,21456600,0.0,15.770000457763672,4.421999931335449,0.0,6061.47998046875,19692.330078125,0.0,0.0,1.0,0.0,15.770000457763672,4.421999931335449,0.0,0.0,1.0,-0.8660254037844385,-0.5000000000000004,0,30.0,2920294.8681637794,0.0,0.0,0.0,60.0,60.0,-0.003326459910942909,0.013830546371535102,-0.0048143808974029706,0.016719153342269314,0.021095995178211993,0.022846644970265423
2022-08-23,2845258.1531359064,2883619.462373711,2844004.4380628807,2854785.7373046875,15870400,0.0,15.770000457763672,4.421999931335449,0.0,6061.47998046875,19692.330078125,0.0,0.0,1.0,0.0,15.770000457763672,4.421999931335449,0.0,0.9510565162951535,0.30901699437494745,-0.8660254037844385,-0.5000000000000004,0,30.0,2918255.7831872874,0.0,0.0,0.0,60.0,60.0,-0.0014928870152679174,0.016774954556108095,0.024503966551547712,0.022922897068406146,-0.03091506400490436,0.0432987963454958
2022-08-24,2845759.976260229,2877853.0978089957,2829964.196798284,2850523.8647460933,17734600,0.0,15.770000457763672,4.421999931335449,0.0,6061.47998046875,19692.330078125,0.0,0.0,1.0,0.0,15.770000457763672,4.421999931335449,0.0,0.5877852522924732,-0.8090169943749473,-0.8660254037844385,-0.5000000000000004,0,30.0,2916147.510103654,0.0,0.0,0.0,60.0,60.0,0.02603572195805994,0.022957169528702852,-0.029466166647213788,0.04336353320114793,-0.03755843004717691,0.01891101750821158
2022-08-25,2864313.830517996,2926494.398163549,2861054.43855496,2924739.311523437,16956800,0.0,15.770000457763672,4.421999931335449,0.0,6061.47998046875,19692.330078125,0.0,0.0,1.0,0.0,15.770000457763672,4.421999931335449,0.0,-0.587785252292473,-0.8090169943749475,-0.8660254037844385,-0.5000000000000004,0,30.0,2916414.9447798026,0.0,0.0,0.0,60.0,60.0,-0.05409352463806559,0.042263180777365225,-0.0619804463375558,0.018431149231453933,-0.0660952645233668,0.02314613437880235
2022-08-26,2876348.728529344,2886377.876612756,2762769.090363174,2766529.853515625,37245700,0.0,15.770000457763672,4.421999931335449,0.0,6061.47998046875,19692.330078125,0.0,0.0,1.0,0.0,15.770000457763672,4.421999931335449,0.0,-0.9510565162951536,0.30901699437494723,-0.8660254037844385,-0.5000000000000004,0,30.0,2911749.5121326447,0.0,0.0,0.0,60.0,60.0,-0.008337950849181382,0.01948517079809775,-0.012688083016567731,0.024469791656670802,-0.019213281267646834,0.024651090760577993
2022-08-29,2757754.1359482585,2781823.9740892686,2727917.6673754803,2743462.6635742188,21191200,0.0,15.770000457763672,4.421999931335449,0.0,6061.47998046875,19692.330078125,0.0,0.0,1.0,0.0,15.770000457763672,4.421999931335449,0.0,0.0,1.0,-0.8660254037844385,-0.5000000000000004,0,30.0,2906511.292969353,0.0,0.0,0.0,60.0,60.0,-0.004386708325796536,0.024675535055137792,-0.010966770814490915,0.024858358532210897,0.0029246362553520086,0.028239780513358997
2022-08-30,2762267.296070456,2770541.356892059,2702844.9477645718,2731427.893066406,27513300,0.0,15.770000457763672,4.421999931335449,0.0,6061.47998046875,19692.330078125,0.0,0.0,1.0,0.0,15.770000457763672,4.421999931335449,0.0,0.9510565162951535,0.30901699437494745,-0.8660254037844385,-0.5000000000000004,0,30.0,2901061.5193928545,0.0,0.0,0.0,60.0,60.0,-0.006609054483020689,0.02496788536280947,0.007343558630935845,0.028364206012026563,-0.010005483007795022,0.03194415148968835
2022-08-31,2774302.588120926,2779317.066597863,2711119.088087001,2713375.7373046875,28627000,0.0,15.770000457763672,4.421999931335449,0.0,6061.47998046875,19692.330078125,0.0,0.0,1.0,0.0,15.770000457763672,4.421999931335449,0.0,0.5877852522924732,-0.8090169943749473,-0.8660254037844385,-0.5000000000000004,0,30.0,2895219.47487878,0.0,0.0,0.0,60.0,60.0,0.01404544019343294,0.028552913774813296,-0.0034190250475926863,0.03215667671811123,-0.013029115450595515,0.020790979692869593
2022-09-01,2714880.065147258,2769287.9413634706,2691813.1578975394,2751486.2939453125,28360900,0.0,15.770000457763672,4.421999931335449,0.0,6061.47998046875,19692.330078125,0.0,0.0,1.0,0.0,15.770000457763672,4.421999931335449,0.0,-0.587785252292473,-0.8090169943749475,-1.0,-1.8369701987210297e-16,0,30.0,2890745.53107856,0.0,0.0,0.0,60.0,60.0,-0.01722256671031844,0.031711277861450886,-0.02669954872916137,0.020503005949026935,-0.0026426590786132603,0.028066354699912456
2022-09-02,2772797.9848954435,2776558.9392535347,2689305.792854261,2704098.6376953125,24160700,0.0,15.770000457763672,4.421999931335449,0.0,6061.47998046875,19692.330078125,0.0,0.0,1.0,0.0,15.770000457763672,4.421999931335449,0.0,-0.9510565162951536,0.30901699437494723,-1.0,-1.8369701987210297e-16,0,30.0,2884935.823771874,0.0,0.0,0.0,60.0,60.0,-0.009643060267593175,0.02086230844800392,0.01483541149586779,0.028558200208123493,0.004914110587851475,0.022623964555179153
2022-09-06,2690308.6481927694,2708611.665556104,2652197.925702677,2678022.8515625,25068300,0.0,15.770000457763672,4.421999931335449,0.0,6061.47998046875,19692.330078125,0.0,0.0,1.0,0.0,15.770000457763672,4.421999931335449,0.0,0.9510565162951535,0.30901699437494745,-1.0,-1.8369701987210297e-16,0,30.0,2878495.299717586,0.0,0.0,0.0,60.0,60.0,0.024716817524472554,0.02883627009857666,0.014698913362870944,0.022844253064245826,0.03595178695920196,0.01844397882291831
2022-09-07,2684291.138806356,2757503.7846917342,2680279.5944139175,2744215.053710938,23167000,0.0,15.770000457763672,4.421999931335449,0.0,6061.47998046875,19692.330078125,0.0,0.0,1.0,0.0,15.770000457763672,4.421999931335449,0.0,0.5877852522924732,-0.8090169943749473,-1.0,-1.8369701987210297e-16,0,30.0,2874315.5948629943,0.0,0.0,0.0,60.0,60.0,-0.009776265979320048,0.022293235236866066,0.010963974868560296,0.017999098392349578,0.01288262478674427,0.015440863244842392
2022-09-08,2708862.227041187,2747975.6889529014,2686798.2572199744,2717386.877441406,24238300,0.0,15.770000457763672,4.421999931335449,0.0,6061.47998046875,19692.330078125,0.0,0.0,1.0,0.0,15.770000457763672,4.421999931335449,0.0,-0.587785252292473,-0.8090169943749475,-1.0,-1.8369701987210297e-16,0,30.0,2869430.9171718364,0.0,0.0,0.0,60.0,60.0,0.020945004785602527,0.018176799620088366,0.022882597121824902,0.01559330756711586,-0.03746063899593535,0.03884487331329622
2022-09-09,2734687.528661259,2782827.2101718327,2733433.8134103226,2774302.5585937495,23197700,0.0,15.770000457763672,4.421999931335449,0.0,6061.47998046875,19692.330078125,0.0,0.0,1.0,0.0,15.770000457763672,4.421999931335449,0.0,-0.9510565162951536,0.30901699437494723,-1.0,-1.8369701987210297e-16,0,30.0,2866469.8825149704,0.0,0.0,0.0,60.0,60.0,0.0018978420259074256,0.015273406005243583,-0.057207433806684825,0.03804795863755032,-0.051061884986282044,0.0146407153603365
2022-09-12,2782827.138344213,2798623.1084219124,2756250.059063124,2779567.7465820312,22966800,0.0,15.770000457763672,4.421999931335449,0.0,6061.47998046875,19692.330078125,0.0,0.0,1.0,0.0,15.770000457763672,4.421999931335449,0.0,0.0,1.0,-1.0,-1.8369701987210297e-16,0,30.0,2863764.903262733,0.0,0.0,0.0,60.0,60.0,-0.05899331583854623,0.03797588640436104,-0.05285940820583184,0.01461298222853934,-0.07171208943727075,0.02633950930559767
2022-09-13,2702845.1680550943,2715381.555307131,2609825.006309706,2615591.8286132812,38172900,0.0,15.770000457763672,4.421999931335449,0.0,6061.47998046875,19692.330078125,0.0,0.0,1.0,0.0,15.770000457763672,4.421999931335449,0.0,0.9510565162951535,0.30901699437494745,-1.0,-1.8369701987210297e-16,0,30.0,2856040.087172957,0.0,0.0,0.0,60.0,60.0,0.006518452776114349,0.015529095036727825,-0.013516135233469064,0.027990778119784804,-0.014570455279995594,0.02099304986842574
2022-09-14,2621860.1392601333,2639661.7869977513,2599044.012913927,2632641.4404296875,26395100,0.0,15.770000457763672,4.421999931335449,0.0,6061.47998046875,19692.330078125,0.0,0.0,1.0,0.0,15.770000457763672,4.421999931335449,0.0,0.5877852522924732,-0.8090169943749473,-1.0,-1.8369701987210297e-16,0,30.0,2849086.417991745,0.0,0.0,0.0,60.0,60.0,-0.0199048392548843,0.027809503186536168,-0.020952331274149895,0.02085709388687715,-0.018381001375410207,0.01695236853070588
2022-09-15,2608320.518798938,2639410.7034503734,2566198.252923737,2580239.1357421875,34188300,0.0,15.770000457763672,4.421999931335449,0.0,6061.47998046875,19692.330078125,0.0,0.0,1.0,0.0,15.770000457763672,4.421999931335449,0.0,-0.587785252292473,-0.8090169943749475,-1.0,-1.8369701987210297e-16,0,30.0,2840718.08144054,0.0,0.0,0.0,60.0,60.0,-0.0010687656272776985,0.021280682450284295,0.001554785637667672,0.017296655681697144,-0.017199442370151106,0.017976933370832737
2022-09-16,2559178.2540858407,2585755.335593119,2530846.0858995933,2577481.4648437495,42797200,0.0,15.770000457763672,4.421999931335449,0.0,6061.47998046875,19692.330078125,0.0,0.0,1.0,0.0,15.770000457763672,4.421999931335449,0.0,-0.9510565162951536,0.30901699437494723,-1.0,-1.8369701987210297e-16,0,30.0,2832524.3865597504,0.0,0.0,0.0,60.0,60.0,0.0026263582263426036,0.01731516153117242,-0.016147935100860718,0.017996167055604514,-0.03424135676866797,0.03511673382740263
2022-09-19,2551154.7998751407,2590769.829409359,2546140.3215019866,2584250.8544921875,23036800,0.0,15.770000457763672,4.421999931335449,0.0,6061.47998046875,19692.330078125,0.0,0.0,1.0,0.0,15.770000457763672,4.421999931335449,0.0,0.0,1.0,-1.0,-1.8369701987210297e-16,0,30.0,2824796.4435591246,0.0,0.0,0.0,60.0,60.0,-0.018725114468779037,0.01794902648224802,-0.03677114080686047,0.03502474629684036,-0.028427439668329745,0.023770219915284982
2022-09-20,2559428.931261562,2566700.059004305,2520315.2719802526,2535860.4614257812,26517100,0.0,15.770000457763672,4.421999931335449,0.0,6061.47998046875,19692.330078125,0.0,0.0,1.0,0.0,15.770000457763672,4.421999931335449,0.0,0.9510565162951535,0.30901699437494745,-1.0,-1.8369701987210297e-16,0,30.0,2815802.8114866223,0.0,0.0,0.0,60.0,60.0,-0.01839038846725612,0.03569310375031094,-0.009887469191977003,0.024223813597773657,-0.023729621830923517,0.02165317559164544
2022-09-21,2549148.9177282904,2579486.951683108,2488974.2211371264,2489225.002441406,31487300,0.0,15.770000457763672,4.421999931335449,0.0,6061.47998046875,19692.330078125,0.0,0.0,1.0,0.0,15.770000457763672,4.421999931335449,0.0,0.5877852522924732,-0.8090169943749473,-1.0,-1.8369701987210297e-16,0,30.0,2805637.512461175,0.0,0.0,0.0,60.0,60.0,0.008662220882293674,0.024677645077200445,-0.00543926353301533,0.02205884634507081,-0.011180475926260881,0.020950788580256223
2022-09-22,2477691.169873758,2538367.2284937073,2476939.017366165,2510787.2192382812,34298600,0.0,15.770000457763672,4.421999931335449,0.0,6061.47998046875,19692.330078125,0.0,0.0,1.0,0.0,15.770000457763672,4.421999931335449,0.0,-0.587785252292473,-0.8090169943749475,-1.0,-1.8369701987210297e-16,0,30.0,2796459.7872289736,0.0,0.0,0.0,60.0,60.0,-0.013980383247599181,0.02186940869637763,-0.01967229107797635,0.020770866744597827,-0.026362896476443496,0.031256220101072485
2022-09-23,2498000.203418395,2498752.5472614276,2443843.115414264,2475685.4516601562,31625400,0.0,15.770000457763672,4.421999931335449,0.0,6061.47998046875,19692.330078125,0.0,0.0,1.0,0.0,15.770000457763672,4.421999931335449,0.0,-0.9510565162951536,0.30901699437494723,-1.0,-1.8369701987210297e-16,0,30.0,2786475.131350856,0.0,0.0,0.0,60.0,60.0,-0.005772611146545232,0.021065368671882717,-0.01255808000009972,0.03169938971804577,0.01326733748526308,0.03635808015912257
2022-09-26,2459639.1956236125,2504268.7046329905,2452117.477878153,2461394.282226563,27072700,0.0,15.770000457763672,4.421999931335449,0.0,6061.47998046875,19692.330078125,0.0,0.0,1.0,0.0,15.770000457763672,4.421999931335449,0.0,0.0,1.0,-1.0,-1.8369701987210297e-16,0,30.0,2776356.427791493,0.0,0.0,0.0,60.0,60.0,-0.00682486615197707,0.031883440421613785,0.01915049700427708,0.036569179814137674,-0.007639950972671541,0.027299582059376826
2022-09-27,2492986.05976198,2507277.5340544875,2428799.816103016,2444595.595703125,30072800,0.0,15.770000457763672,4.421999931335449,0.0,6061.47998046875,19692.330078125,0.0,0.0,1.0,0.0,15.770000457763672,4.421999931335449,0.0,0.9510565162951535,0.30901699437494745,-1.0,-1.8369701987210297e-16,0,30.0,2766029.798211335,0.0,0.0,0.0,60.0,60.0,0.026153859748394525,0.03682047462510629,-0.0008206858920606006,0.02748717837266579,-0.018974317786114202,0.03425645183828348
2022-09-28,2448356.5080176312,2524828.35671277,2434817.1866125367,2508531.2060546875,32466300,0.0,15.770000457763672,4.421999931335449,0.0,6061.47998046875,19692.330078125,0.0,0.0,1.0,0.0,15.770000457763672,4.421999931335449,0.0,0.5877852522924732,-0.8090169943749473,-1.0,-1.8369701987210297e-16,1,30.0,2758014.7092634467,0.0,0.0,0.0,60.0,60.0,-0.026287038131951372,0.026786605255673303,-0.04397798352147097,0.03338334842562782,-0.01409306197062983,0.027686196750695214
2022-09-29,2473178.162384347,2473178.162384347,2405983.127196222,2442589.350585938,31047200,0.0,15.770000457763672,4.421999931335449,0.0,6061.47998046875,19692.330078125,0.0,0.0,1.0,0.0,15.770000457763672,4.421999931335449,0.0,-0.587785252292473,-0.8090169943749475,-1.0,-1.8369701987210297e-16,1,30.0,2748196.5495405314,0.0,0.0,0.0,60.0,60.0,-0.0181685425606124,0.034284588716558255,0.012523173295267268,0.02843363273872806,0.04331785525397943,0.014986650163635627
2022-09-30,2433312.9866602793,2479697.583989759,2395954.412701475,2398211.0620117188,32941500,0.0,15.770000457763672,4.421999931335449,0.0,6061.47998046875,19692.330078125,0.0,0.0,1.0,0.0,15.770000457763672,4.421999931335449,0.0,-0.9510565162951536,0.30901699437494723,-1.0,-1.8369701987210297e-16,1,30.0,2737302.646045684,0.0,0.0,0.0,60.0,60.0,0.03125965828791383,0.028959789914333012,0.0626241880403263,0.015263974330910876,0.0604284819638372,0.03272343710940164
2022-10-03,2426041.575805501,2489475.6610659556,2420023.972539867,2473178.3203125,27982000,0.0,15.770000457763672,4.421999931335449,0.0,6061.47998046875,19692.330078125,0.0,0.0,1.0,0.0,15.770000457763672,4.421999931335449,0.0,0.0,1.0,-0.8660254037844386,0.5000000000000001,0,30.0,2729081.319682996,0.0,0.0,0.0,60.0,60.0,0.030413804612975475,0.014801291031059977,0.02828465502504882,0.031731520617929276,0.0281833523617012,0.02372266976001229
2022-10-04,2518309.8261214937,2553411.5614891676,2516805.3293985142,2548397.0825195312,28850800,0.0,15.770000457763672,4.421999931335449,0.0,6061.47998046875,19692.330078125,0.0,0.0,1.0,0.0,15.770000457763672,4.421999931335449,0.0,0.9510565162951535,0.30901699437494745,-0.8660254037844386,0.5000000000000001,0,30.0,2723457.210361786,0.0,0.0,0.0,60.0,60.0,-0.0020663053798336555,0.030794929644646668,-0.002164617982881195,0.02302246888949877,-0.029122554341553423,0.021940135276517777
2022-10-05,2503014.918277076,2555667.7021363773,2477189.9932735655,2543131.3159179688,22176900,0.0,15.770000457763672,4.421999931335449,0.0,6061.47998046875,19692.330078125,0.0,0.0,1.0,0.0,15.770000457763672,4.421999931335449,0.0,0.5877852522924732,-0.8090169943749473,-0.8660254037844386,0.5000000000000001,0,30.0,2717844.2550773723,0.0,0.0,0.0,60.0,60.0,-9.85161675345165e-05,0.02307013884150047,-0.027112271193546502,0.02198556416603273,-0.035196512451829275,0.020605311089140776
2022-10-06,2524326.9765613764,2580740.7199070957,2522070.3273567003,2542880.7763671875,22324000,0.0,15.770000457763672,4.421999931335449,0.0,6061.47998046875,19692.330078125,0.0,0.0,1.0,0.0,15.770000457763672,4.421999931335449,0.0,-0.587785252292473,-0.8090169943749475,-0.8660254037844386,0.5000000000000001,0,30.0,2712398.2142553665,0.0,0.0,0.0,60.0,60.0,-0.027016416579833946,0.021987730312955943,-0.03510145434505172,0.02060734124542335,-0.041806447248003205,0.028988386248035028
2022-10-07,2503516.3485324937,2520565.84184276,2464653.665113998,2474181.25,27502800,0.0,15.770000457763672,4.421999931335449,0.0,6061.47998046875,19692.330078125,0.0,0.0,1.0,0.0,15.770000457763672,4.421999931335449,0.0,-0.9510565162951536,0.30901699437494723,-0.8660254037844386,0.5000000000000001,0,30.0,2704983.2993177297,0.0,0.0,0.0,60.0,60.0,-0.008309531530632608,0.021179536424433616,-0.01520069908700858,0.02979329429807748,-0.011349718120135702,0.02036889327892729
2022-10-10,2482204.9132552035,2484712.152687339,2432310.1407823134,2453621.962890625,18225100,0.0,15.770000457763672,4.421999931335449,0.0,6061.47998046875,19692.330078125,0.0,0.0,1.0,0.0,15.770000457763672,4.421999931335449,0.0,0.0,1.0,-0.8660254037844386,0.5000000000000001,0,30.0,2697159.2430669763,0.0,0.0,0.0,60.0,60.0,-0.006948909740972101,0.03004293703060611,-0.003065660794537527,0.020539567462381506,0.01226225014471491,0.05518087855935821
2022-10-11,2442840.1582669984,2488472.595181956,2414758.5850539207,2436571.9653320312,26507100,0.0,15.770000457763672,4.421999931335449,0.0,6061.47998046875,19692.330078125,0.0,0.0,1.0,0.0,15.770000457763672,4.421999931335449,0.0,0.9510565162951535,0.30901699437494745,-0.8660254037844386,0.5000000000000001,0,30.0,2689048.013439503,0.0,0.0,0.0,60.0,60.0,0.003910422116773131,0.02068329380417271,0.019345590648992654,0.05556700868730208,-0.006379954093840157,0.04445358744423272
2022-10-12,2439581.2061369237,2475936.655190773,2425540.3213568,2446099.990234375,21876400,0.0,15.770000457763672,4.421999931335449,0.0,6061.47998046875,19692.330078125,0.0,0.0,1.0,0.0,15.770000457763672,4.421999931335449,0.0,0.5877852522924732,-0.8090169943749473,-0.8660254037844386,0.5000000000000001,0,30.0,2681485.8361110995,0.0,0.0,0.0,60.0,60.0,0.015375045613804905,0.055350564615254706,-0.010250293237234994,0.04428043226257288,0.024702654762869907,0.021525197410763013
2022-10-13,2385674.4439514275,2501761.3167408127,2366368.301175971,2483708.8891601562,34574500,0.0,15.770000457763672,4.421999931335449,0.0,6061.47998046875,19692.330078125,0.0,0.0,1.0,0.0,15.770000457763672,4.421999931335449,0.0,-0.587785252292473,-0.8090169943749475,-0.8660254037844386,0.5000000000000001,0,30.0,2675329.686641011,0.0,0.0,0.0,60.0,60.0,-0.025237313997163592,0.04360992763595534,0.009186368317163402,0.021199257854274726,0.01726227773446797,0.03533212355540567
2022-10-14,2507026.361702628,2524577.4164775144,2416263.051552461,2421026.748046875,25410700,0.0,15.770000457763672,4.421999931335449,0.0,6061.47998046875,19692.330078125,0.0,0.0,1.0,0.0,15.770000457763672,4.421999931335449,0.0,-0.9510565162951536,0.30901699437494723,-0.8660254037844386,0.5000000000000001,0,30.0,2667414.0679361853,0.0,0.0,0.0,60.0,60.0,0.035314936454416995,0.021748122039022162,0.0435999370327845,0.0362468978991086,0.031793902823359435,0.02174812487473151
2022-10-17,2478694.3604044127,2530594.992995167,2477942.2078189068,2506525.153808594,28419200,0.0,15.770000457763672,4.421999931335449,0.0,6061.47998046875,19692.330078125,0.0,0.0,1.0,0.0,15.770000457763672,4.421999931335449,0.0,0.0,1.0,-0.8660254037844386,0.5000000000000001,0,30.0,2662406.1222745744,0.0,0.0,0.0,60.0,60.0,0.008002396456039425,0.03501050416913838,-0.0034009300040776383,0.021006289109680047,0.0,0.0293087953325842
2022-10-18,2585755.1239939043,2594279.966658503,2506525.257311037,2526583.361816406,24060700,0.0,15.770000457763672,4.421999931335449,0.0,6061.47998046875,19692.330078125,0.0,0.0,1.0,0.0,15.770000457763672,4.421999931335449,0.0,0.9510565162951535,0.30901699437494745,-0.8660254037844386,0.5000000000000001,0,30.0,2658178.4039903604,0.0,0.0,0.0,60.0,60.0,-0.011312796973706778,0.020839522984800924,-0.007938866498903628,0.029076116719195123,0.003572482290834702,0.03562564653496169
2022-10-19,2507528.4146392928,2532851.781006898,2480198.988965309,2498000.6372070312,23811100,0.0,15.770000457763672,4.421999931335449,0.0,6061.47998046875,19692.330078125,0.0,0.0,1.0,0.0,15.770000457763672,4.421999931335449,0.0,0.5877852522924732,-0.8090169943749473,-0.8660254037844386,0.5000000000000001,0,30.0,2653192.594019557,0.0,0.0,0.0,60.0,60.0,0.003412535799468038,0.029408812645895923,0.01505560021306923,0.03603328375841662,0.02900717197696431,0.027802833646115094
2022-10-20,2507277.3063940993,2565446.1322508394,2491982.899521889,2506525.153808594,25323200,0.0,15.770000457763672,4.421999931335449,0.0,6061.47998046875,19692.330078125,0.0,0.0,1.0,0.0,15.770000457763672,4.421999931335449,0.0,-0.587785252292473,-0.8090169943749475,-0.8660254037844386,0.5000000000000001,0,30.0,2648627.316325398,0.0,0.0,0.0,60.0,60.0,0.011603467166497567,0.03591073708253718,0.025507590611376772,0.02770827815496964,0.04511360812911357,0.02100628744101847
2022-10-21,2453370.8689799956,2540122.643051691,2450111.4772625044,2535609.5361328125,32458700,0.0,15.770000457763672,4.421999931335449,0.0,6061.47998046875,19692.330078125,0.0,0.0,1.0,0.0,15.770000457763672,4.421999931335449,0.0,-0.9510565162951536,0.30901699437494723,-0.8660254037844386,0.5000000000000001,0,30.0,2645109.442486362,0.0,0.0,0.0,60.0,60.0,0.013744637989255485,0.027390453922207837,0.033125767210424796,0.020765337528801782,-0.061307158460243955,0.03579546499514246
2022-10-24,2552408.3356409967,2576227.3931737756,2506775.897009619,2570460.571289062,27176400,0.0,15.770000457763672,4.421999931335449,0.0,6061.47998046875,19692.330078125,0.0,0.0,1.0,0.0,15.770000457763672,4.421999931335449,0.0,0.0,1.0,-0.8660254037844386,0.5000000000000001,0,30.0,2642785.8672873885,0.0,0.0,0.0,60.0,60.0,0.019118354361519915,0.02048379517941467,-0.07403422285750715,0.03531013990480101,-0.10046813507561483,0.035407700670301356
2022-10-25,2579988.5179941547,2628128.198820135,2575475.4109610887,2619603.5473632812,40611400,0.0,15.770000457763672,4.421999931335449,0.0,6061.47998046875,19692.330078125,0.0,0.0,1.0,0.0,15.770000457763672,4.421999931335449,0.0,0.9510565162951535,0.30901699437494745,-0.8660254037844386,0.5000000000000001,0,30.0,2642064.2774928426,0.0,0.0,0.0,60.0,60.0,-0.09140506283726718,0.03464773228122547,-0.11734308279832324,0.03474346283605535,-0.07838819591630102,0.04230480298200426
2022-10-26,2417767.6827250705,2464904.430506268,2374141.1081142765,2380158.5205078125,88114100,0.0,15.770000457763672,4.421999931335449,0.0,6061.47998046875,19692.330078125,0.0,0.0,1.0,0.0,15.770000457763672,4.421999931335449,0.0,0.5877852522924732,-0.8090169943749473,-0.8660254037844386,0.5000000000000001,0,30.0,2633912.0079187937,0.0,0.0,0.0,60.0,60.0,-0.02854739653519603,0.03823867095776329,0.014326369637953206,0.04656068535238526,-0.004424314076950441,0.021594810629848134
2022-10-27,2369878.455398626,2392694.7709906674,2301680.6724976525,2312211.1914062505,60710900,0.0,15.770000457763672,4.421999931335449,0.0,6061.47998046875,19692.330078125,0.0,0.0,1.0,0.0,15.770000457763672,4.421999931335449,0.0,-0.587785252292473,-0.8090169943749475,-0.8660254037844386,0.5000000000000001,0,30.0,2623898.51371923,0.0,0.0,0.0,60.0,60.0,0.04413366747923134,0.047928931567346574,0.02483197056882413,0.022229402188874283,-0.018976298374358828,0.061374932953241854
2022-10-28,2313464.887663278,2420776.526394387,2309954.7144322237,2414257.5512695312,43697300,0.0,15.770000457763672,4.421999931335449,0.0,6061.47998046875,19692.330078125,0.0,0.0,1.0,0.0,15.770000457763672,4.421999931335449,0.0,-0.9510565162951536,0.30901699437494723,-0.8660254037844386,0.5000000000000001,0,30.0,2617373.0762514668,0.0,0.0,0.0,60.0,60.0,-0.01848584861457993,0.021289805013701892,-0.060442420179737645,0.05878072402493682,-0.09679098814480597,0.04465679490444743
2022-10-31,2392444.0767927393,2407738.4844125304,2356339.4118931447,2369627.9516601562,31675000,0.0,15.770000457763672,4.421999931335449,0.0,6061.47998046875,19692.330078125,0.0,0.0,1.0,0.0,15.770000457763672,4.421999931335449,0.0,0.0,1.0,-0.8660254037844386,0.5000000000000001,0,30.0,2609661.5808472624,0.0,0.0,0.0,60.0,60.0,-0.04274678210796601,0.0598878008452217,-0.07977993941268938,0.045497861484130195,-0.1172362588495541,0.033647236677313036
2022-11-01,2393196.294150253,2407738.5495411367,2265826.7426948426,2268333.9819335938,47161400,0.0,15.770000457763672,4.421999931335449,0.0,6061.47998046875,19692.330078125,0.0,0.0,1.0,0.0,15.770000457763672,4.421999931335449,0.0,0.9510565162951535,0.30901699437494745,-0.5000000000000004,0.8660254037844384,0,30.0,2599037.1691067973,0.0,0.0,0.0,60.0,60.0,-0.038686897690742725,0.04752959889162971,-0.07781585410140618,0.03514977651514985,-0.042997714201852735,0.03238642792955842
2022-11-02,2280118.120260918,2286135.532437231,2178322.528123674,2180579.1772460938,57038300,0.0,15.770000457763672,4.421999931335449,0.0,6061.47998046875,19692.330078125,0.0,0.0,1.0,0.0,15.770000457763672,4.421999931335449,0.0,0.5877852522924732,-0.8090169943749473,-0.5000000000000004,0.8660254037844384,0,30.0,2586011.9405118464,0.0,0.0,0.0,60.0,60.0,-0.04070365452906888,0.036564337291058846,-0.004484300173122167,0.03368978104195194,0.01747726339786283,0.02357138146020701
2022-11-03,2164281.9405298564,2169296.419037409,2089564.9865107234,2091821.6357421875,61288000,0.0,15.770000457763672,4.421999931335449,0.0,6061.47998046875,19692.330078125,0.0,0.0,1.0,0.0,15.770000457763672,4.421999931335449,0.0,-0.587785252292473,-0.8090169943749475,-0.5000000000000004,0.8660254037844384,0,30.0,2570629.4127211575,0.0,0.0,0.0,60.0,60.0,0.037756168390453065,0.035119263406985235,0.06064957737159932,0.024571532635867088,0.06556396831259731,0.03272208279629851
2022-11-04,2141214.9248718927,2172305.110882112,2098841.875856051,2170800.8056640625,51124900,0.0,15.770000457763672,4.421999931335449,0.0,6061.47998046875,19692.330078125,0.0,0.0,1.0,0.0,15.770000457763672,4.421999931335449,0.0,-0.9510565162951536,0.30901699437494723,-0.5000000000000004,0.8660254037844384,0,30.0,2558184.055942184,0.0,0.0,0.0,60.0,60.0,0.022060489427544093,0.023677558740968246,0.026796082518375966,0.03153157147410654,0.00854690147389782,0.024948064683992632
2022-11-07,2188351.7000801773,2228969.6631209636,2177570.3995299116,2218689.7338867188,34078900,0.0,15.770000457763672,4.421999931335449,0.0,6061.47998046875,19692.330078125,0.0,0.0,1.0,0.0,15.770000457763672,4.421999931335449,0.0,0.0,1.0,-0.5000000000000004,0.8660254037844384,0,30.0,2547616.708114036,0.0,0.0,0.0,60.0,60.0,0.0046333784935608645,0.030850983674916704,-0.013221906231024773,0.02440957745853774,0.06158898803275703,0.03141596778951378
2022-11-08,2228969.7631835938,2264573.0582120395,2196124.297452195,2228969.7631835938,30429000,0.0,15.770000457763672,4.421999931335449,0.0,6061.47998046875,19692.330078125,0.0,0.0,1.0,0.0,15.770000457763672,4.421999931335449,0.0,0.9510565162951535,0.30901699437494745,-0.5000000000000004,0.8660254037844384,0,30.0,2537698.270948225,0.0,0.0,0.0,60.0,60.0,-0.017772935985224263,0.02429700026007467,0.05669292973781203,0.03127107705362304,0.08447695444710618,0.0338582908991362
2022-11-09,2217686.589543573,2242508.7713583354,2188351.492442565,2189354.4262695312,31769100,0.0,15.770000457763672,4.421999931335449,0.0,6061.47998046875,19692.330078125,0.0,0.0,1.0,0.0,15.770000457763672,4.421999931335449,0.0,0.5877852522924732,-0.8090169943749473,-0.5000000000000004,0.8660254037844384,0,30.0,2526855.4664258193,0.0,0.0,0.0,60.0,60.0,0.0758132904815949,0.03183691246075523,0.10410005402863985,0.03447094072193766,0.09596880099321783,0.026110842299853464
2022-11-10,2312963.5375895076,2366619.2618032815,2296916.9765885714,2355336.5893554688,51620100,0.0,15.770000457763672,4.421999931335449,0.0,6061.47998046875,19692.330078125,0.0,0.0,1.0,0.0,15.770000457763672,4.421999931335449,0.0,-0.587785252292473,-0.8090169943749475,-0.5000000000000004,0.8660254037844384,0,30.0,2521516.6447862643,0.0,0.0,0.0,60.0,60.0,0.0262933761809005,0.03204175020602926,0.018735138048536465,0.024270793576239215,0.047902906434529456,0.03651266964366865
2022-11-11,2374141.136533603,2430304.0992224403,2354834.9925751914,2417266.3403320312,33090500,0.0,15.770000457763672,4.421999931335449,0.0,6061.47998046875,19692.330078125,0.0,0.0,1.0,0.0,15.770000457763672,4.421999931335449,0.0,-0.9510565162951536,0.30901699437494723,-0.5000000000000004,0.8660254037844384,0,30.0,2518271.673790319,0.0,0.0,0.0,60.0,60.0,-0.007364597987068927,0.023648981996314766,0.02105589956552534,0.03557722430163352,0.025308489933070652,0.02074473456267158
2022-11-14,2384169.739656701,2426793.565793756,2369627.677630946,2399464.1455078125,30179500,0.0,15.770000457763672,4.421999931335449,0.0,6061.47998046875,19692.330078125,0.0,0.0,1.0,0.0,15.770000457763672,4.421999931335449,0.0,0.0,1.0,-0.5000000000000004,0.8660254037844384,0,30.0,2514573.584030342,0.0,0.0,0.0,60.0,60.0,0.028631355979205783,0.03584118018507873,0.03291549732548623,0.020898644679208548,0.027795394592262244,0.026018791389246402
2022-11-15,2463650.9504191307,2510787.699039867,2424788.0722530857,2468164.0576171875,41640800,0.0,15.770000457763672,4.421999931335449,0.0,6061.47998046875,19692.330078125,0.0,0.0,1.0,0.0,15.770000457763672,4.421999931335449,0.0,0.9510565162951535,0.30901699437494745,-0.5000000000000004,0.8660254037844384,0,30.0,2513129.0072692987,0.0,0.0,0.0,60.0,60.0,0.004164894761741107,0.02031694305032543,-0.0008126928875775359,0.025294573452388888,-0.010260091418572627,0.025700921201776625
2022-11-16,2454624.642104112,2498251.2158226855,2448105.667225217,2478443.701171875,29105200,0.0,15.770000457763672,4.421999931335449,0.0,6061.47998046875,19692.330078125,0.0,0.0,1.0,0.0,15.770000457763672,4.421999931335449,0.0,0.5877852522924732,-0.8090169943749473,-0.5000000000000004,0.8660254037844384,0,30.0,2512049.367139125,0.0,0.0,0.0,60.0,60.0,-0.00495694250544347,0.025189661164554598,-0.014365156813947733,0.025594323537743966,-0.032878011806765,0.03075367967008848
2022-11-17,2431307.0558157777,2489225.105650009,2426793.948602065,2466158.1982421875,26052600,0.0,15.770000457763672,4.421999931335449,0.0,6061.47998046875,19692.330078125,0.0,0.0,1.0,0.0,15.770000457763672,4.421999931335449,0.0,-0.587785252292473,-0.8090169943749475,-0.5000000000000004,0.8660254037844384,0,30.0,2510620.925152119,0.0,0.0,0.0,60.0,60.0,-0.009455082609383195,0.025721825146128398,-0.028060161910605837,0.03090688331369693,-0.013318435401165693,0.03222852812732333
2022-11-18,2476437.8953323965,2479697.478498513,2416263.3885406363,2442840.46875,28342300,0.0,15.770000457763672,4.421999931335449,0.0,6061.47998046875,19692.330078125,0.0,0.0,1.0,0.0,15.770000457763672,4.421999931335449,0.0,-0.9510565162951536,0.30901699437494723,-0.5000000000000004,0.8660254037844384,0,30.0,2508511.14124052,0.0,0.0,0.0,60.0,60.0,-0.018782671007220784,0.031201899854389887,-0.003900229786610477,0.03253616020990006,0.010571652619238913,0.01714057013208058
2022-11-21,2439330.4534843294,2467161.2507578107,2390939.9870916223,2396957.3999023438,21647400,0.0,15.770000457763672,4.421999931335449,0.0,6061.47998046875,19692.330078125,0.0,0.0,1.0,0.0,15.770000457763672,4.421999931335449,0.0,0.0,1.0,-0.5000000000000004,0.8660254037844384,0,30.0,2505038.838142446,0.0,0.0,0.0,60.0,60.0,0.015167324078843114,0.03315897431540316,0.0299162303386875,0.017468678574679673,0.01945602625861488,0.012970688555742885
2022-11-22,2405732.6247454993,2437575.1553239375,2358094.50646546,2433312.8295898438,23438500,0.0,15.770000457763672,4.421999931335449,0.0,6061.47998046875,19692.330078125,0.0,0.0,1.0,0.0,15.770000457763672,4.421999931335449,0.0,0.9510565162951535,0.30901699437494745,-0.5000000000000004,0.8660254037844384,0,30.0,2502806.242097507,0.0,0.0,0.0,60.0,60.0,0.014528547077918862,0.01720768405398652,0.004224625909490645,0.012776897214961495,-0.010303921168428215,0.020298827917503436
2022-11-23,2434315.5600044485,2476187.2383805425,2434315.5600044485,2468665.3295898438,18868100,0.0,15.770000457763672,4.421999931335449,0.0,6061.47998046875,19692.330078125,0.0,0.0,1.0,0.0,15.770000457763672,4.421999931335449,0.0,0.5877852522924732,-0.8090169943749473,-0.5000000000000004,0.8660254037844384,0,30.0,2501743.547159181,0.0,0.0,0.0,60.0,60.0,-0.010156363956545072,0.012593925771494522,-0.024476855104639917,0.020008138731994127,-0.03321137342132262,0.020414404400321322
2022-11-25,2463149.4002090967,2473178.548620904,2442088.3607053873,2443592.666015625,9701400,0.0,15.770000457763672,4.421999931335449,0.0,6061.47998046875,19692.330078125,0.0,0.0,1.0,0.0,15.770000457763672,4.421999931335449,0.0,-0.9510565162951536,0.30901699437494723,-0.5000000000000004,0.8660254037844384,0,30.0,2499933.500428983,0.0,0.0,0.0,60.0,60.0,-0.01446742760840073,0.02021343372168304,-0.023291567097336388,0.020623867908996802,0.03621995200466251,0.06792532996770118
2022-11-28,2433062.160227481,2446601.4819676103,2397208.0835703127,2408240.166015625,26237500,0.0,15.770000457763672,4.421999931335449,0.0,6061.47998046875,19692.330078125,0.0,0.0,1.0,0.0,15.770000457763672,4.421999931335449,0.0,0.0,1.0,-0.5000000000000004,0.8660254037844384,0,30.0,2497079.386839094,0.0,0.0,0.0,60.0,60.0,-0.008953676150471669,0.020926622302242844,0.05143146054529664,0.06892246067815523,0.05143146054529664,0.020822487034084916
2022-11-29,2400216.8852150952,2409995.252366797,2359598.9199994975,2386677.563476563,20061700,0.0,15.770000457763672,4.421999931335449,0.0,6061.47998046875,19692.330078125,0.0,0.0,1.0,0.0,15.770000457763672,4.421999931335449,0.0,0.9510565162951535,0.30901699437494745,-0.5000000000000004,0.8660254037844384,0,30.0,2493642.939179911,0.0,0.0,0.0,60.0,60.0,0.06093069036492047,0.06954514538779502,0.06093069036492047,0.021010609224807957,0.05515274593578533,0.019644866933749415
2022-11-30,2377400.500393105,2533353.190354489,2367371.352208723,2532099.4750976562,43647500,0.0,15.770000457763672,4.421999931335449,0.0,6061.47998046875,19692.330078125,0.0,0.0,1.0,0.0,15.770000457763672,4.421999931335449,0.0,0.5877852522924732,-0.8090169943749473,-0.5000000000000004,0.8660254037844384,0,30.0,2494839.965359459,0.0,0.0,0.0,60.0,60.0,0.0,0.019803941403166585,-0.005446109233721714,0.018516635546656036,-0.014952025961927736,0.023566660570806294
2022-12-01,2532851.6277357186,2563691.22492693,2513545.675295107,2532099.4750976562,28687100,0.0,15.770000457763672,4.421999931335449,0.0,6061.47998046875,19692.330078125,0.0,0.0,1.0,0.0,15.770000457763672,4.421999931335449,0.0,-0.587785252292473,-0.8090169943749475,-2.4492935982947064e-16,1.0,0,30.0,2495999.7320292694,0.0,0.0,0.0,60.0,60.0,-0.005446109233721714,0.018516635546656036,-0.014952025961927736,0.023566660570806294,-0.039706880969619045,0.03327062646289121
2022-12-02,2483458.245551324,2526583.254486445,2479697.2913381825,2518309.384765625,21480700,0.0,15.770000457763672,4.421999931335449,0.0,6061.47998046875,19692.330078125,0.0,0.0,1.0,0.0,15.770000457763672,4.421999931335449,0.0,-0.9510565162951536,0.30901699437494723,-2.4492935982947064e-16,1.0,0,30.0,2496694.1585485786,0.0,0.0,0.0,60.0,60.0,-0.009557970479490013,0.02369570999581409,-0.03444838138383862,0.03345281414288877,-0.054759087799637035,0.021505335662621135
2022-12-05,2492233.5903259073,2541877.5720675965,2482204.443206453,2494239.4580078125,24405100,0.0,15.770000457763672,4.421999931335449,0.0,6061.47998046875,19692.330078125,0.0,0.0,1.0,0.0,15.770000457763672,4.421999931335449,0.0,0.0,1.0,-2.4492935982947064e-16,1.0,0,30.0,2496617.7517495747,0.0,0.0,0.0,60.0,60.0,-0.025130608518701983,0.03377564071981462,-0.04563731745312712,0.021712866600614916,-0.058001611177345466,0.021411388191190817
2022-12-06,2489726.5305682076,2501761.3549457104,2417516.8191428534,2431557.7026367188,24910700,0.0,15.770000457763672,4.421999931335449,0.0,6061.47998046875,19692.330078125,0.0,0.0,1.0,0.0,15.770000457763672,4.421999931335449,0.0,0.9510565162951535,0.30901699437494745,-2.4492935982947064e-16,1.0,0,30.0,2494592.645218987,0.0,0.0,0.0,60.0,60.0,-0.021035339824615414,0.022272590349382674,-0.03371836570711953,0.021963340297982446,-0.04279233277267332,0.015570242311962638
2022-12-07,2417266.065894658,2429050.108175581,2374893.019553867,2380409.060058594,31045400,0.0,15.770000457763672,4.421999931335449,0.0,6061.47998046875,19692.330078125,0.0,0.0,1.0,0.0,15.770000457763672,4.421999931335449,0.0,0.5877852522924732,-0.8090169943749473,-2.4492935982947064e-16,1.0,0,30.0,2491038.483684416,0.0,0.0,0.0,60.0,60.0,-0.012955550285371804,0.022435273908710498,-0.02222449270452732,0.01590480529621282,-0.01716873539384213,0.02053925642228782
2022-12-08,2391441.036065092,2396455.705473087,2343050.576195896,2349569.5507812505,32213300,0.0,15.770000457763672,4.421999931335449,0.0,6061.47998046875,19692.330078125,0.0,0.0,1.0,0.0,15.770000457763672,4.421999931335449,0.0,-0.587785252292473,-0.8090169943749475,-2.4492935982947064e-16,1.0,0,30.0,2486635.0185194802,0.0,0.0,0.0,60.0,60.0,-0.009390602846543871,0.016113565403068904,-0.0042684856894625485,0.020808846479230068,0.02048871489185071,0.048020488851882676
2022-12-09,2351073.953954185,2363359.751048299,2325499.808422726,2327505.6762695312,28225400,0.0,15.770000457763672,4.421999931335449,0.0,6061.47998046875,19692.330078125,0.0,0.0,1.0,0.0,15.770000457763672,4.421999931335449,0.0,-0.9510565162951536,0.30901699437494723,-2.4492935982947064e-16,1.0,0,30.0,2481681.8425752157,0.0,0.0,0.0,60.0,60.0,0.005170672892665737,0.02100610648256,0.030162562382563336,0.04847570494472483,0.02413008305245211,0.035225725863966856
2022-12-12,2324496.8208536636,2345808.640186384,2296916.8081119033,2339540.4467773438,29420000,0.0,15.770000457763672,4.421999931335449,0.0,6061.47998046875,19692.330078125,0.0,0.0,1.0,0.0,15.770000457763672,4.421999931335449,0.0,0.0,1.0,-2.4492935982947064e-16,1.0,0,30.0,2477257.4458398586,0.0,0.0,0.0,60.0,60.0,0.024863329346822564,0.04822634230386184,0.018861881540201776,0.03504452210348992,-0.026256478423501657,0.03890255651675098
2022-12-13,2451114.34030357,2495493.0643144753,2382665.5858944613,2397709.2114257812,40593700,0.0,15.770000457763672,4.421999931335449,0.0,6061.47998046875,19692.330078125,0.0,0.0,1.0,0.0,15.770000457763672,4.421999931335449,0.0,0.9510565162951535,0.30901699437494745,-2.4492935982947064e-16,1.0,0,30.0,2474781.3694887753,0.0,0.0,0.0,60.0,60.0,-0.005855851833869102,0.03419433703987134,-0.049879634002423005,0.03795877499251027,-0.05615393333814363,0.018927168589491457
2022-12-14,2386927.9732506997,2428799.6505966075,2346811.57369751,2383668.5815429688,28733600,0.0,15.770000457763672,4.421999931335449,0.0,6061.47998046875,19692.330078125,0.0,0.0,1.0,0.0,15.770000457763672,4.421999931335449,0.0,0.5877852522924732,-0.8090169943749473,-2.4492935982947064e-16,1.0,0,30.0,2471945.326411571,0.0,0.0,0.0,60.0,60.0,-0.04428309742582432,0.03818236526617566,-0.05059435454813867,0.019038656138957173,-0.06973793475762224,0.024718615711263516
2022-12-15,2335027.468640766,2347814.637461604,2256800.5330076236,2278112.353515625,40107000,0.0,15.770000457763672,4.421999931335449,0.0,6061.47998046875,19692.330078125,0.0,0.0,1.0,0.0,15.770000457763672,4.421999931335449,0.0,-0.587785252292473,-0.8090169943749475,-2.4492935982947064e-16,1.0,0,30.0,2465911.939953871,0.0,0.0,0.0,60.0,60.0,-0.00660368892222717,0.01992081136964043,-0.02663428601423349,0.025863951599773075,-0.020250974044116028,0.019150317641876836
2022-12-16,2275604.793947873,2289896.266045283,2244514.4195720507,2263068.408203125,58011800,0.0,15.770000457763672,4.421999931335449,0.0,6061.47998046875,19692.330078125,0.0,0.0,1.0,0.0,15.770000457763672,4.421999931335449,0.0,-0.9510565162951536,0.30901699437494723,-2.4492935982947064e-16,1.0,0,30.0,2459598.084270742,0.0,0.0,0.0,60.0,60.0,-0.020163752239299514,0.026035884481705296,-0.013738006644178503,0.019277621054481206,-0.0075336768488389735,0.021050318037802575
2022-12-19,2263068.90397555,2270590.6222961484,2211669.634645975,2217436.4575195312,29493000,0.0,15.770000457763672,4.421999931335449,0.0,6061.47998046875,19692.330078125,0.0,0.0,1.0,0.0,15.770000457763672,4.421999931335449,0.0,0.0,1.0,-2.4492935982947064e-16,1.0,0,30.0,2452060.384891805,0.0,0.0,0.0,60.0,60.0,0.006557979060078958,0.019674329357112396,0.012889985871950624,0.021483506132693682,-0.0076890580114598725,0.02510177129567511
2022-12-20,2209162.2334625213,2235990.095217687,2192363.5200239792,2231978.359375,23453800,0.0,15.770000457763672,4.421999931335449,0.0,6061.47998046875,19692.330078125,0.0,0.0,1.0,0.0,15.770000457763672,4.421999931335449,0.0,0.9510565162951535,0.30901699437494745,-2.4492935982947064e-16,1.0,0,30.0,2445209.9512813734,0.0,0.0,0.0,60.0,60.0,0.006290752190732696,0.021343535672684173,-0.01415421403230311,0.024938226925700867,0.0023589780636384,0.02785894359441567
2022-12-21,2233482.7948983903,2262065.74248076,2214427.4327467806,2246019.1821289062,24745600,0.0,15.770000457763672,4.421999931335449,0.0,6061.47998046875,19692.330078125,0.0,0.0,1.0,0.0,15.770000457763672,4.421999931335449,0.0,0.5877852522924732,-0.8090169943749473,-2.4492935982947064e-16,1.0,0,30.0,2439009.7941504787,0.0,0.0,0.0,60.0,60.0,-0.020317156029235436,0.02478232744503456,-0.003907194932016096,0.027684785469572988,-0.024447447498248846,0.021544990699089082
2022-12-22,2210415.6067257854,2219943.1909428565,2164281.608123509,2200386.4599609375,27658300,0.0,15.770000457763672,4.421999931335449,0.0,6061.47998046875,19692.330078125,0.0,0.0,1.0,0.0,15.770000457763672,4.421999931335449,0.0,-0.587785252292473,-0.8090169943749475,-2.4492935982947064e-16,1.0,0,30.0,2431582.230245945,0.0,0.0,0.0,60.0,60.0,0.01675027913187489,0.02825892648825353,-0.004215947532849382,0.021991801562804565,-0.019826734005423636,0.023928882158690698
2022-12-23,2184089.2014398533,2245266.826814924,2183086.2675971393,2237243.5473632812,23003000,0.0,15.770000457763672,4.421999931335449,0.0,6061.47998046875,19692.330078125,0.0,0.0,1.0,0.0,15.770000457763672,4.421999931335449,0.0,-0.9510565162951536,0.30901699437494723,-2.4492935982947064e-16,1.0,0,30.0,2425533.102690434,0.0,0.0,0.0,60.0,60.0,-0.020620822137984288,0.021629501377252315,-0.035974431370236586,0.02353466986910664,-0.00874153198841727,0.02510363965403751
2022-12-27,2226462.4499231735,2229972.623046509,2181582.160657566,2191109.74609375,20097300,0.0,15.770000457763672,4.421999931335449,0.0,6061.47998046875,19692.330078125,0.0,0.0,1.0,0.0,15.770000457763672,4.421999931335449,0.0,0.9510565162951535,0.30901699437494745,-2.4492935982947064e-16,1.0,0,30.0,2418236.2703510867,0.0,0.0,0.0,60.0,60.0,-0.0156768793734917,0.02403019218816027,0.012129408525408416,0.025632196621576887,0.00961208708639981,0.019796353093110546
2022-12-28,2180830.0148166353,2207407.094630341,2154754.306326357,2156759.9829101562,19523200,0.0,15.770000457763672,4.421999931335449,0.0,6061.47998046875,19692.330078125,0.0,0.0,1.0,0.0,15.770000457763672,4.421999931335449,0.0,0.5877852522924732,-0.8090169943749473,-2.4492935982947064e-16,1.0,1,30.0,2410097.368759237,0.0,0.0,0.0,60.0,60.0,0.02824914635877068,0.02604042929039637,0.025691732653597966,0.0201116408608897,0.03603808881302755,0.029411837113592073
2022-12-29,2171803.58385663,2227715.758406237,2171552.8025749084,2217686.611328125,23333500,0.0,15.770000457763672,4.421999931335449,0.0,6061.47998046875,19692.330078125,0.0,0.0,1.0,0.0,15.770000457763672,4.421999931335449,0.0,-0.587785252292473,-0.8090169943749475,-2.4492935982947064e-16,1.0,1,30.0,2404108.251217178,0.0,0.0,0.0,60.0,60.0,-0.002487153735287805,0.01955911262567921,0.0075749564021901005,0.028603804066110905,-0.004183058967755536,0.03821373811427078
2022-12-30,2180829.917003085,2213925.970277474,2170549.988078046,2212170.8837890625,23986300,0.0,15.770000457763672,4.421999931335449,0.0,6061.47998046875,19692.330078125,0.0,0.0,1.0,0.0,15.770000457763672,4.421999931335449,0.0,-0.9510565162951536,0.30901699437494723,-2.4492935982947064e-16,1.0,1,30.0,2398133.8687575487,0.0,0.0,0.0,60.0,60.0,0.010087198551032696,0.02867512350665031,-0.0017001337264158757,0.038309018532809866,-0.023008214871793352,0.01892777900233999
2023-01-03,2246269.5327799483,2282875.9479275174,2219441.67461705,2234485.4907226562,28131200,0.0,15.770000457763672,4.421999931335449,0.0,6061.47998046875,19692.330078125,0.0,0.0,1.0,0.0,15.770000457763672,4.421999931335449,0.0,0.9510565162951535,0.30901699437494745,0.49999999999999994,0.8660254037844387,0,30.0,2393040.030010153,0.0,0.0,0.0,60.0,60.0,-0.011669618518438276,0.03792644693226886,-0.032764907297410883,0.018738757435488577,-0.019973098860866317,0.03175495810621399
2023-01-04,2265325.0081504956,2272846.9165859795,2188100.821201162,2208409.8974609375,34854800,0.0,15.770000457763672,4.421999931335449,0.0,6061.47998046875,19692.330078125,0.0,0.0,1.0,0.0,15.770000457763672,4.421999931335449,0.0,0.5877852522924732,-0.8090169943749473,0.49999999999999994,0.8660254037844387,0,30.0,2387293.097871813,0.0,0.0,0.0,60.0,60.0,-0.021344369427710605,0.01896001356084809,-0.008401522909758846,0.0321299018032933,-0.0006812989762786387,0.02486378639458019
2023-01-05,2193115.307011099,2195622.5458496967,2153751.064245926,2161272.7807617188,27194400,0.0,15.770000457763672,4.421999931335449,0.0,6061.47998046875,19692.330078125,0.0,0.0,1.0,0.0,15.770000457763672,4.421999931335449,0.0,-0.587785252292473,-0.8090169943749475,0.49999999999999994,0.8660254037844387,0,30.0,2380257.8246670365,0.0,0.0,0.0,60.0,60.0,0.01322512854739635,0.03283065135435298,0.021113729698105148,0.02540606278435303,0.025754277543508983,0.032946600906200454
2023-01-06,2176065.980805888,2198631.5146517125,2127675.5215048715,2189855.8911132812,41381500,0.0,15.770000457763672,4.421999931335449,0.0,6061.47998046875,19692.330078125,0.0,0.0,1.0,0.0,15.770000457763672,4.421999931335449,0.0,-0.9510565162951536,0.30901699437494723,0.49999999999999994,0.8660254037844387,0,30.0,2374331.2352418215,0.0,0.0,0.0,60.0,60.0,0.0077856351253528825,0.025074449960371857,0.012365612185393554,0.032516565152143566,0.04785904722279495,0.02965418700261953
2023-01-09,2215430.1520201927,2257803.197966511,2202893.7660043654,2206905.3100585938,29003900,0.0,15.770000457763672,4.421999931335449,0.0,6061.47998046875,19692.330078125,0.0,0.0,1.0,0.0,15.770000457763672,4.421999931335449,0.0,0.0,1.0,0.49999999999999994,0.8660254037844387,0,30.0,2369119.813807293,0.0,0.0,0.0,60.0,60.0,0.00454459450542872,0.03226535884101881,0.03976382546121285,0.029425093957536924,0.03533293102792797,0.02408546827124706
2023-01-10,2155757.3566683955,2223202.9937814865,2151996.402024296,2216934.7998046875,30467800,0.0,15.770000457763672,4.421999931335449,0.0,6061.47998046875,19692.330078125,0.0,0.0,1.0,0.0,15.770000457763672,4.421999931335449,0.0,0.9510565162951535,0.30901699437494745,0.49999999999999994,0.8660254037844387,0,30.0,2364382.792087871,0.0,0.0,0.0,60.0,60.0,0.0350598979362621,0.029291973814287352,0.03064904902271401,0.02397650477936736,0.04184564534373563,0.023297952350209903
2023-01-11,2235990.105328298,2296666.175547601,2231727.77944374,2294660.3076171875,26862000,0.0,15.770000457763672,4.421999931335449,0.0,6061.47998046875,19692.330078125,0.0,0.0,1.0,0.0,15.770000457763672,4.421999931335449,0.0,0.5877852522924732,-0.8090169943749473,0.49999999999999994,0.8660254037844387,0,30.0,2362212.5591944796,0.0,0.0,0.0,60.0,60.0,-0.0042614431515920915,0.023164364523417955,0.006555898282798109,0.022508796250982344,-0.0025130747295748694,0.024038428847612626
2023-01-12,2293657.366778918,2303435.7329822537,2250281.3851591907,2284881.743164062,30258100,0.0,15.770000457763672,4.421999931335449,0.0,6061.47998046875,19692.330078125,0.0,0.0,1.0,0.0,15.770000457763672,4.421999931335449,0.0,-0.587785252292473,-0.8090169943749475,0.49999999999999994,0.8660254037844387,0,30.0,2359805.5038249516,0.0,0.0,0.0,60.0,60.0,0.010863636202486674,0.02260512671340606,0.001755850880728118,0.024141305649242082,-0.00010973540430469925,0.023702442582676564
2023-01-13,2277861.339050401,2311458.953607571,2259808.912278199,2309703.8671875,26329200,0.0,15.770000457763672,4.421999931335449,0.0,6061.47998046875,19692.330078125,0.0,0.0,1.0,0.0,15.770000457763672,4.421999931335449,0.0,-0.9510565162951536,0.30901699437494723,0.49999999999999994,0.8660254037844387,0,30.0,2358246.0037487736,0.0,0.0,0.0,60.0,60.0,-0.009009904991709655,0.023881861790907594,-0.01085544203371986,0.02344771513566318,0.010095632905388523,0.03234914860999729
2023-01-17,2308199.6073850626,2312963.4958522213,2257803.4673181246,2288893.6547851562,32602400,0.0,15.770000457763672,4.421999931335449,0.0,6061.47998046875,19692.330078125,0.0,0.0,1.0,0.0,15.770000457763672,4.421999931335449,0.0,0.9510565162951535,0.30901699437494745,0.49999999999999994,0.8660254037844387,0,30.0,2356087.2919630785,0.0,0.0,0.0,60.0,60.0,-0.0018623163352553646,0.023660897574830978,0.019279242036156122,0.03264326129286556,0.07372104892707183,0.03592952501775839
2023-01-18,2310205.1535358764,2326753.2745653726,2272595.9962398205,2284631.0107421875,29116700,0.0,15.770000457763672,4.421999931335449,0.0,6061.47998046875,19692.330078125,0.0,0.0,1.0,0.0,15.770000457763672,4.421999931335449,0.0,0.5877852522924732,-0.8090169943749473,0.49999999999999994,0.8660254037844387,0,30.0,2353863.0916477526,0.0,0.0,0.0,60.0,60.0,0.021181004101346535,0.03270416679692238,0.07572438802712735,0.035996562003189965,0.09514934854759405,0.027875341441321352
2023-01-19,2274602.177909069,2347062.482333647,2272345.528688913,2333021.7895507812,37000400,0.0,15.770000457763672,4.421999931335449,0.0,6061.47998046875,19692.330078125,0.0,0.0,1.0,0.0,15.770000457763672,4.421999931335449,0.0,-0.587785252292473,-0.8090169943749475,0.49999999999999994,0.8660254037844387,0,30.0,2353214.3700811686,0.0,0.0,0.0,60.0,60.0,0.0534120628044582,0.0352499330271693,0.07243411711456646,0.027297160179602088,0.049973070222031166,0.025900092358158967
2023-01-20,2384420.8395657316,2464653.83350946,2382414.9716768684,2457633.295898437,63191100,0.0,15.770000457763672,4.421999931335449,0.0,6061.47998046875,19692.330078125,0.0,0.0,1.0,0.0,15.770000457763672,4.421999931335449,0.0,-0.9510565162951536,0.30901699437494723,0.49999999999999994,0.8660254037844387,0,30.0,2356464.589708619,0.0,0.0,0.0,60.0,60.0,0.018057562640270686,0.02591308866060439,-0.003264622367501221,0.02458685757708731,-0.028565740009583406,0.024484810716019746
2023-01-23,2455878.1590370657,2508280.3566427347,2444595.487150865,2502012.163085938,40005100,0.0,15.770000457763672,4.421999931335449,0.0,6061.47998046875,19692.330078125,0.0,0.0,1.0,0.0,15.770000457763672,4.421999931335449,0.0,0.0,1.0,0.49999999999999994,0.8660254037844387,0,30.0,2360995.0096111046,0.0,0.0,0.0,60.0,60.0,-0.020943987639042837,0.024150753827045675,-0.045796332506915796,0.02405051699878332,-0.022747732156851257,0.021946112860110136
2023-01-24,2459639.1995696607,2497499.1435398553,2437073.6637168927,2449610.0512695312,33078500,0.0,15.770000457763672,4.421999931335449,0.0,6061.47998046875,19692.330078125,0.0,0.0,1.0,0.0,15.770000457763672,4.421999931335449,0.0,0.9510565162951535,0.30901699437494745,0.49999999999999994,0.8660254037844387,0,30.0,2363753.306016007,0.0,0.0,0.0,60.0,60.0,-0.025383986773077932,0.024565006184668017,-0.001842330260000915,0.0224155845866141,0.017093146293651808,0.030808618883675806
2023-01-25,2396204.6133419406,2410997.6470639585,2350822.9610044975,2387429.1821289067,42330000,0.0,15.770000457763672,4.421999931335449,0.0,6061.47998046875,19692.330078125,0.0,0.0,1.0,0.0,15.770000457763672,4.421999931335449,0.0,0.5877852522924732,-0.8090169943749473,0.49999999999999994,0.8660254037844387,0,30.0,2364490.2586003873,0.0,0.0,0.0,60.0,60.0,0.02415480167941357,0.022999401079402366,0.04358345490968215,0.03161103292533586,0.018063610490785864,0.0198487678356916
2023-01-26,2419522.912889163,2446350.7758778846,2391441.3345694323,2445097.060546875,30114000,0.0,15.770000457763672,4.421999931335449,0.0,6061.47998046875,19692.330078125,0.0,0.0,1.0,0.0,15.770000457763672,4.421999931335449,0.0,-0.587785252292473,-0.8090169943749475,0.49999999999999994,0.8660254037844387,0,30.0,2366999.2846963936,0.0,0.0,0.0,60.0,60.0,0.01897042634415167,0.030865483297544426,-0.005947529786160593,0.01938063250120343,0.01353562144306971,0.02112384644959924
2023-01-27,2439831.550280879,2515300.6527640633,2439831.550280879,2491481.5942382812,33879800,0.0,15.770000457763672,4.421999931335449,0.0,6061.47998046875,19692.330078125,0.0,0.0,1.0,0.0,15.770000457763672,4.421999931335449,0.0,-0.9510565162951536,0.30901699437494723,0.49999999999999994,0.8660254037844387,0,30.0,2370874.011835911,0.0,0.0,0.0,60.0,60.0,-0.024454052331737017,0.01901981843647514,-0.005333623783941286,0.020730578536402762,0.010667170155673443,0.036328876730434764
2023-01-30,2444094.093865011,2464402.979593658,2417015.452033426,2430554.7729492188,27226200,0.0,15.770000457763672,4.421999931335449,0.0,6061.47998046875,19692.330078125,0.0,0.0,1.0,0.0,15.770000457763672,4.421999931335449,0.0,0.0,1.0,0.49999999999999994,0.8660254037844387,0,30.0,2372731.6787256384,0.0,0.0,0.0,60.0,60.0,0.019599721154597717,0.021250232842392216,0.036001607685785315,0.037239534249788604,0.11140905406418761,0.02310705361277061
2023-01-31,2428799.763090886,2479195.902696543,2427546.0478351843,2478192.96875,29870700,0.0,15.770000457763672,4.421999931335449,0.0,6061.47998046875,19692.330078125,0.0,0.0,1.0,0.0,15.770000457763672,4.421999931335449,0.0,0.9510565162951535,0.30901699437494745,0.49999999999999994,0.8660254037844387,0,30.0,2376014.3437414924,0.0,0.0,0.0,60.0,60.0,0.016086593778795916,0.03652368030036184,0.09004448609070306,0.02266286772480098,0.060097081787164094,0.05291375523110813
2023-02-01,2474933.451281592,2537114.0137807666,2446601.286067537,2518058.6523437495,35531100,0.0,15.770000457763672,4.421999931335449,0.0,6061.47998046875,19692.330078125,0.0,0.0,1.0,0.0,15.770000457763672,4.421999931335449,0.0,0.5877852522924732,-0.8090169943749473,0.8660254037844386,0.5000000000000001,0,30.0,2380435.718470003,0.0,0.0,0.0,60.0,60.0,0.07278699745152618,0.022304071191923167,0.04331371782467327,0.05207602930211237,0.02459416822869739,0.024693847803905926
2023-02-02,2652699.530222765,2704098.601460992,2647935.642013679,2701340.5810546875,69883800,0.0,15.770000457763672,4.421999931335449,0.0,6061.47998046875,19692.330078125,0.0,0.0,1.0,0.0,15.770000457763672,4.421999931335449,0.0,-0.587785252292473,-0.8090169943749475,0.8660254037844386,0.5000000000000001,0,30.0,2390424.437227197,0.0,0.0,0.0,60.0,60.0,-0.02747356157081375,0.04854274839816506,-0.044923017651513235,0.023018407067356084,-0.0009281063503208425,0.04696489568368743
2023-02-03,2580740.5423097922,2703095.6061484823,2571965.1099845916,2627125.1342773438,65309300,0.0,15.770000457763672,4.421999931335449,0.0,6061.47998046875,19692.330078125,0.0,0.0,1.0,0.0,15.770000457763672,4.421999931335449,0.0,-0.9510565162951536,0.30901699437494723,0.8660254037844386,0.5000000000000001,0,30.0,2397792.1557261394,0.0,0.0,0.0,60.0,60.0,-0.017942397647187518,0.02366866972227013,0.027295355860318643,0.048291639001140786,-0.05163192962118823,0.0486733981901139
2023-02-06,2567451.8247728767,2616594.4336693296,2554413.8765470446,2579988.2104492188,31999600,0.0,15.770000457763672,4.421999931335449,0.0,6061.47998046875,19692.330078125,0.0,0.0,1.0,0.0,15.770000457763672,4.421999931335449,0.0,0.0,1.0,0.8660254037844386,0.5000000000000001,0,30.0,2403463.3229831294,0.0,0.0,0.0,60.0,60.0,0.046064256718878406,0.04917393733875053,-0.03430504676435209,0.0495626713478947,-0.07667625369960968,0.06219632935835202
2023-02-07,2588011.8315944932,2712372.7709812913,2585504.5923859463,2698833.4497070312,49010200,0.0,15.770000457763672,4.421999931335449,0.0,6061.47998046875,19692.330078125,0.0,0.0,1.0,0.0,15.770000457763672,4.421999931335449,0.0,0.9510565162951535,0.30901699437494745,0.8660254037844386,0.5000000000000001,0,30.0,2412657.228931947,0.0,0.0,0.0,60.0,60.0,-0.07683017842070204,0.047380140397258866,-0.11733553615862972,0.059457465407946546,-0.1214233121433603,0.0232255654724486
2023-02-08,2558676.635481531,2586005.867026058,2458134.7592701204,2491481.5942382812,94743500,0.0,15.770000457763672,4.421999931335449,0.0,6061.47998046875,19692.330078125,0.0,0.0,1.0,0.0,15.770000457763672,4.421999931335449,0.0,0.5877852522924732,-0.8090169943749473,0.8660254037844386,0.5000000000000001,0,30.0,2415110.7736053364,0.0,0.0,0.0,60.0,60.0,-0.043876388494409176,0.06440577239215926,-0.04830436684593012,0.02515849730953709,-0.04790182335942821,0.013686228654395689
2023-02-09,2507277.472183546,2508029.6248187865,2347563.8283410217,2382164.3798828125,119455000,0.0,15.770000457763672,4.421999931335449,0.0,6061.47998046875,19692.330078125,0.0,0.0,1.0,0.0,15.770000457763672,4.421999931335449,0.0,-0.587785252292473,-0.8090169943749475,0.8660254037844386,0.5000000000000001,0,30.0,2414085.2601297614,0.0,0.0,0.0,60.0,60.0,-0.004631177703632155,0.02631301748726867,-0.004210161548756504,0.01431428791183624,-0.003473302313078948,0.02726025020384665
2023-02-10,2393196.124866747,2425790.8065351886,2363108.8735497836,2371132.1533203125,54980700,0.0,15.770000457763672,4.421999931335449,0.0,6061.47998046875,19692.330078125,0.0,0.0,1.0,0.0,15.770000457763672,4.421999931335449,0.0,-0.9510565162951536,0.30901699437494723,0.8660254037844386,0.5000000000000001,0,30.0,2412748.27040573,0.0,0.0,0.0,60.0,60.0,0.0004229750273917001,0.01438088836137386,0.0011632626666785966,0.027387084659690097,0.025060863666201125,0.03140532225820581
2023-02-13,2375394.4746528612,2386927.9273469695,2352828.940560006,2372135.0830078125,50076100,0.0,15.770000457763672,4.421999931335449,0.0,6061.47998046875,19692.330078125,0.0,0.0,1.0,0.0,15.770000457763672,4.421999931335449,0.0,0.0,1.0,0.8660254037844386,0.5000000000000001,0,30.0,2411484.1147195757,0.0,0.0,0.0,60.0,60.0,0.0007399746484896825,0.027375505504499468,0.024627471833236173,0.03139204420744728,0.009512751777166891,0.031074964804442558
2023-02-14,2367622.2089284076,2378152.728776872,2313214.3317545755,2373890.4028320312,54726100,0.0,15.770000457763672,4.421999931335449,0.0,6061.47998046875,19692.330078125,0.0,0.0,1.0,0.0,15.770000457763672,4.421999931335449,0.0,0.9510565162951535,0.30901699437494745,0.8660254037844386,0.5000000000000001,0,30.0,2410313.945429964,0.0,0.0,0.0,60.0,60.0,0.02386983411263948,0.031368832066964995,0.008766290296096796,0.031051987121187653,-0.0034856519299252503,0.024820426447031817
2023-02-15,2369126.36187071,2435067.8799211495,2360601.7105293316,2430554.7729492188,50169000,0.0,15.770000457763672,4.421999931335449,0.0,6061.47998046875,19692.330078125,0.0,0.0,1.0,0.0,15.770000457763672,4.421999931335449,0.0,0.5877852522924732,-0.8090169943749473,0.8660254037844386,0.5000000000000001,0,30.0,2410943.976186975,0.0,0.0,0.0,60.0,60.0,-0.014751429638155638,0.030328061328322633,-0.026717738067039545,0.024241779198957467,-0.05312576252989117,0.014235579409607877
2023-02-16,2391190.442299342,2449108.487017466,2375394.472801615,2394700.615234375,42462600,0.0,15.770000457763672,4.421999931335449,0.0,6061.47998046875,19692.330078125,0.0,0.0,1.0,0.0,15.770000457763672,4.421999931335449,0.0,-0.587785252292473,-0.8090169943749475,0.8660254037844386,0.5000000000000001,0,30.0,2410438.3734892774,0.0,0.0,0.0,60.0,60.0,-0.012145471497095538,0.024604734204338286,-0.03894888462273242,0.014448718666376436,-0.040414566028471946,0.01570516232398392
2023-02-17,2378152.232358355,2395953.8763738982,2337032.904237091,2365615.8471679688,34284100,0.0,15.770000457763672,4.421999931335449,0.0,6061.47998046875,19692.330078125,0.0,0.0,1.0,0.0,15.770000457763672,4.421999931335449,0.0,-0.9510565162951536,0.30901699437494723,0.8660254037844386,0.5000000000000001,0,30.0,2409043.1948503363,0.0,0.0,0.0,60.0,60.0,-0.027132955665301755,0.014626362738118433,-0.02861665732728712,0.015898254116205882,-0.036671841441064196,0.0231054647788025
2023-02-21,2331767.727540103,2334274.9664084767,2299674.6109287567,2301429.697265625,33629300,0.0,15.770000457763672,4.421999931335449,0.0,6061.47998046875,19692.330078125,0.0,0.0,1.0,0.0,15.770000457763672,4.421999931335449,0.0,0.9510565162951535,0.30901699437494745,0.8660254037844386,0.5000000000000001,0,30.0,2405693.5386525653,0.0,0.0,0.0,60.0,60.0,-0.0015250816343563218,0.016341651419673704,-0.00980492229776955,0.023749868919245107,-0.02897914900478325,0.014271681626228211
2023-02-22,2299173.353056829,2309453.282456496,2271844.120576896,2297919.829101563,30884000,0.0,15.770000457763672,4.421999931335449,0.0,6061.47998046875,19692.330078125,0.0,0.0,1.0,0.0,15.770000457763672,4.421999931335449,0.0,0.5877852522924732,-0.8090169943749473,0.8660254037844386,0.5000000000000001,0,30.0,2402338.895580305,0.0,0.0,0.0,60.0,60.0,-0.008292487383625126,0.023786144731727604,-0.027496001016595578,0.014293480350601948,-0.01942173919393205,0.008947160690514575
2023-02-23,2304689.2838931344,2305190.8464833344,2250532.192846418,2278864.3579101562,41206400,0.0,15.770000457763672,4.421999931335449,0.0,6061.47998046875,19692.330078125,0.0,0.0,1.0,0.0,15.770000457763672,4.421999931335449,0.0,-0.587785252292473,-0.8090169943749475,0.8660254037844386,0.5000000000000001,0,30.0,2398495.5370829366,0.0,0.0,0.0,60.0,60.0,-0.01936409010586875,0.014412999971021835,-0.011222312696759903,0.009021975306922609,-0.009131919239160765,0.021014453855488415
2023-02-24,2242508.912971845,2253791.5844800924,2220946.3125555706,2234736.2231445312,36585100,0.0,15.770000457763672,4.421999931335449,0.0,6061.47998046875,19692.330078125,0.0,0.0,1.0,0.0,15.770000457763672,4.421999931335449,0.0,-0.9510565162951536,0.30901699437494723,0.8660254037844386,0.5000000000000001,0,30.0,2393398.2452637134,0.0,0.0,0.0,60.0,60.0,0.008302548710446294,0.009200127402938582,0.010434220043820996,0.02142941497803922,0.01380015315858732,0.015258619054416011
2023-02-27,2253290.2294921875,2260561.3567819484,2240001.498817057,2253290.2294921875,27502300,0.0,15.770000457763672,4.421999931335449,0.0,6061.47998046875,19692.330078125,0.0,0.0,1.0,0.0,15.770000457763672,4.421999931335449,0.0,0.0,1.0,0.8660254037844386,0.5000000000000001,0,30.0,2389037.1409978005,0.0,0.0,0.0,60.0,60.0,0.002114118759395156,0.02125296123216792,0.005452336161573831,0.01513297677758605,0.023700829983560563,0.029932149260058404
2023-02-28,2239750.9348412203,2287389.243433615,2239500.153541395,2258053.9526367188,30142000,0.0,15.770000457763672,4.421999931335449,0.0,6061.47998046875,19692.330078125,0.0,0.0,1.0,0.0,15.770000457763672,4.421999931335449,0.0,0.9510565162951535,0.30901699437494745,0.8660254037844386,0.5000000000000001,0,30.0,2384960.062763705,0.0,0.0,0.0,60.0,60.0,0.0033311749028257843,0.015101051361615868,0.021541170631234584,0.029869002641250114,0.039862376352552895,0.014212818838241404
2023-03-01,2256048.3398214546,2282374.638344094,2248275.6496280273,2265575.9252929688,31111200,0.0,15.770000457763672,4.421999931335449,0.0,6061.47998046875,19692.330078125,0.0,0.0,1.0,0.0,15.770000457763672,4.421999931335449,0.0,0.5877852522924732,-0.8090169943749473,1.0,6.123233995736766e-17,0,30.0,2381244.0250456706,0.0,0.0,0.0,60.0,60.0,0.018149536448094982,0.02976983411697835,0.03640991365913176,0.014165630644954233,0.05278880722824795,0.021801695524675407
2023-03-02,2248024.882087578,2313715.4238433163,2246269.604367925,2306695.078125,32204400,0.0,15.770000457763672,4.421999931335449,0.0,6061.47998046875,19692.330078125,0.0,0.0,1.0,0.0,15.770000457763672,4.421999931335449,0.0,-0.587785252292473,-0.8090169943749475,1.0,6.123233995736766e-17,0,30.0,2378923.5601625964,0.0,0.0,0.0,60.0,60.0,0.017934867676451263,0.013913114073962349,0.034021791043578074,0.021413058440052486,0.020217519124103998,0.023260865693979477
2023-03-03,2318730.249128848,2350071.216972722,2317977.9052169216,2348065.3491210933,35160100,0.0,15.770000457763672,4.421999931335449,0.0,6061.47998046875,19692.330078125,0.0,0.0,1.0,0.0,15.770000457763672,4.421999931335449,0.0,-0.9510565162951536,0.30901699437494723,1.0,6.123233995736766e-17,0,30.0,2377963.0449838573,0.0,0.0,0.0,60.0,60.0,0.015803489867526582,0.021035784429833077,0.002242433696041022,0.022851035397849148,0.006406624855545989,0.020928976799194574
2023-03-06,2357342.180997208,2406234.2061847,2356840.809673428,2385172.9760742188,32639300,0.0,15.770000457763672,4.421999931335449,0.0,6061.47998046875,19692.330078125,0.0,0.0,1.0,0.0,15.770000457763672,4.421999931335449,0.0,0.0,1.0,1.0,6.123233995736766e-17,0,30.0,2378187.4665564704,0.0,0.0,0.0,60.0,60.0,-0.013350078343650986,0.02249552755605241,-0.009250672109037607,0.02060337162449006,-0.029538431084393253,0.0381582846767366
2023-03-07,2381412.30747945,2398712.3925431105,2345056.6681338814,2353330.7299804688,27835500,0.0,15.770000457763672,4.421999931335449,0.0,6061.47998046875,19692.330078125,0.0,0.0,1.0,0.0,15.770000457763672,4.421999931335449,0.0,0.9510565162951535,0.30901699437494745,1.0,6.123233995736766e-17,0,30.0,2377413.75764823,0.0,0.0,0.0,60.0,60.0,0.004154874129753598,0.02088214996247294,-0.016407392718955367,0.03867459353027462,-0.034413021993147934,0.025463448725878062
2023-03-08,2359849.1317819827,2405982.935795401,2356840.330580653,2363108.5229492188,34103300,0.0,15.770000457763672,4.421999931335449,0.0,6061.47998046875,19692.330078125,0.0,0.0,1.0,0.0,15.770000457763672,4.421999931335449,0.0,0.5877852522924732,-0.8090169943749473,1.0,6.123233995736766e-17,0,30.0,2376968.4824815867,0.0,0.0,0.0,60.0,60.0,-0.02047718671537512,0.03851457033835721,-0.038408314410987875,0.02535808905767235,-0.03331546181364468,0.03342177313062807
2023-03-09,2358094.695815121,2395202.2977470234,2304188.1883227243,2314718.7084960933,28813500,0.0,15.770000457763672,4.421999931335449,0.0,6061.47998046875,19692.330078125,0.0,0.0,1.0,0.0,15.770000457763672,4.421999931335449,0.0,-0.587785252292473,-0.8090169943749475,1.0,6.123233995736766e-17,0,30.0,2375030.8506238707,0.0,0.0,0.0,60.0,60.0,-0.018305982721815807,0.02588820669999436,-0.01310666267712447,0.0341204642478465,0.017872449136461997,0.020797203502976282
2023-03-10,2310957.603900738,2326502.7931175893,2266578.8767396985,2272345.5078125,35941000,0.0,15.770000457763672,4.421999931335449,0.0,6061.47998046875,19692.330078125,0.0,0.0,1.0,0.0,15.770000457763672,4.421999931335449,0.0,-0.9510565162951536,0.30901699437494723,1.0,6.123233995736766e-17,0,30.0,2371834.5917651937,0.0,0.0,0.0,60.0,60.0,0.005296273536541273,0.034756720166684824,0.0368530634001265,0.021185016040576467,0.06046565515274562,0.047335330377685635
2023-03-13,2258806.1344014574,2320986.6985449786,2242007.4216079162,2284380.471191406,37335600,0.0,15.770000457763672,4.421999931335449,0.0,6061.47998046875,19692.330078125,0.0,0.0,1.0,0.0,15.770000457763672,4.421999931335449,0.0,0.0,1.0,1.0,6.123233995736766e-17,0,30.0,2369112.4310365175,0.0,0.0,0.0,60.0,60.0,0.03139053699321027,0.021073405520592947,0.054878728856840836,0.047085950305141615,0.10108645847431469,0.062452000159261105
2023-03-14,2320735.7007582565,2365866.766595242,2317727.0905625024,2356088.4008789067,36050200,0.0,15.770000457763672,4.421999931335449,0.0,6061.47998046875,19692.330078125,0.0,0.0,1.0,0.0,15.770000457763672,4.421999931335449,0.0,0.9510565162951535,0.30901699437494745,1.0,6.123233995736766e-17,0,30.0,2368707.0355766863,0.0,0.0,0.0,60.0,60.0,0.02277332496389308,0.045652881829234375,0.06757471489343637,0.060551263482915035,0.08140917663586963,0.02915822430385342
2023-03-15,2337284.0648189974,2430304.035073033,2322741.8097284785,2409744.3676757812,50622100,0.0,15.770000457763672,4.421999931335449,0.0,6061.47998046875,19692.330078125,0.0,0.0,1.0,0.0,15.770000457763672,4.421999931335449,0.0,0.5877852522924732,-0.8090169943749473,1.0,6.123233995736766e-17,0,30.0,2369984.3935000966,0.0,0.0,0.0,60.0,60.0,0.043803831050369745,0.059203014006111936,0.05733025123044402,0.02850898003707986,0.05316827579042117,0.019560891543122665
2023-03-16,2412000.51647167,2537113.7826725384,2394449.65312188,2515300.4028320312,65492000,0.0,15.770000457763672,4.421999931335449,0.0,6061.47998046875,19692.330078125,0.0,0.0,1.0,0.0,15.770000457763672,4.421999931335449,0.0,-0.587785252292473,-0.8090169943749475,1.0,6.123233995736766e-17,0,30.0,2374507.605571249,0.0,0.0,0.0,60.0,60.0,0.012958776139442565,0.027312584212678688,0.008971460404229468,0.018740007424037454,0.04585336416346326,0.03867621284074001
2023-03-17,2513796.626320777,2578484.2443326744,2509784.89026014,2547895.6176757812,61028500,0.0,15.770000457763672,4.421999931335449,0.0,6061.47998046875,19692.330078125,0.0,0.0,1.0,0.0,15.770000457763672,4.421999931335449,0.0,-0.9510565162951536,0.30901699437494723,1.0,6.123233995736766e-17,0,30.0,2379904.6072708545,0.0,0.0,0.0,60.0,60.0,-0.003936306026598074,0.018500266610511826,0.0324737677375061,0.038181428259244275,0.01722088467720966,0.03208023999395859
2023-03-20,2510286.306507784,2551154.8609689465,2504018.11274619,2537866.3208007812,32960400,0.0,15.770000457763672,4.421999931335449,0.0,6061.47998046875,19692.330078125,0.0,0.0,1.0,0.0,15.770000457763672,4.421999931335449,0.0,0.0,1.0,1.0,6.123233995736766e-17,0,30.0,2384821.4387521427,0.0,0.0,0.0,60.0,60.0,0.036553961342432426,0.03833231598567213,0.021240800996781134,0.032207016667766666,0.04327205034367898,0.018178264576969166
2023-03-21,2538618.354002458,2635148.4951312016,2537866.201392871,2630635.388183594,42110300,0.0,15.770000457763672,4.421999931335449,0.0,6061.47998046875,19692.330078125,0.0,0.0,1.0,0.0,15.770000457763672,4.421999931335449,0.0,0.9510565162951535,0.30901699437494745,1.0,6.123233995736766e-17,0,30.0,2392472.822990105,0.0,0.0,0.0,60.0,60.0,-0.014773143431741215,0.031071239770340202,0.006481176332147736,0.017537210077733578,0.0049561764146297035,0.015726282114295637
2023-03-22,2614337.97712292,2672506.8032892337,2590769.7003946393,2591772.6342773438,43427400,0.0,15.770000457763672,4.421999931335449,0.0,6061.47998046875,19692.330078125,0.0,0.0,1.0,0.0,15.770000457763672,4.421999931335449,0.0,0.5877852522924732,-0.8090169943749473,1.0,6.123233995736766e-17,0,30.0,2398676.3742460003,0.0,0.0,0.0,60.0,60.0,0.021573021098838064,0.0178001746103625,0.02002515432343376,0.015962092394713443,-0.008803269035096317,0.027377401801979964
2023-03-23,2634145.6785540963,2665236.0572625087,2619102.0518220128,2647685.0,40797800,0.0,15.770000457763672,4.421999931335449,0.0,6061.47998046875,19692.330078125,0.0,0.0,1.0,0.0,15.770000457763672,4.421999931335449,0.0,-0.587785252292473,-0.8090169943749475,1.0,6.123233995736766e-17,0,30.0,2406427.1983087417,0.0,0.0,0.0,60.0,60.0,-0.001515179770252126,0.01562501364566586,-0.029734820229747876,0.026799260783660787,-0.0432765937360139,0.025662868320258686
2023-03-24,2632390.4184769318,2644926.80514251,2603556.6908880854,2643673.28125,30393300,0.0,15.770000457763672,4.421999931335449,0.0,6061.47998046875,19692.330078125,0.0,0.0,1.0,0.0,15.770000457763672,4.421999931335449,0.0,-0.9510565162951536,0.30901699437494723,1.0,6.123233995736766e-17,0,30.0,2413811.892886627,0.0,0.0,0.0,60.0,60.0,-0.028262463171951385,0.026839928099752552,-0.04182478603545783,0.02570181118462447,-0.038410531187695815,0.017450647123186433
2023-03-27,2623113.8495620964,2626624.0228394438,2555668.022051457,2568956.5625,31120900,0.0,15.770000457763672,4.421999931335449,0.0,6061.47998046875,19692.330078125,0.0,0.0,1.0,0.0,15.770000457763672,4.421999931335449,0.0,0.0,1.0,1.0,6.123233995736766e-17,0,30.0,2418641.039004775,0.0,0.0,0.0,60.0,60.0,-0.013956775723387875,0.026449334527634358,-0.010443219111273412,0.017958189801074206,-0.015323037891965135,0.013468718643301628
2023-03-28,2568454.913472524,2568705.503472316,2500758.311963792,2533102.211914062,32057900,0.0,15.770000457763672,4.421999931335449,0.0,6061.47998046875,19692.330078125,0.0,0.0,1.0,0.0,15.770000457763672,4.421999931335449,0.0,0.9510565162951535,0.30901699437494745,1.0,6.123233995736766e-17,0,30.0,2422203.840938036,0.0,0.0,0.0,60.0,60.0,0.00356328863239449,0.018212375846148952,-0.0013856006866023415,0.01365935925697643,0.026724855093639782,0.0282094300169854
2023-03-29,2564443.138432588,2569708.3976981374,2523574.5881580473,2542128.3862304688,28779600,0.0,15.770000457763672,4.421999931335449,0.0,6061.47998046875,19692.330078125,0.0,0.0,1.0,0.0,15.770000457763672,4.421999931335449,0.0,0.5877852522924732,-0.8090169943749473,1.0,6.123233995736766e-17,1,30.0,2425936.699783995,0.0,0.0,0.0,60.0,60.0,-0.00493131761101079,0.013610859834849795,0.023079328153592295,0.02810926857979011,0.029292847522008537,0.02564353983642608
2023-03-30,2530093.906390159,2536362.100361447,2501761.547214271,2529592.34375,33086200,0.0,15.770000457763672,4.421999931335449,0.0,6061.47998046875,19692.330078125,0.0,0.0,1.0,0.0,15.770000457763672,4.421999931335449,0.0,-0.587785252292473,-0.8090169943749475,1.0,6.123233995736766e-17,1,30.0,2429163.160943956,0.0,0.0,0.0,60.0,60.0,0.028149459690917342,0.02824857125671424,0.03439377174533619,0.02577062296329168,0.037962004523517716,0.015264156021923162
2023-03-31,2539872.1513469117,2604810.545942397,2533353.176369536,2600799.0014648438,36863400,0.0,15.770000457763672,4.421999931335449,0.0,6061.47998046875,19692.330078125,0.0,0.0,1.0,0.0,15.770000457763672,4.421999931335449,0.0,-0.9510565162951536,0.30901699437494723,1.0,6.123233995736766e-17,1,30.0,2434505.623273162,0.0,0.0,0.0,60.0,60.0,0.0060733505188010455,0.025065055202226,0.009543889499830331,0.01484624232211519,0.007133815644737953,0.02352255438365738
2023-04-03,2567201.172771252,2620856.890864661,2555667.7203230504,2616594.5654296875,25035400,0.0,15.770000457763672,4.421999931335449,0.0,6061.47998046875,19692.330078125,0.0,0.0,1.0,0.0,15.770000457763672,4.421999931335449,0.0,0.0,1.0,0.8660254037844387,-0.4999999999999998,0,30.0,2440173.456466299,0.0,0.0,0.0,60.0,60.0,0.0034495884214005234,0.01475662019519694,0.0010540634292619507,0.023380556071311825,0.0389039332487429,0.04637789445918245
2023-04-04,2615842.3738750783,2647183.3391770697,2608571.2469702074,2625620.7397460933,24420100,0.0,15.770000457763672,4.421999931335449,0.0,6061.47998046875,19692.330078125,0.0,0.0,1.0,0.0,15.770000457763672,4.421999931335449,0.0,0.9510565162951535,0.30901699437494745,0.8660254037844387,-0.4999999999999998,0,30.0,2445945.823834147,0.0,0.0,0.0,60.0,60.0,-0.002387289824800414,0.023300180040029192,0.035332462374236644,0.046218459795417215,0.016424765551743707,0.023586645991878315
2023-04-05,2652197.89343926,2660221.173135876,2599043.7371829576,2619352.6220703125,28290500,0.0,15.770000457763672,4.421999931335449,0.0,6061.47998046875,19692.330078125,0.0,0.0,1.0,0.0,15.770000457763672,4.421999931335449,0.0,0.5877852522924732,-0.8090169943749473,0.8660254037844387,-0.4999999999999998,0,30.0,2451343.4102845844,0.0,0.0,0.0,60.0,60.0,0.03781001566470896,0.04632906069059643,0.018857072674264917,0.02364308889743,0.008423481129231566,0.019622887932807725
2023-04-06,2639160.5113703953,2737194.9681415497,2615842.8215435813,2718390.3857421875,48711500,0.0,15.770000457763672,4.421999931335449,0.0,6061.47998046875,19692.330078125,0.0,0.0,1.0,0.0,15.770000457763672,4.421999931335449,0.0,-0.587785252292473,-0.8090169943749475,0.8660254037844387,-0.4999999999999998,0,30.0,2459655.709173796,0.0,0.0,0.0,60.0,60.0,-0.01826243985350713,0.022781712009482577,-0.028315909551764686,0.018907977025293423,-0.03486449665106655,0.02222840320212039
2023-04-10,2682285.264821024,2697579.479937154,2635649.893039829,2668745.9448242188,27067400,0.0,15.770000457763672,4.421999931335449,0.0,6061.47998046875,19692.330078125,0.0,0.0,1.0,0.0,15.770000457763672,4.421999931335449,0.0,0.0,1.0,0.8660254037844387,-0.4999999999999998,0,30.0,2466164.0043176142,0.0,0.0,0.0,60.0,60.0,-0.010240485957120146,0.01925970625232268,-0.016910890925964057,0.022641899530464655,0.009301044212011889,0.015501705839060267
2023-04-11,2671504.132876946,2676017.239826015,2624617.9768666234,2641416.689453125,26311800,0.0,15.770000457763672,4.421999931335449,0.0,6061.47998046875,19692.330078125,0.0,0.0,1.0,0.0,15.770000457763672,4.421999931335449,0.0,0.9510565162951535,0.30901699437494745,0.8660254037844387,-0.4999999999999998,0,30.0,2471619.0471897046,0.0,0.0,0.0,60.0,60.0,-0.0067394199037271625,0.022876162551829463,0.01974371540952465,0.015662093285408598,0.03341247516291057,0.019933613029686725
2023-04-12,2672256.316333628,2676518.6420319276,2616093.1644768827,2623615.0732421875,24370300,0.0,15.770000457763672,4.421999931335449,0.0,6061.47998046875,19692.330078125,0.0,0.0,1.0,0.0,15.770000457763672,4.421999931335449,0.0,0.5877852522924732,-0.8090169943749473,0.8660254037844387,-0.4999999999999998,0,30.0,2476350.1863323804,0.0,0.0,0.0,60.0,60.0,0.02666282730226232,0.015768362904214454,0.040424331611696465,0.020068865541562758,0.012710261438955943,0.015672850031941247
2023-04-13,2653702.259451265,2695072.374047115,2653702.259451265,2693568.0688476562,24843600,0.0,15.770000457763672,4.421999931335449,0.0,6061.47998046875,19692.330078125,0.0,0.0,1.0,0.0,15.770000457763672,4.421999931335449,0.0,-0.587785252292473,-0.8090169943749475,0.8660254037844387,-0.4999999999999998,0,30.0,2483111.468539208,0.0,0.0,0.0,60.0,60.0,0.013404112765624258,0.019547669407976174,-0.013590212377679245,0.015265820106806074,-0.027273653572170955,0.02299172500561559
2023-04-14,2680028.7825742695,2731428.0455029598,2678775.067365245,2729672.958984375,26578000,0.0,15.770000457763672,4.421999931335449,0.0,6061.47998046875,19692.330078125,0.0,0.0,1.0,0.0,15.770000457763672,4.421999931335449,0.0,-0.9510565162951536,0.30901699437494723,0.8660254037844387,-0.4999999999999998,0,30.0,2490786.1212838716,0.0,0.0,0.0,60.0,60.0,-0.026637276090813178,0.01506390186748402,-0.04013972888543328,0.022687617620645098,-0.043078927785215625,0.017543892752216097
2023-04-17,2624116.633821329,2661725.795038634,2620606.2694541686,2656961.9067382812,37571200,0.0,15.770000457763672,4.421999931335449,0.0,6061.47998046875,19692.330078125,0.0,0.0,1.0,0.0,15.770000457763672,4.421999931335449,0.0,0.0,1.0,0.8660254037844387,-0.4999999999999998,0,30.0,2495958.629957597,0.0,0.0,0.0,60.0,60.0,-0.01387196413315686,0.02330849236708783,-0.01689159784994646,0.01802400309902654,-0.006416884977565439,0.02245916102416088
2023-04-18,2669999.3882784103,2671253.1033716924,2609323.32704884,2620104.6264648438,26596400,0.0,15.770000457763672,4.421999931335449,0.0,6061.47998046875,19692.330078125,0.0,0.0,1.0,0.0,15.770000457763672,4.421999931335449,0.0,0.9510565162951535,0.30901699437494745,0.8660254037844387,-0.4999999999999998,0,30.0,2499822.8887723577,0.0,0.0,0.0,60.0,60.0,-0.0030621112137180343,0.01827754859761468,0.007559950518025918,0.02277509634377086,0.008708223820174762,0.011674653463997915
2023-04-19,2597037.9487278312,2632139.87020602,2584250.7805649736,2612081.5747070312,20905700,0.0,15.770000457763672,4.421999931335449,0.0,6061.47998046875,19692.330078125,0.0,0.0,1.0,0.0,15.770000457763672,4.421999931335449,0.0,0.5877852522924732,-0.8090169943749473,0.8660254037844387,-0.4999999999999998,0,30.0,2503317.1344899894,0.0,0.0,0.0,60.0,60.0,0.010654687570030807,0.022845050428867048,0.01180648781261844,0.011710512355199154,0.01718182635099508,0.018525631902070114
2023-04-20,2605312.127352846,2663982.328702196,2604309.1934036994,2639912.4877929688,27820800,0.0,15.770000457763672,4.421999931335449,0.0,6061.47998046875,19692.330078125,0.0,0.0,1.0,0.0,15.770000457763672,4.421999931335449,0.0,-0.587785252292473,-0.8090169943749475,0.8660254037844387,-0.4999999999999998,0,30.0,2507568.9010624667,0.0,0.0,0.0,60.0,60.0,0.0011396575474823826,0.01158705589478375,0.006458327321132614,0.018330327984340773,-0.013676548106677146,0.02706815502397037
2023-04-21,2644425.389145992,2657713.9281804822,2627125.1146270875,2642921.083984375,25800100,0.0,15.770000457763672,4.421999931335449,0.0,6061.47998046875,19692.330078125,0.0,0.0,1.0,0.0,15.770000457763672,4.421999931335449,0.0,-0.9510565162951536,0.30901699437494723,0.8660254037844387,-0.4999999999999998,0,30.0,2511781.971807141,0.0,0.0,0.0,60.0,60.0,0.005312615211627431,0.018309461468387987,-0.014799339475228832,0.027037341713422806,-0.016127438545771467,0.03529078354966467
2023-04-24,2644926.8909811056,2673509.838203051,2625119.376451849,2656961.9067382812,23542800,0.0,15.770000457763672,4.421999931335449,0.0,6061.47998046875,19692.330078125,0.0,0.0,1.0,0.0,15.770000457763672,4.421999931335449,0.0,0.0,1.0,0.8660254037844387,-0.4999999999999998,0,30.0,2516300.9483272685,0.0,0.0,0.0,60.0,60.0,-0.020005672248151897,0.02689446178662664,-0.021326752925392836,0.03510428797537335,0.015287340310135648,0.045578956033643724
2023-04-25,2653451.775411855,2675014.376818926,2603556.8163496307,2603807.5976562505,46664100,0.0,15.770000457763672,4.421999931335449,0.0,6061.47998046875,19692.330078125,0.0,0.0,1.0,0.0,15.770000457763672,4.421999931335449,0.0,0.9510565162951535,0.30901699437494745,0.8660254037844387,-0.4999999999999998,0,30.0,2519024.744104283,0.0,0.0,0.0,60.0,60.0,-0.0013480493099093309,0.035820909347408364,0.036013486567061395,0.046509408006680956,0.033606049311093955,0.021762175881864243
2023-04-26,2630635.5721667814,2666489.64895534,2573218.8930416023,2600297.5366210933,53347600,0.0,15.770000457763672,4.421999931335449,0.0,6061.47998046875,19692.330078125,0.0,0.0,1.0,0.0,15.770000457763672,4.421999931335449,0.0,0.5877852522924732,-0.8090169943749473,0.8660254037844387,-0.4999999999999998,0,30.0,2521554.500308423,0.0,0.0,0.0,60.0,60.0,0.03741196905603907,0.04657218961475209,0.03500128207515063,0.021791551968457175,0.0336514130752679,0.011281439319533673
2023-04-27,2618851.2888998496,2717136.71290579,2596035.1629755,2697579.7875976562,50089200,0.0,15.770000457763672,4.421999931335449,0.0,6061.47998046875,19692.330078125,0.0,0.0,1.0,0.0,15.770000457763672,4.421999931335449,0.0,-0.587785252292473,-0.8090169943749475,0.8660254037844387,-0.4999999999999998,0,30.0,2527033.591758533,0.0,0.0,0.0,60.0,60.0,-0.0023237508846962406,0.021005687825527718,-0.0036249398435155653,0.010874599152541945,-0.02109879433928822,0.032437933217779644
2023-04-28,2683789.567271229,2691562.065463658,2634897.546560928,2691311.2841796875,36139800,0.0,15.770000457763672,4.421999931335449,0.0,6061.47998046875,19692.330078125,0.0,0.0,1.0,0.0,15.770000457763672,4.421999931335449,0.0,-0.9510565162951536,0.30901699437494723,0.8660254037844387,-0.4999999999999998,0,30.0,2532147.0190044125,0.0,0.0,0.0,60.0,60.0,-0.0013042196403624555,0.010899927869571988,-0.01881877359638548,0.03251348646070727,-0.017980157286065054,0.023569954624758777
2023-05-01,2678775.0094469427,2707608.737020347,2678273.638148223,2687801.2231445312,26681700,0.0,15.770000457763672,4.421999931335449,0.0,6061.47998046875,19692.330078125,0.0,0.0,1.0,0.0,15.770000457763672,4.421999931335449,0.0,0.0,1.0,0.49999999999999994,-0.8660254037844387,0,30.0,2536992.025265794,0.0,0.0,0.0,60.0,60.0,-0.01753742661225214,0.032555946565628754,-0.016697715133729182,0.02360073516709069,-0.023414115318893213,0.01520519889803143
2023-05-02,2686296.539808298,2687800.8447827753,2600296.9317830503,2640664.1064453125,30997200,0.0,15.770000457763672,4.421999931335449,0.0,6061.47998046875,19692.330078125,0.0,0.0,1.0,0.0,15.770000457763672,4.421999931335449,0.0,0.9510565162951535,0.30901699437494745,0.49999999999999994,-0.8660254037844387,0,30.0,2540218.998062449,0.0,0.0,0.0,60.0,60.0,0.0008547007298481041,0.024022019572420093,-0.005981590409471737,0.015476618967377604,0.00237383596144191,0.016805894950062655
2023-05-03,2645929.6943076095,2695072.3062512325,2631638.221402016,2642921.083984375,21795400,0.0,15.770000457763672,4.421999931335449,0.0,6061.47998046875,19692.330078125,0.0,0.0,1.0,0.0,15.770000457763672,4.421999931335449,0.0,0.5877852522924732,-0.8090169943749473,0.49999999999999994,-0.8660254037844387,0,30.0,2543415.7780793943,0.0,0.0,0.0,60.0,60.0,-0.006830453146030735,0.015463402386072293,0.00151783793440348,0.01679154320582936,0.022388675100218608,0.026562899687543343
2023-05-04,2644926.839503017,2647684.8599084807,2606816.307712196,2624868.735351563,23419500,0.0,15.770000457763672,4.421999931335449,0.0,6061.47998046875,19692.330078125,0.0,0.0,1.0,0.0,15.770000457763672,4.421999931335449,0.0,-0.587785252292473,-0.8090169943749475,0.49999999999999994,-0.8660254037844387,0,30.0,2545951.1422230857,0.0,0.0,0.0,60.0,60.0,0.008405705860473496,0.016907025853762213,0.029420080729222742,0.026745584146922116,0.0254083083176198,0.028273942216799332
2023-05-05,2628128.0303128767,2654705.1081979577,2610326.3846266367,2646932.6098632812,26639300,0.0,15.770000457763672,4.421999931335449,0.0,6061.47998046875,19692.330078125,0.0,0.0,1.0,0.0,15.770000457763672,4.421999931335449,0.0,-0.9510565162951536,0.30901699437494723,0.49999999999999994,-0.8660254037844387,0,30.0,2549094.365020716,0.0,0.0,0.0,60.0,60.0,0.020839206627473076,0.026522642614462483,0.01686087490216844,0.028038260843311225,0.058539361023002084,0.047456684205899685
2023-05-08,2637154.1970391907,2706856.4733970067,2636652.8257610365,2702092.5854492188,26511400,0.0,15.770000457763672,4.421999931335449,0.0,6061.47998046875,19692.330078125,0.0,0.0,1.0,0.0,15.770000457763672,4.421999931335449,0.0,0.0,1.0,0.49999999999999994,-0.8660254037844387,0,30.0,2553856.699196342,0.0,0.0,0.0,60.0,60.0,-0.003897118860126638,0.027465893415223236,0.036930551012120984,0.04648791298159621,0.08165533974449524,0.03256930866202539
2023-05-09,2717637.91698862,2761766.052114873,2687550.66516486,2691562.2094726562,36360100,0.0,15.770000457763672,4.421999931335449,0.0,6061.47998046875,19692.330078125,0.0,0.0,1.0,0.0,15.770000457763672,4.421999931335449,0.0,0.9510565162951535,0.30901699437494745,0.49999999999999994,-0.8660254037844387,0,30.0,2558143.0213242997,0.0,0.0,0.0,60.0,60.0,0.04098740265215092,0.0466697907031436,0.08588717111903278,0.03269673171184412,0.09464381082975361,0.017885406129121782
2023-05-10,2707107.303170905,2831719.0142871393,2706104.3693065597,2801882.353515625,63153400,0.0,15.770000457763672,4.421999931335449,0.0,6061.47998046875,19692.330078125,0.0,0.0,1.0,0.0,15.770000457763672,4.421999931335449,0.0,0.5877852522924732,-0.8090169943749473,0.49999999999999994,-0.8660254037844387,0,30.0,2565729.8295132313,0.0,0.0,0.0,60.0,60.0,0.043131903760304444,0.031409344271161974,0.051543763201073185,0.017181193627852427,0.04259518746453212,0.022102921109944607
2023-05-11,2893397.7777188676,2956581.075730109,2868575.7882812433,2922732.8735351562,78900000,0.0,15.770000457763672,4.421999931335449,0.0,6061.47998046875,19692.330078125,0.0,0.0,1.0,0.0,15.770000457763672,4.421999931335449,0.0,-0.587785252292473,-0.8090169943749475,0.49999999999999994,-0.8660254037844387,0,30.0,2576842.1665886976,0.0,0.0,0.0,60.0,60.0,0.008064041959071032,0.01647077763216453,-0.0005145239004171557,0.021188999234198015,0.025221041698080808,0.037059279625938565
2023-05-12,2925491.4644066757,2959339.67320573,2911199.989967515,2946301.9140625,41102300,0.0,15.770000457763672,4.421999931335449,0.0,6061.47998046875,19692.330078125,0.0,0.0,1.0,0.0,15.770000457763672,4.421999931335449,0.0,-0.9510565162951536,0.30901699437494723,0.49999999999999994,-0.8660254037844387,0,30.0,2588342.240099257,0.0,0.0,0.0,60.0,60.0,-0.008509941335489567,0.021019497127404054,0.01701975174679068,0.03676282268130265,0.028337886003785437,0.02365754844779694
2023-05-15,2911199.9093976007,2970622.4547843286,2908692.670165227,2921229.0576171875,36266800,0.0,15.770000457763672,4.421999931335449,0.0,6061.47998046875,19692.330078125,0.0,0.0,1.0,0.0,15.770000457763672,4.421999931335449,0.0,0.0,1.0,0.49999999999999994,-0.8660254037844387,0,30.0,2598703.9179229657,0.0,0.0,0.0,60.0,60.0,0.0257488139786974,0.0370783573269715,0.0371640915783939,0.023860600760498316,0.05424422445556317,0.02128568862213855
2023-05-16,2920727.357444678,3027537.427066379,2919223.052234117,2996447.241210938,45035600,0.0,15.770000457763672,4.421999931335449,0.0,6061.47998046875,19692.330078125,0.0,0.0,1.0,0.0,15.770000457763672,4.421999931335449,0.0,0.9510565162951535,0.30901699437494745,0.49999999999999994,-0.8660254037844387,0,30.0,2611084.3666387494,0.0,0.0,0.0,60.0,60.0,0.011128726101489376,0.02326164109120174,0.027780105702815427,0.02075136557026583,0.027194369725560164,0.03196384905991081
2023-05-17,2998954.477309957,3050604.329914821,2980902.0496410504,3029793.881835938,33323600,0.0,15.770000457763672,4.421999931335449,0.0,6061.47998046875,19692.330078125,0.0,0.0,1.0,0.0,15.770000457763672,4.421999931335449,0.0,0.5877852522924732,-0.8090169943749473,0.49999999999999994,-0.8660254037844387,0,30.0,2624117.4243324827,0.0,0.0,0.0,60.0,60.0,0.016468110510050638,0.020522971046698327,0.015888821283926453,0.03161204724461811,0.03483966356409526,0.03053627182587946
2023-05-18,3032551.924973695,3091723.6866474333,3029543.3145330506,3079688.8623046875,35234200,0.0,15.770000457763672,4.421999931335449,0.0,6061.47998046875,19692.330078125,0.0,0.0,1.0,0.0,15.770000457763672,4.421999931335449,0.0,-0.587785252292473,-0.8090169943749475,0.49999999999999994,-0.8660254037844387,0,30.0,2638297.8731142897,0.0,0.0,0.0,60.0,60.0,-0.0005699039843301196,0.03109989080597481,0.018073909908325622,0.03004154435357224,-0.00219820108241691,0.019702011867260602
2023-05-19,3097741.2494159713,3158417.3155129715,3062639.328178919,3077933.735351563,41353400,0.0,15.770000457763672,4.421999931335449,0.0,6061.47998046875,19692.330078125,0.0,0.0,1.0,0.0,15.770000457763672,4.421999931335449,0.0,-0.9510565162951536,0.30901699437494723,0.49999999999999994,-0.8660254037844387,0,30.0,2651982.2995455214,0.0,0.0,0.0,60.0,60.0,0.018654445135263795,0.03005867491216837,-0.001629225600247744,0.019713246524999284,-0.015151547432209011,0.016699274671644594
2023-05-22,3082447.305882954,3169951.2451954726,3077432.635643344,3135350.8813476562,35253000,0.0,15.770000457763672,4.421999931335449,0.0,6061.47998046875,19692.330078125,0.0,0.0,1.0,0.0,15.770000457763672,4.421999931335449,0.0,0.0,1.0,0.49999999999999994,-0.8660254037844387,0,30.0,2667027.982495904,0.0,0.0,0.0,60.0,60.0,-0.019912219332452956,0.019352241203229252,-0.0331869091907647,0.016393463702430663,-0.0125550874469487,0.026869253471561973
2023-05-23,3113035.6779112313,3124819.7208798104,3064143.654367213,3072919.086914062,34046300,0.0,15.770000457763672,4.421999931335449,0.0,6061.47998046875,19692.330078125,0.0,0.0,1.0,0.0,15.770000457763672,4.421999931335449,0.0,0.9510565162951535,0.30901699437494745,0.49999999999999994,-0.8660254037844387,0,30.0,2679662.044988522,0.0,0.0,0.0,60.0,60.0,-0.013544388696765745,0.016726525955935212,0.007506605051736534,0.027415149950406552,0.016726437567684126,0.022927586472483337
2023-05-24,3036814.317001589,3056621.8305114545,3005222.5696436977,3031298.2763671875,34182600,0.0,15.770000457763672,4.421999931335449,0.0,6061.47998046875,19692.330078125,0.0,0.0,1.0,0.0,15.770000457763672,4.421999931335449,0.0,0.5877852522924732,-0.8090169943749473,0.49999999999999994,-0.8660254037844387,0,30.0,2690607.330740165,0.0,0.0,0.0,60.0,60.0,0.021340031428977547,0.027791569773917783,0.030686455546092166,0.02324239044288375,0.022911480306369695,0.030272983095063745
2023-05-25,3122061.793978527,3142120.0900778975,3057875.552524682,3095986.2768554688,42317000,0.0,15.770000457763672,4.421999931335449,0.0,6061.47998046875,19692.330078125,0.0,0.0,1.0,0.0,15.770000457763672,4.421999931335449,0.0,-0.587785252292473,-0.8090169943749475,0.49999999999999994,-0.8660254037844387,0,30.0,2703225.4514199817,0.0,0.0,0.0,60.0,60.0,0.009151138533205093,0.022756760459457216,0.0015386147894286496,0.029640454856849387,-0.004940100987403456,0.012633604447098443
2023-05-26,3088213.223949898,3140615.4159270762,3070160.7978389096,3124318.076171875,35635900,0.0,15.770000457763672,4.421999931335449,0.0,6061.47998046875,19692.330078125,0.0,0.0,1.0,0.0,15.770000457763672,4.421999931335449,0.0,-0.9510565162951536,0.30901699437494723,0.49999999999999994,-0.8660254037844387,0,30.0,2716332.6875194823,0.0,0.0,0.0,60.0,60.0,-0.007543492201615309,0.029371670629962925,-0.013963457982210749,0.012519040968889266,-0.007142109301094957,0.014445034276448254
2023-05-30,3150143.200802238,3150644.76338729,3058878.32191073,3100749.8071289067,35076700,0.0,15.770000457763672,4.421999931335449,0.0,6061.47998046875,19692.330078125,0.0,0.0,1.0,0.0,15.770000457763672,4.421999931335449,0.0,0.9510565162951535,0.30901699437494745,0.49999999999999994,-0.8660254037844387,0,30.0,2728298.3351020766,0.0,0.0,0.0,60.0,60.0,-0.0064687628426530926,0.012614196058486103,0.00040443374330907444,0.01455482851182304,0.008086062405830761,0.01932562051214621
2023-05-31,3077682.9902655836,3110528.2627981575,3071414.7968027205,3080691.7919921875,37325800,0.0,15.770000457763672,4.421999931335449,0.0,6061.47998046875,19692.330078125,0.0,0.0,1.0,0.0,15.770000457763672,4.421999931335449,0.0,0.5877852522924732,-0.8090169943749473,0.49999999999999994,-0.8660254037844387,0,30.0,2739267.190807159,0.0,0.0,0.0,60.0,60.0,0.006917947145403793,0.01464959325633963,0.014649589971753234,0.019451447311752298,0.025555441055363986,0.029217903655610382
2023-06-01,3079438.3184850044,3119554.721537997,3074423.8398371674,3102003.8549804688,30772700,0.0,15.770000457763672,4.421999931335449,0.0,6061.47998046875,19692.330078125,0.0,0.0,1.0,0.0,15.770000457763672,4.421999931335449,0.0,-0.587785252292473,-0.8090169943749475,1.2246467991473532e-16,-1.0,0,30.0,2750557.996724423,0.0,0.0,0.0,60.0,60.0,0.007678523208637331,0.019317807738849863,0.01850944653712568,0.029017164445665777,0.029016928800872407,0.023682445388892838
2023-06-02,3108773.1697395,3162930.45296393,3103006.5388882463,3125822.6635742188,26980100,0.0,15.770000457763672,4.421999931335449,0.0,6061.47998046875,19692.330078125,0.0,0.0,1.0,0.0,15.770000457763672,4.421999931335449,0.0,-0.9510565162951536,0.30901699437494723,1.2246467991473532e-16,-1.0,0,30.0,2762238.758388437,0.0,0.0,0.0,60.0,60.0,0.01074839155448174,0.028796053282221085,0.021175806669263518,0.02350198485275194,-0.017405906916708933,0.0555064639049375
2023-06-05,3109274.6826954097,3195023.5218082806,3105012.165837223,3159420.2294921875,32305500,0.0,15.770000457763672,4.421999931335449,0.0,6061.47998046875,19692.330078125,0.0,0.0,1.0,0.0,15.770000457763672,4.421999931335449,0.0,0.0,1.0,1.2246467991473532e-16,-1.0,0,30.0,2774601.718483431,0.0,0.0,0.0,60.0,60.0,0.010316529021376846,0.023252062579696055,-0.027854903066321712,0.05491620305185078,-0.030711750459098977,0.015792442694323904
2023-06-06,3159419.9917889023,3216585.6889397963,3143122.6520480863,3192014.4799804688,26638300,0.0,15.770000457763672,4.421999931335449,0.0,6061.47998046875,19692.330078125,0.0,0.0,1.0,0.0,15.770000457763672,4.421999931335449,0.0,0.9510565162951535,0.30901699437494745,1.2246467991473532e-16,-1.0,0,30.0,2787594.4124758984,0.0,0.0,0.0,60.0,60.0,-0.037781656531614465,0.05435544354108932,-0.0406093321270484,0.015631183139823458,-0.03990250386269139,0.014531447713985221
2023-06-07,3183490.218203871,3235390.662629326,3061887.299780408,3071414.8852539067,52539000,0.0,15.770000457763672,4.421999931335449,0.0,6061.47998046875,19692.330078125,0.0,0.0,1.0,0.0,15.770000457763672,4.421999931335449,0.0,0.5877852522924732,-0.8090169943749473,1.2246467991473532e-16,-1.0,0,30.0,2796428.8154739686,0.0,0.0,0.0,60.0,60.0,-0.002938704728119576,0.016244944035757755,-0.002204122739369294,0.015102027323243047,0.009306107624110639,0.01951019890891385
2023-06-08,3064645.5531625333,3089718.3296412607,3039823.3667197176,3062388.903808594,29389200,0.0,15.770000457763672,4.421999931335449,0.0,6061.47998046875,19692.330078125,0.0,0.0,1.0,0.0,15.770000457763672,4.421999931335449,0.0,-0.587785252292473,-0.8090169943749475,1.2246467991473532e-16,-1.0,0,30.0,2804707.2831220306,0.0,0.0,0.0,60.0,60.0,0.0007367470708508196,0.015146538527628836,0.012280902297878565,0.019567702609089622,0.013836460162722978,0.016210930831145717
2023-06-09,3065146.481152687,3103006.4217203753,3056621.8302022554,3064645.1098632812,23778300,0.0,15.770000457763672,4.421999931335449,0.0,6061.47998046875,19692.330078125,0.0,0.0,1.0,0.0,15.770000457763672,4.421999931335449,0.0,-0.9510565162951536,0.30901699437494723,1.2246467991473532e-16,-1.0,0,30.0,2812798.2974642934,0.0,0.0,0.0,60.0,60.0,0.011535656365989761,0.019553296774965187,0.013090069021863064,0.016198996268094474,0.011781036945983005,0.021271423226570985
2023-06-12,3078685.9828127422,3110277.7320285067,3050353.816685404,3099997.802734375,28306400,0.0,15.770000457763672,4.421999931335449,0.0,6061.47998046875,19692.330078125,0.0,0.0,1.0,0.0,15.770000457763672,4.421999931335449,0.0,0.0,1.0,1.2246467991473532e-16,-1.0,0,30.0,2821737.878691708,0.0,0.0,0.0,60.0,60.0,0.0015366859745287046,0.016014261253320977,0.00024258223469332942,0.021028841734546475,0.011727566276154271,0.02474925232553765
2023-06-13,3133595.2530811573,3138108.3598718583,3088464.185174149,3104761.5258789067,22278300,0.0,15.770000457763672,4.421999931335449,0.0,6061.47998046875,19692.330078125,0.0,0.0,1.0,0.0,15.770000457763672,4.421999931335449,0.0,0.9510565162951535,0.30901699437494745,1.2246467991473532e-16,-1.0,0,30.0,2830547.479115392,0.0,0.0,0.0,60.0,60.0,-0.0012921181599814978,0.02099657658978783,0.010175244146657993,0.024711278849916314,-0.0024227215499654582,0.022853926597021002
2023-06-14,3086458.334096172,3110277.583344114,3045088.220172971,3100749.8071289067,30592300,0.0,15.770000457763672,4.421999931335449,0.0,6061.47998046875,19692.330078125,0.0,0.0,1.0,0.0,15.770000457763672,4.421999931335449,0.0,0.5877852522924732,-0.8090169943749473,1.2246467991473532e-16,-1.0,0,30.0,2838957.9938091477,0.0,0.0,0.0,60.0,60.0,0.011482198664049825,0.024743250052646302,-0.001132066153218835,0.022883494776185155,-0.004608939876650968,0.019649070754273596
2023-06-15,3087461.3992547197,3145630.2277390137,3068907.5999105284,3136353.232421875,35246300,0.0,15.770000457763672,4.421999931335449,0.0,6061.47998046875,19692.330078125,0.0,0.0,1.0,0.0,15.770000457763672,4.421999931335449,0.0,-0.587785252292473,-0.8090169943749475,1.2246467991473532e-16,-1.0,0,30.0,2848214.934867332,0.0,0.0,0.0,60.0,60.0,-0.012471069519492669,0.02262372467494665,-0.015908474278592072,0.01942601736365285,-0.036293747474079104,0.0204653085334546
2023-06-16,3157414.2454205216,3161927.352117613,3090971.3601039215,3097239.5532226562,45535600,0.0,15.770000457763672,4.421999931335449,0.0,6061.47998046875,19692.330078125,0.0,0.0,1.0,0.0,15.770000457763672,4.421999931335449,0.0,-0.9510565162951536,0.30901699437494723,1.2246467991473532e-16,-1.0,0,30.0,2855966.2567274445,0.0,0.0,0.0,60.0,60.0,-0.0034808142354136873,0.019671340012490195,-0.024123524100701437,0.020723755934417724,-0.0030761089432519975,0.03569979983763961
2023-06-20,3082196.311753498,3123315.6484288718,3062388.7960772957,3086458.6376953125,26097500,0.0,15.770000457763672,4.421999931335449,0.0,6061.47998046875,19692.330078125,0.0,0.0,1.0,0.0,15.770000457763672,4.421999931335449,0.0,0.9510565162951535,0.30901699437494745,1.2246467991473532e-16,-1.0,0,30.0,2863140.730652895,0.0,0.0,0.0,60.0,60.0,-0.020714814285737498,0.020796143446568244,0.0004061189166680986,0.035824498261163615,-0.006173894883501398,0.014053641895747284
2023-06-21,3068907.8175092316,3075426.792823771,3011240.3562523597,3022523.2202148438,30306300,0.0,15.770000457763672,4.421999931335449,0.0,6061.47998046875,19692.330078125,0.0,0.0,1.0,0.0,15.770000457763672,4.421999931335449,0.0,0.5877852522924732,-0.8090169943749473,1.2246467991473532e-16,-1.0,0,30.0,2868101.7862449884,0.0,0.0,0.0,60.0,60.0,0.02156770418925575,0.036582293680909976,0.01484850339243146,0.014350918507459051,-0.018332727232468152,0.030941544161957452
2023-06-22,3008732.8318397827,3089968.564738234,2979397.732638965,3087712.106933594,26952200,0.0,15.770000457763672,4.421999931335449,0.0,6061.47998046875,19692.330078125,0.0,0.0,1.0,0.0,15.770000457763672,4.421999931335449,0.0,-0.587785252292473,-0.8090169943749475,1.2246467991473532e-16,-1.0,0,30.0,2874937.5372269694,0.0,0.0,0.0,60.0,60.0,-0.006577342616911361,0.014047936762887719,-0.03905803918634055,0.030288295171305865,-0.0391392424893661,0.02419815971114099
2023-06-23,3043333.325734749,3078686.02989857,3035310.045478364,3067403.1665039067,34913600,0.0,15.770000457763672,4.421999931335449,0.0,6061.47998046875,19692.330078125,0.0,0.0,1.0,0.0,15.770000457763672,4.421999931335449,0.0,-0.9510565162951536,0.30901699437494723,1.2246467991473532e-16,-1.0,0,30.0,2880928.3627501144,0.0,0.0,0.0,60.0,60.0,-0.032695747704195775,0.030488830656522806,-0.032777488645397444,0.02435837307645539,-0.017655728911324622,0.02893575977855255
2023-06-26,3027788.387852139,3058878.5755506065,2965357.039851787,2967112.1264648438,33969900,0.0,15.770000457763672,4.421999931335449,0.0,6061.47998046875,19692.330078125,0.0,0.0,1.0,0.0,15.770000457763672,4.421999931335449,0.0,0.0,1.0,1.2246467991473532e-16,-1.0,0,30.0,2883610.9814248495,0.0,0.0,0.0,60.0,60.0,-8.450385802363807e-05,0.025181707842845843,0.015548384861510852,0.029913814303903132,0.006422163203861072,0.014872355176239603
2023-06-27,2935520.426535433,2985665.9745474905,2910949.0238418877,2966861.3940429688,39535900,0.0,15.770000457763672,4.421999931335449,0.0,6061.47998046875,19692.330078125,0.0,0.0,1.0,0.0,15.770000457763672,4.421999931335449,0.0,0.9510565162951535,0.30901699437494745,1.2246467991473532e-16,-1.0,0,30.0,2886202.2944743466,0.0,0.0,0.0,60.0,60.0,0.015634209870585707,0.029916342350249682,0.006507216946821714,0.0148736120538409,0.011577811910109316,0.011746805154430724
2023-06-28,2935770.9581266074,3018511.1872160556,2929753.546046127,3013245.927734375,27091400,0.0,15.770000457763672,4.421999931335449,0.0,6061.47998046875,19692.330078125,0.0,0.0,1.0,0.0,15.770000457763672,4.421999931335449,0.0,0.5877852522924732,-0.8090169943749473,1.2246467991473532e-16,-1.0,1,30.0,2890156.7472436363,0.0,0.0,0.0,60.0,60.0,-0.00898649615684664,0.014644654452646025,-0.003993955620097972,0.011565980192738414,-0.002329754105265253,0.011399590989696246
2023-06-29,2989677.5779120587,3010237.2453510966,2966109.299958584,2986167.4047851562,24090900,0.0,15.770000457763672,4.421999931335449,0.0,6061.47998046875,19692.330078125,0.0,0.0,1.0,0.0,15.770000457763672,4.421999931335449,0.0,-0.587785252292473,-0.8090169943749475,1.2246467991473532e-16,-1.0,1,30.0,2893145.244981412,0.0,0.0,0.0,60.0,60.0,0.005037812822315317,0.01167086033427951,0.00671710529247737,0.011502962316344427,0.022250237700619742,0.028379490724714254
2023-06-30,3012995.3923430787,3035811.7099159234,3000960.567199898,3001211.157226563,29532200,0.0,15.770000457763672,4.421999931335449,0.0,6061.47998046875,19692.330078125,0.0,0.0,1.0,0.0,15.770000457763672,4.421999931335449,0.0,-0.9510565162951536,0.30901699437494723,1.2246467991473532e-16,-1.0,1,30.0,2896508.9833678054,0.0,0.0,0.0,60.0,60.0,0.0016708749150903248,0.011445303022024787,0.017126146557579797,0.028237236811040838,0.0034250365182562467,0.01587302548332082
2023-07-03,2989677.682097628,3013496.9334774874,2979147.1623499477,3006225.805664062,14467900,0.0,15.770000457763672,4.421999931335449,0.0,6061.47998046875,19692.330078125,0.0,0.0,1.0,0.0,15.770000457763672,4.421999931335449,0.0,0.0,1.0,-0.4999999999999997,-0.8660254037844388,0,30.0,2899924.109184296,0.0,0.0,0.0,60.0,60.0,0.015429490893203406,0.028190134622247506,0.0017512355076857145,0.015846547883970715,-0.0035030484303613524,0.013761478443482007
2023-07-05,2989677.6208925406,3074172.9410393387,2989427.0308727943,3052610.3393554688,27584800,0.0,15.770000457763672,4.421999931335449,0.0,6061.47998046875,19692.330078125,0.0,0.0,1.0,0.0,15.770000457763672,4.421999931335449,0.0,0.5877852522924732,-0.8090169943749473,-0.4999999999999997,-0.8660254037844388,0,30.0,2904676.732123668,0.0,0.0,0.0,60.0,60.0,-0.013470413759094068,0.015605758968091027,-0.018644858646867844,0.013552372239432382,-0.04353194389028274,0.017823391883258436
2023-07-06,3003717.9175646924,3016254.302544027,2968616.001364543,3011490.415039062,24745200,0.0,15.770000457763672,4.421999931335449,0.0,6061.47998046875,19692.330078125,0.0,0.0,1.0,0.0,15.770000457763672,4.421999931335449,0.0,-0.587785252292473,-0.8090169943749475,-0.4999999999999997,-0.8660254037844388,0,30.0,2908001.4927068157,0.0,0.0,0.0,60.0,60.0,-0.0052450985352508256,0.013737420984070676,-0.030472000587165142,0.018066758596843587,-0.024727222469364853,0.019648662815640712
2023-07-07,3011239.847124321,3035059.095046682,2993688.9834257965,2995694.8510742188,21709500,0.0,15.770000457763672,4.421999931335449,0.0,6061.47998046875,19692.330078125,0.0,0.0,1.0,0.0,15.770000457763672,4.421999931335449,0.0,-0.9510565162951536,0.30901699437494723,-0.4999999999999997,-0.8660254037844388,0,30.0,2910731.100125509,0.0,0.0,0.0,60.0,60.0,-0.02535991731708826,0.01816202018229896,-0.019584848393737128,0.01975226539392628,-0.004603302745300075,0.01606961936600663
2023-07-10,2966109.059440992,2966359.649436816,2911951.779091597,2919724.2773437495,35315200,0.0,15.770000457763672,4.421999931335449,0.0,6061.47998046875,19692.330078125,0.0,0.0,1.0,0.0,15.770000457763672,4.421999931335449,0.0,0.0,1.0,-0.4999999999999997,-0.8660254037844388,0,30.0,2911011.028317444,0.0,0.0,0.0,60.0,60.0,0.005925334927180483,0.020266214928852312,0.02129669704805391,0.016487747273610437,0.06947192456495552,0.03761275266733498
2023-07-11,2915712.8027344258,2951316.094577727,2892144.3348400905,2937024.6215820312,23078800,0.0,15.770000457763672,4.421999931335449,0.0,6061.47998046875,19692.330078125,0.0,0.0,1.0,0.0,15.770000457763672,4.421999931335449,0.0,0.9510565162951535,0.30901699437494745,-0.4999999999999997,-0.8660254037844388,0,30.0,2911820.746390555,0.0,0.0,0.0,60.0,60.0,0.015280818155341687,0.016390627317090085,0.06317227276353986,0.03739119730000417,0.07068466037536984,0.02808605935499259
2023-07-12,2978645.369269424,3017006.679554534,2968867.0035610655,2981904.7607421875,30404400,0.0,15.770000457763672,4.421999931335449,0.0,6061.47998046875,19692.330078125,0.0,0.0,1.0,0.0,15.770000457763672,4.421999931335449,0.0,0.5877852522924732,-0.8090169943749473,-0.4999999999999997,-0.8660254037844388,0,30.0,2914002.232526649,0.0,0.0,0.0,60.0,60.0,0.04717064850610681,0.036828428776917145,0.05456996845531968,0.02766334087353487,0.04809564435038478,0.024384106944853035
2023-07-13,3032050.4171344973,3129834.2691441323,3020015.4020435885,3122563.1420898438,44297900,0.0,15.770000457763672,4.421999931335449,0.0,6061.47998046875,19692.330078125,0.0,0.0,1.0,0.0,15.770000457763672,4.421999931335449,0.0,-0.587785252292473,-0.8090169943749475,-0.4999999999999997,-0.8660254037844388,0,30.0,2920494.0514806905,0.0,0.0,0.0,60.0,60.0,0.007066011599703197,0.026417223317898933,0.0008833286586074274,0.02328570513281612,-0.006262979931249717,0.013810834341249422
2023-07-14,3129082.212313417,3178726.1967685265,3096236.748919699,3144627.2094726562,33283100,0.0,15.770000457763672,4.421999931335449,0.0,6061.47998046875,19692.330078125,0.0,0.0,1.0,0.0,15.770000457763672,4.421999931335449,0.0,-0.9510565162951536,0.30901699437494723,-0.4999999999999997,-0.8660254037844388,0,30.0,2927470.5835946365,0.0,0.0,0.0,60.0,60.0,-0.006139302558006807,0.023122322533581752,-0.013235469549588007,0.013713931541896844,-0.027029196907931315,0.026949427804673416
2023-07-17,3157665.293784718,3186749.612844786,3114038.5282594822,3125321.391601563,25716200,0.0,15.770000457763672,4.421999931335449,0.0,6061.47998046875,19692.330078125,0.0,0.0,1.0,0.0,15.770000457763672,4.421999931335449,0.0,0.0,1.0,-0.4999999999999997,-0.8660254037844388,0,30.0,2933629.032117813,0.0,0.0,0.0,60.0,60.0,-0.007140001621802103,0.013798645602139085,-0.02101893595721321,0.027115900522111474,-0.04372243538371969,0.047091818613140546
2023-07-18,3124067.630327649,3126073.4981753672,3082948.295899873,3103006.591796875,26193600,0.0,15.770000457763672,4.421999931335449,0.0,6061.47998046875,19692.330078125,0.0,0.0,1.0,0.0,15.770000457763672,4.421999931335449,0.0,0.9510565162951535,0.30901699437494745,-0.4999999999999997,-0.8660254037844388,0,30.0,2938901.2015507943,0.0,0.0,0.0,60.0,60.0,-0.0139787425801038,0.027310900395226264,-0.03684551076856125,0.04743047226201417,-0.030219784317991112,0.01826110666206333
2023-07-19,3124067.4804440364,3138609.734707163,3053863.830752868,3059630.4614257812,37224000,0.0,15.770000457763672,4.421999931335449,0.0,6061.47998046875,19692.330078125,0.0,0.0,1.0,0.0,15.770000457763672,4.421999931335449,0.0,0.5877852522924732,-0.8090169943749473,-0.4999999999999997,-0.8660254037844388,0,30.0,2942659.108529649,0.0,0.0,0.0,60.0,60.0,-0.0231909484875534,0.0481028901812164,-0.016471289655950166,0.018519992875048998,-0.004097303746191833,0.016553280041636788
2023-07-20,3044336.320585609,3111280.584497616,2964103.5164165474,2988674.7290039067,37906800,0.0,15.770000457763672,4.421999931335449,0.0,6061.47998046875,19692.330078125,0.0,0.0,1.0,0.0,15.770000457763672,4.421999931335449,0.0,-0.587785252292473,-0.8090169943749475,-0.4999999999999997,-0.8660254037844388,0,30.0,2944091.4242872014,0.0,0.0,0.0,60.0,60.0,0.006879193862094974,0.018959685975855244,0.019546957219323303,0.01694628035643859,0.02525163253238251,0.017869167823951808
2023-07-21,3024278.220040134,3033555.0244585713,2976890.690112683,3009234.4018554688,72937900,0.0,15.770000457763672,4.421999931335449,0.0,6061.47998046875,19692.330078125,0.0,0.0,1.0,0.0,15.770000457763672,4.421999931335449,0.0,-0.9510565162951536,0.30901699437494723,-0.4999999999999997,-0.8660254037844388,0,30.0,2946119.1121093635,0.0,0.0,0.0,60.0,60.0,0.012581214741997483,0.016830500083567724,0.0182469146073187,0.01774708220497723,0.07707045155944546,0.02216287472744713
2023-07-24,3050353.809154597,3083951.234853269,3033304.3150013657,3047094.2260742188,29686100,0.0,15.770000457763672,4.421999931335449,0.0,6061.47998046875,19692.330078125,0.0,0.0,1.0,0.0,15.770000457763672,4.421999931335449,0.0,0.0,1.0,-0.4999999999999997,-0.8660254037844388,0,30.0,2949262.137137862,0.0,0.0,0.0,60.0,60.0,0.005595304142359404,0.017526576581315637,0.06368796485512487,0.02188750334766398,0.06475755296116334,0.0366165713423162
2023-07-25,3042831.8256736016,3087712.1134649557,3034306.983161181,3064143.6450195312,52509600,0.0,15.770000457763672,4.421999931335449,0.0,6061.47998046875,19692.330078125,0.0,0.0,1.0,0.0,15.770000457763672,4.421999931335449,0.0,0.9510565162951535,0.30901699437494745,-0.4999999999999997,-0.8660254037844388,0,30.0,2952838.0227239816,0.0,0.0,0.0,60.0,60.0,0.057769423219722435,0.02176571753816128,0.05883305995473155,0.03641283048109032,0.0848538267412677,0.02593893948444347
2023-07-26,3261215.7508668876,3284031.683417864,3217338.398344017,3241157.4560546875,61682100,0.0,15.770000457763672,4.421999931335449,0.0,6061.47998046875,19692.330078125,0.0,0.0,1.0,0.0,15.770000457763672,4.421999931335449,0.0,0.5877852522924732,-0.8090169943749473,-0.4999999999999997,-0.8660254037844388,0,30.0,2961812.463648865,0.0,0.0,0.0,60.0,60.0,0.0010055468721827223,0.03442416625189832,0.02560520556465283,0.024522300337902064,0.02668834937856394,0.013537557224888216
2023-07-27,3301331.8922018637,3340696.328463064,3229122.1853472576,3244416.591796875,44952100,0.0,15.770000457763672,4.421999931335449,0.0,6061.47998046875,19692.330078125,0.0,0.0,1.0,0.0,15.770000457763672,4.421999931335449,0.0,-0.587785252292473,-0.8090169943749475,-0.4999999999999997,-0.8660254037844388,0,30.0,2970609.0058170212,0.0,0.0,0.0,60.0,60.0,0.024574947430946865,0.024497666785689938,0.02565700318707687,0.013523958250969425,0.016615340057511484,0.015069648627734222
2023-07-28,3279016.8955658437,3353232.4645852195,3273751.828005416,3324147.958984375,36591200,0.0,15.770000457763672,4.421999931335449,0.0,6061.47998046875,19692.330078125,0.0,0.0,1.0,0.0,15.770000457763672,4.421999931335449,0.0,-0.9510565162951536,0.30901699437494723,-0.4999999999999997,-0.8660254037844388,0,30.0,2981613.517074527,0.0,0.0,0.0,60.0,60.0,0.0010561021024798499,0.0131995792839556,-0.007768692171708439,0.014708195496601158,-0.03167882752591299,0.019082811116598902
2023-07-31,3327909.188644158,3347967.484376747,3304090.1298405337,3327658.5986328125,28055500,0.0,15.770000457763672,4.421999931335449,0.0,6061.47998046875,19692.330078125,0.0,0.0,1.0,0.0,15.770000457763672,4.421999931335449,0.0,0.0,1.0,-0.4999999999999997,-0.8660254037844388,0,30.0,2992384.768619785,0.0,0.0,0.0,60.0,60.0,-0.008815484222766248,0.014692678527916765,-0.03270039467282695,0.01906267898124791,-0.032173074589072294,0.014843287425356178
2023-08-01,3279017.532598596,3325402.3200696483,3276510.1020292784,3298323.6767578125,23166800,0.0,15.770000457763672,4.421999931335449,0.0,6061.47998046875,19692.330078125,0.0,0.0,1.0,0.0,15.770000457763672,4.421999931335449,0.0,0.9510565162951535,0.30901699437494745,-0.8660254037844385,-0.5000000000000004,0,30.0,3001907.6461656727,0.0,0.0,0.0,60.0,60.0,-0.024097340172159,0.01923222031601248,-0.023565330162558355,0.014975301963546987,-0.026149771401766123,0.027365950280115976
2023-08-02,3245670.5183642018,3261717.0784238633,3198282.9907989367,3218842.8491210933,26273300,0.0,15.770000457763672,4.421999931335449,0.0,6061.47998046875,19692.330078125,0.0,0.0,1.0,0.0,15.770000457763672,4.421999931335449,0.0,0.5877852522924732,-0.8090169943749473,-0.8660254037844385,-0.5000000000000004,0,30.0,3008660.12948239,0.0,0.0,0.0,60.0,60.0,0.0005451465924834133,0.015345077516428513,-0.0021031106011835145,0.02804168018657066,0.02453645013217932,0.020174452052800267
2023-08-03,3208562.766507902,3244166.0579818906,3194772.664948926,3220597.5903320312,20089500,0.0,15.770000457763672,4.421999931335449,0.0,6061.47998046875,19692.330078125,0.0,0.0,1.0,0.0,15.770000457763672,4.421999931335449,0.0,-0.587785252292473,-0.8090169943749475,-0.8660254037844385,-0.5000000000000004,0,30.0,3015257.0494339606,0.0,0.0,0.0,60.0,60.0,-0.0026468142918747756,0.02802640168919023,0.02397823188828823,0.02016346001128244,0.02296626573890926,0.015336719070408454
2023-08-04,3241408.3678624886,3297320.5497915954,3207058.788045712,3212073.266601563,26147200,0.0,15.770000457763672,4.421999931335449,0.0,6061.47998046875,19692.330078125,0.0,0.0,1.0,0.0,15.770000457763672,4.421999931335449,0.0,-0.9510565162951536,0.30901699437494723,-0.8660254037844385,-0.5000000000000004,0,30.0,3021383.294528247,0.0,0.0,0.0,60.0,60.0,0.02669570475303501,0.02021697057794656,0.025681053008918434,0.015377420246087964,0.012098962470855186,0.023729553940407024
2023-08-07,3238399.476153485,3299827.693936145,3234889.3032110524,3297821.826171875,22746300,0.0,15.770000457763672,4.421999931335449,0.0,6061.47998046875,19692.330078125,0.0,0.0,1.0,0.0,15.770000457763672,4.421999931335449,0.0,0.0,1.0,-0.8660254037844385,-0.5000000000000004,0,30.0,3029987.9218436438,0.0,0.0,0.0,60.0,60.0,-0.0009882692013020965,0.014977583109483158,-0.014217204001735817,0.02311254817815276,-0.013988997916786072,0.019767403618549152
2023-08-08,3275005.955298661,3297320.711157407,3247927.3106756504,3294562.6904296875,23535200,0.0,15.770000457763672,4.421999931335449,0.0,6061.47998046875,19692.330078125,0.0,0.0,1.0,0.0,15.770000457763672,4.421999931335449,0.0,0.9510565162951535,0.30901699437494745,-0.8660254037844385,-0.5000000000000004,0,30.0,3038223.2690190338,0.0,0.0,0.0,60.0,60.0,-0.013242021482427785,0.02313541219348301,-0.013013589645328838,0.019786958460182795,-0.014003304826772913,0.013394171040165673
2023-08-09,3301081.569307574,3310608.96342501,3234387.897584649,3250936.0205078125,24912900,0.0,15.770000457763672,4.421999931335449,0.0,6061.47998046875,19692.330078125,0.0,0.0,1.0,0.0,15.770000457763672,4.421999931335449,0.0,0.5877852522924732,-0.8090169943749473,-0.8660254037844385,-0.5000000000000004,0,30.0,3044844.3212323813,0.0,0.0,0.0,60.0,60.0,0.00023149732971211866,0.02005249401672857,-0.0007714995580667327,0.013573917142568257,0.012879960862593935,0.018586986412857606
2023-08-10,3292557.353622333,3310860.3742343215,3245670.999134321,3251688.603515625,20857800,0.0,15.770000457763672,4.421999931335449,0.0,6061.47998046875,19692.330078125,0.0,0.0,1.0,0.0,15.770000457763672,4.421999931335449,0.0,-0.587785252292473,-0.8090169943749475,-0.8660254037844385,-0.5000000000000004,0,30.0,3051282.7071939395,0.0,0.0,0.0,60.0,60.0,-0.0010027647504168005,0.013570775544267636,0.012645536125036093,0.018582684571000537,0.0006939753685009206,0.016500882390631407
2023-08-11,3225862.5854979204,3257704.727007232,3213576.7908290685,3248427.9248046875,19591100,0.0,15.770000457763672,4.421999931335449,0.0,6061.47998046875,19692.330078125,0.0,0.0,1.0,0.0,15.770000457763672,4.421999931335449,0.0,-0.9510565162951536,0.30901699437494723,-0.8660254037844385,-0.5000000000000004,0,30.0,3057419.192995927,0.0,0.0,0.0,60.0,60.0,0.013662000648123002,0.01860133733639208,0.0016984432579473737,0.016517445502748494,-0.006637798395747135,0.01860139099986081
2023-08-14,3244166.699150209,3293810.691993877,3233385.5883516287,3292807.94921875,24695600,0.0,15.770000457763672,4.421999931335449,0.0,6061.47998046875,19692.330078125,0.0,0.0,1.0,0.0,15.770000457763672,4.421999931335449,0.0,0.0,1.0,-0.8660254037844385,-0.5000000000000004,0,30.0,3064746.075068008,0.0,0.0,0.0,60.0,60.0,-0.011802314166385124,0.016294825585044564,-0.02002620107184712,0.018350683943925403,-0.01073662897192364,0.020558984108600024
2023-08-15,3287041.4468984115,3295064.5371560543,3241408.8059384865,3253945.1953125,19770700,0.0,15.770000457763672,4.421999931335449,0.0,6061.47998046875,19692.330078125,0.0,0.0,1.0,0.0,15.770000457763672,4.421999931335449,0.0,0.9510565162951535,0.30901699437494745,-0.8660254037844385,-0.5000000000000004,0,30.0,3070635.2248490653,0.0,0.0,0.0,60.0,60.0,-0.008322107027122376,0.018569851161354723,0.0010784129630525311,0.020804525656480423,-0.01787661827144758,0.022114363904673546
2023-08-16,3226865.5151367188,3266480.5387837947,3206055.2608196363,3226865.5151367188,25216100,0.0,15.770000457763672,4.421999931335449,0.0,6061.47998046875,19692.330078125,0.0,0.0,1.0,0.0,15.770000457763672,4.421999931335449,0.0,0.5877852522924732,-0.8090169943749473,-0.8660254037844385,-0.5000000000000004,0,30.0,3075498.162787958,0.0,0.0,0.0,60.0,60.0,0.009479408643459607,0.020979116106049394,-0.009634692183852604,0.02229994644569371,-0.0025640312993759668,0.01686090447962266
2023-08-17,3254445.681962866,3309355.1104786783,3241658.324178018,3257454.2919921875,33446300,0.0,15.770000457763672,4.421999931335449,0.0,6061.47998046875,19692.330078125,0.0,0.0,1.0,0.0,15.770000457763672,4.421999931335449,0.0,-0.587785252292473,-0.8090169943749475,-0.8660254037844385,-0.5000000000000004,0,30.0,3081161.8619482946,0.0,0.0,0.0,60.0,60.0,-0.01893461190357293,0.022090541178705587,-0.011930347305468639,0.016702573955698984,-0.006465520559133301,0.015086140861527915
2023-08-18,3222101.9563485337,3240655.946303811,3168697.0181288063,3195775.6591796875,30504800,0.0,15.770000457763672,4.421999931335449,0.0,6061.47998046875,19692.330078125,0.0,0.0,1.0,0.0,15.770000457763672,4.421999931335449,0.0,-0.9510565162951536,0.30901699437494723,-0.8660254037844385,-0.5000000000000004,0,30.0,3084729.414577499,0.0,0.0,0.0,60.0,60.0,0.00713944726120116,0.01702493448281484,0.0127097454417728,0.015377304147687582,0.038522006410577514,0.027773490310460155
2023-08-21,3188755.261318419,3227617.9444936076,3173210.073274299,3218591.7309570312,25248700,0.0,15.770000457763672,4.421999931335449,0.0,6061.47998046875,19692.330078125,0.0,0.0,1.0,0.0,15.770000457763672,4.421999931335449,0.0,0.0,1.0,-0.8660254037844385,-0.5000000000000004,0,30.0,3088896.110649762,0.0,0.0,0.0,60.0,60.0,0.005530811245373637,0.015268296946867066,0.031160093306560062,0.02757660856794651,0.010984140677250974,0.03645706902607321
2023-08-22,3222101.4919492477,3266480.4013791243,3217337.9870801414,3236393.154296875,22054900,0.0,15.770000457763672,4.421999931335449,0.0,6061.47998046875,19692.330078125,0.0,0.0,1.0,0.0,15.770000457763672,4.421999931335449,0.0,0.9510565162951535,0.30901699437494745,-0.8660254037844385,-0.5000000000000004,0,30.0,3093487.2111854227,0.0,0.0,0.0,60.0,60.0,0.02548831102394958,0.027424926476188462,0.005423333995229106,0.036256540941714425,0.006197823562742594,0.027192398373268502
2023-08-23,3263973.907088414,3344959.2517814413,3256201.40747681,3318883.349609375,27819700,0.0,15.770000457763672,4.421999931335449,0.0,6061.47998046875,19692.330078125,0.0,0.0,1.0,0.0,15.770000457763672,4.421999931335449,0.0,0.5877852522924732,-0.8090169943749473,-0.8660254037844385,-0.5000000000000004,0,30.0,3100503.055749262,0.0,0.0,0.0,60.0,60.0,-0.019566265956445283,0.035355391721152124,-0.018811026175369512,0.026516536640107488,-0.010274538609861354,0.018130945470786683
2023-08-24,3358498.636782143,3366020.546922599,3248680.12602035,3253945.1953125,28500700,0.0,15.770000457763672,4.421999931335449,0.0,6061.47998046875,19692.330078125,0.0,0.0,1.0,0.0,15.770000457763672,4.421999931335449,0.0,-0.587785252292473,-0.8090169943749475,-0.8660254037844385,-0.5000000000000004,0,30.0,3105279.2076755823,0.0,0.0,0.0,60.0,60.0,0.0007703119087518244,0.027045720398406362,0.009477159979249708,0.01849278012498623,0.03690846731402266,0.0333641622779181
2023-08-25,3247926.7148105213,3278515.5272405995,3190510.23529644,3256451.748046875,26762900,0.0,15.770000457763672,4.421999931335449,0.0,6061.47998046875,19692.330078125,0.0,0.0,1.0,0.0,15.770000457763672,4.421999931335449,0.0,-0.9510565162951536,0.30901699437494723,-0.8660254037844385,-0.5000000000000004,0,30.0,3109984.714402458,0.0,0.0,0.0,60.0,60.0,0.008700146244238064,0.01847854588103765,0.03611033918097067,0.033338481248792455,0.04619676139967084,0.017015644833231407
2023-08-28,3292305.26176667,3323144.660753944,3262970.1677182745,3284783.3544921875,20543300,0.0,15.770000457763672,4.421999931335449,0.0,6061.47998046875,19692.330078125,0.0,0.0,1.0,0.0,15.770000457763672,4.421999931335449,0.0,0.0,1.0,-0.8660254037844385,-0.5000000000000004,0,30.0,3115425.624337363,0.0,0.0,0.0,60.0,60.0,0.027173777101937423,0.033050933295612074,0.03717320285423421,0.016868883083428623,0.03938658132257584,0.016868997238117092
2023-08-29,3315623.7168287747,3424188.872368633,3315623.7168287747,3374043.3251953125,43075600,0.0,15.770000457763672,4.421999931335449,0.0,6061.47998046875,19692.330078125,0.0,0.0,1.0,0.0,15.770000457763672,4.421999931335449,0.0,0.9510565162951535,0.30901699437494745,-0.8660254037844385,-0.5000000000000004,0,30.0,3123475.5474787443,0.0,0.0,0.0,60.0,60.0,0.009734891967850962,0.016422618508644564,0.01188971573543822,0.016422729643382438,0.008099795961694715,0.019395112868408632
2023-08-30,3379309.0630184887,3416918.2308507888,3361507.6044894676,3406889.2724609375,28315800,0.0,15.770000457763672,4.421999931335449,0.0,6061.47998046875,19692.330078125,0.0,0.0,1.0,0.0,15.770000457763672,4.421999931335449,0.0,0.5877852522924732,-0.8090169943749473,-0.8660254037844385,-0.5000000000000004,0,30.0,3132297.289748321,0.0,0.0,0.0,60.0,60.0,0.002134049030818145,0.016264397490886474,-0.0016193319842296857,0.019208123857748352,-0.0008097792162781927,0.013541329374997463
2023-08-31,3410148.0053736325,3460042.9655771255,3404631.964242384,3414159.7412109375,30053800,0.0,15.770000457763672,4.421999931335449,0.0,6061.47998046875,19692.330078125,0.0,0.0,1.0,0.0,15.770000457763672,4.421999931335449,0.0,-0.587785252292473,-0.8090169943749475,-0.8660254037844385,-0.5000000000000004,0,30.0,3141070.7459471356,0.0,0.0,0.0,60.0,60.0,-0.003745388173047102,0.01916722007033378,-0.002937559351409492,0.013512493052295276,-0.012557840261171623,0.021003161077848557
2023-09-01,3446503.4544264157,3446503.4544264157,3381063.503311352,3401372.3876953125,21543700,0.0,15.770000457763672,4.421999931335449,0.0,6061.47998046875,19692.330078125,0.0,0.0,1.0,0.0,15.770000457763672,4.421999931335449,0.0,-0.9510565162951536,0.30901699437494723,-1.0,-1.8369701987210297e-16,0,30.0,3149173.0846605985,0.0,0.0,0.0,60.0,60.0,0.0008108658289231872,0.013563292848919191,-0.008845582227181924,0.021082121807529216,-0.0029486030142661353,0.01938673775677972
2023-09-05,3395856.383465132,3420427.5935001574,3374293.7837176183,3404130.4443359375,19403100,0.0,15.770000457763672,4.421999931335449,0.0,6061.47998046875,19692.330078125,0.0,0.0,1.0,0.0,15.770000457763672,4.421999931335449,0.0,0.9510565162951535,0.30901699437494745,-1.0,-1.8369701987210297e-16,0,30.0,3157109.0733532025,0.0,0.0,0.0,60.0,60.0,-0.009648624316350865,0.02106504088569014,-0.0037564228882302716,0.019371030450116688,0.004492863079802173,0.013331350379123088
2023-09-06,3410398.7337165633,3423185.7103794347,3351477.5633892757,3371285.2685546875,18684500,0.0,15.770000457763672,4.421999931335449,0.0,6061.47998046875,19692.330078125,0.0,0.0,1.0,0.0,15.770000457763672,4.421999931335449,0.0,0.5877852522924732,-0.8090169943749473,-1.0,-1.8369701987210297e-16,0,30.0,3163775.6777826976,0.0,0.0,0.0,60.0,60.0,0.005949606950415099,0.0195597551795641,0.014279262636850514,0.013461232756828683,0.01829528737535237,0.012568810581003564
2023-09-07,3349471.6064055394,3399366.5617065714,3333425.0472131707,3391343.0908203125,18844300,0.0,15.770000457763672,4.421999931335449,0.0,6061.47998046875,19692.330078125,0.0,0.0,1.0,0.0,15.770000457763672,4.421999931335449,0.0,-0.587785252292473,-0.8090169943749475,-1.0,-1.8369701987210297e-16,0,30.0,3170859.1070234594,0.0,0.0,0.0,60.0,60.0,0.00828039061686914,0.013381617392979616,0.012272662904421028,0.0124944733753677,0.000591464597147207,0.01242046976102821
2023-09-08,3382567.731220785,3426445.081817129,3381063.426127447,3419424.736328125,23558300,0.0,15.770000457763672,4.421999931335449,0.0,6061.47998046875,19692.330078125,0.0,0.0,1.0,0.0,15.770000457763672,4.421999931335449,0.0,-0.9510565162951536,0.30901699437494723,-1.0,-1.8369701987210297e-16,0,30.0,3178596.142055685,0.0,0.0,0.0,60.0,60.0,0.00395948619521342,0.0123918639017898,-0.007625781569566996,0.01231846803390605,0.0024198677561618016,0.02016424914746058
2023-09-11,3423436.125567564,3447004.5924949655,3404631.546539974,3432963.9013671875,20763400,0.0,15.770000457763672,4.421999931335449,0.0,6061.47998046875,19692.330078125,0.0,0.0,1.0,0.0,15.770000457763672,4.421999931335449,0.0,0.0,1.0,-1.0,-1.8369701987210297e-16,0,30.0,3186513.778417427,0.0,0.0,0.0,60.0,60.0,-0.01153957696907277,0.012269885591290488,-0.0015335463833171547,0.020084723960205476,0.008618332913278558,0.017966635559320508
2023-09-12,3416415.855066347,3431710.261648028,3389588.1873392225,3393348.9501953125,18405500,0.0,15.770000457763672,4.421999931335449,0.0,6061.47998046875,19692.330078125,0.0,0.0,1.0,0.0,15.770000457763672,4.421999931335449,0.0,0.9510565162951535,0.30901699437494745,-1.0,-1.8369701987210297e-16,0,30.0,3192951.880798752,0.0,0.0,0.0,60.0,60.0,0.010122843922343408,0.0203191989200938,0.02039323923616578,0.018176383333820503,0.015220869541493714,0.015073212087679852
2023-09-13,3387081.135704791,3432462.797949052,3363512.665624742,3427699.2919921875,20749500,0.0,15.770000457763672,4.421999931335449,0.0,6061.47998046875,19692.330078125,0.0,0.0,1.0,0.0,15.770000457763672,4.421999931335449,0.0,0.5877852522924732,-0.8090169943749473,-1.0,-1.8369701987210297e-16,0,30.0,3200258.799897779,0.0,0.0,0.0,60.0,60.0,0.01016747158587371,0.017994230546495665,0.00504693627099303,0.01492215741716129,0.010972109451006276,0.01865264336235229
2023-09-14,3450013.939841716,3477593.7623683955,3415914.951064228,3462550.3271484375,24751000,0.0,15.770000457763672,4.421999931335449,0.0,6061.47998046875,19692.330078125,0.0,0.0,1.0,0.0,15.770000457763672,4.421999931335449,0.0,-0.587785252292473,-0.8090169943749475,-1.0,-1.8369701987210297e-16,0,30.0,3208423.07723842,0.0,0.0,0.0,60.0,60.0,-0.00506899643763216,0.014771963894001478,0.0007965390767031481,0.0184649019959723,-0.00043458726408657076,0.012961682968912437
2023-09-15,3459540.9253424476,3473080.436279097,3421931.7678652974,3444998.671875,38919600,0.0,15.770000457763672,4.421999931335449,0.0,6061.47998046875,19692.330078125,0.0,0.0,1.0,0.0,15.770000457763672,4.421999931335449,0.0,-0.9510565162951536,0.30901699437494723,-1.0,-1.8369701987210297e-16,0,30.0,3215786.901708413,0.0,0.0,0.0,60.0,60.0,0.005895419374141177,0.018558977386229192,0.0046580206636962825,0.013027720437400086,-0.0266373838406097,0.032460024112382045
2023-09-18,3425191.790957221,3489127.4434041386,3425191.790957221,3465308.3837890625,21861300,0.0,15.770000457763672,4.421999931335449,0.0,6061.47998046875,19692.330078125,0.0,0.0,1.0,0.0,15.770000457763672,4.421999931335449,0.0,0.0,1.0,-1.0,-1.8369701987210297e-16,0,30.0,3223553.6893111533,0.0,0.0,0.0,60.0,60.0,-0.0012301464810474958,0.012951366699239781,-0.03234213277856707,0.03226978022484522,-0.0562188407324865,0.015628306663101953
2023-09-19,3445500.5494554616,3470322.733388743,3425442.253784341,3461045.546875,20353700,0.0,15.770000457763672,4.421999931335449,0.0,6061.47998046875,19692.330078125,0.0,0.0,1.0,0.0,15.770000457763672,4.421999931335449,0.0,0.9510565162951535,0.30901699437494745,-1.0,-1.8369701987210297e-16,0,30.0,3230946.034049161,0.0,0.0,0.0,60.0,60.0,-0.031150305736504885,0.03230952567415759,-0.055056421714870615,0.015647555448373766,-0.05643286012086801,0.017603541182450357
2023-09-20,3462048.666854823,3462048.666854823,3350223.9268986364,3353232.919921875,29927500,0.0,15.770000457763672,4.421999931335449,0.0,6061.47998046875,19692.330078125,0.0,0.0,1.0,0.0,15.770000457763672,4.421999931335449,0.0,0.5877852522924732,-0.8090169943749473,-1.0,-1.8369701987210297e-16,0,30.0,3234752.4248306444,0.0,0.0,0.0,60.0,60.0,-0.02467474172713529,0.016150653234471835,-0.026095435168179044,0.01816952751977932,-0.01966504304988716,0.016524535640976185
2023-09-21,3295565.5381464157,3315372.861646025,3261215.9595419513,3270492.763671875,31503900,0.0,15.770000457763672,4.421999931335449,0.0,6061.47998046875,19692.330078125,0.0,0.0,1.0,0.0,15.770000457763672,4.421999931335449,0.0,-0.587785252292473,-0.8090169943749475,-1.0,-1.8369701987210297e-16,0,30.0,3235864.904679334,0.0,0.0,0.0,60.0,60.0,-0.001456635546955443,0.018629198173288845,0.0051364389825394804,0.016942589665152656,-0.014336006544598642,0.024072366504916527
2023-09-22,3278515.824801128,3310358.3552366165,3249431.697417866,3265728.84765625,26397300,0.0,15.770000457763672,4.421999931335449,0.0,6061.47998046875,19692.330078125,0.0,0.0,1.0,0.0,15.770000457763672,4.421999931335449,0.0,-0.9510565162951536,0.30901699437494723,-1.0,-1.8369701987210297e-16,0,30.0,3236794.4715452725,0.0,0.0,0.0,60.0,60.0,0.0066026922457256545,0.016967304844525223,-0.012898158914408207,0.02410748232061233,0.002226410957972108,0.01788857208521179
2023-09-25,3255198.3297326853,3288795.7554388465,3233385.138541103,3287291.4501953125,20094600,0.0,15.770000457763672,4.421999931335449,0.0,6061.47998046875,19692.330078125,0.0,0.0,1.0,0.0,15.770000457763672,4.421999931335449,0.0,0.0,1.0,-1.0,-1.8369701987210297e-16,0,30.0,3238366.277325218,0.0,0.0,0.0,60.0,60.0,-0.019372937615165283,0.02394935211908549,-0.004347575584156331,0.017771234095651456,0.0091525560165459,0.026771486599527956
2023-09-26,3253694.21235623,3268487.058212007,3189758.55775322,3223606.9580078125,25718700,0.0,15.770000457763672,4.421999931335449,0.0,6061.47998046875,19692.330078125,0.0,0.0,1.0,0.0,15.770000457763672,4.421999931335449,0.0,0.9510565162951535,0.30901699437494745,-1.0,-1.8369701987210297e-16,0,30.0,3237906.8679896235,0.0,0.0,0.0,60.0,60.0,0.015322198017325813,0.01812231660467612,0.02908903366621215,0.02730037506248407,0.017811160724168485,0.028700333565989805
2023-09-27,3223606.6900586607,3282025.915960715,3223606.6900586607,3272999.7021484375,22746500,0.0,15.770000457763672,4.421999931335449,0.0,6061.47998046875,19692.330078125,0.0,0.0,1.0,0.0,15.770000457763672,4.421999931335449,0.0,0.5877852522924732,-0.8090169943749473,-1.0,-1.8369701987210297e-16,1,30.0,3238999.1931354064,0.0,0.0,0.0,60.0,60.0,0.013559080729023338,0.0268883858895186,0.002451401842393483,0.028267217659610405,0.02780761822621984,0.02489658496550824
2023-09-28,3255448.7887676517,3342200.752596071,3254195.0735884244,3317378.5693359375,22513100,0.0,15.770000457763672,4.421999931335449,0.0,6061.47998046875,19692.330078125,0.0,0.0,1.0,0.0,15.770000457763672,4.421999931335449,0.0,-0.587785252292473,-0.8090169943749475,-1.0,-1.8369701987210297e-16,1,30.0,3241438.8867534013,0.0,0.0,0.0,60.0,60.0,-0.01095908378487461,0.02788906754135992,0.014057924957810993,0.024563526131699057,0.0009068616250555669,0.018290364014045574
2023-09-29,3341699.205315431,3361005.347939525,3268486.752959055,3281023.1396484375,30859800,0.0,15.770000457763672,4.421999931335449,0.0,6061.47998046875,19692.330078125,0.0,0.0,1.0,0.0,15.770000457763672,4.421999931335449,0.0,-0.9510565162951536,0.30901699437494723,-1.0,-1.8369701987210297e-16,1,30.0,3242671.0150739183,0.0,0.0,0.0,60.0,60.0,0.025294210110559445,0.02483570267820575,0.011997426208956986,0.018493030686778232,0.03347092275675923,0.02323099902763358
2023-10-02,3289798.83181973,3370282.2217954374,3288795.7066188157,3364014.0283203125,22288000,0.0,15.770000457763672,4.421999931335449,0.0,6061.47998046875,19692.330078125,0.0,0.0,1.0,0.0,15.770000457763672,4.421999931335449,0.0,0.0,1.0,-0.8660254037844386,0.5000000000000001,0,30.0,3246448.0261877617,0.0,0.0,0.0,60.0,60.0,-0.012968749623748135,0.018036803977254583,0.007974991534691368,0.022657885705926827,0.006708033253956851,0.015204655946674504
2023-10-03,3358247.102775263,3366270.1907777465,3305594.1291721985,3320386.97265625,22989400,0.0,15.770000457763672,4.421999931335449,0.0,6061.47998046875,19692.330078125,0.0,0.0,1.0,0.0,15.770000457763672,4.421999931335449,0.0,0.9510565162951535,0.30901699437494745,-0.8660254037844386,0.5000000000000001,0,30.0,3248749.503751948,0.0,0.0,0.0,60.0,60.0,0.021218924072014783,0.02295559101830843,0.019935319038991203,0.015404432170590909,0.038888620398178954,0.03133738354834556
2023-10-04,3329413.4108359637,3399116.0728488415,3322894.6274820254,3390842.01171875,26752300,0.0,15.770000457763672,4.421999931335449,0.0,6061.47998046875,19692.330078125,0.0,0.0,1.0,0.0,15.770000457763672,4.421999931335449,0.0,0.5877852522924732,-0.8090169943749473,-0.8660254037844386,0.5000000000000001,0,30.0,3253172.378769026,0.0,0.0,0.0,60.0,60.0,-0.001256934240804438,0.015084358316791837,0.017302554731073633,0.030686254249373563,0.023513736975048792,0.024622906106938163
2023-10-05,3386579.9462890625,3397110.4660143936,3345961.7901139967,3386579.9462890625,19832600,0.0,15.770000457763672,4.421999931335449,0.0,6061.47998046875,19692.330078125,0.0,0.0,1.0,0.0,15.770000457763672,4.421999931335449,0.0,-0.587785252292473,-0.8090169943749475,-0.8660254037844386,0.5000000000000001,0,30.0,3257324.919996685,0.0,0.0,0.0,60.0,60.0,0.0185828463877945,0.03072487339478785,0.024801845504703234,0.02465389443101769,0.022136739159579137,0.017694525756397062
2023-10-06,3360002.255731888,3464054.495822947,3360002.255731888,3449512.2412109375,27597600,0.0,15.770000457763672,4.421999931335449,0.0,6061.47998046875,19692.330078125,0.0,0.0,1.0,0.0,15.770000457763672,4.421999931335449,0.0,-0.9510565162951536,0.30901699437494723,-0.8660254037844386,0.5000000000000001,0,30.0,3263307.082700128,0.0,0.0,0.0,60.0,60.0,0.006105540790288389,0.02420411311504795,0.003489056176812543,0.017371709939105345,0.02158750770055867,0.018389292716525733
2023-10-09,3433465.7799983025,3483611.3286880273,3400118.9442100152,3470573.37890625,19278100,0.0,15.770000457763672,4.421999931335449,0.0,6061.47998046875,19692.330078125,0.0,0.0,1.0,0.0,15.770000457763672,4.421999931335449,0.0,0.0,1.0,-0.8660254037844386,0.5000000000000001,0,30.0,3269758.6045747832,0.0,0.0,0.0,60.0,60.0,-0.002600606504383841,0.017266289901812882,0.015388014758480813,0.01827769748895437,0.003973488440538607,0.021384242931746695
2023-10-10,3472579.8670984427,3503168.687869917,3443244.7617842075,3461547.783203125,27786600,0.0,15.770000457763672,4.421999931335449,0.0,6061.47998046875,19692.330078125,0.0,0.0,1.0,0.0,15.770000457763672,4.421999931335449,0.0,0.9510565162951535,0.30901699437494745,-0.8660254037844386,0.5000000000000001,0,30.0,3275728.374401771,0.0,0.0,0.0,60.0,60.0,0.018035524565359302,0.018325354525127555,0.006591236156543084,0.021439999935031727,-0.005070575972053551,0.02448213669427461
2023-10-11,3474585.21577745,3538019.3061103164,3474585.21577745,3523978.61328125,25884300,0.0,15.770000457763672,4.421999931335449,0.0,6061.47998046875,19692.330078125,0.0,0.0,1.0,0.0,15.770000457763672,4.421999931335449,0.0,0.5877852522924732,-0.8090169943749473,-0.8660254037844386,0.5000000000000001,0,30.0,3283455.5923616393,0.0,0.0,0.0,60.0,60.0,-0.011241541314289843,0.021060168744293412,-0.02269675269659945,0.024048410987157872,-0.010316695820079295,0.011668439565649422
2023-10-12,3536515.0813623536,3540777.4073125245,3466561.8230655403,3484363.662109375,24765500,0.0,15.770000457763672,4.421999931335449,0.0,6061.47998046875,19692.330078125,0.0,0.0,1.0,0.0,15.770000457763672,4.421999931335449,0.0,-0.587785252292473,-0.8090169943749475,-0.8660254037844386,0.5000000000000001,0,30.0,3289709.2034431207,0.0,0.0,0.0,60.0,60.0,-0.011585449693685803,0.024321825796690327,0.00093536038664072,0.011801102142943476,0.005396837908432768,0.019572578031131667
2023-10-13,3494642.845293524,3510187.84044701,3425441.754444868,3443995.7421875,23420500,0.0,15.770000457763672,4.421999931335449,0.0,6061.47998046875,19692.330078125,0.0,0.0,1.0,0.0,15.770000457763672,4.421999931335449,0.0,-0.9510565162951536,0.30901699437494723,-0.8660254037844386,0.5000000000000001,0,30.0,3294511.6387540903,0.0,0.0,0.0,60.0,60.0,0.012667569570324786,0.011939425759451092,0.01718134116586576,0.019801993025159368,0.004368166060200945,0.024315641006690352
2023-10-16,3464304.9205512805,3500911.3366323137,3459792.0051526004,3487622.7978515625,28501900,0.0,15.770000457763672,4.421999931335449,0.0,6061.47998046875,19692.330078125,0.0,0.0,1.0,0.0,15.770000457763672,4.421999931335449,0.0,0.0,1.0,-0.8660254037844386,0.5000000000000001,0,30.0,3300522.557509151,0.0,0.0,0.0,60.0,60.0,0.004457308332147115,0.019554287725004723,-0.008195585362376401,0.024011473989443036,-0.009705208226532133,0.016391077432940444
2023-10-17,3475838.974652656,3507681.123939406,3439483.1442739307,3503168.2080078125,23515800,0.0,15.770000457763672,4.421999931335449,0.0,6061.47998046875,19692.330078125,0.0,0.0,1.0,0.0,15.770000457763672,4.421999931335449,0.0,0.9510565162951535,0.30901699437494745,-0.8660254037844386,0.5000000000000001,0,30.0,3306830.2537961323,0.0,0.0,0.0,60.0,60.0,-0.012596746113115585,0.02390492237974049,-0.01409966998218712,0.016318341553168685,-0.029487434580858878,0.019968461797560063
2023-10-18,3496397.8717843774,3528240.3983714343,3444497.434275833,3459039.6875,23375000,0.0,15.770000457763672,4.421999931335449,0.0,6061.47998046875,19692.330078125,0.0,0.0,1.0,0.0,15.770000457763672,4.421999931335449,0.0,0.5877852522924732,-0.8090169943749473,-0.8660254037844386,0.5000000000000001,0,30.0,3311568.0356209823,0.0,0.0,0.0,60.0,60.0,-0.001522097342858978,0.016526521954360596,-0.017106170555194734,0.020223208419614568,-0.010582864366618372,0.026891899018425747
2023-10-19,3472579.273285078,3501663.7835664917,3444497.8882300183,3453774.6923828125,26066000,0.0,15.770000457763672,4.421999931335449,0.0,6061.47998046875,19692.330078125,0.0,0.0,1.0,0.0,15.770000457763672,4.421999931335449,0.0,-0.587785252292473,-0.8090169943749475,-0.8660254037844386,0.5000000000000001,0,30.0,3315994.4637166923,0.0,0.0,0.0,60.0,60.0,-0.015607829848676223,0.020254037035568575,-0.009074579416977539,0.026932893504063787,0.007695019971334381,0.01408350142872192
2023-10-20,3443244.5623791926,3456783.6938246684,3386830.8132926375,3399868.7646484375,26335700,0.0,15.770000457763672,4.421999931335449,0.0,6061.47998046875,19692.330078125,0.0,0.0,1.0,0.0,15.770000457763672,4.421999931335449,0.0,-0.9510565162951536,0.30901699437494723,-0.8660254037844386,0.5000000000000001,0,30.0,3318605.1963687795,0.0,0.0,0.0,60.0,60.0,0.006636837055189471,0.027359922519419856,0.02367232341601053,0.01430679952132996,-0.07367268080859675,0.023893786487922224
2023-10-23,3385826.72674259,3451517.644962114,3358497.498985137,3422433.1396484375,26317900,0.0,15.770000457763672,4.421999931335449,0.0,6061.47998046875,19692.330078125,0.0,0.0,1.0,0.0,15.770000457763672,4.421999931335449,0.0,0.0,1.0,-0.8660254037844386,0.5000000000000001,0,30.0,3321837.020642819,0.0,0.0,0.0,60.0,60.0,0.01692317003881617,0.014212473649566614,-0.07978003079911451,0.023736252845485955,-0.10417569989764812,0.022417623758622926
2023-10-24,3455780.3472088086,3494141.6592780678,3445500.418463411,3480351.5576171875,44814300,0.0,15.770000457763672,4.421999931335449,0.0,6061.47998046875,19692.330078125,0.0,0.0,1.0,0.0,15.770000457763672,4.421999931335449,0.0,0.9510565162951535,0.30901699437494745,-0.8660254037844386,0.5000000000000001,0,30.0,3326771.059709759,0.0,0.0,0.0,60.0,60.0,-0.09509391042219983,0.023341244987642416,-0.11908359795936395,0.02204455992262153,-0.11987611833153196,0.022332673578637396
2023-10-25,3213326.971842161,3217087.735102247,3135851.9967527813,3149391.318359375,84366200,0.0,15.770000457763672,4.421999931335449,0.0,6061.47998046875,19692.330078125,0.0,0.0,1.0,0.0,15.770000457763672,4.421999931335449,0.0,0.5877852522924732,-0.8090169943749473,-0.8660254037844386,0.5000000000000001,0,30.0,3321249.8085348713,0.0,0.0,0.0,60.0,60.0,-0.02651069300280311,0.024361157667650138,-0.02738649700202006,0.02467954833750439,-0.009155369993354005,0.021097057695174944
2023-10-26,3090720.7646540995,3117298.0351527976,3040575.2166891163,3065898.7719726562,57061100,0.0,15.770000457763672,4.421999931335449,0.0,6061.47998046875,19692.330078125,0.0,0.0,1.0,0.0,15.770000457763672,4.421999931335449,0.0,-0.587785252292473,-0.8090169943749475,-0.8660254037844386,0.5000000000000001,0,30.0,3313301.5659684166,0.0,1.0,0.0,60.0,60.0,-0.0008996544624803693,0.02535163782500125,0.017827954436379936,0.02167158647099109,0.014720400339630412,0.021916916041644405
2023-10-27,3080942.1677024383,3091723.4673602567,3013997.91208509,3063140.522460938,44566500,0.0,15.770000457763672,4.421999931335449,0.0,6061.47998046875,19692.330078125,0.0,0.0,1.0,0.0,15.770000457763672,4.421999931335449,0.0,-0.9510565162951536,0.30901699437494723,-0.8660254037844386,0.5000000000000001,0,30.0,3305514.8709103353,0.0,0.0,0.0,60.0,60.0,0.01874447244714422,0.02169110096677196,0.015634120108032928,0.021936651448011484,0.03503317822498968,0.022673297733009013
2023-10-30,3089216.5076189125,3144125.9447099683,3077683.0543618575,3120557.475585938,28940100,0.0,15.770000457763672,4.421999931335449,0.0,6061.47998046875,19692.330078125,0.0,0.0,1.0,0.0,15.770000457763672,4.421999931335449,0.0,0.0,1.0,-0.8660254037844386,0.5000000000000001,0,30.0,3299757.7521522143,0.0,0.0,0.0,60.0,60.0,-0.003053123156231572,0.02153302623111865,0.015989000400383098,0.0222561185323981,0.024345192910187642,0.01647111923736613
2023-10-31,3135601.242159265,3143373.9326399,3076178.8866623947,3111030.029296875,26292300,0.0,15.770000457763672,4.421999931335449,0.0,6061.47998046875,19692.330078125,0.0,0.0,1.0,0.0,15.770000457763672,4.421999931335449,0.0,0.9510565162951535,0.30901699437494745,-0.8660254037844386,0.5000000000000001,0,30.0,3293883.275430036,0.0,0.0,0.0,60.0,60.0,0.01910043955090173,0.022324277300369993,0.027482222676858643,0.016521561599663167,0.040457901686908326,0.013459044992519884
2023-11-01,3110778.93941851,3171455.004187619,3102003.507123817,3170452.0703125,30082400,0.0,15.770000457763672,4.421999931335449,0.0,6061.47998046875,19692.330078125,0.0,0.0,1.0,0.0,15.770000457763672,4.421999931335449,0.0,0.5877852522924732,-0.8090169943749473,-0.5000000000000004,0.8660254037844384,0,30.0,3290041.2657332984,0.0,0.0,0.0,60.0,60.0,0.008224687970550386,0.016211907049067616,0.02095717095894731,0.013206789507863454,0.03005148011411474,0.013206787606218386
2023-11-02,3219845.7378502456,3233886.430717041,3182487.3564496106,3196528.049316406,27124600,0.0,15.770000457763672,4.421999931335449,0.0,6061.47998046875,19692.330078125,0.0,0.0,1.0,0.0,15.770000457763672,4.421999931335449,0.0,-0.587785252292473,-0.8090169943749475,-0.5000000000000004,0.8660254037844384,0,30.0,3287130.505169106,0.0,0.0,0.0,60.0,60.0,0.012628616557710033,0.013099053877015574,0.02164873802832519,0.013099051990883353,0.027296224411769595,0.015922807223754765
2023-11-03,3209817.130355299,3247676.8872138374,3205805.3940764503,3236895.7763671875,26393100,0.0,15.770000457763672,4.421999931335449,0.0,6061.47998046875,19692.330078125,0.0,0.0,1.0,0.0,15.770000457763672,4.421999931335449,0.0,-0.9510565162951536,0.30901699437494723,-0.5000000000000004,0.8660254037844384,0,30.0,3285566.862369166,0.0,0.0,0.0,60.0,60.0,0.00890763042158319,0.012935692095500675,0.014484686304758057,0.015724231928070657,0.021223653657429172,0.011076744298128485
2023-11-06,3235641.5950576016,3267985.3055206086,3226113.818412296,3265728.84765625,19052700,0.0,15.770000457763672,4.421999931335449,0.0,6061.47998046875,19692.330078125,0.0,0.0,1.0,0.0,15.770000457763672,4.421999931335449,0.0,0.0,1.0,-0.5000000000000004,0.8660254037844384,0,30.0,3284949.3698572973,0.0,0.0,0.0,60.0,60.0,0.005527816139961626,0.015585402918897654,0.012207285250384711,0.010978947887925028,-7.689498295081131e-05,0.019040271220197833
2023-11-07,3277262.4128674483,3307349.6647382155,3256451.9648236255,3283781.1962890625,29757300,0.0,15.770000457763672,4.421999931335449,0.0,6061.47998046875,19692.330078125,0.0,0.0,1.0,0.0,15.770000457763672,4.421999931335449,0.0,0.9510565162951535,0.30901699437494745,-0.5000000000000004,0.8660254037844384,0,30.0,3284913.0084349783,0.0,0.0,0.0,60.0,60.0,0.006642749214103646,0.010918591919287934,-0.005573899630572035,0.018935598712017703,0.01236912348578174,0.025883783132249583
2023-11-08,3283781.3396429652,3314871.718062105,3279017.4512275937,3305594.53125,26425800,0.0,15.770000457763672,4.421999931335449,0.0,6061.47998046875,19692.330078125,0.0,0.0,1.0,0.0,15.770000457763672,4.421999931335449,0.0,0.5877852522924732,-0.8090169943749473,-0.5000000000000004,0.8660254037844384,0,30.0,3285556.756595121,0.0,0.0,0.0,60.0,60.0,-0.012136032226143132,0.01881064431924923,0.005688586418715808,0.02571297826608031,0.001896273268731679,0.010163807815484425
2023-11-09,3308602.9248546846,3323395.767457605,3261215.4044666057,3265477.7294921875,23747800,0.0,15.770000457763672,4.421999931335449,0.0,6061.47998046875,19692.330078125,0.0,0.0,1.0,0.0,15.770000457763672,4.421999931335449,0.0,-0.587785252292473,-0.8090169943749475,-0.5000000000000004,0.8660254037844384,0,30.0,3284931.7621558537,0.0,0.0,0.0,60.0,60.0,0.01804359631116678,0.026028865415573657,0.014204694120483505,0.010288671463934938,0.025952221508601856,0.01827387914355781
2023-11-10,3261967.735033978,3329664.141772411,3244667.4614339056,3324398.69140625,26913300,0.0,15.770000457763672,4.421999931335449,0.0,6061.47998046875,19692.330078125,0.0,0.0,1.0,0.0,15.770000457763672,4.421999931335449,0.0,-0.9510565162951536,0.30901699437494723,-0.5000000000000004,0.8660254037844384,0,30.0,3286160.238575055,0.0,0.0,0.0,60.0,60.0,-0.0037708622740650357,0.010106317156962096,0.007768454343302792,0.017949996650214545,0.015310526992448992,0.01101132630683489
2023-11-13,3304090.3425628818,3324399.2296143332,3290801.802082792,3311862.841796875,18324800,0.0,15.770000457763672,4.421999931335449,0.0,6061.47998046875,19692.330078125,0.0,0.0,1.0,0.0,15.770000457763672,4.421999931335449,0.0,0.0,1.0,-0.5000000000000004,0.8660254037844384,0,30.0,3286960.27654532,0.0,0.0,0.0,60.0,60.0,0.011582994494327188,0.018017939819737164,0.019153614910391595,0.011053005668926872,0.03664155123234126,0.021954679998661714
2023-11-14,3364515.7964943675,3402375.549668511,3342702.604293791,3350224.130859375,32395200,0.0,15.770000457763672,4.421999931335449,0.0,6061.47998046875,19692.330078125,0.0,0.0,1.0,0.0,15.770000457763672,4.421999931335449,0.0,0.9510565162951535,0.30901699437494745,-0.5000000000000004,0.8660254037844384,0,30.0,3288929.4734068117,0.0,0.0,0.0,60.0,60.0,0.0074839340491768816,0.010926444719893772,0.02477162711749658,0.021703290899662147,0.012647697710732979,0.018036247904392174
2023-11-15,3381565.1813132493,3385576.9172979775,3348970.8785328884,3375296.9873046875,23861500,0.0,15.770000457763672,4.421999931335449,0.0,6061.47998046875,19692.330078125,0.0,0.0,1.0,0.0,15.770000457763672,4.421999931335449,0.0,0.5877852522924732,-0.8090169943749473,-0.5000000000000004,0.8660254037844384,0,30.0,3291617.811623738,0.0,0.0,0.0,60.0,60.0,0.017159274191935508,0.02154207145759088,0.005125405465080147,0.017902268507551007,0.01210803899413232,0.022582143757257218
2023-11-16,3389588.253486459,3440485.9522262667,3367775.063335158,3433214.6337890625,28013200,0.0,15.770000457763672,4.421999931335449,0.0,6061.47998046875,19692.330078125,0.0,0.0,1.0,0.0,15.770000457763672,4.421999931335449,0.0,-0.587785252292473,-0.8090169943749475,-0.5000000000000004,0.8660254037844384,0,30.0,3296025.257563105,0.0,0.0,0.0,60.0,60.0,-0.011830859760302005,0.017600260806522314,-0.0049660218669451296,0.02220118749366682,0.00029212554252488375,0.008909559320282721
2023-11-17,3409897.0270000845,3411401.3321227026,3350975.859163246,3392596.7529296875,37240600,0.0,15.770000457763672,4.421999931335449,0.0,6061.47998046875,19692.330078125,0.0,0.0,1.0,0.0,15.770000457763672,4.421999931335449,0.0,-0.9510565162951536,0.30901699437494723,-0.5000000000000004,0.8660254037844384,0,30.0,3299031.212347987,0.0,0.0,0.0,60.0,60.0,0.006947027197886068,0.022466991317176256,0.012268127802378287,0.00901622906188059,0.023501802447644878,0.014411331591663377
2023-11-20,3351978.979175839,3426445.1432727897,3350223.701482038,3416165.21484375,27815500,0.0,15.770000457763672,4.421999931335449,0.0,6061.47998046875,19692.330078125,0.0,0.0,1.0,0.0,15.770000457763672,4.421999931335449,0.0,0.0,1.0,-0.5000000000000004,0.8660254037844384,0,30.0,3302677.2107239882,0.0,0.0,0.0,60.0,60.0,0.0052843898047940825,0.008954025205249167,0.016440562216889543,0.01431190638872729,0.003229305413092288,0.015706416438040084
2023-11-21,3417167.879813044,3439482.631278141,3408894.2018391346,3434217.5634765625,22635300,0.0,15.770000457763672,4.421999931335449,0.0,6061.47998046875,19692.330078125,0.0,0.0,1.0,0.0,15.770000457763672,4.421999931335449,0.0,0.9510565162951535,0.30901699437494745,-0.5000000000000004,0.8660254037844384,0,30.0,3306771.6316632186,0.0,0.0,0.0,60.0,60.0,0.011097528744340456,0.01423667425245345,-0.002044281610799558,0.015623853903759467,-0.004088338575268259,0.017668091286391272
2023-11-22,3446754.5529176206,3495646.389680891,3446754.5529176206,3472328.8916015625,17813900,0.0,15.770000457763672,4.421999931335449,0.0,6061.47998046875,19692.330078125,0.0,0.0,1.0,0.0,15.770000457763672,4.421999931335449,0.0,0.5877852522924732,-0.8090169943749473,-0.5000000000000004,0.8660254037844384,0,30.0,3311924.887660701,0.0,0.0,0.0,60.0,60.0,-0.012997569454512007,0.015452370774916622,-0.015019191411206105,0.017474171169553625,-0.009315035866070822,0.013213960194528111
2023-11-24,3460794.4762639194,3463301.9063421655,3409646.192856683,3427197.0556640625,12514300,0.0,15.770000457763672,4.421999931335449,0.0,6061.47998046875,19692.330078125,0.0,0.0,1.0,0.0,15.770000457763672,4.421999931335449,0.0,-0.9510565162951536,0.30901699437494723,-0.5000000000000004,0.8660254037844384,0,30.0,3315512.9332186384,0.0,0.0,0.0,60.0,60.0,-0.002048244152323724,0.017704283828253748,0.0037310278824804442,0.013387971281109343,-0.01243679712602014,0.025239572542161626
2023-11-27,3410649.5424387855,3470573.459206283,3409897.389797451,3420177.3193359375,23436500,0.0,15.770000457763672,4.421999931335449,0.0,6061.47998046875,19692.330078125,0.0,0.0,1.0,0.0,15.770000457763672,4.421999931335449,0.0,0.0,1.0,-0.5000000000000004,0.8660254037844384,0,30.0,3318770.7932223775,0.0,0.0,0.0,60.0,60.0,0.0057911336905211025,0.01341544939688731,-0.010409874939166987,0.025291375454039585,-0.02844362788636083,0.031302723142482745
2023-11-28,3411902.643006373,3441237.7384739146,3395354.5227179816,3439984.0234375,18730000,0.0,15.770000457763672,4.421999931335449,0.0,6061.47998046875,19692.330078125,0.0,0.0,1.0,0.0,15.770000457763672,4.421999931335449,0.0,0.9510565162951535,0.30901699437494745,-0.5000000000000004,0.8660254037844384,0,30.0,3322543.7646149513,0.0,0.0,0.0,60.0,60.0,-0.016107726631315773,0.02514575303645664,-0.034037645024037236,0.03112248864992928,-0.038921118944604476,0.010495646357483072
2023-11-29,3449261.5002015973,3467313.5444474267,3380812.555744711,3384573.701171875,23967200,0.0,15.770000457763672,4.421999931335449,0.0,6061.47998046875,19692.330078125,0.0,0.0,1.0,0.0,15.770000457763672,4.421999931335449,0.0,0.5877852522924732,-0.8090169943749473,-0.5000000000000004,0.8660254037844384,0,30.0,3324474.5536525594,0.0,0.0,0.0,60.0,60.0,-0.018223456854003322,0.03163200839393833,-0.023186880241654325,0.010667475130735316,-0.04237350336544039,0.01577892581586641
2023-11-30,3386078.5728212576,3398614.961182255,3291554.097456883,3322895.068359375,38988300,0.0,15.770000457763672,4.421999931335449,0.0,6061.47998046875,19692.330078125,0.0,0.0,1.0,0.0,15.770000457763672,4.421999931335449,0.0,-0.587785252292473,-0.8090169943749475,-0.5000000000000004,0.8660254037844384,0,30.0,3324425.3894415605,0.0,0.0,0.0,60.0,60.0,-0.005055553040355038,0.010865481768949732,-0.0245983128034928,0.016071809747363233,-0.011620226391263819,0.029351832619622997
2023-12-01,3306095.99609375,3312364.189595931,3276259.3338105395,3306095.99609375,31442300,0.0,15.770000457763672,4.421999931335449,0.0,6061.47998046875,19692.330078125,0.0,0.0,1.0,0.0,15.770000457763672,4.421999931335449,0.0,-0.9510565162951536,0.30901699437494723,-2.4492935982947064e-16,1.0,0,30.0,3323854.855378391,0.0,0.0,0.0,60.0,60.0,-0.01964206124558673,0.016153474494455977,-0.006598030041746687,0.029500976370405847,-0.013953987637006839,0.014864187779100677
2023-12-04,3256451.862808723,3260212.6257071937,3206807.6883580703,3241157.4560546875,36669900,0.0,15.770000457763672,4.421999931335449,0.0,6061.47998046875,19692.330078125,0.0,0.0,1.0,0.0,15.770000457763672,4.421999931335449,0.0,0.0,1.0,-2.4492935982947064e-16,1.0,0,30.0,3321280.7558239545,0.0,0.0,0.0,60.0,60.0,0.013305376218417778,0.030092046184568157,0.00580203758619717,0.015162000725965727,0.0592557382164819,0.029859986962207638
2023-12-05,3233133.6104179984,3313115.8078178614,3215582.7479588063,3284282.275390625,27384800,0.0,15.770000457763672,4.421999931335449,0.0,6061.47998046875,19692.330078125,0.0,0.0,1.0,0.0,15.770000457763672,4.421999931335449,0.0,0.9510565162951535,0.30901699437494745,-2.4492935982947064e-16,1.0,0,30.0,3320129.1141426302,0.0,0.0,0.0,60.0,60.0,-0.00740481478566957,0.014962913532097515,0.04534700306194717,0.029467905394564217,0.030536786235684194,0.018092948011505582
2023-12-06,3295566.0730606155,3305595.031446194,3256452.5997445234,3259962.7734375,23576200,0.0,15.770000457763672,4.421999931335449,0.0,6061.47998046875,19692.330078125,0.0,0.0,1.0,0.0,15.770000457763672,4.421999931335449,0.0,0.5877852522924732,-0.8090169943749473,-2.4492935982947064e-16,1.0,0,30.0,3318256.3327484424,0.0,0.0,0.0,60.0,60.0,0.05314534931602159,0.029687737592844793,0.038224647456013054,0.01822792240081115,0.025149731207987937,0.015228390652869728
2023-12-07,3385827.1079768226,3474083.3763301503,3377302.4569498952,3433214.6337890625,56767100,0.0,15.770000457763672,4.421999931335449,0.0,6061.47998046875,19692.330078125,0.0,0.0,1.0,0.0,15.770000457763672,4.421999931335449,0.0,-0.587785252292473,-0.8090169943749475,-2.4492935982947064e-16,1.0,0,30.0,3321834.6086544255,0.0,0.0,0.0,60.0,60.0,-0.01416775174452318,0.017308078521781917,-0.02658286258987495,0.014459913498891674,-0.032206054571523174,0.012707264767621327
2023-12-08,3364765.9966305266,3419926.0196742765,3360503.6712105246,3384573.701171875,32260100,0.0,15.770000457763672,4.421999931335449,0.0,6061.47998046875,19692.330078125,0.0,0.0,1.0,0.0,15.770000457763672,4.421999931335449,0.0,-0.9510565162951536,0.30901699437494723,-2.4492935982947064e-16,1.0,0,30.0,3323787.4713975787,0.0,0.0,0.0,60.0,60.0,-0.012593532892965798,0.014667722144898237,-0.018297537800087665,0.012889885464903416,-0.017927133069665948,0.014297302070924646
2023-12-11,3319134.0267930552,3343203.6761846007,3293559.689556882,3341949.9609375,31138000,0.0,15.770000457763672,4.421999931335449,0.0,6061.47998046875,19692.330078125,0.0,0.0,1.0,0.0,15.770000457763672,4.421999931335449,0.0,0.0,1.0,-2.4492935982947064e-16,1.0,0,30.0,3324352.810291117,0.0,0.0,0.0,60.0,60.0,-0.0057767546569082355,0.013054285032858876,-0.005401625727980971,0.014479652045235013,-0.010128134808178688,0.030234821392813985
2023-12-12,3304842.4968924443,3334679.1611258755,3291052.393770246,3322644.3359375,29032800,0.0,15.770000457763672,4.421999931335449,0.0,6061.47998046875,19692.330078125,0.0,0.0,1.0,0.0,15.770000457763672,4.421999931335449,0.0,0.9510565162951535,0.30901699437494745,-2.4492935982947064e-16,1.0,0,30.0,3324299.631072564,0.0,0.0,0.0,60.0,60.0,0.00037730854783808005,0.014563783449096786,-0.004376663059983932,0.03041049536352411,0.0006035775816031318,0.01758226290053829
2023-12-13,3344206.8847835865,3347215.495387488,3298825.2228005263,3323897.998046875,30104800,0.0,15.770000457763672,4.421999931335449,0.0,6061.47998046875,19692.330078125,0.0,0.0,1.0,0.0,15.770000457763672,4.421999931335449,0.0,0.5877852522924732,-0.8090169943749473,-2.4492935982947064e-16,1.0,0,30.0,3324287.1295501348,0.0,0.0,0.0,60.0,60.0,-0.0047521785702266135,0.03039902555133764,0.0002261836927244052,0.017575631464553064,0.024364358834800027,0.03560383590199379
2023-12-14,3344207.1011140645,3352731.7534300215,3251688.4932573545,3308102.2412109375,38722400,0.0,15.770000457763672,4.421999931335449,0.0,6061.47998046875,19692.330078125,0.0,0.0,1.0,0.0,15.770000457763672,4.421999931335449,0.0,-0.587785252292473,-0.8090169943749475,-2.4492935982947064e-16,1.0,0,30.0,3323783.3469136404,0.0,0.0,0.0,60.0,60.0,0.005002133293594254,0.017659552812990743,0.02925556507443323,0.03577383957580064,0.03569789017904857,0.010535085982510795
2023-12-15,3300078.2168923374,3347465.7419425044,3289046.135703067,3324649.8095703125,50847100,0.0,15.770000457763672,4.421999931335449,0.0,6061.47998046875,19692.330078125,0.0,0.0,1.0,0.0,15.770000457763672,4.421999931335449,0.0,-0.9510565162951536,0.30901699437494723,-2.4492935982947064e-16,1.0,0,30.0,3323810.317062118,0.0,0.0,0.0,60.0,60.0,0.024132716715093528,0.035595784715961316,0.030542976844096983,0.010482650368099415,0.04328819693696564,0.027375491036571796
2023-12-18,3325401.997295267,3438730.6555208154,3320387.136643389,3404882.6416015625,32258000,0.0,15.770000457763672,4.421999931335449,0.0,6061.47998046875,19692.330078125,0.0,0.0,1.0,0.0,15.770000457763672,4.421999931335449,0.0,0.0,1.0,-2.4492935982947064e-16,1.0,0,30.0,3326333.833353813,0.0,0.0,0.0,60.0,60.0,0.006259208425216966,0.01023563664846342,0.018704099487528655,0.026730413538958803,0.03402046146778545,0.011119363445609992
2023-12-19,3430958.400127354,3446754.370623213,3411903.229073119,3426194.51171875,25476800,0.0,15.770000457763672,4.421999931335449,0.0,6061.47998046875,19692.330078125,0.0,0.0,1.0,0.0,15.770000457763672,4.421999931335449,0.0,0.9510565162951535,0.30901699437494745,-2.4492935982947064e-16,1.0,0,30.0,3329442.16964718,0.0,0.0,0.0,60.0,60.0,0.012367480424639083,0.026564143031089938,0.027588570430092756,0.011050197953479259,0.03541893996949365,0.009366986555710175
2023-12-20,3484363.8773316676,3552812.451950301,3461798.5308886687,3468567.9052734375,49107200,0.0,15.770000457763672,4.421999931335449,0.0,6061.47998046875,19692.330078125,0.0,0.0,1.0,0.0,15.770000457763672,4.421999931335449,0.0,0.5877852522924732,-0.8090169943749473,-2.4492935982947064e-16,1.0,0,30.0,3333772.698745011,0.0,0.0,0.0,60.0,60.0,0.01503514316665838,0.010915204377015583,0.022769853823421504,0.00925255575355026,0.022986714869872808,0.01077049299770312
2023-12-21,3497400.827832261,3527488.075340356,3489627.94775874,3520718.3203125,27488300,0.0,15.770000457763672,4.421999931335449,0.0,6061.47998046875,19692.330078125,0.0,0.0,1.0,0.0,15.770000457763672,4.421999931335449,0.0,-0.587785252292473,-0.8090169943749475,-2.4492935982947064e-16,1.0,0,30.0,3339591.7044829926,0.0,0.0,0.0,60.0,60.0,0.007620140749642165,0.00911550286296943,0.0078337895557069,0.010610955758735455,-0.0003558622164606435,0.015596090179071006
2023-12-22,3529494.2627958166,3560083.075599582,3527989.9576710644,3547546.689453125,26532200,0.0,15.770000457763672,4.421999931335449,0.0,6061.47998046875,19692.330078125,0.0,0.0,1.0,0.0,15.770000457763672,4.421999931335449,0.0,-0.9510565162951536,0.30901699437494723,-2.4492935982947064e-16,1.0,0,30.0,3346064.6629863093,0.0,0.0,0.0,60.0,60.0,0.0002120330841201573,0.010530710264327578,-0.007915684337322672,0.01547814453913946,-0.00890517206321674,0.009824012321818362
2023-12-26,3550053.781859688,3577383.012184036,3540024.8258482306,3548298.88671875,16780300,0.0,15.770000457763672,4.421999931335449,0.0,6061.47998046875,19692.330078125,0.0,0.0,1.0,0.0,15.770000457763672,4.421999931335449,0.0,0.9510565162951535,0.30901699437494745,-2.4492935982947064e-16,1.0,0,30.0,3352359.5529037523,0.0,0.0,0.0,60.0,60.0,-0.008125994441779796,0.01547486335613572,-0.00911527240801563,0.009821929747761932,-0.01293095013734657,0.011164513414727403
2023-12-27,3550054.2468834864,3562340.0447999733,3507430.604381272,3519465.4296875,19628600,0.0,15.770000457763672,4.421999931335449,0.0,6061.47998046875,19692.330078125,0.0,0.0,1.0,0.0,15.770000457763672,4.421999931335449,0.0,0.5877852522924732,-0.8090169943749473,-2.4492935982947064e-16,1.0,1,30.0,3357561.012278419,0.0,0.0,0.0,60.0,60.0,-0.0009973826924510186,0.009902396567227521,-0.004844320617982701,0.01125597944110259,-0.015672937390671514,0.02115837458393968
2023-12-28,3529745.278722426,3538771.4931402695,3503920.350750856,3515955.17578125,16045700,0.0,15.770000457763672,4.421999931335449,0.0,6061.47998046875,19692.330078125,0.0,0.0,1.0,0.0,15.770000457763672,4.421999931335449,0.0,-0.587785252292473,-0.8090169943749475,-2.4492935982947064e-16,1.0,1,30.0,3362491.3045129073,0.0,0.0,0.0,60.0,60.0,-0.003850778625485201,0.011267217168498538,-0.014690206455888128,0.02117949864932731,-0.0093417504317164,0.018184434155952084
2023-12-29,3500911.7054508175,3519214.72412947,3479599.6936092363,3502416.0107421875,18733000,0.0,15.770000457763672,4.421999931335449,0.0,6061.47998046875,19692.330078125,0.0,0.0,1.0,0.0,15.770000457763672,4.421999931335449,0.0,-0.9510565162951536,0.30901699437494723,-2.4492935982947064e-16,1.0,1,30.0,3366846.702952339,0.0,0.0,0.0,60.0,60.0,-0.010881329421154775,0.021261371484187115,-0.005512198060702794,0.018254729076493868,-0.023623847577904995,0.020115951439643915
2024-01-02,3473832.844714406,3496398.1878308677,3421932.0199343134,3464305.068359375,23711200,0.0,15.770000457763672,4.421999931335449,0.0,6061.47998046875,19692.330078125,0.0,0.0,1.0,0.0,15.770000457763672,4.421999931335449,0.0,0.9510565162951535,0.30901699437494745,0.49999999999999994,0.8660254037844387,0,30.0,3369880.2631008076,0.0,0.0,0.0,60.0,60.0,0.005428197364134168,0.018455549995645075,-0.012882699048935282,0.02033724773173253,-0.017659512729373352,0.014547366350370962
2024-01-03,3441238.5099416636,3500911.8393156785,3436976.1839264054,3483110.0,24212100,0.0,15.770000457763672,4.421999931335449,0.0,6061.47998046875,19692.330078125,0.0,0.0,1.0,0.0,15.770000457763672,4.421999931335449,0.0,0.5877852522924732,-0.8090169943749473,0.49999999999999994,0.8660254037844387,0,30.0,3373404.7344588526,0.0,0.0,0.0,60.0,60.0,-0.01821203787706963,0.02022744914559724,-0.02296306206055795,0.014468826703397466,-0.000575992465695169,0.019795563909628677
2024-01-04,3470573.1669552894,3489127.156566242,3418672.726172721,3419675.46875,27137700,0.0,15.770000457763672,4.421999931335449,0.0,6061.47998046875,19692.330078125,0.0,0.0,1.0,0.0,15.770000457763672,4.421999931335449,0.0,-0.587785252292473,-0.8090169943749475,0.49999999999999994,0.8660254037844387,0,30.0,3374844.9910750985,0.0,0.0,0.0,60.0,60.0,-0.00483915505871057,0.014737221540292032,0.017963191739731516,0.020162769022778117,0.0334337110205496,0.02448868857000272
2024-01-05,3428701.4626605962,3438981.390675007,3388584.875696136,3403127.12890625,22513900,0.0,15.770000457763672,4.421999931335449,0.0,6061.47998046875,19692.330078125,0.0,0.0,1.0,0.0,15.770000457763672,4.421999931335449,0.0,-0.9510565162951536,0.30901699437494723,0.49999999999999994,0.8660254037844387,0,30.0,3375725.321520615,0.0,0.0,0.0,60.0,60.0,0.022913227459011747,0.020260814244523095,0.03845897502279455,0.024607769381689706,0.04825757139534388,0.015398190217732671
2024-01-08,3417168.106420006,3485366.0804363117,3416415.953827045,3481103.7548828125,21404000,0.0,15.770000457763672,4.421999931335449,0.0,6061.47998046875,19692.330078125,0.0,0.0,1.0,0.0,15.770000457763672,4.421999931335449,0.0,0.0,1.0,0.49999999999999994,0.8660254037844387,0,30.0,3379005.4074795833,0.0,0.0,0.0,60.0,60.0,0.015197523256590914,0.024056556041236393,0.024776631346618973,0.015053271190932643,0.023336318932462335,0.032987627773742124
2024-01-09,3472579.681831237,3547547.4242436937,3463804.056678997,3534007.91015625,24759600,0.0,15.770000457763672,4.421999931335449,0.0,6061.47998046875,19692.330078125,0.0,0.0,1.0,0.0,15.770000457763672,4.421999931335449,0.0,0.9510565162951535,0.30901699437494745,0.49999999999999994,0.8660254037844387,0,30.0,3383830.1284059915,0.0,0.0,0.0,60.0,60.0,0.009435708687802758,0.014827923479013388,0.008016957773659128,0.032493802455233645,0.012060801739437957,0.00979063066974091
2024-01-10,3535260.6634549,3585406.204780501,3533004.205914476,3567353.779296875,21320200,0.0,15.770000457763672,4.421999931335449,0.0,6061.47998046875,19692.330078125,0.0,0.0,1.0,0.0,15.770000457763672,4.421999931335449,0.0,0.5877852522924732,-0.8090169943749473,0.49999999999999994,0.8660254037844387,0,30.0,3389542.619389386,0.0,0.0,0.0,60.0,60.0,-0.0014054891281663783,0.03219006636635963,0.002600554972488183,0.009699112668074779,0.0014760987912447478,0.020382410999495983
2024-01-11,3597692.6067585186,3641068.4001965337,3526235.0452886834,3562339.90234375,24008700,0.0,15.770000457763672,4.421999931335449,0.0,6061.47998046875,19692.330078125,0.0,0.0,1.0,0.0,15.770000457763672,4.421999931335449,0.0,-0.587785252292473,-0.8090169943749475,0.49999999999999994,0.8660254037844387,0,30.0,3394921.2336227023,0.0,0.0,0.0,60.0,60.0,0.004011682476761305,0.009712763852073316,0.002885643660203304,0.02041109857663938,-0.004293327535119547,0.020692585160894547
2024-01-12,3577132.441483573,3590420.980431506,3555820.814199223,3576630.87890625,18785500,0.0,15.770000457763672,4.421999931335449,0.0,6061.47998046875,19692.330078125,0.0,0.0,1.0,0.0,15.770000457763672,4.421999931335449,0.0,-0.9510565162951536,0.30901699437494723,0.49999999999999994,0.8660254037844387,0,30.0,3400577.260544787,0.0,0.0,0.0,60.0,60.0,-0.0011215395559743039,0.020329542905604403,-0.008271826072176285,0.020609904767092683,0.005818545922186142,0.015562576430468357
2024-01-16,3560333.7494566687,3619254.918764949,3546543.6478547147,3572619.5458984375,22670500,0.0,15.770000457763672,4.421999931335449,0.0,6061.47998046875,19692.330078125,0.0,0.0,1.0,0.0,15.770000457763672,4.421999931335449,0.0,0.9510565162951535,0.30901699437494745,0.49999999999999994,0.8660254037844387,0,30.0,3405932.374172238,0.0,0.0,0.0,60.0,60.0,-0.007158314849459769,0.020633045543830306,0.006947877797940913,0.015580050072909185,0.027300239470670378,0.0145272801857106
2024-01-17,3544036.9996919814,3556322.4149387344,3482608.3931374336,3547045.6103515625,20968600,0.0,15.770000457763672,4.421999931335449,0.0,6061.47998046875,19692.330078125,0.0,0.0,1.0,0.0,15.770000457763672,4.421999931335449,0.0,0.5877852522924732,-0.8090169943749473,0.49999999999999994,0.8660254037844387,0,30.0,3410324.767661573,0.0,0.0,0.0,60.0,60.0,0.014207897249259655,0.015692381077398912,0.03470699793885603,0.014632020797462682,0.03195006970348911,0.018025040947949045
2024-01-18,3561587.7851105924,3615745.071231592,3560083.4798150402,3597441.669921875,25746400,0.0,15.770000457763672,4.421999931335449,0.0,6061.47998046875,19692.330078125,0.0,0.0,1.0,0.0,15.770000457763672,4.421999931335449,0.0,-0.587785252292473,-0.8090169943749475,0.49999999999999994,0.8660254037844387,0,30.0,3416149.1048072972,0.0,0.0,0.0,60.0,60.0,0.020211931641623132,0.014427042854968621,0.01749362483012593,0.017772530658493848,0.024811747254403965,0.011708897633663938
2024-01-19,3629033.5794754447,3671907.8103416828,3620007.36520147,3670152.9150390625,34271900,0.0,15.770000457763672,4.421999931335449,0.0,6061.47998046875,19692.330078125,0.0,0.0,1.0,0.0,15.770000457763672,4.421999931335449,0.0,-0.9510565162951536,0.30901699437494723,0.49999999999999994,0.8660254037844387,0,30.0,3424055.4126245906,0.0,0.0,0.0,60.0,60.0,-0.0026644530682200253,0.017420430115825117,0.004508686352431961,0.011476926774246944,0.015849034155469486,0.01195518390219497
2024-01-22,3688204.755871988,3720548.4620279884,3656612.8196571586,3660373.96484375,32200400,0.0,15.770000457763672,4.421999931335449,0.0,6061.47998046875,19692.330078125,0.0,0.0,1.0,0.0,15.770000457763672,4.421999931335449,0.0,0.0,1.0,0.49999999999999994,0.8660254037844387,0,30.0,3431411.236204863,0.0,0.0,0.0,60.0,60.0,0.007192302974379641,0.011507588202942086,0.018562947325646537,0.011987123028928529,0.04027674911994429,0.02404281073128433
2024-01-23,3657866.946621651,3690210.6564197866,3648088.5801635943,3686700.4833984375,21636100,0.0,15.770000457763672,4.421999931335449,0.0,6061.47998046875,19692.330078125,0.0,0.0,1.0,0.0,15.770000457763672,4.421999931335449,0.0,0.9510565162951535,0.30901699437494745,0.49999999999999994,0.8660254037844387,0,30.0,3439357.5554703726,0.0,0.0,0.0,60.0,60.0,0.011289447226401348,0.011901523664874005,0.03284819199656477,0.023871122386740398,0.035024406688791886,0.01040532264519815
2024-01-24,3724309.558418786,3757155.2126395437,3713277.8595910748,3728321.2939453125,25233500,0.0,15.770000457763672,4.421999931335449,0.0,6061.47998046875,19692.330078125,0.0,0.0,1.0,0.0,15.770000457763672,4.421999931335449,0.0,0.5877852522924732,-0.8090169943749473,0.49999999999999994,0.8660254037844387,0,30.0,3448352.0515070036,0.0,0.0,0.0,60.0,60.0,0.02131807548204048,0.023604639059776795,0.02346999617912249,0.010289163674886711,0.03234719930092323,0.0158036760218658
2024-01-25,3762671.243189852,3837387.999914034,3749382.3214715747,3807801.9287109375,29149100,0.0,15.770000457763672,4.421999931335449,0.0,6061.47998046875,19692.330078125,0.0,0.0,1.0,0.0,15.770000457763672,4.421999931335449,0.0,-0.587785252292473,-0.8090169943749475,0.49999999999999994,0.8660254037844387,0,30.0,3459540.550496328,0.0,0.0,0.0,60.0,60.0,0.0021070034387341567,0.010074396920891118,0.01079891180196457,0.015473804293933406,-0.002699525344265965,0.016000480268991906
2024-01-26,3788495.7526087016,3824600.220542467,3786238.9125164985,3815824.98046875,26115500,0.0,15.770000457763672,4.421999931335449,0.0,6061.47998046875,19692.330078125,0.0,0.0,1.0,0.0,15.770000457763672,4.421999931335449,0.0,-0.9510565162951536,0.30901699437494723,0.49999999999999994,0.8660254037844387,0,30.0,3470630.519466875,0.0,0.0,0.0,60.0,60.0,0.008673632988696911,0.015441269486027925,-0.004796422703869447,0.01596683808623849,-0.07944015081027771,0.027137162786884925
2024-01-29,3812566.59400422,3855691.8031386766,3796770.6213037414,3848922.0458984375,27784300,0.0,15.770000457763672,4.421999931335449,0.0,6061.47998046875,19692.330078125,0.0,0.0,1.0,0.0,15.770000457763672,4.421999931335449,0.0,0.0,1.0,0.49999999999999994,0.8660254037844387,0,30.0,3482405.497369422,0.0,0.0,0.0,60.0,60.0,-0.013354226037072689,0.015829538479090403,-0.08735608914242533,0.026903809021435007,-0.08045107394142995,0.014787333074078991
2024-01-30,3831120.097588599,3851679.574152659,3790752.9145240905,3797522.6708984375,36331800,0.0,15.770000457763672,4.421999931335449,0.0,6061.47998046875,19692.330078125,0.0,0.0,1.0,0.0,15.770000457763672,4.421999931335449,0.0,0.9510565162951535,0.30901699437494745,0.49999999999999994,0.8660254037844387,0,30.0,3492214.064296677,0.0,0.0,0.0,60.0,60.0,-0.07500347648388471,0.02726795140810678,-0.06800500207370105,0.014987479259840845,-0.059949920348142054,0.04040667017897797
2024-01-31,3600951.144464884,3610478.919595007,3506928.2559337644,3512695.2685546875,71910000,0.0,15.770000457763672,4.421999931335449,0.0,6061.47998046875,19692.330078125,0.0,0.0,1.0,0.0,15.770000457763672,4.421999931335449,0.0,0.5877852522924732,-0.8090169943749473,0.49999999999999994,0.8660254037844387,0,30.0,3492851.5771953412,0.0,0.0,0.0,60.0,60.0,0.007565946716838366,0.016202741176658847,0.01627417590557073,0.04368305085664898,0.02555321688904497,0.019200590185501725
2024-02-01,3563341.77757971,3586910.241452285,3529994.9491834193,3539272.1337890625,40466500,0.0,15.770000457763672,4.421999931335449,0.0,6061.47998046875,19692.330078125,0.0,0.0,1.0,0.0,15.770000457763672,4.421999931335449,0.0,-0.587785252292473,-0.8090169943749475,0.8660254037844386,0.5000000000000001,0,30.0,3494296.497289828,0.0,0.0,0.0,60.0,60.0,0.008642837937415609,0.043355029017197885,0.017852201367878965,0.019056410399802614,0.020827604592235156,0.015372615815038074
2024-02-02,3491634.1785026914,3575878.709837334,3422433.4637771496,3569861.4892578125,62499600,0.0,15.770000457763672,4.421999931335449,0.0,6061.47998046875,19692.330078125,0.0,0.0,1.0,0.0,15.770000457763672,4.421999931335449,0.0,-0.9510565162951536,0.30901699437494723,0.8660254037844386,0.5000000000000001,0,30.0,3496648.588331947,0.0,0.0,0.0,60.0,60.0,0.009130450427126097,0.01889312022357812,0.012080358077727798,0.015240891261840216,0.022194002999829165,0.011869660851668701
2024-02-05,3580893.7145657777,3647336.4116734494,3579890.58937538,3602455.9326171875,38505400,0.0,15.770000457763672,4.421999931335449,0.0,6061.47998046875,19692.330078125,0.0,0.0,1.0,0.0,15.770000457763672,4.421999931335449,0.0,0.0,1.0,0.8660254037844386,0.5000000000000001,0,30.0,3499942.0248850686,0.0,0.0,0.0,60.0,60.0,0.0029232173594138573,0.015102994122701711,0.012945355644727367,0.011762266064456513,0.01552067801510329,0.008560661118744938
2024-02-06,3626776.4132386264,3644578.250167409,3590170.3793897997,3612986.6943359375,29128200,0.0,15.770000457763672,4.421999931335449,0.0,6061.47998046875,19692.330078125,0.0,0.0,1.0,0.0,15.770000457763672,4.421999931335449,0.0,0.9510565162951535,0.30901699437494745,0.8660254037844386,0.5000000000000001,0,30.0,3503460.7356987656,0.0,0.0,0.0,60.0,60.0,0.009992926788254732,0.01172798262206479,0.012560742874072809,0.008535709384896098,0.03400426528013922,0.022623248339001006
2024-02-07,3629534.2746417387,3651096.8734945343,3608723.828329611,3649091.005859375,25208900,0.0,15.770000457763672,4.421999931335449,0.0,6061.47998046875,19692.330078125,0.0,0.0,1.0,0.0,15.770000457763672,4.421999931335449,0.0,0.5877852522924732,-0.8090169943749473,0.8660254037844386,0.5000000000000001,0,30.0,3507993.7296816306,0.0,0.0,0.0,60.0,60.0,0.0025424099691308236,0.008451256596458928,0.023773768959194377,0.022399412648306572,0.01367326284508477,0.013535806830625259
2024-02-08,3656362.623411445,3668899.0102231493,3638059.6057888013,3658368.4912109375,22563800,0.0,15.770000457763672,4.421999931335449,0.0,6061.47998046875,19692.330078125,0.0,0.0,1.0,0.0,15.770000457763672,4.421999931335449,0.0,-0.587785252292473,-0.8090169943749475,0.8660254037844386,0.5000000000000001,0,30.0,3512674.404162529,0.0,0.0,0.0,60.0,60.0,0.021177517059569866,0.02234260857752269,0.011102625450325513,0.013501480531922874,-0.005277113294185886,0.020423521874977032
2024-02-09,3677674.627943927,3746875.7350802817,3665138.2398488135,3735843.65234375,26829500,0.0,15.770000457763672,4.421999931335449,0.0,6061.47998046875,19692.330078125,0.0,0.0,1.0,0.0,15.770000457763672,4.421999931335449,0.0,-0.9510565162951536,0.30901699437494723,0.8660254037844386,0.5000000000000001,0,30.0,3519620.932916821,0.0,0.0,0.0,60.0,60.0,-0.009865955175212342,0.013221482363614622,-0.02590600548074203,0.0199999721241274,-0.020536984683246565,0.016308776613824228
2024-02-12,3721300.737886383,3744367.6419908646,3694974.25102818,3698985.986328125,21564100,0.0,15.770000457763672,4.421999931335449,0.0,6061.47998046875,19692.330078125,0.0,0.0,1.0,0.0,15.770000457763672,4.421999931335449,0.0,0.0,1.0,0.8660254037844386,0.5000000000000001,0,30.0,3525203.98036261,0.0,0.0,0.0,60.0,60.0,-0.01619987757149397,0.020199257089141463,-0.010777358443343446,0.01647128153916796,-0.032264395517072726,0.020741531823665078
2024-02-13,3633546.824622481,3677424.1847068807,3602707.4157999074,3639062.8662109375,27837700,0.0,15.770000457763672,4.421999931335449,0.0,6061.47998046875,19692.330078125,0.0,0.0,1.0,0.0,15.770000457763672,4.421999931335449,0.0,0.9510565162951535,0.30901699437494745,0.8660254037844386,0.5000000000000001,0,30.0,3528748.0350696226,0.0,0.0,0.0,60.0,60.0,0.005511809771648598,0.016742508120967378,-0.016329046499733674,0.021083075058442462,-0.03183139573401315,0.021014212267612915
2024-02-14,3662630.8615234797,3673662.943265263,3612735.9036750156,3659120.6884765625,22704200,0.0,15.770000457763672,4.421999931335449,0.0,6061.47998046875,19692.330078125,0.0,0.0,1.0,0.0,15.770000457763672,4.421999931335449,0.0,0.5877852522924732,-0.8090169943749473,0.8660254037844386,0.5000000000000001,0,30.0,3532806.1093475325,0.0,0.0,0.0,60.0,60.0,-0.021721133515420692,0.020967506153140483,-0.03713850513018079,0.020899020840327312,-0.03302736064798333,0.01774699320732271
2024-02-15,3588917.2444138997,3598445.021993211,3521722.386442495,3579640.439453125,37590700,0.0,15.770000457763672,4.421999931335449,0.0,6061.47998046875,19692.330078125,0.0,0.0,1.0,0.0,15.770000457763672,4.421999931335449,0.0,-0.587785252292473,-0.8090169943749475,0.8660254037844386,0.5000000000000001,0,30.0,3534263.908858074,0.0,0.0,0.0,60.0,60.0,-0.015759689944199698,0.021363050512812797,-0.011557264007134577,0.018141037096197417,-0.0015410762943219728,0.0140786541161644
2024-02-16,3585156.2002725243,3590170.678707944,3513698.6391821997,3523226.416015625,31468900,0.0,15.770000457763672,4.421999931335449,0.0,6061.47998046875,19692.330078125,0.0,0.0,1.0,0.0,15.770000457763672,4.421999931335449,0.0,-0.9510565162951536,0.30901699437494723,0.8660254037844386,0.5000000000000001,0,30.0,3533920.3478073007,0.0,0.0,0.0,60.0,60.0,0.004269715326764933,0.018431512010688662,0.014446282584251825,0.014304082013635703,0.025405671129660388,0.015656113571586666
2024-02-20,3501663.555648207,3562339.620167244,3497401.2301640767,3538269.58984375,25144700,0.0,15.770000457763672,4.421999931335449,0.0,6061.47998046875,19692.330078125,0.0,0.0,1.0,0.0,15.770000457763672,4.421999931335449,0.0,0.9510565162951535,0.30901699437494745,0.8660254037844386,0.5000000000000001,0,30.0,3534055.725486402,0.0,0.0,0.0,60.0,60.0,0.010133300947122243,0.014243267316869654,0.021046094968639305,0.015589550628331502,0.02012476686070775,0.008857709774287363
2024-02-21,3546543.736536135,3577634.1134179435,3527237.593810648,3574123.9404296875,23223300,0.0,15.770000457763672,4.421999931335449,0.0,6061.47998046875,19692.330078125,0.0,0.0,1.0,0.0,15.770000457763672,4.421999931335449,0.0,0.5877852522924732,-0.8090169943749473,0.8660254037844386,0.5000000000000001,0,30.0,3535302.9179625385,0.0,0.0,0.0,60.0,60.0,0.010803320721418645,0.015433161755695424,0.009891235052064216,0.008768852354419153,-0.03493511521192906,0.03542618560627273
2024-02-22,3633797.3885260075,3635552.6665552626,3580392.6336477078,3612736.34765625,27191900,0.0,15.770000457763672,4.421999931335449,0.0,6061.47998046875,19692.330078125,0.0,0.0,1.0,0.0,15.770000457763672,4.421999931335449,0.0,-0.587785252292473,-0.8090169943749475,0.8660254037844386,0.5000000000000001,0,30.0,3537713.1673597763,0.0,0.0,0.0,60.0,60.0,-0.000902337428713101,0.00867513211982797,-0.045249590098995526,0.035047555622382376,-0.03615788118230868,0.01499065692068613
2024-02-23,3602205.1222746437,3627528.484370851,3596187.519240828,3609476.4404296875,19493800,0.0,15.770000457763672,4.421999931335449,0.0,6061.47998046875,19692.330078125,0.0,0.0,1.0,0.0,15.770000457763672,4.421999931335449,0.0,-0.9510565162951536,0.30901699437494723,0.8660254037844386,0.5000000000000001,0,30.0,3539946.9233272537,0.0,0.0,0.0,60.0,60.0,-0.044387304996940866,0.0350792089055475,-0.03528738488173577,0.015004195768115439,-0.05265353777428671,0.018060507701898102
2024-02-26,3563843.8805818353,3571365.7888747435,3444748.2107812585,3449261.5087890625,53641800,0.0,15.770000457763672,4.421999931335449,0.0,6061.47998046875,19692.330078125,0.0,0.0,1.0,0.0,15.770000457763672,4.421999931335449,0.0,0.0,1.0,0.8660254037844386,0.5000000000000001,0,30.0,3537124.1829863763,0.0,0.0,0.0,60.0,60.0,0.00952260278959141,0.01570112645695588,-0.00865019146414687,0.01889940118662853,0.006469442733706089,0.017881853722163055
2024-02-27,3460544.8521359763,3491384.2612891737,3437226.9701565662,3482107.4560546875,33099200,0.0,15.770000457763672,4.421999931335449,0.0,6061.47998046875,19692.330078125,0.0,0.0,1.0,0.0,15.770000457763672,4.421999931335449,0.0,0.9510565162951535,0.30901699437494745,0.8660254037844386,0.5000000000000001,0,30.0,3535411.6922256076,0.0,0.0,0.0,60.0,60.0,-0.018001374316455918,0.018721127327317122,-0.003024360274300537,0.01771317816238143,-0.012529033625998708,0.014040873410215177
2024-02-28,3457535.073959823,3460293.0941576557,3395104.1171054556,3419424.736328125,37328600,0.0,15.770000457763672,4.421999931335449,0.0,6061.47998046875,19692.330078125,0.0,0.0,1.0,0.0,15.770000457763672,4.421999931335449,0.0,0.5877852522924732,-0.8090169943749473,0.8660254037844386,0.5000000000000001,0,30.0,3531801.397658453,0.0,0.0,0.0,60.0,60.0,0.015251563139133992,0.01803788487998315,0.005572656159928993,0.014298261772455826,-0.02221718592314046,0.02749670329929995
2024-02-29,3441990.2375915116,3481605.26473476,3419926.0749851065,3471576.30859375,42133000,0.0,15.770000457763672,4.421999931335449,0.0,6061.47998046875,19692.330078125,0.0,0.0,1.0,0.0,15.770000457763672,4.421999931335449,0.0,-0.587785252292473,-0.8090169943749475,0.8660254037844386,0.5000000000000001,0,30.0,3529926.787619985,0.0,0.0,0.0,60.0,60.0,-0.009533506108848575,0.014083466887995659,-0.036905876752774416,0.027083635522097388,-0.04181724522463558,0.018561368295015347
2024-03-01,3470823.722925668,3481855.8040683344,3432963.974077104,3438480.0146484375,31151100,0.0,15.770000457763672,4.421999931335449,0.0,6061.47998046875,19692.330078125,0.0,0.0,1.0,0.0,15.770000457763672,4.421999931335449,0.0,-0.9510565162951536,0.30901699437494723,1.0,6.123233995736766e-17,0,30.0,3527080.348681327,0.0,0.0,0.0,60.0,60.0,-0.027635837065412092,0.027344322790462592,-0.032594478778335,0.01874002645167235,-0.041854925317477705,0.019906636847384713
2024-03-04,3401372.7909744335,3401372.7909744335,3307349.883545332,3343454.7412109375,55999400,0.0,15.770000457763672,4.421999931335449,0.0,6061.47998046875,19692.330078125,0.0,0.0,1.0,0.0,15.770000457763672,4.421999931335449,0.0,0.0,1.0,1.0,6.123233995736766e-17,0,30.0,3521364.684123092,0.0,0.0,0.0,60.0,60.0,-0.0050995726724005945,0.019272642047106187,-0.01462321298344903,0.020472409007039737,0.007723831852202498,0.024971886317400206
2024-03-05,3306597.229620874,3340696.214182386,3276259.0077543277,3326404.55078125,40194800,0.0,15.770000457763672,4.421999931335449,0.0,6061.47998046875,19692.330078125,0.0,0.0,1.0,0.0,15.770000457763672,4.421999931335449,0.0,0.9510565162951535,0.30901699437494745,1.0,6.123233995736766e-17,0,30.0,3515296.2128474256,0.0,0.0,0.0,60.0,60.0,-0.009572455744772241,0.020577344671597587,0.012889133598070736,0.025099885005052367,0.020652787512286355,0.030828343920584485
2024-03-06,3337687.8967648274,3349221.5423298944,3280772.969371298,3294562.6904296875,35318600,0.0,15.770000457763672,4.421999931335449,0.0,6061.47998046875,19692.330078125,0.0,0.0,1.0,0.0,15.770000457763672,4.421999931335449,0.0,0.5877852522924732,-0.8090169943749473,1.0,6.123233995736766e-17,0,30.0,3508425.500269383,0.0,0.0,0.0,60.0,60.0,0.022678680003526585,0.025342474722799373,0.030517369425329427,0.03112629904064965,0.047716846619671294,0.022602748273396697
2024-03-07,3329413.0275671543,3383319.713709773,3299827.342004881,3369279.0234375,37738200,0.0,15.770000457763672,4.421999931335449,0.0,6061.47998046875,19692.330078125,0.0,0.0,1.0,0.0,15.770000457763672,4.421999931335449,0.0,-0.587785252292473,-0.8090169943749475,1.0,6.123233995736766e-17,0,30.0,3504094.3255656613,0.0,0.0,0.0,60.0,60.0,0.007664860503179562,0.030436049610951425,0.02448292616802999,0.022101515085186634,0.030659556500768903,0.017487770746740308
2024-03-08,3365016.827895355,3462298.921060985,3359751.3775505032,3395104.0771484375,39370400,0.0,15.770000457763672,4.421999931335449,0.0,6061.47998046875,19692.330078125,0.0,0.0,1.0,0.0,15.770000457763672,4.421999931335449,0.0,-0.9510565162951536,0.30901699437494723,1.0,6.123233995736766e-17,0,30.0,3500701.8156175483,0.0,0.0,0.0,60.0,60.0,0.01669013808465276,0.021933398644218075,0.02281978552482905,0.01735474901646144,0.0323462461164224,0.015508389509647176
2024-03-11,3413156.9284620504,3487623.099624757,3413156.9284620504,3451768.8330078125,32437800,0.0,15.770000457763672,4.421999931335449,0.0,6061.47998046875,19692.330078125,0.0,0.0,1.0,0.0,15.770000457763672,4.421999931335449,0.0,0.0,1.0,1.0,6.123233995736766e-17,0,30.0,3499178.6919188215,0.0,0.0,0.0,60.0,60.0,0.0060290222266972705,0.017069850848712008,0.015399095009679403,0.015253801457013738,0.03944198633429079,0.02273544719241436
2024-03-12,3435722.611125941,3494643.790269617,3435722.611125941,3472579.6240234375,27563400,0.0,15.770000457763672,4.421999931335449,0.0,6061.47998046875,19692.330078125,0.0,0.0,1.0,0.0,15.770000457763672,4.421999931335449,0.0,0.9510565162951535,0.30901699437494745,1.0,6.123233995736766e-17,0,30.0,3498350.7499354235,0.0,0.0,0.0,60.0,60.0,0.009313918958563297,0.015162387088248899,0.03321272385724901,0.0225991961366013,0.01935009513644963,0.022743637516928313
2024-03-13,3485115.6258674418,3537517.6323076454,3484865.035853436,3504922.94921875,23347200,0.0,15.770000457763672,4.421999931335449,0.0,6061.47998046875,19692.330078125,0.0,0.0,1.0,0.0,15.770000457763672,4.421999931335449,0.0,0.5877852522924732,-0.8090169943749473,1.0,6.123233995736766e-17,0,30.0,3498555.3210027753,0.0,0.0,0.0,60.0,60.0,0.02367826743471954,0.02239065142381049,0.009943562641285998,0.022533759903356727,0.0564418710613261,0.03562483928225143
2024-03-14,3540024.3708022237,3600198.864296245,3521721.356272974,3587913.4521484375,42753400,0.0,15.770000457763672,4.421999931335449,0.0,6061.47998046875,19692.330078125,0.0,0.0,1.0,0.0,15.770000457763672,4.421999931335449,0.0,-0.587785252292473,-0.8090169943749475,1.0,6.123233995736766e-17,0,30.0,3501336.7473529195,0.0,0.0,0.0,60.0,60.0,-0.013417013167478826,0.022012541069007033,0.032005762619841796,0.034800816248180474,0.027463506543422576,0.018937749753483345
2024-03-15,3572870.6184316846,3589919.9226565794,3510940.830439119,3539774.3701171875,49475400,0.0,15.770000457763672,4.421999931335449,0.0,6061.47998046875,19692.330078125,0.0,0.0,1.0,0.0,15.770000457763672,4.421999931335449,0.0,-0.9510565162951536,0.30901699437494723,1.0,6.123233995736766e-17,0,30.0,3502533.1848278614,0.0,0.0,0.0,60.0,60.0,0.04604050180629299,0.035274089167005,0.041436473420396754,0.019195293255850714,0.05354878734650106,0.015016257915870907
2024-03-18,3726065.2389090355,3814822.6971908305,3689960.380428238,3702747.3583984375,69273700,0.0,15.770000457763672,4.421999931335449,0.0,6061.47998046875,19692.330078125,0.0,0.0,1.0,0.0,15.770000457763672,4.421999931335449,0.0,0.0,1.0,1.0,6.123233995736766e-17,0,30.0,3508765.1971909422,0.0,0.0,0.0,60.0,60.0,-0.004401386349712121,0.018350430239273203,0.007177815320958252,0.014355331261018069,-0.0005417219110157171,0.02349675678589295
2024-03-19,3714782.4953484335,3730578.0836970317,3662631.076603088,3686450.13671875,24070400,0.0,15.770000457763672,4.421999931335449,0.0,6061.47998046875,19692.330078125,0.0,0.0,1.0,0.0,15.770000457763672,4.421999931335449,0.0,0.9510565162951535,0.30901699437494745,1.0,6.123233995736766e-17,0,30.0,3514295.948186851,0.0,0.0,0.0,60.0,60.0,0.011630391517135703,0.014418793943861896,0.003876727413817134,0.023600632286684135,0.025437040875308105,0.017683507922628638
2024-03-20,3710771.002376428,3732333.6059366884,3679179.441031019,3729324.9951171875,21311500,0.0,15.770000457763672,4.421999931335449,0.0,6061.47998046875,19692.330078125,0.0,0.0,1.0,0.0,15.770000457763672,4.421999931335449,0.0,0.5877852522924732,-0.8090169943749473,1.0,6.123233995736766e-17,0,30.0,3520989.0991011593,0.0,0.0,0.0,60.0,60.0,-0.007664522703485062,0.023329303354845256,0.013647918720064014,0.017480206279794335,0.008941632849503011,0.017211221368691933
2024-03-21,3747627.4627563492,3770192.8057364277,3683190.251616532,3700741.4990234375,24755600,0.0,15.770000457763672,4.421999931335449,0.0,6061.47998046875,19692.330078125,0.0,0.0,1.0,0.0,15.770000457763672,4.421999931335449,0.0,-0.587785252292473,-0.8090169943749475,1.0,6.123233995736766e-17,0,30.0,3526584.2033769023,0.0,0.0,0.0,60.0,60.0,0.021477052782202213,0.017615218522083698,0.016734416871025632,0.01734415604648299,0.02079942913256355,0.015447145952171946
2024-03-22,3738852.209857944,3800531.4067435106,3735342.036544469,3780222.51953125,29211800,0.0,15.770000457763672,4.421999931335449,0.0,6061.47998046875,19692.330078125,0.0,0.0,1.0,0.0,15.770000457763672,4.421999931335449,0.0,-0.9510565162951536,0.30901699437494723,1.0,6.123233995736766e-17,0,30.0,3534479.134559023,0.0,0.0,0.0,60.0,60.0,-0.00464291968014263,0.01697948671410936,-0.0006633762822111481,0.01512236218141022,0.0006631721978296035,0.01817341205916621
2024-03-25,3759411.667065074,3770443.7484631403,3706257.5104163825,3762671.25,19229300,0.0,15.770000457763672,4.421999931335449,0.0,6061.47998046875,19692.330078125,0.0,0.0,1.0,0.0,15.770000457763672,4.421999931335449,0.0,0.0,1.0,1.0,6.123233995736766e-17,0,30.0,3541582.008742326,0.0,0.0,0.0,60.0,60.0,0.0039981062842820774,0.015192901603262478,0.0053308425517675775,0.018258183337909444,0.005730663432013228,0.008396045668689353
2024-03-26,3766432.1377956057,3817580.428378357,3760414.5343116825,3777714.8095703125,22149100,0.0,15.770000457763672,4.421999931335449,0.0,6061.47998046875,19692.330078125,0.0,0.0,1.0,0.0,15.770000457763672,4.421999931335449,0.0,0.9510565162951535,0.30901699437494745,1.0,6.123233995736766e-17,1,30.0,3548932.0504893465,0.0,0.0,0.0,60.0,60.0,0.0013274290649987895,0.01818547587254078,0.0017256577844984263,0.008362611060853946,0.03199052991683044,0.03404795337615666
2024-03-27,3790501.957078235,3802035.601962861,3733336.0604400802,3782729.4580078125,22879200,0.0,15.770000457763672,4.421999931335449,0.0,6061.47998046875,19692.330078125,0.0,0.0,1.0,0.0,15.770000457763672,4.421999931335449,0.0,0.5877852522924732,-0.8090169943749473,1.0,6.123233995736766e-17,1,30.0,3556209.399081242,0.0,0.0,0.0,60.0,60.0,0.0003977007998986781,0.008351525003826802,0.03062245171937783,0.03400281704851463,0.02445798734638424,0.01690198651265254
2024-03-28,3782228.367153753,3796770.240388322,3765178.6807370577,3784233.8525390625,24485400,0.0,15.770000457763672,4.421999931335449,0.0,6061.47998046875,19692.330078125,0.0,0.0,1.0,0.0,15.770000457763672,4.421999931335449,0.0,-0.587785252292473,-0.8090169943749475,1.0,6.123233995736766e-17,1,30.0,3563307.0544953975,0.0,0.0,0.0,60.0,60.0,0.030212735290486997,0.03398929947692466,0.024050721555284888,0.016895267251352174,0.0264360796704106,0.015570172221817247
2024-04-01,3778216.512127782,3904834.1019301717,3776210.644225505,3898565.908203125,31730800,0.0,15.770000457763672,4.421999931335449,0.0,6061.47998046875,19692.330078125,0.0,0.0,1.0,0.0,15.770000457763672,4.421999931335449,0.0,0.0,1.0,0.8660254037844387,-0.4999999999999998,0,30.0,3573742.566047243,0.0,0.0,0.0,60.0,60.0,-0.00598130223411053,0.016399784891601297,-0.0036658987903226605,0.015113550520637814,-0.031899157209373384,0.027783184517058704
2024-04-02,3848670.33129817,3878757.5798476688,3814821.9375674073,3875247.4072265625,24586000,0.0,15.770000457763672,4.421999931335449,0.0,6061.47998046875,19692.330078125,0.0,0.0,1.0,0.0,15.770000457763672,4.421999931335449,0.0,0.9510565162951535,0.30901699437494745,0.8660254037844387,-0.4999999999999998,0,30.0,3583127.4255916444,0.0,0.0,0.0,60.0,60.0,0.0023293359058454972,0.015204493189722017,-0.026073810315152646,0.027950364092247867,-0.01332800993329724,0.024715273267124666
2024-04-03,3851178.296923871,3888285.895875379,3829364.723063715,3884274.16015625,24705000,0.0,15.770000457763672,4.421999931335449,0.0,6061.47998046875,19692.330078125,0.0,0.0,1.0,0.0,15.770000457763672,4.421999931335449,0.0,0.5877852522924732,-0.8090169943749473,0.8660254037844387,-0.4999999999999998,0,30.0,3592501.138448424,0.0,0.0,0.0,60.0,60.0,-0.028337139504481405,0.027885409606402466,-0.015620959377580785,0.02465783688231421,-0.0004518545501058035,0.01717017515371587
2024-04-04,3848671.1167471213,3880513.6493957588,3772199.073416237,3774204.94140625,34724700,0.0,15.770000457763672,4.421999931335449,0.0,6061.47998046875,19692.330078125,0.0,0.0,1.0,0.0,15.770000457763672,4.421999931335449,0.0,-0.587785252292473,-0.8090169943749475,0.8660254037844387,-0.4999999999999998,0,30.0,3598156.9835180184,0.0,0.0,0.0,60.0,60.0,0.013087029096095895,0.025376946968765957,0.02869851888766743,0.017670918434568552,0.040324222517208234,0.02238753137632334
2024-04-05,3761668.2883148845,3846664.977678366,3750887.179031045,3823598.0712890625,23459200,0.0,15.770000457763672,4.421999931335449,0.0,6061.47998046875,19692.330078125,0.0,0.0,1.0,0.0,15.770000457763672,4.421999931335449,0.0,-0.9510565162951536,0.30901699437494723,0.8660254037844387,-0.4999999999999998,0,30.0,3605174.2272080127,0.0,0.0,0.0,60.0,60.0,0.01540982101557507,0.0174426460186101,0.0268853441400924,0.022098329890076776,0.02386879351594456,0.012655789055778088
2024-04-08,3830618.2097070217,3893049.551902301,3826355.8842273657,3882519.033203125,20702000,0.0,15.770000457763672,4.421999931335449,0.0,6061.47998046875,19692.330078125,0.0,0.0,1.0,0.0,15.770000457763672,4.421999931335449,0.0,0.0,1.0,0.8660254037844387,-0.4999999999999998,0,30.0,3613807.0638797306,0.0,0.0,0.0,60.0,60.0,0.011301371019870518,0.021762966471975672,0.008330599453833468,0.012463725280025595,0.02944790603376313,0.020794227023397786
2024-04-09,3913609.46085146,3975539.2473365143,3891044.1157901073,3926396.8212890625,31079500,0.0,15.770000457763672,4.421999931335449,0.0,6061.47998046875,19692.330078125,0.0,0.0,1.0,0.0,15.770000457763672,4.421999931335449,0.0,0.9510565162951535,0.30901699437494745,0.8660254037844387,-0.4999999999999998,0,30.0,3623536.9606098477,0.0,0.0,0.0,60.0,60.0,-0.0029375729640721297,0.012324442186265662,0.017943746081934324,0.0205618499285009,0.007215774023115274,0.019667954810682505
2024-04-10,3916618.021881577,3926646.978006539,3878256.3273822246,3914862.744140625,22838600,0.0,15.770000457763672,4.421999931335449,0.0,6061.47998046875,19692.330078125,0.0,0.0,1.0,0.0,15.770000457763672,4.421999931335449,0.0,0.5877852522924732,-0.8090169943749473,0.8660254037844387,-0.4999999999999998,0,30.0,3632604.979383294,0.0,0.0,0.0,60.0,60.0,0.020942840167072128,0.020622429820795946,0.010183261059562061,0.019725901084399998,-0.008197629104997483,0.029781028585217455
2024-04-11,3934169.152397582,4003620.4625481768,3922886.480349088,3996851.0888671875,27166400,0.0,15.770000457763672,4.421999931335449,0.0,6061.47998046875,19692.330078125,0.0,0.0,1.0,0.0,15.770000457763672,4.421999931335449,0.0,-0.587785252292473,-0.8090169943749475,0.8660254037844387,-0.4999999999999998,0,30.0,3643942.7693959856,0.0,0.0,0.0,60.0,60.0,-0.010538865335251597,0.0193212590444064,-0.028542703984584406,0.029170123354157553,-0.03142839853507089,0.013926361545273908
2024-04-12,3960495.827359066,4017160.1628474263,3939935.9675975055,3954728.8134765625,25353700,0.0,15.770000457763672,4.421999931335449,0.0,6061.47998046875,19692.330078125,0.0,0.0,1.0,0.0,15.770000457763672,4.421999931335449,0.0,-0.9510565162951536,0.30901699437494723,0.8660254037844387,-0.4999999999999998,0,30.0,3653616.522429761,0.0,0.0,0.0,60.0,60.0,-0.018195599623458597,0.029480817722103907,-0.021112030041379175,0.014074692837725729,-0.014328354365608593,0.015849868751128798
2024-04-15,3983061.2565218816,3992589.033937243,3876000.394646788,3882770.1513671875,27136500,0.0,15.770000457763672,4.421999931335449,0.0,6061.47998046875,19692.330078125,0.0,0.0,1.0,0.0,15.770000457763672,4.421999931335449,0.0,0.0,1.0,0.8660254037844387,-0.4999999999999998,0,30.0,3660749.3253832916,0.0,0.0,0.0,60.0,60.0,-0.0029704800842225484,0.014335536520642815,0.003938916199975104,0.016143611441393074,0.007425902169076348,0.014981318850937807
2024-04-16,3865971.3912477633,3902577.429949547,3846915.836643361,3871236.4599609375,20779500,0.0,15.770000457763672,4.421999931335449,0.0,6061.47998046875,19692.330078125,0.0,0.0,1.0,0.0,15.770000457763672,4.421999931335449,0.0,0.9510565162951535,0.30901699437494745,0.8660254037844387,-0.4999999999999998,0,30.0,3667301.1014217394,0.0,0.0,0.0,60.0,60.0,0.006929981656692886,0.016191708589287084,0.010427356508137408,0.015025953145502985,-0.0020077097889328946,0.02629532323998102
2024-04-17,3901824.8205435197,3938431.237540496,3875749.304900585,3898064.0576171875,21763100,0.0,15.770000457763672,4.421999931335449,0.0,6061.47998046875,19692.330078125,0.0,0.0,1.0,0.0,15.770000457763672,4.421999931335449,0.0,0.5877852522924732,-0.8090169943749473,0.8660254037844387,-0.4999999999999998,0,30.0,3674483.9974690275,0.0,0.0,0.0,60.0,60.0,0.0034733049121154604,0.014922540215538044,-0.008876179683239421,0.026114351264739936,0.005209907889485591,0.02302696019290865
2024-04-18,3894804.5104640936,3934921.100754129,3876752.083091593,3911603.22265625,19883000,0.0,15.770000457763672,4.421999931335449,0.0,6061.47998046875,19692.330078125,0.0,0.0,1.0,0.0,15.770000457763672,4.421999931335449,0.0,-0.587785252292473,-0.8090169943749475,0.8660254037844387,-0.4999999999999998,0,30.0,3681864.743379956,0.0,0.0,0.0,60.0,60.0,-0.012306739536470731,0.026023962109312952,0.0017305921033168121,0.022947257371161815,0.01442222542172643,0.017242501944377184
2024-04-19,3916367.71573389,3920379.4518985967,3818584.037845524,3863464.140625,32615600,0.0,15.770000457763672,4.421999931335449,0.0,6061.47998046875,19692.330078125,0.0,0.0,1.0,0.0,15.770000457763672,4.421999931335449,0.0,-0.9510565162951536,0.30901699437494723,0.8660254037844387,-0.4999999999999998,0,30.0,3687517.338641201,0.0,0.0,0.0,60.0,60.0,0.014212237950474377,0.023233182091768608,0.027062010067430378,0.017457344941571428,0.03270806608528401,0.015575370686091794
2024-04-22,3868979.2229413358,3952471.5960898423,3862711.0302056833,3918372.6123046875,26446200,0.0,15.770000457763672,4.421999931335449,0.0,6061.47998046875,19692.330078125,0.0,0.0,1.0,0.0,15.770000457763672,4.421999931335449,0.0,0.0,1.0,0.8660254037844387,-0.4999999999999998,0,30.0,3694703.1082293172,0.0,0.0,0.0,60.0,60.0,0.01266970722313792,0.01721271375787116,0.018236644602303464,0.01535711175953328,-0.0017915912458829285,0.03596116419605885
2024-04-23,3935422.9445566763,3985819.084734315,3918373.2585620326,3968017.24609375,21151600,0.0,15.770000457763672,4.421999931335449,0.0,6061.47998046875,19692.330078125,0.0,0.0,1.0,0.0,15.770000457763672,4.421999931335449,0.0,0.9510565162951535,0.30901699437494745,0.8660254037844387,-0.4999999999999998,0,30.0,3703210.4833856295,0.0,0.0,0.0,60.0,60.0,0.005497288345309306,0.015164975954148294,-0.014280370357552679,0.03551124709227126,0.08650318449789768,0.03197278358394759
2024-04-24,3948711.2476986116,4000862.662639516,3940687.7765168585,3989830.5810546875,22779100,0.0,15.770000457763672,4.421999931335449,0.0,6061.47998046875,19692.330078125,0.0,0.0,1.0,0.0,15.770000457763672,4.421999931335449,0.0,0.5877852522924732,-0.8090169943749473,0.8660254037844387,-0.4999999999999998,0,30.0,3712132.02954955,0.0,0.0,0.0,60.0,60.0,-0.019669529626886385,0.03531709881655687,0.08056301801260474,0.031797980914064335,0.0441148276601848,0.027273275322572094
2024-04-25,3794262.6891606944,3923638.286426143,3782729.045533714,3911352.490234375,57109700,0.0,15.770000457763672,4.421999931335449,0.0,6061.47998046875,19692.330078125,0.0,0.0,1.0,0.0,15.770000457763672,4.421999931335449,0.0,-0.587785252292473,-0.8090169943749475,0.8660254037844387,-0.4999999999999998,0,30.0,3718333.1108807316,0.0,0.0,0.0,60.0,60.0,0.10224363178402751,0.03243598141141327,0.06506413828266999,0.027820491300440647,0.043461465254279914,0.03525640804727917
2024-04-26,4371939.440648308,4380464.474492592,4253595.917825865,4311263.3740234375,64665300,0.0,15.770000457763672,4.421999931335449,0.0,6061.47998046875,19692.330078125,0.0,0.0,1.0,0.0,15.770000457763672,4.421999931335449,0.0,-0.9510565162951536,0.30901699437494723,0.8660254037844387,-0.4999999999999998,0,30.0,3736789.090617089,0.0,0.0,0.0,60.0,60.0,-0.03373074012791614,0.025239874831857287,-0.05332955876062191,0.03198603923001596,-0.04704854569942525,0.02343703883348983
2024-04-29,4238803.13408392,4251088.93113903,4142273.1832115073,4165841.26953125,45610000,0.0,15.770000457763672,4.421999931335449,0.0,6061.47998046875,19692.330078125,0.0,0.0,1.0,0.0,15.770000457763672,4.421999931335449,0.0,0.0,1.0,0.8660254037844387,-0.4999999999999998,0,30.0,3750144.0816035653,0.0,0.0,0.0,60.0,60.0,-0.02028297850984134,0.0331026149318362,-0.01378270646141857,0.024255184146696813,0.002828822095146945,0.017092967625394057
2024-04-30,4152301.587865956,4214732.924892433,4076832.6854799883,4081345.6005859375,33562900,0.0,15.770000457763672,4.421999931335449,0.0,6061.47998046875,19692.330078125,0.0,0.0,1.0,0.0,15.770000457763672,4.421999931335449,0.0,0.9510565162951535,0.30901699437494745,0.8660254037844387,-0.4999999999999998,0,30.0,3760453.3015961335,0.0,0.0,0.0,60.0,60.0,0.006634846497344502,0.024757336674425083,0.023590281783442957,0.017446841537360955,0.027399080629546747,0.030163436275090653
2024-05-01,4119456.783758017,4190161.8064500643,4089118.5593316746,4108424.7021484375,33493200,0.0,15.770000457763672,4.421999931335449,0.0,6061.47998046875,19692.330078125,0.0,0.0,1.0,0.0,15.770000457763672,4.421999931335449,0.0,0.5877852522924732,-0.8090169943749473,0.49999999999999994,-0.8660254037844387,0,30.0,3771284.5131510743,0.0,0.0,0.0,60.0,60.0,0.016843680054486554,0.017331847390410184,0.020627374667639246,0.029964625583990476,0.025875667714265943,0.012876848342818712
2024-05-02,4131742.468702384,4180383.7139424793,4109177.123989851,4177625.693359375,24294500,0.0,15.770000457763672,4.421999931335449,0.0,6061.47998046875,19692.330078125,0.0,0.0,1.0,0.0,15.770000457763672,4.421999931335449,0.0,-0.587785252292473,-0.8090169943749475,0.49999999999999994,-0.8660254037844387,0,30.0,3783932.5850309324,0.0,0.0,0.0,60.0,60.0,0.003721018960308577,0.029468271447962237,0.008882375764282096,0.012663547598711258,0.027787744856971747,0.02022563317765367
2024-05-03,4201193.806236769,4211223.145041128,4088115.737101232,4193170.7177734375,34662400,0.0,15.770000457763672,4.421999931335449,0.0,6061.47998046875,19692.330078125,0.0,0.0,1.0,0.0,15.770000457763672,4.421999931335449,0.0,-0.9510565162951536,0.30901699437494723,0.49999999999999994,-0.8660254037844387,0,30.0,3796670.829567833,0.0,0.0,0.0,60.0,60.0,0.005142222496565673,0.012616600987223154,0.023977505145396254,0.020150652218685356,0.012796036796080218,0.008430928242086676
2024-05-06,4198686.376523224,4215735.677069453,4162832.115251997,4214732.9345703125,21871300,0.0,15.770000457763672,4.421999931335449,0.0,6061.47998046875,19692.330078125,0.0,0.0,1.0,0.0,15.770000457763672,4.421999931335449,0.0,0.0,1.0,0.49999999999999994,-0.8660254037844387,0,30.0,3809683.735499753,0.0,0.0,0.0,60.0,60.0,0.01873892293773873,0.02004756318825738,0.007614658033670151,0.008387796327116765,0.011064958432844803,0.014931647558828995
2024-05-07,4224762.36265397,4306499.4670749735,4222004.342247546,4293712.490234375,28039700,0.0,15.770000457763672,4.421999931335449,0.0,6061.47998046875,19692.330078125,0.0,0.0,1.0,0.0,15.770000457763672,4.421999931335449,0.0,0.9510565162951535,0.30901699437494745,0.49999999999999994,-0.8660254037844387,0,30.0,3824749.9674742315,0.0,0.0,0.0,60.0,60.0,-0.010919642563562332,0.008233509232109113,-0.007532807800024472,0.014656991327837543,-0.015182495942428391,0.021372284623813933
2024-05-08,4237298.9077957645,4266132.445556387,4230780.12412802,4246826.6845703125,19569100,0.0,15.770000457763672,4.421999931335449,0.0,6061.47998046875,19692.330078125,0.0,0.0,1.0,0.0,15.770000457763672,4.421999931335449,0.0,0.5877852522924732,-0.8090169943749473,0.49999999999999994,-0.8660254037844387,0,30.0,3837887.8351496393,0.0,0.0,0.0,60.0,60.0,0.003424226088480898,0.014818807407950633,-0.004309916122401618,0.02160823886868808,-0.0014169587251731347,0.031172503594559618
2024-05-09,4247077.114673175,4279671.796944975,4216738.890211382,4261368.779296875,15346700,0.0,15.770000457763672,4.421999931335449,0.0,6061.47998046875,19692.330078125,0.0,0.0,1.0,0.0,15.770000457763672,4.421999931335449,0.0,-0.587785252292473,-0.8090169943749475,0.49999999999999994,-0.8660254037844387,0,30.0,3851069.4118202063,0.0,0.0,0.0,60.0,60.0,-0.007707749135210262,0.021534499872422543,-0.00482466407306688,0.03106612615491193,0.002235771364203435,0.01441513815927704
2024-05-10,4212978.220187831,4258610.852891632,4166844.4074575184,4228523.2177734375,29799900,0.0,15.770000457763672,4.421999931335449,0.0,6061.47998046875,19692.330078125,0.0,0.0,1.0,0.0,15.770000457763672,4.421999931335449,0.0,-0.9510565162951536,0.30901699437494723,0.49999999999999994,-0.8660254037844387,0,30.0,3862818.3142242776,0.0,0.0,0.0,60.0,60.0,0.002905479771338286,0.03130743601780381,0.010020757988130864,0.01452710947476829,0.0228877002420625,0.012688998457478565
2024-05-13,4118453.8432242614,4244319.2796075465,4111935.0595173067,4240809.1064453125,31327600,0.0,15.770000457763672,4.421999931335449,0.0,6061.47998046875,19692.330078125,0.0,0.0,1.0,0.0,15.770000457763672,4.421999931335449,0.0,0.0,1.0,0.49999999999999994,-0.8660254037844387,0,30.0,3874583.9312544917,0.0,0.0,0.0,60.0,60.0,0.007094664811697765,0.01448502353190897,0.019924330730828336,0.012652237636962205,0.029797719552533474,0.014366752906614624
2024-05-14,4256604.943366882,4293712.5417144345,4232284.32201324,4270896.2255859375,25127100,0.0,15.770000457763672,4.421999931335449,0.0,6061.47998046875,19692.330078125,0.0,0.0,1.0,0.0,15.770000457763672,4.421999931335449,0.0,0.9510565162951535,0.30901699437494745,0.49999999999999994,-0.8660254037844387,0,30.0,3886919.836719466,0.0,0.0,0.0,60.0,60.0,0.012739284962381772,0.012563106606594791,0.022543118868652363,0.014265543656018531,0.03357989460338896,0.015146189126411753
2024-05-15,4278167.831581015,4328814.562936226,4275158.838348486,4325304.3896484375,26948400,0.0,15.770000457763672,4.421999931335449,0.0,6061.47998046875,19692.330078125,0.0,0.0,1.0,0.0,15.770000457763672,4.421999931335449,0.0,0.5877852522924732,-0.8090169943749473,0.49999999999999994,-0.8660254037844387,0,30.0,3900565.3139847107,0.0,0.0,0.0,60.0,60.0,0.009680511116575035,0.014086096854185354,0.02057845484070593,0.014955664652600455,0.025563676826623808,0.015593312361708021
2024-05-16,4344860.793547153,4390744.015406019,4329817.358849598,4367175.546875,27867900,0.0,15.770000457763672,4.421999931335449,0.0,6061.47998046875,19692.330078125,0.0,0.0,1.0,0.0,15.770000457763672,4.421999931335449,0.0,-0.587785252292473,-0.8090169943749475,0.49999999999999994,-0.8660254037844387,0,30.0,3915089.3643466462,0.0,0.0,0.0,60.0,60.0,0.010793457538443709,0.01481227426689799,0.015730882724956294,0.01544380840278263,0.021070198546339493,0.013434357286088628
2024-05-17,4367175.533782403,4419577.921508592,4354890.119536589,4414312.470703125,24479300,0.0,15.770000457763672,4.421999931335449,0.0,6061.47998046875,19692.330078125,0.0,0.0,1.0,0.0,15.770000457763672,4.421999931335449,0.0,-0.9510565162951536,0.30901699437494723,0.49999999999999994,-0.8660254037844387,0,30.0,3930628.5467894543,0.0,0.0,0.0,60.0,60.0,0.004884702359012647,0.015278896284501577,0.010167003883189385,0.013290902494368071,0.0018175087991753706,0.011018897111853181
2024-05-20,4417572.055579528,4482259.857578972,4414814.035171717,4435875.0732421875,22554400,0.0,15.770000457763672,4.421999931335449,0.0,6061.47998046875,19692.330078125,0.0,0.0,1.0,0.0,15.770000457763672,4.421999931335449,0.0,0.0,1.0,0.49999999999999994,-0.8660254037844387,0,30.0,3946355.218598467,0.0,0.0,0.0,60.0,60.0,0.005256624478187691,0.013226295975216929,-0.003052284060685668,0.01096533471550101,-0.01904807869153539,0.02995706185618471
2024-05-21,4435373.362471675,4466714.328522436,4408044.131894648,4459192.802734375,16989400,0.0,15.770000457763672,4.421999931335449,0.0,6061.47998046875,19692.330078125,0.0,0.0,1.0,0.0,15.770000457763672,4.421999931335449,0.0,0.9510565162951535,0.30901699437494745,0.49999999999999994,-0.8660254037844387,0,30.0,3962318.1752043385,0.0,0.0,0.0,60.0,60.0,-0.008265460118888924,0.010907995479455743,-0.02417761055028039,0.029800412279536018,-0.01608100806623925,0.01192021490679616
2024-05-22,4428854.305267351,4441641.280896131,4393000.425961883,4422335.5224609375,17880000,0.0,15.770000457763672,4.421999931335449,0.0,6061.47998046875,19692.330078125,0.0,0.0,1.0,0.0,15.770000457763672,4.421999931335449,0.0,0.5877852522924732,-0.8090169943749473,0.49999999999999994,-0.8660254037844387,0,30.0,3976637.010600496,0.0,0.0,0.0,60.0,60.0,-0.016044767819923877,0.03004877926618194,-0.00788068543855219,0.012019562118130071,0.00011348089338509318,0.016441827388073215
2024-05-23,4439636.450863445,4469222.141711462,4336336.357756038,4351380.17578125,21024900,0.0,15.770000457763672,4.421999931335449,0.0,6061.47998046875,19692.330078125,0.0,0.0,1.0,0.0,15.770000457763672,4.421999931335449,0.0,-0.587785252292473,-0.8090169943749475,0.49999999999999994,-0.8660254037844387,0,30.0,3988301.539623279,0.0,0.0,0.0,60.0,60.0,0.00829720917615646,0.012215557908563813,0.0164217315837717,0.01670993440590207,0.013540575185230495,0.012215469840940215
2024-05-24,4387233.5147346975,4407041.218757074,4353886.682237642,4387484.4873046875,16579400,0.0,15.770000457763672,4.421999931335449,0.0,6061.47998046875,19692.330078125,0.0,0.0,1.0,0.0,15.770000457763672,4.421999931335449,0.0,-0.9510565162951536,0.30901699437494723,0.49999999999999994,-0.8660254037844387,0,30.0,4000726.7991377097,0.0,0.0,0.0,60.0,60.0,0.008057666265141698,0.01657242949185108,0.005200218706702759,0.012114949570197698,-0.016457864012012515,0.01960116970809048
2024-05-28,4373945.538135169,4444650.947530702,4371939.670218254,4422837.373046875,20572200,0.0,15.770000457763672,4.421999931335449,0.0,6061.47998046875,19692.330078125,0.0,0.0,1.0,0.0,15.770000457763672,4.421999931335449,0.0,0.9510565162951535,0.30901699437494745,0.49999999999999994,-0.8660254037844387,0,30.0,4013865.72066497,0.0,0.0,0.0,60.0,60.0,-0.00283460723931181,0.012018111637485623,-0.024319571288004153,0.01944449247701563,-0.022108820101822937,0.02052151476157752
2024-05-29,4398516.132966413,4433868.832699986,4380714.679396265,4410300.3662109375,23388700,0.0,15.770000457763672,4.421999931335449,0.0,6061.47998046875,19692.330078125,0.0,0.0,1.0,0.0,15.770000457763672,4.421999931335449,0.0,0.5877852522924732,-0.8090169943749473,0.49999999999999994,-0.8660254037844387,0,30.0,4026205.434523066,0.0,0.0,0.0,60.0,60.0,-0.02154603860570256,0.019499766656745732,-0.019329002994327528,0.020579850554944525,-0.015520123918891203,0.01915858642052951
2024-05-30,4392750.65695003,4393252.219635677,4307252.391608403,4315275.8642578125,22931500,0.0,15.770000457763672,4.421999931335449,0.0,6061.47998046875,19692.330078125,0.0,0.0,1.0,0.0,15.770000457763672,4.421999931335449,0.0,-0.587785252292473,-0.8090169943749475,0.49999999999999994,-0.8660254037844387,0,30.0,4035203.251509649,0.0,0.0,0.0,60.0,60.0,0.00226585582853153,0.0210330290099886,0.0061586082989785506,0.019580467938653458,0.009761022291791422,0.01138810322545324
2024-05-31,4309007.096642088,4339094.349915454,4248331.027476416,4325053.6572265625,37638900,0.0,15.770000457763672,4.421999931335449,0.0,6061.47998046875,19692.330078125,0.0,0.0,1.0,0.0,15.770000457763672,4.421999931335449,0.0,-0.9510565162951536,0.30901699437494723,0.49999999999999994,-0.8660254037844387,0,30.0,4044225.346597413,0.0,0.0,0.0,60.0,60.0,0.0038839519951810028,0.01953620172211404,0.0074782218906020185,0.011362357760894856,0.016869612106928014,0.015768123416465076
2024-06-03,4326055.98894321,4375950.943833209,4291455.823126663,4341851.9580078125,27459100,0.0,15.770000457763672,4.421999931335449,0.0,6061.47998046875,19692.330078125,0.0,0.0,1.0,0.0,15.770000457763672,4.421999931335449,0.0,0.0,1.0,1.2246467991473532e-16,-1.0,0,30.0,4053489.4895340153,0.0,0.0,0.0,60.0,60.0,0.003580363933776949,0.011318397647768553,0.012935419563126303,0.015707117725237595,0.020557952188193167,0.008084507093378664
2024-06-04,4344610.390733168,4358902.056020799,4309759.249032324,4357397.3681640625,26879600,0.0,15.770000457763672,4.421999931335449,0.0,6061.47998046875,19692.330078125,0.0,0.0,1.0,0.0,15.770000457763672,4.421999931335449,0.0,0.9510565162951535,0.30901699437494745,1.2246467991473532e-16,-1.0,0,30.0,4062949.147774407,0.0,0.0,0.0,60.0,60.0,0.009321680620254407,0.015651081158732254,0.0169170191691161,0.008055664881374797,0.0038552110592831763,0.02054198670414829
2024-06-05,4392750.18358433,4429105.631481222,4360907.65163124,4398015.634765625,22068500,0.0,15.770000457763672,4.421999931335449,0.0,6061.47998046875,19692.330078125,0.0,0.0,1.0,0.0,15.770000457763672,4.421999931335449,0.0,0.5877852522924732,-0.8090169943749473,1.2246467991473532e-16,-1.0,0,30.0,4073378.6715795603,0.0,0.0,0.0,60.0,60.0,0.007525191120628819,0.0079812660681423,-0.005415983492608564,0.020352269349376013,-0.0011353830981670908,0.024542146367549297
2024-06-06,4410301.093225167,4441642.062854624,4406540.32990171,4431111.54296875,23251000,0.0,15.770000457763672,4.421999931335449,0.0,6061.47998046875,19692.330078125,0.0,0.0,1.0,0.0,15.770000457763672,4.421999931335449,0.0,-0.587785252292473,-0.8090169943749475,1.2246467991473532e-16,-1.0,0,30.0,4084513.7257938515,0.0,0.0,0.0,60.0,60.0,-0.012844517166705725,0.020200258543152674,-0.008595888514869896,0.024358841430309128,0.00052449518752814,0.017391022230839426
2024-06-07,4439134.443583915,4459693.918073448,4370184.319271931,4374196.0546875,19661400,0.0,15.770000457763672,4.421999931335449,0.0,6061.47998046875,19692.330078125,0.0,0.0,1.0,0.0,15.770000457763672,4.421999931335449,0.0,-0.9510565162951536,0.30901699437494723,1.2246467991473532e-16,-1.0,0,30.0,4093530.5891998527,0.0,0.0,0.0,60.0,60.0,0.004303910301588544,0.024675790039067964,0.013542965203275434,0.017617308046473497,0.020257171096770915,0.02467579231095055
2024-06-10,4392018.308659878,4444480.4571253685,4336543.71369018,4393022.2021484375,23726700,0.0,15.770000457763672,4.421999931335449,0.0,6061.47998046875,19692.330078125,0.0,0.0,1.0,0.0,15.770000457763672,4.421999931335449,0.0,0.0,1.0,1.2246467991473532e-16,-1.0,0,30.0,4102852.783534295,0.0,0.0,0.0,60.0,60.0,0.009199461245662618,0.017541809671121452,0.01588489363781494,0.024570045040988146,0.000857093208030246,0.010627967374519603
2024-06-11,4423395.172853389,4438958.011291491,4361896.451940392,4433435.6396484375,21540600,0.0,15.770000457763672,4.421999931335449,0.0,6061.47998046875,19692.330078125,0.0,0.0,1.0,0.0,15.770000457763672,4.421999931335449,0.0,0.9510565162951535,0.30901699437494745,1.2246467991473532e-16,-1.0,0,30.0,4113142.746575297,0.0,0.0,0.0,60.0,60.0,0.0066244906471714165,0.02434607427421845,-0.008266322325752456,0.010531087047352783,0.0009625640625406488,0.016476072389131256
2024-06-12,4474351.775365625,4528571.22120212,4420634.467829272,4462804.892578125,27864700,0.0,15.770000457763672,4.421999931335449,0.0,6061.47998046875,19692.330078125,0.0,0.0,1.0,0.0,15.770000457763672,4.421999931335449,0.0,0.5877852522924732,-0.8090169943749473,1.2246467991473532e-16,-1.0,0,30.0,4124026.5855060252,0.0,0.0,0.0,60.0,60.0,-0.014792818087855566,0.010461783063297233,-0.005624666037074703,0.016367645077399802,-0.0030935922508673313,0.019967392688682875
2024-06-13,4420633.826678306,4436447.925175161,4389759.028535187,4396787.431640625,20913300,0.0,15.770000457763672,4.421999931335449,0.0,6061.47998046875,19692.330078125,0.0,0.0,1.0,0.0,15.770000457763672,4.421999931335449,0.0,-0.587785252292473,-0.8090169943749475,1.2246467991473532e-16,-1.0,0,30.0,4132516.7385004936,0.0,0.0,0.0,60.0,60.0,0.00930581122336807,0.01661340414270283,0.011874888908424044,0.020267201716829813,-0.00039962260886623513,0.018782789418112452
2024-06-14,4373192.317511828,4444480.631595189,4371435.025063787,4437703.10546875,18063600,0.0,15.770000457763672,4.421999931335449,0.0,6061.47998046875,19692.330078125,0.0,0.0,1.0,0.0,15.770000457763672,4.421999931335449,0.0,-0.9510565162951536,0.30901699437494723,1.2246467991473532e-16,-1.0,0,30.0,4142016.1919011762,0.0,0.0,0.0,60.0,60.0,0.0025453907591615117,0.020080337883187423,-0.009615949620334059,0.018609611882989208,-0.002771740434292358,0.013009715167907424
2024-06-17,4404318.066249096,4477112.406962459,4388001.829179376,4448998.7939453125,19618500,0.0,15.770000457763672,4.421999931335449,0.0,6061.47998046875,19692.330078125,0.0,0.0,1.0,0.0,15.770000457763672,4.421999931335449,0.0,0.0,1.0,1.2246467991473532e-16,-1.0,0,30.0,4151571.556224649,0.0,0.0,0.0,60.0,60.0,-0.012130463609519554,0.018562363414685267,-0.005303631379151379,0.012976684435261353,0.013484593328002246,0.023922396738514044
2024-06-18,4446488.630998356,4452764.018610301,4370180.086165592,4395030.3759765625,21869900,0.0,15.770000457763672,4.421999931335449,0.0,6061.47998046875,19692.330078125,0.0,0.0,1.0,0.0,15.770000457763672,4.421999931335449,0.0,0.9510565162951535,0.30901699437494745,1.2246467991473532e-16,-1.0,0,30.0,4159149.632978841,0.0,0.0,0.0,60.0,60.0,0.006910661761382322,0.01313603057613874,0.02592959494541676,0.024216149863192166,0.023587774260141504,0.012679199268367235
2024-06-20,4402058.305761569,4450253.231472805,4392519.9780709185,4425402.9443359375,20160100,0.0,15.770000457763672,4.421999931335449,0.0,6061.47998046875,19692.330078125,0.0,0.0,1.0,0.0,15.770000457763672,4.421999931335449,0.0,-0.587785252292473,-0.8090169943749475,1.2246467991473532e-16,-1.0,0,30.0,4167437.2277005194,0.0,0.0,0.0,60.0,60.0,0.01888840182778951,0.024049948801645432,0.016562653601845886,0.012592178978607291,0.04384578446584606,0.027623343515542537
2024-06-21,4442974.531633424,4539615.656291916,4433184.942053986,4508991.7333984375,57759000,0.0,15.770000457763672,4.421999931335449,0.0,6061.47998046875,19692.330078125,0.0,0.0,1.0,0.0,15.770000457763672,4.421999931335449,0.0,-0.9510565162951536,0.30901699437494723,1.2246467991473532e-16,-1.0,0,30.0,4178068.7023070115,0.0,0.0,0.0,60.0,60.0,-0.0022826329377893125,0.012358742091889663,0.0244947165884756,0.027111255232652436,0.023659667487742675,0.011300999674977734
2024-06-24,4522294.876215194,4540618.898590884,4484893.43266335,4498699.3603515625,18298000,0.0,15.770000457763672,4.421999931335449,0.0,6061.47998046875,19692.330078125,0.0,0.0,1.0,0.0,15.770000457763672,4.421999931335449,0.0,0.0,1.0,1.2246467991473532e-16,-1.0,0,30.0,4188048.885973739,0.0,0.0,0.0,60.0,60.0,0.026838612226537766,0.02717328186085586,0.02600165265431769,0.01132685472665836,0.03453879463244925,0.011326856419605005
2024-06-25,4508740.280771321,4625964.473109788,4503720.047383703,4619438.208007812,23130200,0.0,15.770000457763672,4.421999931335449,0.0,6061.47998046875,19692.330078125,0.0,0.0,1.0,0.0,15.770000457763672,4.421999931335449,0.0,0.9510565162951535,0.30901699437494745,1.2246467991473532e-16,-1.0,0,30.0,4201476.624581214,0.0,0.0,0.0,60.0,60.0,-0.0008150838527636393,0.011030803275013061,0.007498921752869085,0.011030804923710943,-0.01021581225932543,0.017225441492861458
2024-06-26,4584296.042090039,4631486.694021036,4580530.579907423,4615672.978515625,19839000,0.0,15.770000457763672,4.421999931335449,0.0,6061.47998046875,19692.330078125,0.0,0.0,1.0,0.0,15.770000457763672,4.421999931335449,0.0,0.5877852522924732,-0.8090169943749473,1.2246467991473532e-16,-1.0,1,30.0,4214369.2023264775,0.0,0.0,0.0,60.0,60.0,0.008320787745366246,0.011039803289109583,-0.009408397039068726,0.01723949312533775,-0.004840170574310594,0.014030898437271616
2024-06-27,4623203.827840543,4670143.992202126,4619187.870472455,4654079.013671876,18848900,0.0,15.770000457763672,4.421999931335449,0.0,6061.47998046875,19692.330078125,0.0,0.0,1.0,0.0,15.770000457763672,4.421999931335449,0.0,-0.587785252292473,-0.8090169943749475,1.2246467991473532e-16,-1.0,1,30.0,4228055.930551573,0.0,0.0,0.0,60.0,60.0,-0.01758288136068079,0.017097230697668886,-0.013052352465235903,0.013915113729476016,-0.0009170131297650173,0.02162779321536626
2024-06-28,4626717.591695743,4647049.784646366,4567477.922064438,4572246.894531249,29156600,0.0,15.770000457763672,4.421999931335449,0.0,6061.47998046875,19692.330078125,0.0,0.0,1.0,0.0,15.770000457763672,4.421999931335449,0.0,-0.9510565162951536,0.30901699437494723,1.2246467991473532e-16,-1.0,1,30.0,4238769.469481053,0.0,0.0,0.0,60.0,60.0,0.004611614363682731,0.014164160482819066,0.016964146811690905,0.022014878207050666,0.020148288433185203,0.011474039946681737
2024-07-01,4594336.227360087,4615672.696031368,4550910.657250157,4593332.333984373,16006100,0.0,15.770000457763672,4.421999931335449,0.0,6061.47998046875,19692.330078125,0.0,0.0,1.0,0.0,15.770000457763672,4.421999931335449,0.0,0.0,1.0,-0.4999999999999997,-0.8660254037844388,0,30.0,4249805.85174944,0.0,0.0,0.0,60.0,60.0,0.012295828827175389,0.02191382011942477,0.015465353821678981,0.011421368997360588,0.04158710382407239,0.027651773523816904
2024-07-02,4569737.158010113,4658094.719397497,4557437.260881826,4649811.162109375,17372500,0.0,15.770000457763672,4.421999931335449,0.0,6061.47998046875,19692.330078125,0.0,0.0,1.0,0.0,15.770000457763672,4.421999931335449,0.0,0.9510565162951535,0.30901699437494745,-0.4999999999999997,-0.8660254037844388,0,30.0,4262256.708724271,0.0,0.0,0.0,60.0,60.0,0.0031310264294734263,0.011282639592215989,0.02893548917497097,0.027315901870161478,0.020460015825197436,0.012902178652767597
2024-07-03,4640021.311493438,4671146.985951473,4618684.84243753,4664369.84375,10242100,0.0,15.770000457763672,4.421999931335449,0.0,6061.47998046875,19692.330078125,0.0,0.0,1.0,0.0,15.770000457763672,4.421999931335449,0.0,0.5877852522924732,-0.8090169943749473,-0.4999999999999997,-0.8660254037844388,0,30.0,4274773.175386678,0.0,0.0,0.0,60.0,60.0,0.025723920470634314,0.02723064201033559,0.017274901223426918,0.01286190767988842,0.017005630860103593,0.01420729339316228
2024-07-05,4665374.234301391,4790881.987959537,4663868.2025405755,4784355.72265625,20967500,0.0,15.770000457763672,4.421999931335449,0.0,6061.47998046875,19692.330078125,0.0,0.0,1.0,0.0,15.770000457763672,4.421999931335449,0.0,-0.9510565162951536,0.30901699437494723,-0.4999999999999997,-0.8660254037844388,0,30.0,4290634.8133414695,0.0,0.0,0.0,60.0,60.0,-0.008237128021086532,0.012539346527072288,-0.008499645408026068,0.013850991587135384,0.003042815166796904,0.014270728037415786
2024-07-08,4766784.599873708,4773562.126199319,4713569.431884151,4744946.3720703125,21035900,0.0,15.770000457763672,4.421999931335449,0.0,6061.47998046875,19692.330078125,0.0,0.0,1.0,0.0,15.770000457763672,4.421999931335449,0.0,0.0,1.0,-0.4999999999999997,-0.8660254037844388,0,30.0,4304776.046203242,0.0,0.0,0.0,60.0,60.0,-0.0002646977360785058,0.013966031577183178,0.011373629227898004,0.014389254166109986,-0.018303978522412688,0.03057714922577613
2024-07-09,4777075.500040665,4803432.201831782,4737164.1309674075,4743690.395507812,15121400,0.0,15.770000457763672,4.421999931335449,0.0,6061.47998046875,19692.330078125,0.0,0.0,1.0,0.0,15.770000457763672,4.421999931335449,0.0,0.9510565162951535,0.30901699437494745,-0.4999999999999997,-0.8660254037844388,0,30.0,4318438.014296802,0.0,0.0,0.0,60.0,60.0,0.011641408418429632,0.014393063977560079,-0.018044057007373705,0.030585245070903804,-0.020689946230827417,0.01386387560137157
2024-07-10,4747957.522394181,4813221.698634196,4744945.459281915,4798913.6328125,15952500,0.0,15.770000457763672,4.421999931335449,0.0,6061.47998046875,19692.330078125,0.0,0.0,1.0,0.0,15.770000457763672,4.421999931335449,0.0,0.5877852522924732,-0.8090169943749473,-0.4999999999999997,-0.8660254037844388,0,30.0,4333393.648762377,0.0,0.0,0.0,60.0,60.0,-0.029343861548938293,0.030233287028770275,-0.03195930334623504,0.013704337807846304,-0.02432245122632695,0.017365874814791172
2024-07-11,4765529.582593977,4790882.011068273,4645795.077781174,4658094.9755859375,25625800,0.0,15.770000457763672,4.421999931335449,0.0,6061.47998046875,19692.330078125,0.0,0.0,1.0,0.0,15.770000457763672,4.421999931335449,0.0,-0.587785252292473,-0.8090169943749475,-0.4999999999999997,-0.8660254037844388,0,30.0,4343500.539033859,0.0,0.0,0.0,60.0,60.0,-0.0026945090992474205,0.01411863302045892,0.005173212349560094,0.017890861786031678,-0.008891681280763824,0.02861452155880724
2024-07-12,4645794.57388344,4696750.68594603,4630984.752411288,4645543.6962890625,22898400,0.0,15.770000457763672,4.421999931335449,0.0,6061.47998046875,19692.330078125,0.0,0.0,1.0,0.0,15.770000457763672,4.421999931335449,0.0,-0.9510565162951536,0.30901699437494723,-0.4999999999999997,-0.8660254037844388,0,30.0,4352902.15459698,0.0,0.0,0.0,60.0,60.0,0.007888978372816836,0.017939199121297225,-0.006213915633733453,0.028691831961100506,-0.021883428819299566,0.019722319939627683
2024-07-15,4641778.7774991,4725116.110893517,4641778.7774991,4682192.2900390625,16474000,0.0,15.770000457763672,4.421999931335449,0.0,6061.47998046875,19692.330078125,0.0,0.0,1.0,0.0,15.770000457763672,4.421999931335449,0.0,0.0,1.0,-0.4999999999999997,-0.8660254037844388,0,30.0,4363151.8794716885,0.0,0.0,0.0,60.0,60.0,-0.01399250741814705,0.02846725440675216,-0.02953937172741225,0.01956794881462869,-0.047391943690873864,0.03232722909431317
2024-07-16,4703026.0664177025,4736159.910733229,4602870.751631353,4616676.6796875,18290700,0.0,15.770000457763672,4.421999931335449,0.0,6061.47998046875,19692.330078125,0.0,0.0,1.0,0.0,15.770000457763672,4.421999931335449,0.0,0.9510565162951535,0.30901699437494745,-0.4999999999999997,-0.8660254037844388,0,30.0,4371043.277273931,0.0,0.0,0.0,60.0,60.0,-0.01576749104467336,0.01984563906648434,-0.03387341021645855,0.03278598726432044,-0.03403650778690634,0.01718132033380765
2024-07-17,4592831.223663334,4607390.170494387,4515769.271422653,4543883.271484375,20734100,0.0,15.770000457763672,4.421999931335449,0.0,6061.47998046875,19692.330078125,0.0,0.0,1.0,0.0,15.770000457763672,4.421999931335449,0.0,0.5877852522924732,-0.8090169943749473,-0.4999999999999997,-0.8660254037844388,0,30.0,4376423.220968949,0.0,0.0,0.0,60.0,60.0,-0.018395977583592498,0.033311221653428,-0.01856168799141158,0.017456566591205223,0.003590618549751883,0.01364490602679942
2024-07-18,4566724.414381993,4581032.48049908,4429670.177675361,4460294.0966796875,25315700,0.0,15.770000457763672,4.421999931335449,0.0,6061.47998046875,19692.330078125,0.0,0.0,1.0,0.0,15.770000457763672,4.421999931335449,0.0,-0.587785252292473,-0.8090169943749475,-0.4999999999999997,-0.8660254037844388,0,30.0,4379033.847005109,0.0,0.0,0.0,60.0,60.0,-0.00016881594210581803,0.017783715421451227,0.02239864103166584,0.013900621549216815,0.023073904800089112,0.011649543728295143
2024-07-19,4490165.047257066,4525557.938987888,4446237.338076558,4459541.1279296875,18881900,0.0,15.770000457763672,4.421999931335449,0.0,6061.47998046875,19692.330078125,0.0,0.0,1.0,0.0,15.770000457763672,4.421999931335449,0.0,-0.9510565162951536,0.30901699437494723,-0.4999999999999997,-0.8660254037844388,0,30.0,4381539.775337216,0.0,0.0,0.0,60.0,60.0,0.022571267363536155,0.013902968591957734,0.023246645146496134,0.011651510689049072,-0.028312497507771213,0.024597517935573604
2024-07-22,4533088.902605949,4586053.18936179,4524052.32912564,4560198.623046874,24100300,0.0,15.770000457763672,4.421999931335449,0.0,6061.47998046875,19692.330078125,0.0,0.0,1.0,0.0,15.770000457763672,4.421999931335449,0.0,0.0,1.0,-0.4999999999999997,-0.8660254037844388,0,30.0,4387100.840909369,0.0,0.0,0.0,60.0,60.0,0.0006604701349582073,0.011394326303622632,-0.0497606049527476,0.024054575676659314,-0.07920972312191898,0.03429291925377489
2024-07-23,4569737.146024837,4608895.501815621,4556935.110695294,4563210.498046874,36352700,0.0,15.770000457763672,4.421999931335449,0.0,6061.47998046875,19692.330078125,0.0,0.0,1.0,0.0,15.770000457763672,4.421999931335449,0.0,0.9510565162951535,0.30901699437494745,-0.4999999999999997,-0.8660254037844388,0,30.0,4392582.558516899,0.0,0.0,0.0,60.0,60.0,-0.050387795453642296,0.024038698833996203,-0.07981747619760093,0.03427028475417824,-0.08135766871321208,0.022168427986204654
2024-07-24,4357628.913212923,4422641.831014194,4312948.188135515,4333280.380859375,49585200,0.0,15.770000457763672,4.421999931335449,0.0,6061.47998046875,19692.330078125,0.0,0.0,1.0,0.0,15.770000457763672,4.421999931335449,0.0,0.5877852522924732,-0.8090169943749473,-0.4999999999999997,-0.8660254037844388,0,30.0,4390736.67569188,0.0,0.0,0.0,60.0,60.0,-0.030991262120538546,0.036088715572636945,-0.03261317947610467,0.02334471680131239,-0.017957438111212257,0.014134202094300968
2024-07-25,4330518.7906744275,4353110.028697252,4196727.50553593,4198986.552734375,44852000,0.0,15.770000457763672,4.421999931335449,0.0,6061.47998046875,19692.330078125,0.0,0.0,1.0,0.0,15.770000457763672,4.421999931335449,0.0,-0.587785252292473,-0.8090169943749475,-0.4999999999999997,-0.8660254037844388,0,30.0,4384768.121540182,0.0,0.0,0.0,60.0,60.0,-0.0016737902272330998,0.024091337764816236,0.013450677480833633,0.014586248339959937,0.01799397986711465,0.016678586418055544
2024-07-26,4195723.408903446,4219318.924260013,4118159.7209481676,4191958.330078125,41336900,0.0,15.770000457763672,4.421999931335449,0.0,6061.47998046875,19692.330078125,0.0,0.0,1.0,0.0,15.770000457763672,4.421999931335449,0.0,-0.9510565162951536,0.30901699437494723,-0.4999999999999997,-0.8660254037844388,0,30.0,4378766.5833739,0.0,0.0,0.0,60.0,60.0,0.015149825337661198,0.014610703592846642,0.019700745008812713,0.016706549677636757,0.02718570855158074,0.02538925741645338
2024-07-29,4237894.758099119,4278057.008530524,4216809.547896188,4255465.7666015625,20293800,0.0,15.770000457763672,4.421999931335449,0.0,6061.47998046875,19692.330078125,0.0,0.0,1.0,0.0,15.770000457763672,4.421999931335449,0.0,0.0,1.0,-0.4999999999999997,-0.8660254037844388,0,30.0,4374928.632239874,0.0,0.0,0.0,60.0,60.0,0.004483002959329457,0.016457225584489255,0.011856262901799882,0.025010354907964796,0.007255329118099517,0.03049606684657348
2024-07-30,4273288.261068214,4298138.551896574,4228105.391808541,4274543.0322265625,18959700,0.0,15.770000457763672,4.421999931335449,0.0,6061.47998046875,19692.330078125,0.0,0.0,1.0,0.0,15.770000457763672,4.421999931335449,0.0,0.9510565162951535,0.30901699437494745,-0.4999999999999997,-0.8660254037844388,0,30.0,4371803.956852506,0.0,0.0,0.0,60.0,60.0,0.007340353117721158,0.02489873381060828,0.0027599532800479942,0.03035996304240923,-0.021316632355254283,0.022549744780574994
2024-07-31,4348592.628608468,4373945.056039182,4267514.346917782,4305919.6875,25729100,0.0,15.770000457763672,4.421999931335449,0.0,6061.47998046875,19692.330078125,0.0,0.0,1.0,0.0,15.770000457763672,4.421999931335449,0.0,0.5877852522924732,-0.8090169943749473,-0.4999999999999997,-0.8660254037844388,0,30.0,4369753.195041716,0.0,0.0,0.0,60.0,60.0,-0.00454702308261236,0.030138734091655378,-0.02844816588979285,0.02238542783557064,-0.07164501955084654,0.055380673872947976
2024-08-01,4273538.918582885,4368924.885880509,4239149.917398923,4286340.5712890625,24531400,0.0,15.770000457763672,4.421999931335449,0.0,6061.47998046875,19692.330078125,0.0,0.0,1.0,0.0,15.770000457763672,4.421999931335449,0.0,-0.587785252292473,-0.8090169943749475,-0.8660254037844385,-0.5000000000000004,0,30.0,4367156.832890161,0.0,0.0,0.0,60.0,60.0,-0.02401031827861422,0.022487679834854116,-0.06740448622296161,0.05563364132421898,-0.07302646137741496,0.02436169991098398
2024-08-02,4177901.798603753,4229861.804890695,4133471.950460401,4183424.169921875,29130100,0.0,15.770000457763672,4.421999931335449,0.0,6061.47998046875,19692.330078125,0.0,0.0,1.0,0.0,15.770000457763672,4.421999931335449,0.0,-0.9510565162951536,0.30901699437494723,-0.8660254037844385,-0.5000000000000004,0,30.0,4361437.8360444335,0.0,0.0,0.0,60.0,60.0,-0.044461707697372004,0.05700228431318665,-0.05022198904024203,0.024961021993610045,-0.046321897478407356,0.0270610478016554
2024-08-05,3903291.171277105,4127447.8373282054,3888983.103391662,3997421.9873046875,53630700,0.0,15.770000457763672,4.421999931335449,0.0,6061.47998046875,19692.330078125,0.0,0.0,1.0,0.0,15.770000457763672,4.421999931335449,0.0,0.0,1.0,-0.8660254037844385,-0.5000000000000004,0,30.0,4350107.213295571,0.0,0.0,0.0,60.0,60.0,-0.006028310313958292,0.02612247169442023,-0.001946745406249213,0.02832021282626412,0.017456730654639704,0.02185240450724759
2024-08-06,3999430.114297514,4030556.175015904,3926133.6323018842,3973324.287109375,49004600,0.0,15.770000457763672,4.421999931335449,0.0,6061.47998046875,19692.330078125,0.0,0.0,1.0,0.0,15.770000457763672,4.421999931335449,0.0,0.9510565162951535,0.30901699437494745,-0.8660254037844385,-0.5000000000000004,0,30.0,4338379.193184335,0.0,0.0,0.0,60.0,60.0,0.004106319073331245,0.028491971270539318,0.02362747471813411,0.0219849365268642,0.03398817102061208,0.02988183348181516
2024-08-07,4047624.537906579,4091050.1078740875,3977842.266437231,3989640.0244140625,25138600,0.0,15.770000457763672,4.421999931335449,0.0,6061.47998046875,19692.330078125,0.0,0.0,1.0,0.0,15.770000457763672,4.421999931335449,0.0,0.5877852522924732,-0.8090169943749473,-0.8660254037844385,-0.5000000000000004,0,30.0,4327524.083515984,0.0,0.0,0.0,60.0,60.0,0.019441323367846677,0.021895028553503816,0.029759649331614773,0.029759630941664107,0.021077249860603012,0.019252535713648603
2024-08-08,4029049.4449709454,4108872.5690271747,4021519.286774427,4067203.90625,25578800,0.0,15.770000457763672,4.421999931335449,0.0,6061.47998046875,19692.330078125,0.0,0.0,1.0,0.0,15.770000457763672,4.421999931335449,0.0,-0.587785252292473,-0.8090169943749475,-0.8660254037844385,-0.5000000000000004,0,30.0,4319421.167852477,0.0,0.0,0.0,60.0,60.0,0.010121549644152414,0.02919209792609701,0.0016047284480796371,0.018885378954470417,0.013145874747719995,0.010862153596497715
2024-08-09,4016498.554955712,4111382.37569187,3992652.160975216,4108370.3125,28602300,0.0,15.770000457763672,4.421999931335449,0.0,6061.47998046875,19692.330078125,0.0,0.0,1.0,0.0,15.770000457763672,4.421999931335449,0.0,-0.9510565162951536,0.30901699437494723,-0.8660254037844385,-0.5000000000000004,0,30.0,4312851.845030125,0.0,0.0,0.0,60.0,60.0,-0.008431481537121054,0.01869614499475177,0.0029940209716672176,0.010753313401069659,-0.02016241399513265,0.0336652733108401
2024-08-12,4125440.1823920645,4139245.7294360315,4062435.042381398,4073730.6640625,15895300,0.0,15.770000457763672,4.421999931335449,0.0,6061.47998046875,19692.330078125,0.0,0.0,1.0,0.0,15.770000457763672,4.421999931335449,0.0,0.0,1.0,-0.8660254037844385,-0.5000000000000004,0,30.0,4305408.784783746,0.0,0.0,0.0,60.0,60.0,0.011522655566455445,0.0108447507165106,-0.011830682640264526,0.03395153505178615,-0.006100318537681,0.012508463124235921
2024-08-13,4101844.695415523,4134978.5448141736,4090799.9512762106,4120670.859375,18551700,0.0,15.770000457763672,4.421999931335449,0.0,6061.47998046875,19692.330078125,0.0,0.0,1.0,0.0,15.770000457763672,4.421999931335449,0.0,0.9510565162951535,0.30901699437494745,-0.8660254037844385,-0.5000000000000004,0,30.0,4299658.497406257,0.0,0.0,0.0,60.0,60.0,-0.0230873110732671,0.03356477965663873,-0.01742222381985852,0.01236597426207043,-0.007309934951239641,0.023940013035299294
2024-08-14,4076491.767784929,4097075.223649045,3958765.814216591,4025535.6494140625,40591100,0.0,15.770000457763672,4.421999931335449,0.0,6061.47998046875,19692.330078125,0.0,0.0,1.0,0.0,15.770000457763672,4.421999931335449,0.0,0.5877852522924732,-0.8090169943749473,-0.8660254037844385,-0.5000000000000004,0,30.0,4291125.9497487955,0.0,0.0,0.0,60.0,60.0,0.0057989698748128924,0.012658218489982026,0.01615024177786142,0.024505785733626356,0.039284123268140236,0.015152509111175542
2024-08-15,4028798.2951628696,4057414.043433912,4006457.933644417,4048879.609375,31524300,0.0,15.770000457763672,4.421999931335449,0.0,6061.47998046875,19692.330078125,0.0,0.0,1.0,0.0,15.770000457763672,4.421999931335449,0.0,-0.587785252292473,-0.8090169943749475,-0.8660254037844385,-0.5000000000000004,0,30.0,4283585.613511869,0.0,0.0,0.0,60.0,60.0,0.010291591275279297,0.024364496750952605,0.033292093545785884,0.015065146778845382,0.03645386351961294,0.01128327485602833
2024-08-16,4053147.5736101163,4143262.05206548,4044613.1379778646,4090549.0234375,24208600,0.0,15.770000457763672,4.421999931335449,0.0,6061.47998046875,19692.330078125,0.0,0.0,1.0,0.0,15.770000457763672,4.421999931335449,0.0,-0.9510565162951536,0.30901699437494723,-0.8660254037844385,-0.5000000000000004,0,30.0,4277577.015846597,0.0,0.0,0.0,60.0,60.0,0.02276620182641857,0.014911681844079117,0.025895763629299646,0.011168334917828607,0.017734403584940533,0.013377564024420776
2024-08-19,4148784.1489438345,4184177.426330795,4123180.4607256865,4183675.2880859375,22416200,0.0,15.770000457763672,4.421999931335449,0.0,6061.47998046875,19692.330078125,0.0,0.0,1.0,0.0,15.770000457763672,4.421999931335449,0.0,0.0,1.0,-0.8660254037844385,-0.5000000000000004,0,30.0,4274654.162195016,0.0,0.0,0.0,60.0,60.0,0.003059899512999571,0.010919734048587646,-0.0049197932357291745,0.013079786954762106,-0.017219691232931957,0.025679477676877168
2024-08-20,4189448.510756108,4233125.345319475,4187440.7238279283,4196476.9140625,18341500,0.0,15.770000457763672,4.421999931335449,0.0,6061.47998046875,19692.330078125,0.0,0.0,1.0,0.0,15.770000457763672,4.421999931335449,0.0,0.9510565162951535,0.30901699437494745,-0.8660254037844385,-0.5000000000000004,0,30.0,4272220.760162658,0.0,0.0,0.0,60.0,60.0,-0.007955350176597634,0.013039886213288495,-0.020217726534355097,0.025601140758737276,-0.009331124055149348,0.014056652923934003
2024-08-21,4145521.0782325505,4188194.022210484,4133472.440754417,4163092.470703125,22902000,0.0,15.770000457763672,4.421999931335449,0.0,6061.47998046875,19692.330078125,0.0,0.0,1.0,0.0,15.770000457763672,4.421999931335449,0.0,0.5877852522924732,-0.8090169943749473,-0.8660254037844385,-0.5000000000000004,0,30.0,4268823.953448403,0.0,0.0,0.0,60.0,60.0,-0.012360710135315317,0.025806440025955113,-0.0013868064091637632,0.014169375265958324,0.0018689965977979734,0.018631267828018886
2024-08-22,4198484.834102394,4206768.391010273,4099333.7948425678,4111633.69140625,22493300,0.0,15.770000457763672,4.421999931335449,0.0,6061.47998046875,19692.330078125,0.0,0.0,1.0,0.0,15.770000457763672,4.421999931335449,0.0,-0.587785252292473,-0.8090169943749475,-0.8660254037844385,-0.5000000000000004,0,30.0,4263931.134728666,0.0,0.0,0.0,60.0,60.0,0.011111246624924243,0.014346710799546719,0.01440779733971791,0.018864445774095857,0.0053723513043413,0.012087885892050189
2024-08-23,4134727.8229878633,4171375.875719163,4112387.456234885,4157319.0673828125,13955700,0.0,15.770000457763672,4.421999931335449,0.0,6061.47998046875,19692.330078125,0.0,0.0,1.0,0.0,15.770000457763672,4.421999931335449,0.0,-0.9510565162951536,0.30901699437494723,-0.8660254037844385,-0.5000000000000004,0,30.0,4260612.649778754,0.0,0.0,0.0,60.0,60.0,0.0032603244457991244,0.01865714167166583,-0.005675829776139172,0.01195505037887709,-0.016725191615274665,0.02457436611517089
2024-08-26,4176395.6475273664,4205764.412505104,4128200.7216906254,4170873.2763671875,14190400,0.0,15.770000457763672,4.421999931335449,0.0,6061.47998046875,19692.330078125,0.0,0.0,1.0,0.0,15.770000457763672,4.421999931335449,0.0,0.0,1.0,-0.8660254037844385,-0.5000000000000004,0,30.0,4257819.356603839,0.0,0.0,0.0,60.0,60.0,-0.00890711413996624,0.01191619970168865,-0.01992056854447402,0.024494506078216308,-0.02636018945686756,0.03442465661301875
2024-08-27,4162840.7202785606,4177901.8026186833,4128200.8437270555,4133722.83203125,11821900,0.0,15.770000457763672,4.421999931335449,0.0,6061.47998046875,19692.330078125,0.0,0.0,1.0,0.0,15.770000457763672,4.421999931335449,0.0,0.9510565162951535,0.30901699437494745,-0.8660254037844385,-0.5000000000000004,0,30.0,4253956.637688592,0.0,0.0,0.0,60.0,60.0,-0.011112434123619718,0.024714642217374894,-0.017609928964181988,0.03473403664193019,-0.007894061038322613,0.011962601618375437
2024-08-28,4142759.175934878,4156816.364084611,4054652.883265165,4087787.109375,16407400,0.0,15.770000457763672,4.421999931335449,0.0,6061.47998046875,19692.330078125,0.0,0.0,1.0,0.0,15.770000457763672,4.421999931335449,0.0,0.5877852522924732,-0.8090169943749473,-0.8660254037844385,-0.5000000000000004,0,30.0,4248784.323779195,0.0,0.0,0.0,60.0,60.0,-0.006570509191107085,0.03512435370865231,0.0032545389348129696,0.012097029056861323,-0.033711923904427586,0.03297519683966182
2024-08-29,4124435.15023883,4166103.8104254245,4022522.9301100676,4060928.2666015625,19699800,0.0,15.770000457763672,4.421999931335449,0.0,6061.47998046875,19692.330078125,0.0,0.0,1.0,0.0,15.770000457763672,4.421999931335449,0.0,-0.587785252292473,-0.8090169943749475,-0.8660254037844385,-0.5000000000000004,0,30.0,4242936.979158521,0.0,0.0,0.0,60.0,60.0,0.009890030663293555,0.012177038399586268,-0.027320927116046046,0.033193293680875126,-0.03294577638089546,0.018790913419455265
2024-08-30,4082013.550361034,4108119.3743699645,4058669.294929592,4101090.9716796875,22123800,0.0,15.770000457763672,4.421999931335449,0.0,6061.47998046875,19692.330078125,0.0,0.0,1.0,0.0,15.770000457763672,4.421999931335449,0.0,-0.9510565162951536,0.30901699437494723,-0.8660254037844385,-0.5000000000000004,0,30.0,4238521.77689538,0.0,0.0,0.0,60.0,60.0,-0.03684654432611789,0.03286822591869121,-0.04241630845296547,0.018606890699884852,-0.03758104662391836,0.021238837613675978
2024-09-03,4059422.7152281175,4062686.0393092213,3927890.4547389485,3949979.94140625,38945300,0.0,15.770000457763672,4.421999931335449,0.0,6061.47998046875,19692.330078125,0.0,0.0,1.0,0.0,15.770000457763672,4.421999931335449,0.0,0.9510565162951535,0.30901699437494745,-1.0,-1.8369701987210297e-16,0,30.0,4229540.413318737,0.0,0.0,0.0,60.0,60.0,-0.005782841865993851,0.019318718725736508,-0.0007626015288358886,0.022051353798877217,-0.0409254031368128,0.04626333142810314
2024-09-04,3932409.3266115994,3991146.867836257,3914838.3163759285,3927137.83203125,19353800,0.0,15.770000457763672,4.421999931335449,0.0,6061.47998046875,19692.330078125,0.0,0.0,1.0,0.0,15.770000457763672,4.421999931335449,0.0,0.5877852522924732,-0.8090169943749473,-1.0,-1.8369701987210297e-16,0,30.0,4220127.610061095,0.0,0.0,0.0,60.0,60.0,0.005049440452808305,0.022179615005100337,-0.03534696719253586,0.046532421060739244,-0.04821146455873703,0.039553802113917014
2024-09-05,3923372.163452401,4002441.8891543206,3915339.483967903,3946967.6806640625,18688700,0.0,15.770000457763672,4.421999931335449,0.0,6061.47998046875,19692.330078125,0.0,0.0,1.0,0.0,15.770000457763672,4.421999931335449,0.0,-0.587785252292473,-0.8090169943749475,-1.0,-1.8369701987210297e-16,0,30.0,4211625.034909988,0.0,0.0,0.0,60.0,60.0,-0.04019345319683401,0.046298638840866206,-0.05299331840585825,0.03935508097601319,-0.05331172690284993,0.018658711714039242
2024-09-06,3948473.412037062,3961777.201279693,3779037.970116056,3788325.419921875,37912100,0.0,15.770000457763672,4.421999931335449,0.0,6061.47998046875,19692.330078125,0.0,0.0,1.0,0.0,15.770000457763672,4.421999931335449,0.0,-0.9510565162951536,0.30901699437494723,-1.0,-1.8369701987210297e-16,0,30.0,4198449.102423053,0.0,0.0,0.0,60.0,60.0,-0.01333588028926957,0.04100313871278896,-0.013667622657616826,0.01944007547790327,0.0029193939358146737,0.026406554685279856
2024-09-09,3833316.9157199464,3855686.923183076,3700353.690500835,3737804.765625,39260500,0.0,15.770000457763672,4.421999931335449,0.0,6061.47998046875,19692.330078125,0.0,0.0,1.0,0.0,15.770000457763672,4.421999931335449,0.0,0.0,1.0,-1.0,-1.8369701987210297e-16,0,30.0,4184110.7508932264,0.0,0.0,0.0,60.0,60.0,-0.0003362262412506873,0.019702830060956,0.016474982621086855,0.02676346910539497,0.04021247269322792,0.014592249000035511
2024-09-10,3781539.2438663994,3802150.011162446,3728504.679064305,3736548.017578125,31118800,0.0,15.770000457763672,4.421999931335449,0.0,6061.47998046875,19692.330078125,0.0,0.0,1.0,0.0,15.770000457763672,4.421999931335449,0.0,0.9510565162951535,0.30901699437494745,-1.0,-1.8369701987210297e-16,0,30.0,4170179.586892538,0.0,0.0,0.0,60.0,60.0,0.016816863133018386,0.026772470712591655,0.04056233705660349,0.014597156947248831,0.059195721615097736,0.02132381782617369
2024-09-11,3768217.6737742242,3807930.7934186533,3707894.1710518505,3799385.0341796875,29607700,0.0,15.770000457763672,4.421999931335449,0.0,6061.47998046875,19692.330078125,0.0,0.0,1.0,0.0,15.770000457763672,4.421999931335449,0.0,0.5877852522924732,-0.8090169943749473,-1.0,-1.8369701987210297e-16,0,30.0,4158637.9652607655,0.0,0.0,0.0,60.0,60.0,0.023352753858173144,0.014355738458420171,0.04167796583497004,0.020971148885622036,0.04564708319013721,0.010915546828987122
2024-09-12,3865741.1300359946,3891378.7918736073,3836835.814020088,3888111.1376953125,29621500,0.0,15.770000457763672,4.421999931335449,0.0,6061.47998046875,19692.330078125,0.0,0.0,1.0,0.0,15.770000457763672,4.421999931335449,0.0,-0.587785252292473,-0.8090169943749475,-1.0,-1.8369701987210297e-16,0,30.0,4150217.3499573306,0.0,0.0,0.0,60.0,60.0,0.01790703343271268,0.020492590464586208,0.021785576134828916,0.010666455714155348,0.02993087296775583,0.01402804422379995
2024-09-13,3906711.549388042,3980859.701630994,3901182.232405408,3957735.673828125,29591200,0.0,15.770000457763672,4.421999931335449,0.0,6061.47998046875,19692.330078125,0.0,0.0,1.0,0.0,15.770000457763672,4.421999931335449,0.0,-0.9510565162951536,0.30901699437494723,-1.0,-1.8369701987210297e-16,0,30.0,4144226.02494816,0.0,0.0,0.0,60.0,60.0,0.003810311329745438,0.010478811290049347,0.011812315997557127,0.013781262692028796,0.014924190457477124,0.012066515216336948
2024-09-16,3953964.734054909,3977591.563632994,3936119.1983710527,3972815.87890625,18379800,0.0,15.770000457763672,4.421999931335449,0.0,6061.47998046875,19692.330078125,0.0,0.0,1.0,0.0,15.770000457763672,4.421999931335449,0.0,0.0,1.0,-1.0,-1.8369701987210297e-16,0,30.0,4138890.5877498835,0.0,0.0,0.0,60.0,60.0,0.007971630274659613,0.013728951114053397,0.011071692532236646,0.012020712559081466,0.025812911903004016,0.01550042255514059
2024-09-17,3996945.1642542095,4035401.465712658,3980858.870726019,4004485.6982421875,20715600,0.0,15.770000457763672,4.421999931335449,0.0,6061.47998046875,19692.330078125,0.0,0.0,1.0,0.0,15.770000457763672,4.421999931335449,0.0,0.9510565162951535,0.30901699437494745,-1.0,-1.8369701987210297e-16,0,30.0,4134707.003150788,0.0,0.0,0.0,60.0,60.0,0.003075545148758112,0.011925645720610186,0.01770018231910245,0.015377836131079322,0.026801399330658573,0.010482037380885503
2024-09-18,4018058.4944349644,4034144.788530997,3986388.7108005104,4016801.6748046875,23677300,0.0,15.770000457763672,4.421999931335449,0.0,6061.47998046875,19692.330078125,0.0,0.0,1.0,0.0,15.770000457763672,4.421999931335449,0.0,0.5877852522924732,-0.8090169943749473,-1.0,-1.8369701987210297e-16,0,30.0,4131036.9959239173,0.0,0.0,0.0,60.0,60.0,0.01457979634841509,0.015330685914388192,0.023653107980398297,0.010449898247026843,0.012765268467058612,0.023903432791866124
2024-09-19,4114827.736003954,4116838.1871222025,4055257.8622653834,4075365.8251953125,26587700,0.0,15.770000457763672,4.421999931335449,0.0,6061.47998046875,19692.330078125,0.0,0.0,1.0,0.0,15.770000457763672,4.421999931335449,0.0,-0.587785252292473,-0.8090169943749475,-1.0,-1.8369701987210297e-16,0,30.0,4129304.1344683045,0.0,0.0,0.0,60.0,60.0,0.008942925598005263,0.010299730277142502,-0.0017884526065738387,0.023559933755725494,0.0009251302342764065,0.015603792361957544
2024-09-20,4109549.473276552,4115330.383496515,4073355.214716319,4111811.5185546875,40896400,0.0,15.770000457763672,4.421999931335449,0.0,6061.47998046875,19692.330078125,0.0,0.0,1.0,0.0,15.770000457763672,4.421999931335449,0.0,-0.9510565162951536,0.30901699437494723,-1.0,-1.8369701987210297e-16,0,30.0,4128759.6465497315,0.0,0.0,0.0,60.0,60.0,-0.010636258932306367,0.02335110654724241,-0.007946728363228942,0.015465485674235837,-0.012837022740600598,0.009230358674280984
2024-09-23,4130914.3762868047,4159568.1012199866,4063552.7523480374,4068077.2265625,24150900,0.0,15.770000457763672,4.421999931335449,0.0,6061.47998046875,19692.330078125,0.0,0.0,1.0,0.0,15.770000457763672,4.421999931335449,0.0,0.0,1.0,-1.0,-1.8369701987210297e-16,0,30.0,4126870.801295483,0.0,0.0,0.0,60.0,60.0,0.002718444650270849,0.01563174900420943,-0.002224423351030864,0.00932959061580308,0.005436889300541698,0.011121425161965882
2024-09-24,4097736.0029335083,4102511.6874739327,4038920.5253385673,4079136.0693359375,23332100,0.0,15.770000457763672,4.421999931335449,0.0,6061.47998046875,19692.330078125,0.0,0.0,1.0,0.0,15.770000457763672,4.421999931335449,0.0,0.9510565162951535,0.30901699437494745,-1.0,-1.8369701987210297e-16,0,30.0,4125384.9752202607,0.0,0.0,0.0,60.0,60.0,-0.0049294675167022494,0.0093042973983161,0.002711074743637523,0.011091274147096021,0.010228588358350577,0.01891670514339474
2024-09-25,4058525.2960699378,4092205.911619924,4054252.4165026243,4059028.1005859375,18869200,0.0,15.770000457763672,4.421999931335449,0.0,6061.47998046875,19692.330078125,0.0,0.0,1.0,0.0,15.770000457763672,4.421999931335449,0.0,0.5877852522924732,-0.8090169943749473,-1.0,-1.8369701987210297e-16,0,30.0,4123319.5027528447,0.0,0.0,0.0,60.0,60.0,0.007678392647475991,0.011146219071945223,0.015233147179250084,0.01901041637338633,0.026998725130421106,0.017895843108646784
2024-09-26,4113067.722571391,4124127.1203124733,4078884.3038841607,4090194.912109375,20319300,0.0,15.770000457763672,4.421999931335449,0.0,6061.47998046875,19692.330078125,0.0,0.0,1.0,0.0,15.770000457763672,4.421999931335449,0.0,-0.587785252292473,-0.8090169943749475,-1.0,-1.8369701987210297e-16,1,30.0,4122288.442589967,0.0,0.0,0.0,60.0,60.0,0.007497188177197555,0.01886555920231674,0.01917311378701369,0.017759478856769956,0.02617848053490555,0.028144794090872664
2024-09-27,4092206.1504025054,4164845.874340359,4087682.060076945,4120859.873046875,21101300,0.0,15.770000457763672,4.421999931335449,0.0,6061.47998046875,19692.330078125,0.0,0.0,1.0,0.0,15.770000457763672,4.421999931335449,0.0,-0.9510565162951536,0.30901699437494723,-1.0,-1.8369701987210297e-16,1,30.0,4122243.975892653,0.0,0.0,0.0,60.0,60.0,0.011589040393195206,0.017627323495464125,0.018542277414696218,0.027935357459203735,0.011649978685638726,0.017017436842013373
2024-09-30,4105025.5194500843,4176156.8357485784,4103517.105686904,4168616.6845703125,20413900,0.0,15.770000457763672,4.421999931335449,0.0,6061.47998046875,19692.330078125,0.0,0.0,1.0,0.0,15.770000457763672,4.421999931335449,0.0,0.0,1.0,-1.0,-1.8369701987210297e-16,1,30.0,4123687.4066380137,0.0,0.0,0.0,60.0,60.0,0.0068735788386935824,0.027615322372754773,6.0240166718131446e-05,0.016822480436718506,6.0240166718131446e-05,0.016400368166044562
2024-10-01,4214864.323578058,4251812.594855726,4136694.9012628724,4197270.0,28338100,0.0,15.770000457763672,4.421999931335449,0.0,6061.47998046875,19692.330078125,0.0,0.0,1.0,0.0,15.770000457763672,4.421999931335449,0.0,0.9510565162951535,0.30901699437494745,-0.8660254037844386,0.5000000000000001,0,30.0,4125977.7920955536,0.0,0.0,0.0,60.0,60.0,-0.006766826357519292,0.0167076391617319,-0.006766826357519292,0.016288408506021573,0.0004191701075192923,0.016468051945414175
2024-10-02,4182943.2626586505,4210591.761458133,4140465.288833771,4168867.802734375,17760200,0.0,15.770000457763672,4.421999931335449,0.0,6061.47998046875,19692.330078125,0.0,0.0,1.0,0.0,15.770000457763672,4.421999931335449,0.0,0.5877852522924732,-0.8090169943749473,-0.8660254037844386,0.5000000000000001,0,30.0,4127312.817842168,0.0,0.0,0.0,60.0,60.0,0.0,0.016399380264643344,0.007234954143431802,0.016580247601900914,-0.017364223049515914,0.0345471772687127
2024-10-03,4132422.3332459787,4188472.9624185474,4120106.114048478,4168867.802734375,15073100,0.0,15.770000457763672,4.421999931335449,0.0,6061.47998046875,19692.330078125,0.0,0.0,1.0,0.0,15.770000457763672,4.421999931335449,0.0,-0.587785252292473,-0.8090169943749475,-0.8660254037844386,0.5000000000000001,0,30.0,4128606.2886038898,0.0,0.0,0.0,60.0,60.0,0.007234954143431802,0.016580247601900914,-0.017364223049515914,0.0345471772687127,-0.008923150206238432,0.011214280878236272
2024-10-04,4224164.228440434,4228437.108332086,4159316.247943158,4199029.3701171875,19047400,0.0,15.770000457763672,4.421999931335449,0.0,6061.47998046875,19692.330078125,0.0,0.0,1.0,0.0,15.770000457763672,4.421999931335449,0.0,-0.9510565162951536,0.30901699437494723,-0.8660254037844386,0.5000000000000001,0,30.0,4130798.328791706,0.0,0.0,0.0,60.0,60.0,-0.024422481658082685,0.03429902539283117,-0.016042040919252386,0.011133728860485258,-0.031126668892852337,0.03052789509275577
2024-10-07,4215618.005784398,4234720.357942738,4090697.7429518444,4096478.65234375,22463100,0.0,15.770000457763672,4.421999931335449,0.0,6061.47998046875,19692.330078125,0.0,0.0,1.0,0.0,15.770000457763672,4.421999931335449,0.0,0.0,1.0,-0.8660254037844386,0.5000000000000001,0,30.0,4129730.069516619,0.0,0.0,0.0,60.0,60.0,0.0085902356104655,0.01141244919153943,-0.006872018992569681,0.0312921264776998,-0.005522079088248178,0.016382461577138338
2024-10-08,4120608.9694843288,4140465.3399381163,4093714.4854540173,4131668.369140625,23072700,0.0,15.770000457763672,4.421999931335449,0.0,6061.47998046875,19692.330078125,0.0,0.0,1.0,0.0,15.770000457763672,4.421999931335449,0.0,0.9510565162951535,0.30901699437494745,-0.8660254037844386,0.5000000000000001,0,30.0,4129790.4024441275,0.0,0.0,0.0,60.0,60.0,-0.01533056146798447,0.031025609184843768,-0.013992119098963883,0.016242930973075095,-0.006935140628877455,0.01618194634147284
2024-10-09,4108291.8999344045,4143229.332421569,4015041.8043192313,4068327.5732421875,31181800,0.0,15.770000457763672,4.421999931335449,0.0,6061.47998046875,19692.330078125,0.0,0.0,1.0,0.0,15.770000457763672,4.421999931335449,0.0,0.5877852522924732,-0.8090169943749473,-0.8660254037844386,0.5000000000000001,0,30.0,4127877.265603586,0.0,0.0,0.0,60.0,60.0,0.0013592809085412353,0.016495821173540946,0.008526131217825998,0.016433887057160555,0.01915252969326199,0.017484259261451
2024-10-10,4043444.228231864,4098741.219159725,4031630.815036136,4073857.5732421875,14144100,0.0,15.770000457763672,4.421999931335449,0.0,6061.47998046875,19692.330078125,0.0,0.0,1.0,0.0,15.770000457763672,4.421999931335449,0.0,-0.587785252292473,-0.8090169943749475,-0.8660254037844386,0.5000000000000001,0,30.0,4126195.8092678916,0.0,0.0,0.0,60.0,60.0,0.007157121770302286,0.01641157911099596,0.017769095592320074,0.01746052550248238,0.02085400473379213,0.01881779358455926
2024-10-11,4075114.958139854,4119603.384021115,4052744.948170921,4103014.66796875,15344300,0.0,15.770000457763672,4.421999931335449,0.0,6061.47998046875,19692.330078125,0.0,0.0,1.0,0.0,15.770000457763672,4.421999931335449,0.0,-0.9510565162951536,0.30901699437494723,-0.8660254037844386,0.5000000000000001,0,30.0,4125474.256160086,0.0,0.0,0.0,60.0,60.0,0.010536562362151483,0.017336446444216797,0.013599549332893096,0.018684069424523168,0.011761757150448129,0.012619439957584442
2024-10-14,4113068.141289772,4178167.3313604663,4107035.63730939,4146246.337890625,19016100,0.0,15.770000457763672,4.421999931335449,0.0,6061.47998046875,19692.330078125,0.0,0.0,1.0,0.0,15.770000457763672,4.421999931335449,0.0,0.0,1.0,-0.8660254037844386,0.5000000000000001,0,30.0,4126120.823123069,0.0,0.0,0.0,60.0,60.0,0.003031050122107222,0.018489256223296606,0.0012124200488428888,0.012487860833146128,-0.012306082102570066,0.02188409627897967
2024-10-15,4167107.984084779,4214612.850876871,4137951.8399707056,4158813.818359375,20247200,0.0,15.770000457763672,4.421999931335449,0.0,6061.47998046875,19692.330078125,0.0,0.0,1.0,0.0,15.770000457763672,4.421999931335449,0.0,0.9510565162951535,0.30901699437494745,-0.8660254037844386,0.5000000000000001,0,30.0,4127138.449132583,0.0,0.0,0.0,60.0,60.0,-0.0018131343721043693,0.012450123883628407,-0.015290785088667169,0.02181796493370324,-0.012329369382070672,0.009851352151242969
2024-10-16,4135438.246463154,4167359.624208689,4115581.8769611693,4151273.330078125,16406000,0.0,15.770000457763672,4.421999931335449,0.0,6061.47998046875,19692.330078125,0.0,0.0,1.0,0.0,15.770000457763672,4.421999931335449,0.0,0.5877852522924732,-0.8090169943749473,-0.8660254037844386,0.5000000000000001,0,30.0,4127889.6890360913,0.0,0.0,0.0,60.0,60.0,-0.013502131896000124,0.0218575956917435,-0.010535336991587452,0.009869246421155935,-0.006599557582563928,0.011382931669176687
2024-10-17,4165599.9701789846,4181686.2641943237,4090949.4101395584,4095222.2900390625,21453400,0.0,15.770000457763672,4.421999931335449,0.0,6061.47998046875,19692.330078125,0.0,0.0,1.0,0.0,15.770000457763672,4.421999931335449,0.0,-0.587785252292473,-0.8090169943749475,-0.8660254037844386,0.5000000000000001,0,30.0,4126872.8597537857,0.0,0.0,0.0,60.0,60.0,0.0030074012325183265,0.010004326152396192,0.0069970493972811125,0.011538729111553092,0.013564200923564555,0.01712397233774565
2024-10-18,4101757.3569050343,4139962.446762376,4098992.5073062624,4107538.2666015625,19757700,0.0,15.770000457763672,4.421999931335449,0.0,6061.47998046875,19692.330078125,0.0,0.0,1.0,0.0,15.770000457763672,4.421999931335449,0.0,-0.9510565162951536,0.30901699437494723,-0.8660254037844386,0.5000000000000001,0,30.0,4126271.0371085107,0.0,0.0,0.0,60.0,60.0,0.003977685667982326,0.011504131572084155,0.010525146352931985,0.017072628094970507,-0.003916268007512488,0.023803786322511334
2024-10-21,4095725.4580248604,4134684.568659991,4087430.908003636,4123876.7626953125,20946500,0.0,15.770000457763672,4.421999931335449,0.0,6061.47998046875,19692.330078125,0.0,0.0,1.0,0.0,15.770000457763672,4.421999931335449,0.0,0.0,1.0,-0.8660254037844386,0.5000000000000001,0,30.0,4126196.5111772167,0.0,0.0,0.0,60.0,60.0,0.0065215201278038355,0.01700498759951171,-0.007862678412262403,0.023709477473768576,-0.008228227761939072,0.014140350038621708
2024-10-22,4096479.3191074245,4166605.7923189728,4096479.3191074245,4150770.7080078125,16568100,0.0,15.770000457763672,4.421999931335449,0.0,6061.47998046875,19692.330078125,0.0,0.0,1.0,0.0,15.770000457763672,4.421999931335449,0.0,0.9510565162951535,0.30901699437494745,-0.8660254037844386,0.5000000000000001,0,30.0,4126961.425547313,0.0,0.0,0.0,60.0,60.0,-0.014290999499185863,0.02355585747511692,-0.014654180357584453,0.014048730956916078,0.0007871396803060533,0.01314035338820519
2024-10-23,4141218.956029046,4167862.2269645603,4070087.263754838,4091452.0458984375,18280500,0.0,15.770000457763672,4.421999931335449,0.0,6061.47998046875,19692.330078125,0.0,0.0,1.0,0.0,15.770000457763672,4.421999931335449,0.0,0.5877852522924732,-0.8090169943749473,-0.8660254037844386,0.5000000000000001,0,30.0,4125856.134702861,0.0,0.0,0.0,60.0,60.0,-0.0003684463246394897,0.014252412172130182,0.015296744953968251,0.013330864769956352,0.024204509960260027,0.029487672369467813
2024-10-24,4092709.4154489,4105276.8458039495,4046963.7848632997,4089944.5654296875,22412500,0.0,15.770000457763672,4.421999931335449,0.0,6061.47998046875,19692.330078125,0.0,0.0,1.0,0.0,15.770000457763672,4.421999931335449,0.0,-0.587785252292473,-0.8090169943749475,-0.8660254037844386,0.5000000000000001,0,30.0,4124738.3250108855,0.0,0.0,0.0,60.0,60.0,0.015670965188134864,0.01333577828845294,0.024582013437402767,0.029498540998480934,0.04277278637807981,0.020218832659612197
2024-10-25,4113822.0195259172,4162080.899181452,4107538.305244819,4154037.9443359375,19828900,0.0,15.770000457763672,4.421999931335449,0.0,6061.47998046875,19692.330078125,0.0,0.0,1.0,0.0,15.770000457763672,4.421999931335449,0.0,-0.9510565162951536,0.30901699437494723,-0.8660254037844386,0.5000000000000001,0,30.0,4125650.3263273304,0.0,0.0,0.0,60.0,60.0,0.008773558125310093,0.029043402843574304,0.026683662444682392,0.019906872749746292,0.055605983462267305,0.04816365007562585
2024-10-28,4241507.369742459,4241507.369742459,4120859.972297617,4190483.6376953125,32138600,0.0,15.770000457763672,4.421999931335449,0.0,6061.47998046875,19692.330078125,0.0,0.0,1.0,0.0,15.770000457763672,4.421999931335449,0.0,0.0,1.0,-0.8660254037844386,0.5000000000000001,0,30.0,4127668.3752535335,0.0,0.0,0.0,60.0,60.0,0.017754335623800622,0.019733737655397047,0.0464251119190613,0.04774475866034045,0.026331644210747046,0.03490887537301937
2024-10-29,4215869.9899866795,4282477.5995704485,4199783.694814935,4264882.890625,42169000,0.0,15.770000457763672,4.421999931335449,0.0,6061.47998046875,19692.330078125,0.0,0.0,1.0,0.0,15.770000457763672,4.421999931335449,0.0,0.9510565162951535,0.30901699437494745,-0.8660254037844386,0.5000000000000001,0,30.0,4131939.414316049,0.0,0.0,0.0,60.0,60.0,0.02817062555443483,0.046911869583023486,0.008427680715002047,0.034299903376607155,0.009488433024272849,0.02027347078223067
2024-10-30,4541365.766858525,4575046.766631834,4374973.136679966,4385027.3095703125,68890800,0.0,15.770000457763672,4.421999931335449,0.0,6061.47998046875,19692.330078125,0.0,0.0,1.0,0.0,15.770000457763672,4.421999931335449,0.0,0.5877852522924732,-0.8090169943749473,-0.8660254037844386,0.5000000000000001,0,30.0,4139817.212695866,0.0,0.0,0.0,60.0,60.0,-0.0192020121453932,0.03336012771042855,-0.018170323160212554,0.019718002322132402,-0.029920739930718143,0.01559097545452278
2024-10-31,4351598.487115326,4444346.183000532,4298061.111939549,4300825.9619140625,44769000,0.0,15.770000457763672,4.421999931335449,0.0,6061.47998046875,19692.330078125,0.0,0.0,1.0,0.0,15.770000457763672,4.421999931335449,0.0,-0.587785252292473,-0.8090169943749475,-0.8660254037844386,0.5000000000000001,0,30.0,4144828.888431891,0.0,0.0,0.0,60.0,60.0,0.0010518873386326523,0.020104040349087048,-0.010928578482069528,0.01589621476347684,-0.008006738967179017,0.009876699533107592
2024-11-01,4274685.770321549,4331239.204607513,4244775.225934791,4305349.9462890625,31796500,0.0,15.770000457763672,4.421999931335449,0.0,6061.47998046875,19692.330078125,0.0,0.0,1.0,0.0,15.770000457763672,4.421999931335449,0.0,-0.9510565162951536,0.30901699437494723,-0.5000000000000004,0.8660254037844384,0,30.0,4149825.383930987,0.0,0.0,0.0,60.0,60.0,-0.011967876962455059,0.015879511306589766,-0.009049107664033948,0.009866321274679873,0.030474470915387228,0.020082912050730692
2024-11-04,4271166.779917622,4291274.745584519,4222907.892433596,4253824.0478515625,21492700,0.0,15.770000457763672,4.421999931335449,0.0,6061.47998046875,19692.330078125,0.0,0.0,1.0,0.0,15.770000457763672,4.421999931335449,0.0,0.0,1.0,-0.5000000000000004,0.8660254037844384,0,30.0,4153062.522180185,0.0,0.0,0.0,60.0,60.0,0.0029541238896644657,0.009985830465053571,0.04295644533029974,0.020326173190593263,0.06800977725505061,0.022985103079727388
2024-11-05,4258598.243980552,4286246.7375372015,4243768.771767188,4266390.37109375,18242100,0.0,15.770000457763672,4.421999931335449,0.0,6061.47998046875,19692.330078125,0.0,0.0,1.0,0.0,15.770000457763672,4.421999931335449,0.0,0.9510565162951535,0.30901699437494745,-0.5000000000000004,0.8660254037844384,0,30.0,4156590.047444333,0.0,0.0,0.0,60.0,60.0,0.03988449769317261,0.020266304017739257,0.06486403696421009,0.022917402234297998,0.050724705819382127,0.016613598160696595
2024-11-06,4368437.964350972,4447361.39531141,4360897.430992468,4436553.2080078125,33695500,0.0,15.770000457763672,4.421999931335449,0.0,6061.47998046875,19692.330078125,0.0,0.0,1.0,0.0,15.770000457763672,4.421999931335449,0.0,0.5877852522924732,-0.8090169943749473,-0.5000000000000004,0.8660254037844384,0,30.0,4165304.3849296547,0.0,0.0,0.0,60.0,60.0,0.024021455581317765,0.022038411270806333,0.010424434781225114,0.015976387952269088,0.021755372394336905,0.011784047538375766
2024-11-07,4459175.338485592,4551420.22315634,4453645.638933449,4543125.673828125,25352900,0.0,15.770000457763672,4.421999931335449,0.0,6061.47998046875,19692.330078125,0.0,0.0,1.0,0.0,15.770000457763672,4.421999931335449,0.0,-0.587785252292473,-0.8090169943749475,-0.5000000000000004,0.8660254037844384,0,30.0,4177064.7258758484,0.0,0.0,0.0,60.0,60.0,-0.013278062413617961,0.01560161446343875,-0.0022129254954862706,0.011507617808345806,0.004813195736796648,0.017150793543779165
2024-11-08,4540611.630156679,4546895.344221954,4476015.248999937,4482801.767578125,22006200,0.0,15.770000457763672,4.421999931335449,0.0,6061.47998046875,19692.330078125,0.0,0.0,1.0,0.0,15.770000457763672,4.421999931335449,0.0,-0.9510565162951536,0.30901699437494723,-0.5000000000000004,0.8660254037844384,0,30.0,4186581.3199798553,0.0,0.0,0.0,60.0,60.0,0.011214037609418205,0.01166247285075526,0.01833470754148589,0.017381587345399126,0.002971714373287941,0.013568900660592227
2024-11-11,4488583.26638505,4538098.970401961,4485818.416492264,4533072.0751953125,17450400,0.0,15.770000457763672,4.421999931335449,0.0,6061.47998046875,19692.330078125,0.0,0.0,1.0,0.0,15.770000457763672,4.421999931335449,0.0,0.0,1.0,-0.5000000000000004,0.8660254037844384,0,30.0,4197366.443888352,0.0,0.0,0.0,60.0,60.0,0.007041703998593073,0.017188831146460776,-0.008150918529192594,0.01341842592758114,-0.02644857588682489,0.02495148287288851
2024-11-12,4519750.190963596,4586860.213444045,4508942.002968776,4564992.626953126,25134900,0.0,15.770000457763672,4.421999931335449,0.0,6061.47998046875,19692.330078125,0.0,0.0,1.0,0.0,15.770000457763672,4.421999931335449,0.0,0.9510565162951535,0.30901699437494745,-0.5000000000000004,0.8660254037844384,0,30.0,4208809.444536078,0.0,0.0,0.0,60.0,60.0,-0.01508638864454306,0.013324598052197337,-0.03325610027116092,0.024777010498984627,-0.05026968196709418,0.016077515805736457
2024-11-13,4535836.49438174,4548403.922968767,4487577.231103372,4496123.3740234375,23184000,0.0,15.770000457763672,4.421999931335449,0.0,6061.47998046875,19692.330078125,0.0,0.0,1.0,0.0,15.770000457763672,4.421999931335449,0.0,0.5877852522924732,-0.8090169943749473,-0.5000000000000004,0.8660254037844384,0,30.0,4217752.587415118,0.0,0.0,0.0,60.0,60.0,-0.01844802571223719,0.025156531713361165,-0.03572221250362374,0.016323782736244526,-0.020013344460294482,0.014199511897585849
2024-11-14,4481042.819856041,4494615.859060952,4381508.988815147,4413178.7744140625,31007500,0.0,15.770000457763672,4.421999931335449,0.0,6061.47998046875,19692.330078125,0.0,0.0,1.0,0.0,15.770000457763672,4.421999931335449,0.0,-0.587785252292473,-0.8090169943749475,-0.5000000000000004,0.8660254037844384,0,30.0,4223835.565416762,0.0,0.0,0.0,60.0,60.0,-0.017598850844267423,0.016630584180821854,-0.0015947385253777572,0.014466388199045038,0.014466275672383979,0.030242609447366973
2024-11-15,4366678.878630741,4376984.262706741,4303590.5215938315,4335511.8994140625,32504600,0.0,15.770000457763672,4.421999931335449,0.0,6061.47998046875,19692.330078125,0.0,0.0,1.0,0.0,15.770000457763672,4.421999931335449,0.0,-0.9510565162951536,0.30901699437494723,-0.5000000000000004,0.8660254037844384,0,30.0,4227311.684423339,0.0,0.0,0.0,60.0,60.0,0.01629081188742854,0.014725540795099162,0.03263954500074426,0.030784379144260188,0.020232925182947885,0.022609968620332467
2024-11-18,4358887.250030991,4409659.773160996,4345817.015818536,4406140.908203125,20135300,0.0,15.770000457763672,4.421999931335449,0.0,6061.47998046875,19692.330078125,0.0,0.0,1.0,0.0,15.770000457763672,4.421999931335449,0.0,0.0,1.0,-0.5000000000000004,0.8660254037844384,0,30.0,4232878.053245289,0.0,0.0,0.0,60.0,60.0,0.016086668227328828,0.03029091553734334,0.0038789224987660323,0.02224753816119013,-0.04375363646248431,0.05949804252569643
2024-11-19,4366427.807168794,4495872.179712806,4362406.137616792,4477021.03515625,23434900,0.0,15.770000457763672,4.421999931335449,0.0,6061.47998046875,19692.330078125,0.0,0.0,1.0,0.0,15.770000457763672,4.421999931335449,0.0,0.9510565162951535,0.30901699437494745,-0.5000000000000004,0.8660254037844384,0,30.0,4240477.425729737,0.0,0.0,0.0,60.0,60.0,-0.012014472889266922,0.02189531548524628,-0.05889291392259965,0.05855607044770806,-0.07500569520634223,0.014372404438139249
2024-11-20,4457415.407855365,4465961.167111166,4367935.379112336,4423231.9873046875,18997100,0.0,15.770000457763672,4.421999931335449,0.0,6061.47998046875,19692.330078125,0.0,0.0,1.0,0.0,15.770000457763672,4.421999931335449,0.0,0.5877852522924732,-0.8090169943749473,-0.5000000000000004,0.8660254037844384,0,30.0,4246165.977478262,0.0,0.0,0.0,60.0,60.0,-0.04744850986878738,0.059268145980791394,-0.06375723185063953,0.014547181151701623,-0.04733487755835124,0.01716106677447741
2024-11-21,4370951.498666416,4376732.791942361,4114576.0328118806,4213356.220703125,59734400,0.0,15.770000457763672,4.421999931335449,0.0,6061.47998046875,19692.330078125,0.0,0.0,1.0,0.0,15.770000457763672,4.421999931335449,0.0,-0.587785252292473,-0.8090169943749475,-0.5000000000000004,0.8660254037844384,0,30.0,4245144.717063948,0.0,0.0,0.0,60.0,60.0,-0.01712109229875399,0.015271805568954355,0.00011929256487803502,0.018015894103649448,0.008888806695324958,0.013362798806985045
2024-11-22,4168616.2459602393,4183948.524288707,4119602.9672933845,4141218.9599609375,38604600,0.0,15.770000457763672,4.421999931335449,0.0,6061.47998046875,19692.330078125,0.0,0.0,1.0,0.0,15.770000457763672,4.421999931335449,0.0,-0.9510565162951536,0.30901699437494723,-0.5000000000000004,0.8660254037844384,0,30.0,4241909.848165517,0.0,0.0,0.0,60.0,60.0,0.0175407008213797,0.0183297189129686,0.026462974014683883,0.013595569812600737,0.027130372382207914,0.00886132248885489
2024-11-25,4174648.5251694643,4238491.280060037,4162583.900566897,4213858.8427734375,33135300,0.0,15.770000457763672,4.421999931335449,0.0,6061.47998046875,19692.330078125,0.0,0.0,1.0,0.0,15.770000457763672,4.421999931335449,0.0,0.0,1.0,-0.5000000000000004,0.8660254037844384,0,30.0,4241036.712116841,0.0,0.0,0.0,60.0,60.0,0.008768468117395147,0.013361204914580925,0.009424361652646656,0.008708568101208973,0.007754281867981127,0.013540048473761621
2024-11-26,4213357.229082586,4268402.640700025,4212100.40922061,4250807.9296875,20486700,0.0,15.770000457763672,4.421999931335449,0.0,6061.47998046875,19692.330078125,0.0,0.0,1.0,0.0,15.770000457763672,4.421999931335449,0.0,0.9510565162951535,0.30901699437494745,-0.5000000000000004,0.8660254037844384,0,30.0,4241340.858160134,0.0,0.0,0.0,60.0,60.0,0.0006501923444093803,0.008632871046674623,-0.001005370688585,0.013422354982041232,0.014013573366379256,0.020754457743106962
2024-11-27,4247790.862698215,4259855.48675487,4223158.810053696,4253571.7724609375,19266500,0.0,15.770000457763672,4.421999931335449,0.0,6061.47998046875,19692.330078125,0.0,0.0,1.0,0.0,15.770000457763672,4.421999931335449,0.0,0.5877852522924732,-0.8090169943749473,-0.5000000000000004,0.8660254037844384,0,30.0,4241721.566517465,0.0,0.0,0.0,60.0,60.0,-0.0016544872980192855,0.013413633540202679,0.013354697899633635,0.020740972121817747,0.01246832655284343,0.010813607342340261
2024-11-29,4235223.682305774,4258598.916755861,4201543.063763119,4246534.2919921875,14257200,0.0,15.770000457763672,4.421999931335449,0.0,6061.47998046875,19692.330078125,0.0,0.0,1.0,0.0,15.770000457763672,4.421999931335449,0.0,-0.9510565162951536,0.30901699437494723,-0.5000000000000004,0.8660254037844384,0,30.0,4241871.370920039,0.0,0.0,0.0,60.0,60.0,0.015034058857069616,0.020775344665679086,0.014146218589834602,0.010831527967781095,0.032080519318428626,0.022787844296405922
2024-12-02,4242010.094002852,4325206.412656798,4236983.199106035,4310376.9384765625,23789100,0.0,15.770000457763672,4.421999931335449,0.0,6061.47998046875,19692.330078125,0.0,0.0,1.0,0.0,15.770000457763672,4.421999931335449,0.0,0.0,1.0,-2.4492935982947064e-16,1.0,0,30.0,4244003.725170182,0.0,0.0,0.0,60.0,60.0,-0.0008746901244227461,0.010671098051603725,0.016793978795700076,0.022450324792120845,0.0067058681290535745,0.021750513208325543
2024-12-03,4310377.153342124,4340287.313703788,4294290.858753934,4306606.6943359375,22248700,0.0,15.770000457763672,4.421999931335449,0.0,6061.47998046875,19692.330078125,0.0,0.0,1.0,0.0,15.770000457763672,4.421999931335449,0.0,0.9510565162951535,0.30901699437494745,-2.4492935982947064e-16,1.0,0,30.0,4245952.3508386295,0.0,0.0,0.0,60.0,60.0,0.01768413706016829,0.022469979060901403,0.007587194697750516,0.021769554822942253,0.019668557456695882,0.018793050618447937
2024-12-04,4301831.039311957,4396338.356254457,4299568.99400919,4382765.3173828125,31615100,0.0,15.770000457763672,4.421999931335449,0.0,6061.47998046875,19692.330078125,0.0,0.0,1.0,0.0,15.770000457763672,4.421999931335449,0.0,0.5877852522924732,-0.8090169943749473,-2.4492935982947064e-16,1.0,0,30.0,4250210.890999537,0.0,0.0,0.0,60.0,60.0,-0.009921489384304724,0.021391268695441182,0.0019499374356566853,0.018466486735988927,0.006887402576839461,0.014985327071057796
2024-12-05,4407648.600490632,4425242.923931146,4331490.01339795,4339281.7578125,21356200,0.0,15.770000457763672,4.421999931335449,0.0,6061.47998046875,19692.330078125,0.0,0.0,1.0,0.0,15.770000457763672,4.421999931335449,0.0,-0.587785252292473,-0.8090169943749475,-2.4492935982947064e-16,1.0,0,30.0,4252983.375750588,0.0,0.0,0.0,60.0,60.0,0.01199038934051703,0.01865153776997469,0.016977332384167515,0.015135493711240077,0.07380807269794694,0.030792883840836997
2024-12-06,4323949.813211703,4400611.210755875,4319676.933155473,4391311.435546875,21462400,0.0,15.770000457763672,4.421999931335449,0.0,6061.47998046875,19692.330078125,0.0,0.0,1.0,0.0,15.770000457763672,4.421999931335449,0.0,-0.9510565162951536,0.30901699437494723,-2.4492935982947064e-16,1.0,0,30.0,4257289.075808869,0.0,0.0,0.0,60.0,60.0,0.004927856130037285,0.014956163487978786,0.06108524745745322,0.030428039796804564,0.11970652292881853,0.06165832350212369
2024-12-09,4377470.715686572,4435346.829859857,4369669.658103188,4412951.1865234375,25389600,0.0,15.770000457763672,4.421999931335449,0.0,6061.47998046875,19692.330078125,0.0,0.0,1.0,0.0,15.770000457763672,4.421999931335449,0.0,0.0,1.0,-2.4492935982947064e-16,1.0,0,30.0,4262134.328176052,0.0,1.0,0.0,60.0,60.0,0.05588201280804101,0.0302788300783924,0.11421582763243546,0.0613559701087091,0.09460018774217871,0.01978665947347816
2024-12-10,4601176.27837252,4689500.6039015455,4555881.604780562,4659555.78125,54813000,0.0,15.770000457763672,4.421999931335449,0.0,6061.47998046875,19692.330078125,0.0,0.0,1.0,0.0,15.770000457763672,4.421999931335449,0.0,0.9510565162951535,0.30901699437494745,-2.4492935982947064e-16,1.0,0,30.0,4274504.758124846,0.0,0.0,0.0,59.0,60.0,0.05524652765819918,0.058108736927469186,0.03666903542676094,0.01873946069112115,0.025112058026454172,0.016687347924388574
2024-12-11,4663078.767220247,4922264.597265756,4651503.696174231,4916980.05859375,67894100,0.0,15.770000457763672,4.421999931335449,0.0,6061.47998046875,19692.330078125,0.0,0.0,1.0,0.0,15.770000457763672,4.421999931335449,0.0,0.5877852522924732,-0.8090169943749473,-2.4492935982947064e-16,1.0,0,30.0,4294502.912821346,0.0,0.0,0.0,58.0,60.0,-0.017604883545710753,0.017758372285486424,-0.028556805298018233,0.015813696124090643,0.006448361487318703,0.032650998377993505
2024-12-12,4906914.568256013,4911443.843553297,4824126.281152477,4830417.197265625,34817500,0.0,15.770000457763672,4.421999931335449,0.0,6061.47998046875,19692.330078125,0.0,0.0,1.0,0.0,15.770000457763672,4.421999931335449,0.0,-0.587785252292473,-0.8090169943749475,-2.4492935982947064e-16,1.0,0,30.0,4311184.171628586,0.0,0.0,0.0,57.0,60.0,-0.011148184237555777,0.016097083402822936,0.024484288073258812,0.03323611633559332,0.01802450297459001,0.03354866618563703
2024-12-13,4806511.253605274,4849792.785783048,4772037.157288233,4776566.81640625,25143500,0.0,15.770000457763672,4.421999931335449,0.0,6061.47998046875,19692.330078125,0.0,0.0,1.0,0.0,15.770000457763672,4.421999931335449,0.0,-0.9510565162951536,0.30901699437494723,-2.4492935982947064e-16,1.0,0,30.0,4325670.011187769,0.0,0.0,0.0,56.0,60.0,0.036034188078362915,0.03361081590366191,0.029501576219135,0.033926889399267246,-0.00748078220783093,0.04878302973690325
2024-12-16,4853316.016670947,5007569.408246698,4847025.100328927,4948686.5234375,44934900,0.0,15.770000457763672,4.421999931335449,0.0,6061.47998046875,19692.330078125,0.0,0.0,1.0,0.0,15.770000457763672,4.421999931335449,0.0,0.0,1.0,-2.4492935982947064e-16,1.0,0,30.0,4345062.477452776,0.0,0.0,0.0,55.0,60.0,-0.006305401823992517,0.032746882091019475,-0.04200148101956505,0.04708631268953205,-0.04144212331436589,0.02364483797093085
2024-12-17,4963532.616605938,5068465.0471395105,4906410.993051086,4917483.06640625,43504000,0.0,15.770000457763672,4.421999931335449,0.0,6061.47998046875,19692.330078125,0.0,0.0,1.0,0.0,15.770000457763672,4.421999931335449,0.0,0.9510565162951535,0.30901699437494745,-2.4492935982947064e-16,1.0,0,30.0,4362880.05811463,0.0,0.0,0.0,54.0,60.0,-0.03592258553190795,0.04738509475241398,-0.03535967847150338,0.02379487421420276,-0.020519907738466164,0.03924878726519508
2024-12-18,4912450.740967109,4957242.034213705,4724226.633168654,4740834.3603515625,34166100,0.0,15.770000457763672,4.421999931335449,0.0,6061.47998046875,19692.330078125,0.0,0.0,1.0,0.0,15.770000457763672,4.421999931335449,0.0,0.5877852522924732,-0.8090169943749473,-2.4492935982947064e-16,1.0,0,30.0,4374644.539330991,0.0,0.0,0.0,53.0,60.0,0.0005838815970138068,0.024681497416191463,0.015976598520296075,0.04071124027612421,0.03306790967703195,0.026273948699084254
2024-12-19,4822113.343765074,4857342.321886508,4740331.430870899,4743602.4462890625,32265200,0.0,15.770000457763672,4.421999931335449,0.0,6061.47998046875,19692.330078125,0.0,0.0,1.0,0.0,15.770000457763672,4.421999931335449,0.0,-0.587785252292473,-0.8090169943749475,-2.4492935982947064e-16,1.0,0,30.0,4386128.992187714,0.0,0.0,0.0,52.0,60.0,0.015383734643730452,0.040687483603219485,0.032465072321743754,0.02625861677598572,0.04031620174088049,0.012360097126041834
2024-12-20,4674905.223765945,4853818.880848042,4660813.634094464,4816576.767578124,63462900,0.0,15.770000457763672,4.421999931335449,0.0,6061.47998046875,19692.330078125,0.0,0.0,1.0,0.0,15.770000457763672,4.421999931335449,0.0,-0.9510565162951536,0.30901699437494723,-2.4492935982947064e-16,1.0,0,30.0,4399527.423527782,0.0,0.0,0.0,51.0,60.0,0.016822544123189703,0.025860781377593296,0.02455472374284008,0.012172833485833456,0.021890330034362058,0.012381774115082823
2024-12-23,4847024.634505605,4909430.795077168,4784870.3563024355,4897603.8427734375,25675000,0.0,15.770000457763672,4.421999931335449,0.0,6061.47998046875,19692.330078125,0.0,0.0,1.0,0.0,15.770000457763672,4.421999931335449,0.0,0.0,1.0,-2.4492935982947064e-16,1.0,0,30.0,4415030.913351412,0.0,0.0,0.0,50.0,60.0,0.007604256676191094,0.011971443351829047,0.004983943305016243,0.012176927219645469,-0.009608025724736903,0.02399431391570126
2024-12-24,4902888.516647925,4934846.479492187,4876215.092528724,4934846.479492187,10403300,0.0,15.770000457763672,4.421999931335449,0.0,6061.47998046875,19692.330078125,0.0,0.0,1.0,0.0,15.770000457763672,4.421999931335449,0.0,0.9510565162951535,0.30901699437494745,-2.4492935982947064e-16,1.0,0,30.0,4431211.071713523,0.0,0.0,0.0,49.0,60.0,-0.002600538211121242,0.012085029552985214,-0.017082383571608337,0.023813231987379543,-0.024833033315326075,0.017490223474077665
2024-12-26,4910689.265783814,4950951.284966302,4891313.519422194,4922013.22265625,12046600,0.0,15.770000457763672,4.421999931335449,0.0,6061.47998046875,19692.330078125,0.0,0.0,1.0,0.0,15.770000457763672,4.421999931335449,0.0,-0.587785252292473,-0.8090169943749475,-2.4492935982947064e-16,1.0,0,30.0,4446488.137357547,0.0,0.0,0.0,48.0,60.0,-0.014519604145878807,0.02387532067108748,-0.02229046230316778,0.017535826059809776,-0.03220868079034127,0.017638097259931002
2024-12-27,4905656.022437805,4914966.838840413,4797452.194802162,4850547.5390625,18891400,0.0,15.770000457763672,4.421999931335449,0.0,6061.47998046875,19692.330078125,0.0,0.0,1.0,0.0,15.770000457763672,4.421999931335449,0.0,-0.9510565162951536,0.30901699437494723,-2.4492935982947064e-16,1.0,1,30.0,4459065.184935833,0.0,0.0,0.0,47.0,60.0,-0.007885350322523592,0.017794190664352467,-0.01794969917096244,0.01789796868018259,-0.017275322984839706,0.02334509432271976
2024-12-30,4776063.5346337445,4845263.61107769,4758952.043341106,4812299.2724609375,14264700,0.0,15.770000457763672,4.421999931335449,0.0,6061.47998046875,19692.330078125,0.0,0.0,1.0,0.0,15.770000457763672,4.421999931335449,0.0,0.0,1.0,-2.4492935982947064e-16,1.0,1,30.0,4470060.20672305,0.0,0.0,0.0,46.0,60.0,-0.010144340527287484,0.018040222151745253,-0.009464604383544453,0.023530641675646002,0.002875973243084466,0.01688983015222799
2024-12-31,4808272.961105033,4830417.108284855,4743602.160348978,4763481.669921876,17466900,0.0,15.770000457763672,4.421999931335449,0.0,6061.47998046875,19692.330078125,0.0,0.0,1.0,0.0,15.770000457763672,4.421999931335449,0.0,0.9510565162951535,0.30901699437494745,-2.4492935982947064e-16,1.0,1,30.0,4479193.457150018,0.0,0.0,0.0,45.0,60.0,0.0006867022855687084,0.02377179081663338,0.01315374988845117,0.017062922245880834,0.03998939498451437,0.023085024080504734
2025-01-02,4797452.464961644,4831423.565493339,4718187.075677088,4766752.763671876,20370800,0.0,15.770000457763672,4.421999931335449,0.0,6061.47998046875,19692.330078125,0.0,0.0,1.0,0.0,15.770000457763672,4.421999931335449,0.0,-0.587785252292473,-0.8090169943749475,0.49999999999999994,0.8660254037844387,0,30.0,4488144.237813563,0.0,0.0,0.0,44.0,60.0,0.012458492327726271,0.01705121313884667,0.03927572197090088,0.023069182420210575,0.03199074818120429,0.03378553534195383
2025-01-03,4815570.622799063,4861872.059892974,4780593.142539418,4826139.31640625,18596200,0.0,15.770000457763672,4.421999931335449,0.0,6061.47998046875,19692.330078125,0.0,0.0,1.0,0.0,15.770000457763672,4.421999931335449,0.0,-0.9510565162951536,0.30901699437494723,0.49999999999999994,0.8660254037844387,0,30.0,4498664.919096437,0.0,0.0,0.0,43.0,60.0,0.02648723858448712,0.02278531178811351,0.019291907768556254,0.03336979796996722,0.011262291680454001,0.02038682080640025
2025-01-06,4881247.446157444,4987941.519984886,4877976.430927697,4953970.419921876,29563600,0.0,15.770000457763672,4.421999931335449,0.0,6061.47998046875,19692.330078125,0.0,0.0,1.0,0.0,15.770000457763672,4.421999931335449,0.0,0.0,1.0,0.49999999999999994,0.8660254037844387,0,30.0,4512837.090124692,0.0,0.0,0.0,42.0,60.0,-0.00700966416869745,0.032508731444127595,-0.014832085905936961,0.01986076401155597,-0.024534019253587117,0.03154369142555928
2025-01-07,4960009.763268257,5057896.399623685,4896849.105660292,4919244.7509765625,26487200,0.0,15.770000457763672,4.421999931335449,0.0,6061.47998046875,19692.330078125,0.0,0.0,1.0,0.0,15.770000457763672,4.421999931335449,0.0,0.9510565162951535,0.30901699437494745,0.49999999999999994,0.8660254037844387,0,30.0,4525487.23132954,0.0,0.0,0.0,41.0,60.0,-0.007877641357597713,0.020000964052614992,-0.017648062073251487,0.03176636296178232,-0.02291676060120701,0.019540601691573338
2025-01-08,4845767.108795042,4939375.588484574,4840985.951054277,4880492.705078124,24864800,0.0,15.770000457763672,4.421999931335449,0.0,6061.47998046875,19692.330078125,0.0,0.0,1.0,0.0,15.770000457763672,4.421999931335449,0.0,0.5877852522924732,-0.8090169943749473,0.49999999999999994,0.8660254037844387,0,30.0,4536537.390576046,0.0,0.0,0.0,40.0,60.0,-0.009847999725581627,0.03201859396178783,-0.015158532727947474,0.01969575780784968,-0.02211897459211468,0.018922395356941037
2025-01-10,4889299.737678644,4945163.0995702995,4788896.5853129355,4832429.614257812,26665200,0.0,15.770000457763672,4.421999931335449,0.0,6061.47998046875,19692.330078125,0.0,0.0,1.0,0.0,15.770000457763672,4.421999931335449,0.0,-0.9510565162951536,0.30901699437494723,0.49999999999999994,0.8660254037844387,0,30.0,4545747.547695488,0.0,0.0,0.0,39.0,60.0,-0.005363351284342246,0.019891650779265253,-0.012393021337261532,0.0191105965060887,0.018277541255857756,0.0234326201183363
2025-01-13,4782858.073702292,4810789.373727739,4714664.371425543,4806511.596679688,21823700,0.0,15.770000457763672,4.421999931335449,0.0,6061.47998046875,19692.330078125,0.0,0.0,1.0,0.0,15.770000457763672,4.421999931335449,0.0,0.0,1.0,0.49999999999999994,0.8660254037844387,0,30.0,4553864.279633768,0.0,0.0,0.0,38.0,60.0,-0.007067575945443466,0.019213646039250208,0.023768370661514156,0.023558975178115636,0.009947172748922895,0.013978316576543488
2025-01-14,4812299.851169836,4830920.719149664,4738570.106647509,4772541.2109375,17174900,0.0,15.770000457763672,4.421999931335449,0.0,6061.47998046875,19692.330078125,0.0,0.0,1.0,0.0,15.770000457763672,4.421999931335449,0.0,0.9510565162951535,0.30901699437494745,0.49999999999999994,0.8660254037844387,0,30.0,4560670.977257126,0.0,0.0,0.0,37.0,60.0,0.03105543323989926,0.023726665186251578,0.01713585766983825,0.014077812586141764,0.033428141437850174,0.018348599576134474
2025-01-15,4858851.763841213,4941137.052195622,4827900.56479612,4920754.5458984375,21776000,0.0,15.770000457763672,4.421999931335449,0.0,6061.47998046875,19692.330078125,0.0,0.0,1.0,0.0,15.770000457763672,4.421999931335449,0.0,0.5877852522924732,-0.8090169943749473,0.49999999999999994,0.8660254037844387,0,30.0,4571879.200988219,0.0,0.0,0.0,36.0,60.0,-0.013500317365402303,0.013653788275868802,0.0023012421267158485,0.017795938981163623,0.01278445201926628,0.022602905097111055
2025-01-16,4885273.99886813,4918993.218445014,4851806.277717798,4854322.7978515625,17815400,0.0,15.770000457763672,4.421999931335449,0.0,6061.47998046875,19692.330078125,0.0,0.0,1.0,0.0,15.770000457763672,4.421999931335449,0.0,-0.587785252292473,-0.8090169943749475,0.49999999999999994,0.8660254037844387,0,30.0,4580670.746342549,0.0,0.0,0.0,35.0,60.0,0.01601780494233681,0.0180394776546069,0.02664447829772342,0.02291222743908701,0.02830328190419707,0.01529208861296168
2025-01-17,4945415.105432139,4963029.594329993,4875460.146689901,4932078.3935546875,27735100,0.0,15.770000457763672,4.421999931335449,0.0,6061.47998046875,19692.330078125,0.0,0.0,1.0,0.0,15.770000457763672,4.421999931335449,0.0,-0.9510565162951536,0.30901699437494723,0.49999999999999994,0.8660254037844387,0,30.0,4591608.917016741,0.0,0.0,0.0,34.0,60.0,0.010459140876955125,0.02255100976344344,0.012091792980495569,0.015051004557769114,0.010102108213354775,0.026020441601340715
2025-01-21,5009330.740895948,5090357.385145773,4979134.037138653,4983663.6962890625,29971300,0.0,15.770000457763672,4.421999931335449,0.0,6061.47998046875,19692.330078125,0.0,0.0,1.0,0.0,15.770000457763672,4.421999931335449,0.0,0.9510565162951535,0.30901699437494745,0.49999999999999994,0.8660254037844387,0,30.0,4603812.299963397,0.0,0.0,0.0,33.0,60.0,0.0016157527182380682,0.014895213422194072,-0.0003533370614971031,0.02575110714398422,0.010906311497773744,0.014642735302690706
2025-01-22,5009079.054603146,5044811.412549876,4970578.6781692095,4991716.064453126,26200600,0.0,15.770000457763672,4.421999931335449,0.0,6061.47998046875,19692.330078125,0.0,0.0,1.0,0.0,15.770000457763672,4.421999931335449,0.0,0.5877852522924732,-0.8090169943749473,0.49999999999999994,0.8660254037844387,0,30.0,4615886.475397003,0.0,0.0,0.0,32.0,60.0,-0.001965913349896256,0.025709566841475382,0.009275571749268583,0.014619114428814117,-0.03306945995340247,0.03100272013706417
2025-01-23,4985929.062154471,5040282.676096361,4911947.818283637,4981902.783203126,26951400,0.0,15.770000457763672,4.421999931335449,0.0,6061.47998046875,19692.330078125,0.0,0.0,1.0,0.0,15.770000457763672,4.421999931335449,0.0,-0.587785252292473,-0.8090169943749475,0.49999999999999994,0.8660254037844387,0,30.0,4627279.365893504,0.0,0.0,0.0,31.0,60.0,0.011263628416637377,0.014647910952503736,-0.031164813927252833,0.031063788854271142,-0.013536857216082741,0.024244884904351637
2025-01-24,4984921.741233082,5055379.689715241,4982405.221372851,5038017.0849609375,23877500,0.0,15.770000457763672,4.421999931335449,0.0,6061.47998046875,19692.330078125,0.0,0.0,1.0,0.0,15.770000457763672,4.421999931335449,0.0,-0.9510565162951536,0.30901699437494723,0.49999999999999994,0.8660254037844387,0,30.0,4640064.287647855,0.0,0.0,0.0,30.0,60.0,-0.04195586704756856,0.03071779502532742,-0.024524253553498118,0.023974841201707713,-0.023974737417883814,0.01678238276718492
2025-01-27,4841741.063135052,4954222.6807777025,4799465.904627775,4826642.7099609375,41728900,0.0,15.770000457763672,4.421999931335449,0.0,6061.47998046875,19692.330078125,0.0,0.0,1.0,0.0,15.770000457763672,4.421999931335449,0.0,0.0,1.0,0.49999999999999994,0.8660254037844387,0,30.0,4645871.863674081,0.0,0.0,0.0,29.0,60.0,0.01819500051667865,0.025024777436738508,0.018768581750270515,0.017517337865705813,0.0472342587435574,0.01944630559963515
2025-01-28,4850296.058911894,4918992.751612953,4798207.092029524,4914463.4765625,24157900,0.0,15.770000457763672,4.421999931335449,0.0,6061.47998046875,19692.330078125,0.0,0.0,1.0,0.0,15.770000457763672,4.421999931335449,0.0,0.9510565162951535,0.30901699437494745,0.49999999999999994,0.8660254037844387,0,30.0,4654232.242074316,0.0,0.0,0.0,28.0,60.0,0.0005633314181476063,0.017204305517918194,0.02852033079335776,0.019098802871519903,0.044649332667727866,0.018842769397470722
2025-01-29,4921006.344465574,4951957.545398536,4867407.6142911045,4917231.948242187,18218300,0.0,15.770000457763672,4.421999931335449,0.0,6061.47998046875,19692.330078125,0.0,0.0,1.0,0.0,15.770000457763672,4.421999931335449,0.0,0.5877852522924732,-0.8090169943749473,0.49999999999999994,0.8660254037844387,0,30.0,4662418.56270834,0.0,0.0,0.0,27.0,60.0,0.027941259186048048,0.019088049973258796,0.044061180202451554,0.01883216064970514,0.02978350897751645,0.01867864434861616
2025-01-30,4982406.000120326,5067962.313202227,4974101.944044075,5054625.6005859375,24354700,0.0,15.770000457763672,4.421999931335449,0.0,6061.47998046875,19692.330078125,0.0,0.0,1.0,0.0,15.770000457763672,4.421999931335449,0.0,-0.587785252292473,-0.8090169943749475,0.49999999999999994,0.8660254037844387,0,30.0,4674626.684967371,0.0,0.0,0.0,26.0,60.0,0.01568175308885617,0.018320269258008927,0.0017921741879756295,0.018170925801155625,0.027430628610972847,0.021108205281946485
2025-01-31,5083060.280891251,5170629.726734444,5078027.624733284,5133890.9912109375,32001100,0.0,15.770000457763672,4.421999931335449,0.0,6061.47998046875,19692.330078125,0.0,0.0,1.0,0.0,15.770000457763672,4.421999931335449,0.0,-0.9510565162951536,0.30901699437494723,0.49999999999999994,0.8660254037844387,0,30.0,4688922.080659837,0.0,0.0,0.0,25.0,60.0,-0.01367512890591963,0.017890373383094495,0.01156747720079287,0.020782302347908625,-0.06219980652371963,0.023134991980464054
2025-02-03,5050096.159507369,5127096.9155528415,5035249.688811973,5063684.370117188,27838300,0.0,15.770000457763672,4.421999931335449,0.0,6061.47998046875,19692.330078125,0.0,0.0,1.0,0.0,15.770000457763672,4.421999931335449,0.0,0.0,1.0,0.8660254037844386,0.5000000000000001,0,30.0,4700587.204958799,0.0,0.0,0.0,24.0,60.0,0.02559258804729536,0.02107044337719667,-0.04919745921440065,0.02345575241837061,-0.05294036435188903,0.016707025526271787
2025-02-04,5118037.663760008,5210136.767198663,5103442.692398113,5193277.158203126,43856400,0.0,15.770000457763672,4.421999931335449,0.0,6061.47998046875,19692.330078125,0.0,0.0,1.0,0.0,15.770000457763672,4.421999931335449,0.0,0.9510565162951535,0.30901699437494745,0.8660254037844386,0.5000000000000001,0,30.0,4715923.031713852,0.0,0.0,0.0,23.0,60.0,-0.0729237400243839,0.022870438702204177,-0.07657324488733808,0.016290119215936982,-0.10265841916600404,0.038442218576837044
2025-02-05,4808021.550315499,4850296.322283358,4731523.795373117,4814563.96484375,70373900,0.0,15.770000457763672,4.421999931335449,0.0,6061.47998046875,19692.330078125,0.0,0.0,1.0,0.0,15.770000457763672,4.421999931335449,0.0,0.5877852522924732,-0.8090169943749473,0.8660254037844386,0.5000000000000001,0,30.0,4718993.401327592,0.0,0.0,0.0,22.0,60.0,-0.0039365746061172735,0.01757149861260113,-0.032073606482386066,0.04146608023146677,-0.0250156785183546,0.012234996121802766
2025-02-06,4743049.424256083,4808125.716880579,4723526.612852047,4795611.074600219,29297400,0.005060861556485108,15.5,4.440000057220459,0.0010225005435891,6083.56982421875,19791.990234375,1.0,0.005060861556485108,1.0,0.0010225005435891,15.5,4.440000057220459,0.005060861556485108,-0.587785252292473,-0.8090169943749475,0.8660254037844386,0.5000000000000001,0,30.0,4721378.258895617,0.0,0.0,0.0,21.0,60.0,-0.028248233153568808,0.041629959673571436,-0.021162411323256664,0.012283350447251455,-0.023737058567136367,0.014012858281673837
2025-02-07,4803714.547030622,4806982.974342371,4607341.878696632,4660143.534851075,49315000,-0.013570633401157828,16.540000915527344,4.486999988555908,0.0032500554014893712,6025.990234375,19523.400390625,0.0,-0.008578450941549742,1.0,0.0032500554014893712,16.540000915527344,4.486999988555908,-0.013570633401157828,-0.9510565162951536,0.30901699437494723,0.8660254037844386,0.5000000000000001,0,30.0,4719472.22222254,0.0,0.0,0.0,20.0,60.0,0.007291802363588538,0.012640419977947546,0.00464231168940633,0.01442020355378302,0.0012549116123930103,0.017886361728318968
2025-02-10,4716277.286313516,4737674.6302364385,4678768.458798404,4694124.380493164,23105600,0.009776429146874044,15.8100004196167,4.493000030517578,0.0025916214080357047,6066.43994140625,19714.26953125,1.0,0.0011141115875044072,1.0,0.0025916214080357047,15.8100004196167,4.493000030517578,0.009776429146874044,0.0,1.0,0.8660254037844386,0.5000000000000001,0,30.0,4718683.22681718,0.0,0.0,0.0,19.0,60.0,-0.0026303109664600017,0.014315815456798442,-0.005993189597125772,0.017756882053789183,0.008492857096638048,0.017012286269107633
2025-02-11,4674450.82827561,4722703.642734124,4655503.424371726,4681777.373657226,21239500,-0.0035715325966498845,16.020000457763672,4.5370001792907715,-0.00332349161157508,6068.5,19643.859375,1.0,-0.002461400094996513,1.0,-0.00332349161157508,16.020000457763672,4.5370001792907715,-0.0035715325966498845,0.9510565162951535,0.30901699437494745,0.8660254037844386,0.5000000000000001,0,30.0,4717534.4683199115,0.0,0.0,0.0,18.0,60.0,-0.003371747374761738,0.017803711350999406,0.011152502613024562,0.017057151882761436,0.0018771968105880839,0.011250289718142877
2025-02-12,4656080.738368264,4704110.373206383,4620757.360236149,4665991.603088378,22072600,0.0003100125914030638,15.890000343322754,4.63700008392334,-0.0001852227050387345,6051.97021484375,19649.94921875,0.0,-0.0021521505686155074,1.0,-0.0001852227050387345,15.890000343322754,4.63700008392334,0.0003100125914030638,0.5877852522924732,-0.8090169943749473,0.8660254037844386,0.5000000000000001,0,30.0,4715930.107511568,0.0,0.0,0.0,17.0,60.0,0.014573387769740306,0.017114858863202857,0.005266702174580616,0.011288351186621757,-0.0014806875295834355,0.022929491318253573
2025-02-13,4687704.102857029,4737551.431526961,4657693.643783214,4733990.908050537,21402500,0.015047947603236134,15.100000381469727,4.525000095367432,-0.005836620979830842,6115.06982421875,19945.640625,1.0,0.01286341158562987,1.0,-0.005836620979830842,15.100000381469727,4.525000095367432,0.015047947603236134,-0.587785252292473,-0.8090169943749475,0.8660254037844386,0.5000000000000001,0,30.0,4716492.281159111,0.0,0.0,0.0,16.0,60.0,-0.009173003852996648,0.011126204691250658,-0.015823473681498976,0.022600130847762263,-0.00662154279626275,0.01002659890648432
2025-02-14,4686261.139684644,4720193.771525237,4667522.419675747,4690565.991210938,20448400,0.004067500652163103,14.770000457763672,4.4720001220703125,-0.006895889298343061,6114.6298828125,20026.76953125,1.0,0.01698323417280667,1.0,-0.006895889298343061,14.770000457763672,4.4720001220703125,0.004067500652163103,-0.9510565162951536,0.30901699437494723,0.8660254037844386,0.5000000000000001,0,30.0,4715685.280552689,0.0,0.0,0.0,15.0,60.0,-0.0067120393917038945,0.022809361205989195,0.0025750822965620447,0.010119424425731664,-0.0006797535326153733,0.014023817798917966
2025-02-18,4705478.383622994,4714605.404282441,4607616.590328382,4659082.727508544,29916700,0.0007235432730370306,15.350000381469727,4.544000148773193,0.004504113336850413,6129.580078125,20041.259765625,1.0,0.01771906555068381,1.0,0.004504113336850413,15.350000381469727,4.544000148773193,0.0007235432730370306,0.9510565162951535,0.30901699437494745,0.8660254037844386,0.5000000000000001,0,30.0,4713923.428211957,0.0,0.0,0.0,14.0,60.0,0.009349878440667342,0.010187805376735325,0.006073048399171484,0.014118582279331854,-0.02121344427293094,0.034104410204398444
2025-02-19,4672185.476218781,4707467.351059095,4660001.522997129,4702644.584655762,19549400,0.0007479686681528541,15.270000457763672,4.534999847412109,0.0011209258642381759,6144.14990234375,20056.25,1.0,0.01848028752469766,1.0,0.0011209258642381759,15.270000457763672,4.534999847412109,0.0007479686681528541,0.5877852522924732,-0.8090169943749473,0.8660254037844386,0.5000000000000001,0,30.0,4713572.354702875,0.0,0.0,0.0,13.0,60.0,-0.00324647588659563,0.013987798067745829,-0.030280206464001556,0.03378849191232474,-0.03211376919372333,0.022840472083985822
2025-02-20,4693473.121459128,4706425.748463446,4640646.105628903,4687377.562408447,20441500,-0.0046813649111873135,15.65999984741211,4.5,-0.007744721892653739,6117.52001953125,19962.359375,1.0,0.013712409643943602,1.0,-0.007744721892653739,15.65999984741211,4.5,-0.0046813649111873135,-0.587785252292473,-0.8090169943749475,0.8660254037844386,0.5000000000000001,0,30.0,4712756.996496631,0.0,0.0,0.0,12.0,60.0,-0.027121780784725068,0.03389854271383594,-0.02896131551960619,0.022914864639482505,-0.05127398045575637,0.02190367868283572
2025-02-21,4699598.052943902,4704420.818988316,4545525.550473137,4560247.535705566,35199200,-0.02195880763092417,18.209999084472656,4.420000076293945,0.002539066031213899,6013.1298828125,19524.009765625,0.0,-0.008547506152508433,1.0,0.002539066031213899,18.209999084472656,4.420000076293945,-0.02195880763092417,-0.9510565162951536,0.30901699437494723,0.8660254037844386,0.5000000000000001,0,30.0,4708009.875809885,0.0,0.0,0.0,11.0,60.0,-0.0018908170607055954,0.023553682451608045,-0.0248255117588227,0.022514306775727043,-0.03781892777307143,0.02506695381299575
2025-02-24,4621200.826625688,4649894.209926957,4542483.58757022,4551624.941864014,29854200,-0.012143001410622967,18.979999542236328,4.39300012588501,-9.381986842893486e-05,5983.25,19286.9296875,0.0,-0.020586715183864124,1.0,-9.381986842893486e-05,18.979999542236328,4.39300012588501,-0.012143001410622967,0.0,1.0,0.8660254037844386,0.5000000000000001,0,30.0,4703142.12431972,0.0,0.0,0.0,10.0,60.0,-0.022978142161339084,0.02255695785647969,-0.0359961728901867,0.025114440625801093,-0.05905087403719511,0.03696782563439526
2025-02-25,4513456.025626111,4531201.894155544,4428531.082163416,4447037.056884766,41913400,-0.013508581548304033,19.43000030517578,4.297999858856201,-0.002720458908803347,5955.25,19026.390625,0.0,-0.03381719941129524,1.0,-0.002720458908803347,19.43000030517578,4.297999858856201,-0.013508581548304033,0.9510565162951535,0.30901699437494745,0.8660254037844386,0.5000000000000001,0,30.0,4695170.411238479,0.0,0.0,0.0,9.0,60.0,-0.01332419599869109,0.025705095975394575,-0.03692111039936718,0.03783725546956994,-0.027319078915868863,0.02193499648622998
2025-02-26,4447226.145574475,4472882.590366694,4358571.076013335,4387783.863525391,35431300,0.0025684924475790627,19.100000381469727,4.249000072479248,0.0010347155759355964,5956.06005859375,19075.259765625,0.0,-0.03133556618500244,1.0,0.0010347155759355964,19.100000381469727,4.249000072479248,0.0025684924475790627,0.5877852522924732,-0.8090169943749473,0.8660254037844386,0.5000000000000001,0,30.0,4685602.473407557,0.0,0.0,0.0,8.0,60.0,-0.02391557014470458,0.03834821459706105,-0.014183871602428802,0.022231209478610955,-0.03273623310730975,0.0430899049390176
2025-02-27,4422389.685003395,4436877.454134416,4268613.7769304225,4282847.510757446,39991000,-0.02782870850894581,21.1299991607666,4.284999847412109,0.007705315814067637,5861.56982421875,18544.419921875,0.0,-0.058292246356623,1.0,0.007705315814067637,21.1299991607666,4.284999847412109,-0.02782870850894581,-0.587785252292473,-0.8090169943749475,0.8660254037844386,0.5000000000000001,0,30.0,4673066.028750491,0.0,0.0,0.0,7.0,60.0,0.00997014012785605,0.02277590831144262,-0.00903678277494175,0.04414567389975238,0.01595096696455653,0.044520611412871856
2025-02-28,4284903.847522733,4333930.992315685,4236385.2500987835,4325548.1005859375,48130600,0.016331563687400408,19.6299991607666,4.230999946594238,0.0034502308276065374,5954.5,18847.279296875,0.0,-0.04291268620307731,1.0,0.0034502308276065374,19.6299991607666,4.230999946594238,0.016331563687400408,-0.9510565162951536,0.30901699437494723,0.8660254037844386,0.5000000000000001,0,30.0,4662248.932307765,0.0,0.0,0.0,6.0,60.0,-0.01881929192519656,0.04370988026850359,0.0059217858024429755,0.04408111650433132,0.016887427174869258,0.02774078013560074
2025-03-03,4369173.885947169,4405767.97267267,4216698.783100406,4244144.348144531,40770500,-0.026374620756663858,22.780000686645508,4.179999828338623,-0.007991827947901986,5849.72021484375,18350.189453125,0.0,-0.0681555011354853,1.0,-0.007991827947901986,22.780000686645508,4.179999828338623,-0.026374620756663858,0.0,1.0,1.0,6.123233995736766e-17,0,30.0,4649234.704138511,0.0,0.0,0.0,5.0,60.0,0.02521561780009368,0.04492660336832739,0.03639158292270826,0.02827285525214977,0.030357180391624425,0.02576638685640833
2025-03-04,4232023.0540224435,4411496.7660324415,4220821.776265424,4351163.0699157715,45388000,-0.0035437943047462728,23.510000228881836,4.210000038146973,-0.009461378325343994,5778.14990234375,18285.16015625,0.0,-0.07145776636347057,1.0,-0.009461378325343994,23.510000228881836,4.210000038146973,-0.0035437943047462728,0.9510565162951535,0.30901699437494745,1.0,6.123233995736766e-17,0,30.0,4639956.709097341,0.0,0.0,0.0,4.0,60.0,0.010901087467430463,0.027577472251951864,0.005015103654549766,0.025132651521343197,0.013621420884816725,0.02740145846144605
2025-03-05,4335039.309745132,4417916.414967967,4297922.336143647,4398595.479125977,30954900,0.014633194908524993,21.93000030517578,4.264999866485596,0.0,5842.6298828125,18552.73046875,0.0,-0.057870226877870135,1.0,0.0,21.93000030517578,4.264999866485596,0.014633194908524993,0.5877852522924732,-0.8090169943749473,1.0,6.123233995736766e-17,0,30.0,4632443.923452224,0.0,0.0,0.0,3.0,60.0,-0.00582251209920707,0.02486163268881925,0.0026909986062052843,0.027105973869405775,-0.04247543821532255,0.027536000392791443
2025-03-06,4326806.108077192,4435401.223267405,4326044.958118674,4372984.603729248,28302000,-0.026059274883519334,24.8700008392334,4.285999774932861,-0.01588803044369469,5738.52001953125,18069.259765625,0.0,-0.08242144561160736,1.0,-0.01588803044369469,24.8700008392334,4.285999774932861,-0.026059274883519334,-0.587785252292473,-0.8090169943749475,1.0,6.123233995736766e-17,0,30.0,4624367.80346834,0.0,0.0,0.0,2.0,60.0,0.008563371036884614,0.027264723049241515,-0.036867588093860565,0.027697268071251287,-0.04581132069791858,0.03129444016018236
2025-03-07,4344475.862428751,4438590.279892435,4319362.06577316,4410432.093429565,27385800,0.007026349676013233,23.3700008392334,4.316999912261963,-0.002114176685226732,5770.2001953125,18196.220703125,0.0,-0.07597421783326375,1.0,-0.002114176685226732,23.3700008392334,4.316999912261963,0.007026349676013233,-0.9510565162951536,0.30901699437494723,1.0,6.123233995736766e-17,0,30.0,4617708.684555382,0.0,0.0,0.0,1.0,60.0,-0.04504522019676214,0.027462099920182764,-0.05391301458717623,0.03102872963551031,-0.03903889241928173,0.023634436743794753
2025-03-10,4272449.96206522,4277528.662732291,4156408.9358913475,4211763.208618164,43604000,-0.040002833692822315,27.860000610351562,4.2129998207092285,0.0006741845790416701,5614.56005859375,17468.3203125,0.0,-0.11293786752515977,1.0,0.0006741845790416701,27.860000610351562,4.2129998207092285,-0.040002833692822315,0.0,1.0,1.0,6.123233995736766e-17,0,30.0,4605072.929655214,0.0,0.0,1.0,0.0,0.0,-0.009286088281835969,0.032492354917479524,0.006289646279081366,0.024749273205024926,-0.02009743357822075,0.02420258439763894
2025-03-11,4194782.683054858,4241586.300807984,4104736.19580518,4172652.403640747,39587400,-0.001844522114810565,26.920000076293945,4.288000106811523,-0.004523156617638691,5572.06982421875,17436.099609375,0.0,-0.11457407324572055,1.0,-0.004523156617638691,26.920000076293945,4.288000106811523,-0.001844522114810565,0.9510565162951535,0.30901699437494745,1.0,6.123233995736766e-17,0,30.0,4591613.093040689,0.0,0.0,0.0,60.0,1.0,0.01572172791427227,0.02498125131008107,-0.010912681419437228,0.024429438318540574,0.007455997803221271,0.024594420839063633
2025-03-12,4224811.849055363,4251695.569767879,4147457.491442916,4238253.709411621,28372400,0.012178733439950351,24.229999542236328,4.317999839782715,0.001643447070117876,5599.2998046875,17648.44921875,0.0,-0.10379070690295922,1.0,0.001643447070117876,24.229999542236328,4.317999839782715,0.012178733439950351,0.5877852522924732,-0.8090169943749473,1.0,6.123233995736766e-17,0,30.0,4580614.171195574,0.0,0.0,0.0,60.0,2.0,-0.026222151797817467,0.02405131016415791,-0.00813778999098918,0.024213739022366784,-0.0149438204640753,0.015769083132848038
2025-03-13,4210288.756152717,4212571.187065436,4110635.632545984,4127117.5772857666,31756200,-0.01957336017705169,24.65999984741211,4.27400016784668,0.0021233589364648697,5521.52001953125,17303.009765625,0.0,-0.1213325341907685,1.0,0.0021233589364648697,24.65999984741211,4.27400016784668,-0.01957336017705169,-0.587785252292473,-0.8090169943749475,1.0,6.123233995736766e-17,0,30.0,4566498.305523033,-0.3182,1.0,0.0,60.0,3.0,0.018571342365423665,0.024865773099142587,0.01158203727324929,0.01619371724460706,-0.010319271653844444,0.046382615057380214
2025-03-14,4147371.399930334,4229165.609650567,4126541.640420296,4203763.690795898,31995900,0.026069457524154904,21.770000457763672,4.308000087738037,-0.0010594299182480338,5638.93994140625,17754.08984375,0.0,-0.09842615001299782,1.0,-0.0010594299182480338,21.770000457763672,4.308000087738037,0.026069457524154904,-0.9510565162951536,0.30901699437494723,1.0,6.123233995736766e-17,0,30.0,4555207.563398325,0.0,0.0,0.0,59.0,4.0,-0.006861870937722579,0.015898461473499208,-0.02836385908146165,0.045536933082827635,-0.008891290351728908,0.029450818198574782
2025-03-17,4193722.939545748,4225996.138904266,4159162.7638224526,4174918.0068969727,31184300,0.0030736755857529996,20.510000228881836,4.306000232696533,-0.0033744549749507025,5675.1201171875,17808.66015625,0.0,-0.09565500448153941,1.0,-0.0033744549749507025,20.510000228881836,4.306000232696533,0.0030736755857529996,0.0,1.0,1.0,6.123233995736766e-17,0,30.0,4543370.393354858,0.0,0.0,0.0,58.0,5.0,-0.021650551433405628,0.045851560573778066,-0.002043441244092108,0.029654302192971174,-0.0077091154724193865,0.023953905622459134
2025-03-18,4161048.3612768278,4175539.0024577216,3984112.4965739283,4084528.7298583984,42074800,-0.017100725880162315,21.700000762939453,4.281000137329102,-0.00125766546733308,5614.66015625,17504.119140625,0.0,-0.11111996035099725,1.0,-0.00125766546733308,21.700000762939453,4.281000137329102,-0.017100725880162315,0.9510565162951535,0.30901699437494745,1.0,6.123233995736766e-17,0,30.0,4529088.153148729,0.0,0.0,0.0,57.0,6.0,0.020041009087336244,0.030310542144648293,0.014249955352264171,0.024483997673382076,0.02206386401236541,0.020878834489501206
2025-03-19,4112238.1448787767,4216721.959538206,4092917.6793308067,4166386.8072509766,34275600,0.014092107114519692,19.899999618530273,4.25600004196167,0.001840395634809866,5675.2900390625,17750.7890625,0.0,-0.09859376762030503,1.0,0.001840395634809866,19.899999618530273,4.25600004196167,0.014092107114519692,0.5877852522924732,-0.8090169943749473,1.0,6.123233995736766e-17,0,30.0,4517798.446573865,0.0,0.0,0.0,56.0,7.0,-0.00567727540704811,0.024002954249151907,0.001983111372001681,0.020468622637223356,0.026133265729036747,0.019460353467776734
2025-03-20,4111433.6722161197,4195916.723218939,4095911.131300224,4142733.081893921,28138500,-0.003332708361115988,19.799999237060547,4.232999801635742,0.004060699678101853,5662.89013671875,17691.630859375,0.0,-0.10159789170771893,1.0,0.004060699678101853,19.799999237060547,4.232999801635742,-0.003332708361115988,-0.587785252292473,-0.8090169943749475,1.0,6.123233995736766e-17,0,30.0,4506123.888534522,0.0,0.0,0.0,55.0,8.0,0.00770412521969237,0.020585492145523115,0.03199216949316652,0.01957146607078025,0.051153278120641056,0.014236406783086932
2025-03-21,4103879.539275963,4181013.398692383,4095733.199374057,4174649.2163085938,36625800,0.0052239345603362075,19.280000686645508,4.251999855041504,0.0023110049811829736,5667.56005859375,17784.05078125,0.0,-0.0969046978851319,1.0,0.0023110049811829736,19.280000686645508,4.251999855041504,0.0052239345603362075,-0.9510565162951536,0.30901699437494723,1.0,6.123233995736766e-17,0,30.0,4495806.166174911,0.0,0.0,0.0,54.0,9.0,0.0241023566993725,0.019421837800369646,0.04311697433160375,0.014127566243696,0.008691786258269423,0.029149789174934382
2025-03-24,4259715.554122251,4291586.292191472,4210506.932238886,4275268.100814819,30879100,0.022747295735711326,17.479999542236328,4.330999851226807,0.0016332577992219655,5767.56982421875,18188.58984375,0.0,-0.07636172197039359,1.0,0.0016332577992219655,17.479999542236328,4.330999851226807,0.022747295735711326,0.0,1.0,1.0,6.123233995736766e-17,0,30.0,4488941.537535773,0.0,0.0,0.0,53.0,10.0,0.018567106605939618,0.013795072485946028,-0.015047881044596485,0.02846374582017622,-0.03357718911056124,0.020372066887091693
2025-03-25,4314307.6900755875,4356434.849309094,4297457.215961501,4354647.459411621,24174400,0.004578119137620407,17.149999618530273,4.307000160217285,-0.0007673300346776601,5776.64990234375,18271.859375,0.0,-0.07213319589350753,1.0,-0.0007673300346776601,17.149999618530273,4.307000160217285,0.004578119137620407,0.9510565162951535,0.30901699437494745,1.0,6.123233995736766e-17,0,30.0,4484761.402132605,0.0,0.0,0.0,52.0,11.0,-0.03300223169639521,0.027944890067207125,-0.05119377543052182,0.0200007115436658,-0.09727612591062439,0.04790585527758332
2025-03-26,4311449.89640737,4327011.950066002,4205321.805531302,4210934.375,28901600,-0.02040513973417113,18.329999923706055,4.3379998207092285,0.0035515717555978377,5712.2001953125,17899.01953125,0.0,-0.09106644768599925,1.0,0.0035515717555978377,18.329999923706055,4.3379998207092285,-0.02040513973417113,0.5877852522924732,-0.8090169943749473,1.0,6.123233995736766e-17,0,30.0,4476238.062410932,0.0,0.0,0.0,51.0,12.0,-0.01881239474424007,0.02068330682784601,-0.0664674690273425,0.04954081265525991,-0.0649583526114282,0.02950720095250752
2025-03-27,4192581.999013438,4212700.516492311,4125604.468782262,4131716.61529541,24508300,-0.005307007694424604,18.690000534057617,4.36899995803833,-0.0045911367089674915,5693.31005859375,17804.029296875,0.0,-0.09589016504185033,1.0,-0.0045911367089674915,18.690000534057617,4.36899995803833,-0.005307007694424604,-0.587785252292473,-0.8090169943749475,1.0,6.123233995736766e-17,1,30.0,4465514.236622376,0.0,0.0,0.0,50.0,13.0,-0.04856876914041377,0.05049066293733544,-0.04703071830504784,0.030072945066215006,-0.0314875910128108,0.027624282360294485
2025-03-28,4087949.859102908,4121827.2384522296,3913214.1274767607,3931044.2248535156,48669300,-0.027018550378617556,21.649999618530273,4.255000114440918,-0.0002882557834615884,5580.93994140625,17322.990234375,0.0,-0.12031790216547067,1.0,-0.0002882557834615884,21.649999618530273,4.255000114440918,-0.027018550378617556,-0.9510565162951536,0.30901699437494723,1.0,6.123233995736766e-17,1,30.0,4448877.933299598,0.0,0.0,0.0,49.0,14.0,0.001616565428461236,0.03160811216912136,0.017953140041630428,0.029034449852289243,0.019948425848349837,0.024095871558024222
2025-03-31,3898442.6278853044,3960314.3997810083,3836061.5129800616,3937399.015045166,54603500,-0.0013681917240805364,22.280000686645508,4.245999813079834,0.0016339693142000122,5611.85009765625,17299.2890625,0.0,-0.12152147593154972,1.0,0.0016339693142000122,22.280000686645508,4.245999813079834,-0.0013681917240805364,0.0,1.0,1.0,6.123233995736766e-17,1,30.0,4432957.267518695,0.0,0.0,0.0,48.0,15.0,0.0163102080946324,0.028987589517221277,0.018302273597129243,0.02405698187281551,-0.023441720109514286,0.015485494121491371
2025-04-01,3913724.0322553003,4027859.738668941,3913724.0322553003,4001618.8123321533,30672900,0.008705650385741004,21.770000457763672,4.156000137329102,0.00047982969194038105,5633.06982421875,17449.890625,0.0,-0.11387374902962799,1.0,0.00047982969194038105,21.770000457763672,4.156000137329102,0.008705650385741004,0.9510565162951535,0.30901699437494745,0.8660254037844387,-0.4999999999999998,0,30.0,4419531.112229808,0.0,0.0,0.0,47.0,16.0,0.0019600959299932116,0.02367090449471848,-0.03911397119455602,0.015236975874249468,-0.07175564382150837,0.03627549746888141
2025-04-02,3961207.900445146,4044440.752183046,3949718.815452063,4009462.36907959,25041700,0.008662527433463518,21.510000228881836,4.196000099182129,-0.004316176562597085,5670.97021484375,17601.05078125,0.0,-0.10619765607108489,1.0,-0.004316176562597085,21.510000228881836,4.196000099182129,0.008662527433463518,0.5877852522924732,-0.8090169943749473,0.8660254037844387,-0.4999999999999998,0,30.0,4406767.013507674,0.0,0.0,0.0,46.0,17.0,-0.04099371550962352,0.015207168365429668,-0.07357153249010435,0.036204533110883466,-0.060053616606742015,0.07891070751467044
2025-04-03,3855049.09510117,3897653.3231734987,3836680.753872051,3845099.609375,46883400,-0.05968060766968586,30.020000457763672,4.054999828338623,-0.016761370818715426,5396.52001953125,16550.609375,0.0,-0.1595403230933522,1.0,-0.016761370818715426,30.020000457763672,4.054999828338623,-0.05968060766968586,-0.587785252292473,-0.8090169943749475,0.8660254037844387,-0.4999999999999998,0,30.0,4389284.144317794,0.0,0.0,0.0,45.0,18.0,-0.033970389461830224,0.037752133324259536,-0.019874636282750824,0.08228382732299218,-0.03319115436348315,0.06153639355309391
2025-04-04,3775962.5886839707,3854028.221736861,3708867.5086386777,3714480.078125,62259500,-0.05817425293064171,45.310001373291016,3.984999895095825,0.009307308230455114,5074.080078125,15587.7900390625,0.0,-0.2084334369157249,1.0,0.009307308230455114,45.310001373291016,3.984999895095825,-0.05817425293064171,-0.9510565162951536,0.30901699437494723,0.8660254037844387,-0.4999999999999998,0,30.0,4368279.700885179,0.0,0.0,0.0,44.0,19.0,0.01459142972980583,0.0851773345510106,0.0008066368668688806,0.06370031817017734,0.10686019682483507,0.10907499256790089
2025-04-07,3635138.78301185,3925333.6149157197,3608944.1026182026,3768679.6531677246,76794100,0.0009924259002549451,46.97999954223633,4.15500020980835,0.002329698126428914,5062.25,15603.259765625,0.0,-0.20764786575674443,1.0,0.002329698126428914,46.97999954223633,4.15500020980835,0.0009924259002549451,0.0,1.0,0.8660254037844387,-0.4999999999999998,0,30.0,4349616.11257053,0.0,0.0,0.0,43.0,20.0,-0.01358654573556565,0.06278420682810347,0.09094179626532148,0.10750632163032213,0.049040750755180676,0.0534749117961797
2025-04-08,3884981.2349860216,3911186.0850463836,3674572.522233036,3717476.3146972656,52200200,-0.02149227881944238,52.33000183105469,4.26200008392334,-0.0029053171174838743,4982.77001953125,15267.91015625,0.0,-0.2246773187490807,1.0,-0.0029053171174838743,52.33000183105469,4.26200008392334,-0.02149227881944238,0.9510565162951535,0.30901699437494745,0.8660254037844387,-0.4999999999999998,0,30.0,4329939.668264488,0.0,0.0,0.0,42.0,21.0,0.10596808219615537,0.10898707957150613,0.06348990498862095,0.05421145825312752,0.08344330997241174,0.03343954533890989
2025-04-09,3741225.009582923,4133170.4006670066,3728013.5137519063,4111410.150375366,70406200,0.12163161348672213,33.619998931884766,4.400000095367432,-0.000582726875750339,5456.89990234375,17124.970703125,0.0,-0.13037357005567984,1.0,-0.000582726875750339,33.619998931884766,4.400000095367432,0.12163161348672213,0.5877852522924732,-0.8090169943749473,0.8660254037844387,-0.4999999999999998,0,30.0,4323137.559138567,0.0,0.0,0.0,41.0,22.0,-0.038408140245045935,0.049017199615271116,-0.020366566256609757,0.03023554284903768,-0.008527392517892184,0.02592902173946613
2025-04-10,4049735.663570002,4080262.8158689686,3878733.0038277674,3953498.5327148438,48022000,-0.043075119311905774,40.720001220703125,4.394000053405762,-0.019727879000918547,5268.0498046875,16387.310546875,0.0,-0.16783283228231805,1.0,-0.019727879000918547,40.720001220703125,4.394000053405762,-0.043075119311905774,-0.587785252292473,-0.8090169943749475,0.8660254037844387,-0.4999999999999998,0,30.0,4311631.905260682,0.0,0.0,0.0,40.0,23.0,0.018762195005512815,0.03144321839074502,0.03107425195422138,0.026964685148305766,0.01747892523586823,0.028901499950039437
2025-04-11,3918998.735681831,4041259.3076843857,3916948.589912743,4027674.8431396484,33636200,0.020573869620679863,37.560001373291016,4.493000030517578,-0.010806026941662661,5363.35986328125,16724.4609375,0.0,-0.15071193347108391,1.0,-0.010806026941662661,37.560001373291016,4.493000030517578,0.020573869620679863,-0.9510565162951536,0.30901699437494723,0.8660254037844387,-0.4999999999999998,0,30.0,4302793.2506831195,0.0,0.0,0.0,39.0,24.0,0.01208531000567992,0.026468085761819866,-0.0012596362290786048,0.02836923090759472,-0.021590232343870037,0.027949126123712906
2025-04-14,4100182.6662773388,4144259.661221732,4037654.8180527873,4076350.5422210693,30333000,0.006398982403674314,30.889999389648438,4.363999843597412,-0.0014030806911322635,5405.97021484375,16831.48046875,0.0,-0.14527735407771492,1.0,-0.0014030806911322635,30.889999389648438,4.363999843597412,0.006398982403674314,0.0,1.0,0.8660254037844387,-0.4999999999999998,0,30.0,4295744.8298171135,0.0,0.0,0.0,38.0,25.0,-0.013185594240749955,0.02803047394041863,-0.03327342272101644,0.027615385627478433,-0.04547686923589011,0.039024515838012405
2025-04-15,4095173.6706971168,4108555.467042872,3994293.429397133,4022601.4379882812,27551500,-0.0004937502016194584,30.1200008392334,4.322999954223633,0.005820973851942357,5396.6298828125,16823.169921875,0.0,-0.14569937355646778,1.0,0.005820973851942357,30.1200008392334,4.322999954223633,-0.0004937502016194584,0.9510565162951535,0.30901699437494745,0.8660254037844387,-0.4999999999999998,0,30.0,4287242.769426414,0.0,0.0,0.0,37.0,26.0,-0.02035623756912123,0.02798437625789552,-0.032722743817562544,0.039545952724501565,-0.055055425044212264,0.018237173568032117
2025-04-16,3934805.3142316905,4006510.604703877,3893940.6125276615,3940716.407470703,28187400,-0.03067256456549472,32.63999938964844,4.2789998054504395,-0.008381600050426208,5275.7001953125,16307.16015625,0.0,-0.17190296467939958,1.0,-0.008381600050426208,32.63999938964844,4.2789998054504395,-0.03067256456549472,0.5877852522924732,-0.8090169943749473,0.8660254037844387,-0.4999999999999998,0,30.0,4276456.537196555,0.0,0.0,0.0,36.0,27.0,-0.012623472656790242,0.040367686950175244,-0.03542020967804542,0.018616127889977643,-0.009028071105213982,0.02387968960147194
2025-04-17,3971539.1417209785,3981578.0159748876,3822500.409678691,3890970.881652832,33046600,-0.0012699918771302832,29.649999618530273,4.333000183105469,0.0,5282.7001953125,16286.4501953125,0.0,-0.1729546411877324,1.0,0.0,29.649999618530273,4.333000183105469,-0.0012699918771302832,-0.587785252292473,-0.8090169943749475,0.8660254037844387,-0.4999999999999998,0,30.0,4264457.629585291,0.0,0.0,0.0,35.0,28.0,-0.0230881901584147,0.018854132516264208,0.0036413682642938766,0.024184988137935973,0.03177743393362835,0.024706875847623055
2025-04-21,3832281.877348446,3834083.5250855987,3760722.644465991,3801135.406036377,26049100,-0.025515063117136583,33.81999969482422,4.40500020980835,-0.011068610429884718,5158.2001953125,15870.900390625,0.0,-0.1940567557185623,1.0,-0.011068610429884718,33.81999969482422,4.40500020980835,-0.025515063117136583,0.0,1.0,0.8660254037844387,-0.4999999999999998,0,30.0,4250035.924199738,0.0,0.0,0.0,34.0,29.0,0.027361280878611758,0.024756572593648732,0.05616231018943254,0.025290794520776125,0.08425877901089944,0.02586757094872705
2025-04-22,3838622.758266136,3923702.124702791,3829599.040084963,3905139.339538574,26971800,0.027063337345606397,30.56999969482422,4.388999938964844,0.006512000382556504,5287.759765625,16300.419921875,0.0,-0.17224524181716128,1.0,0.006512000382556504,30.56999969482422,4.388999938964844,0.027063337345606397,0.9510565162951535,0.30901699437494745,0.8660254037844387,-0.4999999999999998,0,30.0,4239300.421606385,0.0,0.0,0.0,33.0,30.0,0.02803398361109131,0.02461723542778168,0.055382170995998854,0.025178650811723012,0.07566091934944871,0.03360618556086988
2025-04-23,4021334.832075181,4070952.179829287,3974818.445329574,4014615.9517822266,31128800,0.025007383940334194,28.450000762939453,4.38700008392334,0.00930042646557716,5375.85986328125,16708.05078125,0.0,-0.15154526077084463,1.0,0.00930042646557716,28.450000762939453,4.38700008392334,0.025007383940334194,0.5877852522924732,-0.8090169943749473,0.8660254037844387,-0.4999999999999998,0,30.0,4232306.728958333,0.0,0.0,0.0,32.0,31.0,0.026602415699181255,0.02449204132657173,0.04632817250949443,0.0326897613275625,0.03732743093416755,0.02938688207537365
2025-04-24,4040424.6840658723,4129435.7075739405,4031109.567772576,4121414.4342041016,45894000,0.02741123349732466,26.469999313354492,4.304999828338623,-0.005508768454897783,5484.77001953125,17166.0390625,0.0,-0.12828806980192264,1.0,-0.005508768454897783,26.469999313354492,4.304999828338623,0.02741123349732466,-0.587785252292473,-0.8090169943749475,0.8660254037844387,-0.4999999999999998,0,30.0,4228855.014528959,0.0,0.0,0.0,31.0,32.0,0.019214601980922365,0.031842669399232526,0.01044709721210025,0.028625377873633118,0.005718550603087408,0.02021987316794661
2025-04-25,4281266.9599410305,4307981.078478156,4176744.2411925695,4200605.772155762,56034000,0.012635436155963742,24.84000015258789,4.265999794006348,0.0018128744437106992,5525.2099609375,17382.939453125,0.0,-0.11727360936151277,1.0,0.0018128744437106992,24.84000015258789,4.265999794006348,0.012635436155963742,-0.9510565162951536,0.30901699437494723,0.8660254037844387,-0.4999999999999998,0,30.0,4227975.708011454,0.0,0.0,0.0,30.0,33.0,-0.008602216600686245,0.028085721905865047,-0.013241618940313784,0.019838680812311483,-0.021244047610961023,0.023852617244974703
2025-04-28,4211661.990541455,4230330.967399884,4112353.921846946,4164471.251449585,29745800,-0.0009669592300730612,25.149999618530273,4.216000080108643,-0.004624500641676077,5528.75,17366.130859375,0.0,-0.11812716979256976,1.0,-0.004624500641676077,25.149999618530273,4.216000080108643,-0.0009669592300730612,0.0,1.0,0.8660254037844387,-0.4999999999999998,0,30.0,4225999.021988949,0.0,0.0,0.0,29.0,34.0,-0.004679657769376802,0.0200108182048667,-0.012751522367669969,0.024059582989169725,0.0027908167389137295,0.018899425248638906
2025-04-29,4149123.8879931564,4159993.550892811,4076659.0737606594,4144982.9512023926,26809000,0.005481327642628653,24.170000076293945,4.172999858856201,0.002322954475070249,5560.830078125,17461.3203125,0.0,-0.11329333587107049,1.0,0.002322954475070249,24.170000076293945,4.172999858856201,0.005481327642628653,0.9510565162951535,0.30901699437494745,0.8660254037844387,-0.4999999999999998,0,30.0,4223477.2566925865,0.0,0.0,0.0,28.0,35.0,-0.008109815760625593,0.02417270296641334,0.00750559813893522,0.018988283919007625,0.024557610224277618,0.01936313399216782
2025-04-30,4090137.7285254872,4123536.340770072,4023340.899089809,4111367.903137207,34981100,-0.0008579230254012193,24.700000762939453,4.177000045776367,0.002317647741683082,5569.06005859375,17446.33984375,0.0,-0.11405406193500345,1.0,0.002317647741683082,24.700000762939453,4.177000045776367,-0.0008579230254012193,0.5877852522924732,-0.8090169943749473,0.8660254037844387,-0.4999999999999998,0,30.0,4219987.6592034865,0.0,0.0,0.0,27.0,36.0,0.015743087438187937,0.019143534456456675,0.032934518865063725,0.01952144934977488,0.03406814380847649,0.01681359197155527
2025-05-01,4154086.6774333008,4192922.0163841643,4114215.903267287,4176093.5275268555,30203200,0.015155063640452937,24.600000381469727,4.230999946594238,0.00784154790112268,5604.14013671875,17710.740234375,0.0,-0.1006274948616277,1.0,0.00784154790112268,24.600000381469727,4.230999946594238,0.015155063640452937,-0.587785252292473,-0.8090169943749475,0.49999999999999994,-0.8660254037844387,0,30.0,4218621.378453243,0.0,0.0,0.0,26.0,37.0,0.01692497998705008,0.019218884766432475,0.01804103478223642,0.016552996697187412,0.010485078017110936,0.02234792528256775
2025-05-02,4230722.012869822,4271110.703055601,4190850.8427762175,4246773.826904297,25715000,0.015075046601202846,22.68000030517578,4.322000026702881,-0.0024937655860348684,5686.669921875,17977.73046875,0.0,-0.08706941243482624,1.0,-0.0024937655860348684,22.68000030517578,4.322000026702881,0.015075046601202846,-0.9510565162951536,0.30901699437494723,0.49999999999999994,-0.8660254037844387,0,30.0,4219497.672092545,0.0,0.0,0.0,25.0,38.0,0.001097479968680235,0.01627750032986524,-0.006332720797183243,0.02197598222324359,-0.07825670108525416,0.10448617964536533
2025-05-05,4220107.225947429,4281984.855973598,4212857.9936053,4251434.57611084,21341800,-0.00742531069797947,23.639999389648438,4.3429999351501465,-0.0016999816894531783,5650.3798828125,17844.240234375,0.0,-0.09384820569318664,1.0,-0.0016999816894531783,23.639999389648438,4.3429999351501465,-0.00742531069797947,0.0,1.0,0.49999999999999994,-0.8660254037844387,0,30.0,4220491.7634554645,0.0,0.0,0.0,24.0,39.0,-0.007422055208945222,0.02195189046318558,-0.07926718690413348,0.10437163386789688,-0.061447779976044115,0.018432798181747014
2025-05-06,4192476.7582027344,4260468.584493958,4167141.5583677734,4219880.193969727,21277200,-0.008662743613326751,24.760000228881836,4.308000087738037,-0.005910086712045071,5606.91015625,17689.66015625,0.0,-0.10169796636202244,1.0,-0.005910086712045071,24.760000228881836,4.308000087738037,-0.008662743613326751,0.9510565162951535,0.30901699437494745,0.49999999999999994,-0.8660254037844387,0,30.0,4220472.7272976935,0.0,0.0,0.0,23.0,40.0,-0.07238235754907107,0.10515207839911042,-0.05442970504293416,0.018570630426033952,-0.06359055879110229,0.0174715065324714
2025-05-07,4242836.129321186,4266625.752837461,3822896.5798463034,3914435.3169555664,127490100,0.00274171462716688,23.549999237060547,4.275000095367432,0.003728363105065302,5631.27978515625,17738.16015625,0.0,-0.0992350785367836,1.0,0.003728363105065302,23.549999237060547,4.275000095367432,0.00274171462716688,0.5877852522924732,-0.8090169943749473,0.49999999999999994,-0.8660254037844387,0,30.0,4210946.783700373,0.0,0.0,0.0,22.0,41.0,0.01935350481120956,0.02001970378330352,0.009477826159859688,0.01883481483416875,0.046931023911100024,0.018829734202234986
2025-05-08,4008814.983448051,4032867.683920108,3954501.8483957555,3990193.3596954346,57498700,0.010710269107760961,22.479999542236328,4.373000144958496,0.01034031495819332,5663.93994140625,17928.140625,0.0,-0.08958764382508144,1.0,0.01034031495819332,22.479999542236328,4.373000144958496,0.010710269107760961,-0.587785252292473,-0.8090169943749475,0.49999999999999994,-0.8660254037844387,0,30.0,4204075.451651015,0.0,0.0,0.0,21.0,42.0,-0.00968817844323683,0.018477215946451346,0.027053930721509602,0.018472231775690382,0.03430772377264225,0.028592119880197144
2025-05-09,3988270.0137737375,4011035.12454613,3937307.4601709414,3951535.6544036865,32435300,4.346780245101378e-05,21.899999618530273,4.375,-0.0029809524401553933,5659.91015625,17928.919921875,0.0,-0.08954807020063427,1.0,-0.0029809524401553933,21.899999618530273,4.375,4.346780245101378e-05,-0.9510565162951536,0.30901699437494723,0.49999999999999994,-0.8660254037844387,0,30.0,4196214.713769436,0.0,0.0,0.0,20.0,43.0,0.03710155565646797,0.018652944833731425,0.04442631225659594,0.02887183537327721,0.08228487227511218,0.04836478673093658
2025-05-12,4073057.290157018,4114695.6449377877,4040987.868367673,4098143.7744140625,44138800,0.043472776122114976,18.389999389648438,4.456999778747559,0.014450913200693138,5844.18994140625,18708.33984375,0.0,-0.04996819728651891,1.0,0.014450913200693138,18.389999389648438,4.456999778747559,0.043472776122114976,0.0,1.0,0.49999999999999994,-0.8660254037844387,0,30.0,4193162.086197561,0.0,0.0,0.0,19.0,44.0,0.007062718747434059,0.027838966411540884,0.04356691625059218,0.04663457157801916,0.03359266544365917,0.024207170401457822
2025-05-13,4107943.6523468923,4153993.1370626404,4039905.050177062,4127087.811279297,42382100,0.016129170333668563,18.219999313354492,4.499000072479248,-0.007761085651064481,5886.5498046875,19010.08984375,0.0,-0.03464497251815102,1.0,-0.007761085651064481,18.219999313354492,4.499000072479248,0.016129170333668563,0.9510565162951535,0.30901699437494745,0.49999999999999994,-0.8660254037844387,0,30.0,4191105.410134979,0.0,0.0,0.0,18.0,45.0,0.036248186755003076,0.04630751462632077,0.026343887230005466,0.02403740099878412,0.0401426194581407,0.023345227395943274
2025-05-14,4136777.7903155056,4318841.347752952,4127726.168568026,4276687.261016846,48755900,0.007192007205055306,18.6200008392334,4.5279998779296875,0.0003960486685876674,5892.580078125,19146.810546875,0.0,-0.027702132205065122,1.0,0.0003960486685876674,18.6200008392334,4.5279998779296875,0.007192007205055306,0.5877852522924732,-0.8090169943749473,0.49999999999999994,-0.8660254037844387,0,30.0,4193769.2932319622,0.0,0.0,0.0,17.0,46.0,-0.009557844975355551,0.02319656748838993,0.0037582046009006706,0.022528606268589508,0.005755690852946039,0.014614669319030705
2025-05-15,4284379.784932756,4293938.787646549,4194734.322969634,4235811.347167969,33146700,-0.001801356643215457,17.829999923706055,4.454999923706055,-0.0015835675045484665,5916.93017578125,19112.3203125,0.0,-0.029453587428401762,1.0,-0.0015835675045484665,17.829999923706055,4.454999923706055,-0.001801356643215457,-0.587785252292473,-0.8090169943749475,0.49999999999999994,-0.8660254037844387,0,30.0,4195077.924859913,0.0,0.0,0.0,16.0,47.0,0.013444550505753551,0.022746009097350008,0.015461312657800349,0.014755702031550806,0.0004306885602783938,0.03416525251891449
2025-05-16,4332538.622040749,4374384.193499693,4278036.390062352,4292759.9267578125,42846900,0.005168357125659773,17.239999771118164,4.440999984741211,0.0020816721866587784,5958.3798828125,19211.099609375,1.0,-0.02443745696120392,1.0,0.0020816721866587784,17.239999771118164,4.440999984741211,0.005168357125659773,-0.9510565162951536,0.30901699437494723,0.49999999999999994,-0.8660254037844387,0,30.0,4198118.446080873,0.0,0.0,0.0,15.0,48.0,0.001990007397089799,0.014559950047772283,-0.012841217547601067,0.03371200970182781,0.01543473406622135,0.05771159677603468
2025-05-19,4248872.868530808,4303885.452924542,4241383.08282387,4301302.550765991,30426100,0.000227021264460614,18.139999389648438,4.474999904632568,-0.006528796682401916,5963.60009765625,19215.4609375,1.0,-0.024215983519122686,1.0,-0.006528796682401916,18.139999389648438,4.474999904632568,0.000227021264460614,0.0,1.0,0.49999999999999994,-0.8660254037844387,0,30.0,4201330.22976533,0.0,0.0,0.0,14.0,49.0,-0.014801769314265462,0.03364505579192638,0.013418024700722777,0.05759697836304221,0.027306131844675157,0.036433972194108696
2025-05-20,4300949.449167911,4354443.394085735,4209725.829787258,4237635.662658691,46607700,-0.00378601378528598,18.09000015258789,4.480999946594238,-0.003086702754672488,5940.4599609375,19142.7109375,1.0,-0.027910315256981066,1.0,-0.003086702754672488,18.09000015258789,4.480999946594238,-0.00378601378528598,0.9510565162951535,0.30901699437494745,0.49999999999999994,-0.8660254037844387,0,30.0,4202460.299143554,0.0,0.0,0.0,13.0,50.0,0.028643772528241566,0.05846232419941779,0.04274053672389561,0.03698136178010521,0.029005658023237704,0.012643492807839347
2025-05-21,4233077.843032747,4477457.903523309,4229715.873573942,4359017.534637451,73416000,-0.01410825840612473,20.8700008392334,4.5960001945495605,-0.005593339718594881,5844.60986328125,18872.640625,0.0,-0.041624807723263935,1.0,-0.005593339718594881,20.8700008392334,4.5960001945495605,-0.01410825840612473,0.5877852522924732,-0.8090169943749473,0.49999999999999994,-0.8660254037844387,0,30.0,4207333.413817345,0.0,0.0,0.0,12.0,51.0,0.013704223534068027,0.03595157309824658,0.0003518083759032364,0.012291420164595628,0.023652493886601168,0.018767938957820793
2025-05-22,4444097.892971588,4571330.669925134,4414617.132392077,4418754.485321045,74864400,0.0028135760347527405,20.280000686645508,4.552999973297119,0.004017693206987971,5842.009765625,18925.740234375,0.0,-0.038928346249972656,1.0,0.004017693206987971,20.280000686645508,4.552999973297119,0.0028135760347527405,-0.587785252292473,-0.8090169943749475,0.49999999999999994,-0.8660254037844387,0,30.0,4213914.260257582,0.0,0.0,0.0,11.0,52.0,-0.013171904435412515,0.012125252987251211,0.009813780116107807,0.01851421600315553,0.006893180992631744,0.019628461886248564
2025-05-23,4375822.095929849,4399117.257440896,4345538.741417827,4360551.073516846,35211400,-0.009961528296397737,22.290000915527344,4.508999824523926,-0.008503386173531191,5802.81982421875,18737.2109375,0.0,-0.048502088723669234,1.0,-0.008503386173531191,22.290000915527344,4.508999824523926,-0.009961528296397737,-0.9510565162951536,0.30901699437494723,0.49999999999999994,-0.8660254037844387,0,30.0,4218478.584634909,0.0,0.0,0.0,10.0,53.0,0.02329249101726241,0.018761338561771607,0.020332908556443718,0.01989045708616419,0.019218892448283627,0.022476624844408613
2025-05-27,4391406.83140326,4469087.309514045,4387277.534507899,4462119.170227051,37995700,0.024654107822710714,18.959999084472656,4.434000015258789,0.005963775761352652,5921.5400390625,19199.16015625,0.0,-0.025043756625978575,1.0,0.005963775761352652,18.959999084472656,4.434000015258789,0.024654107822710714,0.9510565162951535,0.30901699437494745,0.49999999999999994,-0.8660254037844387,0,30.0,4226062.319165189,0.0,0.0,0.0,9.0,54.0,-0.002892215555961472,0.019437704528048425,-0.003980874094882869,0.02196500515904738,-0.0029118852682922165,0.027693690550625042
2025-05-28,4469864.633347018,4524331.120440393,4437597.766440579,4449213.759750366,34784000,-0.00511588539944674,19.309999465942383,4.4770002365112305,0.00361736959902359,5888.5498046875,19100.939453125,0.0,-0.030031521036555264,1.0,0.00361736959902359,19.309999465942383,4.4770002365112305,-0.00511588539944674,0.5877852522924732,-0.8090169943749473,0.49999999999999994,-0.8660254037844387,0,30.0,4233008.293627261,0.0,0.0,0.0,8.0,55.0,-0.0010918163070288386,0.02202871695690802,-1.9726766391370607e-05,0.027774019000429653,-0.014928232187445068,0.014452900627919214
2025-05-29,4499697.12236961,4510558.4128995165,4412547.942305195,4444356.035614014,29317300,0.003922827339664758,19.18000030517578,4.423999786376953,-0.0060071935384495845,5912.169921875,19175.869140625,0.0,-0.0262265021686644,1.0,-0.0060071935384495845,19.18000030517578,4.423999786376953,0.003922827339664758,-0.587785252292473,-0.8090169943749475,0.49999999999999994,-0.8660254037844387,0,30.0,4239586.857559482,0.0,0.0,0.0,7.0,56.0,0.0010732613448755067,0.027804376271850027,-0.013851539216810593,0.014468697788105741,-0.03036727537128943,0.01867145201878348
2025-05-30,4439022.60017798,4461301.923256681,4337729.375756402,4449125.991149902,52639900,-0.0032384247576783265,18.56999969482422,4.415999889373779,0.0005036568530683017,5911.68994140625,19113.76953125,0.0,-0.029379994372412455,1.0,0.0005036568530683017,18.56999969482422,4.415999889373779,-0.0032384247576783265,-0.9510565162951536,0.30901699437494723,0.49999999999999994,-0.8660254037844387,0,30.0,4246109.125427918,0.0,0.0,0.0,6.0,57.0,-0.014908799523459073,0.014453185742537969,-0.03140682898065488,0.018651434155477913,-0.019905117482732257,0.010847825329244956
2025-06-02,4351939.177568624,4404575.208376521,4340271.164034478,4382794.863693237,38612300,0.006740682079448224,18.360000610351562,4.461999893188477,-0.006342543755149088,5935.93994140625,19242.609375,1.0,-0.022837353494524648,1.0,-0.006342543755149088,18.360000610351562,4.461999893188477,0.006740682079448224,0.0,1.0,1.2246467991473532e-16,-1.0,0,30.0,4250363.705388642,0.0,0.0,0.0,5.0,58.0,-0.016747717824720024,0.01893371308814374,-0.0050719344126271765,0.011012001045179663,-0.0028623810939494183,0.019799273899230037
2025-06-03,4343364.410692458,4369036.917766876,4286054.337293518,4309393.052032471,45084900,0.008125278617521214,17.690000534057617,4.460000038146973,0.00557247283448481,5970.3701171875,19398.9609375,1.0,-0.014897634737033316,1.0,0.00557247283448481,17.690000534057617,4.460000038146973,0.008125278617521214,0.9510565162951535,0.30901699437494745,1.2246467991473532e-16,-1.0,0,30.0,4252201.09587658,0.0,0.0,0.0,4.0,59.0,0.011874656813673643,0.011199568254057306,0.014121845412910346,0.020136514563106306,0.04649738314143973,0.022113332806874702
2025-06-04,4326573.766705676,4364976.732272745,4316713.390652947,4360565.615600586,26900800,0.0031717831214381764,17.610000610351562,4.364999771118164,-0.0046347514808328105,5970.81005859375,19460.490234375,1.0,-0.01177310368200346,1.0,-0.0046347514808328105,17.610000610351562,4.364999771118164,0.0031717831214381764,0.5877852522924732,-0.8090169943749473,1.2246467991473532e-16,-1.0,0,30.0,4255574.128937106,0.0,0.0,0.0,3.0,60.0,0.0022208171576437647,0.01990020644109702,0.03421641810537163,0.02185382612161483,0.04947404429592453,0.012515770028603362
2025-06-05,4425588.710717804,4440917.354538802,4354141.198588401,4370249.634536743,36379100,-0.008326666680717576,18.479999542236328,4.394000053405762,-0.0005061549883026428,5939.2998046875,19298.44921875,1.0,-0.020001739652563466,1.0,-0.0005061549883026428,18.479999542236328,4.394000053405762,-0.008326666680717576,-0.587785252292473,-0.8090169943749475,1.2246467991473532e-16,-1.0,0,30.0,4259143.602345978,0.0,0.0,0.0,2.0,60.0,0.03192470202172535,0.02180540031446717,0.047148518898553364,0.012488036383138409,0.061177741184388304,0.03683817767101544
2025-06-06,4435765.790325842,4531060.833081069,4435765.790325842,4509768.551879883,35731800,0.011995782530291654,16.770000457763672,4.510000228881836,0.004557469995670749,6000.35986328125,19529.94921875,1.0,-0.008245893641371516,1.0,0.004557469995670749,16.770000457763672,4.510000228881836,0.011995782530291654,-0.9510565162951536,0.30901699437494723,1.2246467991473532e-16,-1.0,0,30.0,4266944.737281319,0.0,0.0,0.0,1.0,60.0,0.014752836953124415,0.012101693426537913,0.028348036543122776,0.03569851327218241,0.019777337661021407,0.02081527406769109
2025-06-09,4536018.304797878,4586176.157762065,4531600.321322572,4576300.432022095,28935900,0.003138309011380125,17.15999984741211,4.48199987411499,-0.0025204153024159792,6005.8798828125,19591.240234375,1.0,-0.0051334627923129705,1.0,-0.0025204153024159792,17.15999984741211,4.48199987411499,0.003138309011380125,0.0,1.0,1.2246467991473532e-16,-1.0,0,30.0,4276573.9682185305,0.0,0.0,1.0,0.0,0.0,0.013397547752434989,0.03517951561423569,0.004951452733045274,0.020512654224442078,-0.0036320913766396097,0.01117157672367891
2025-06-10,4575291.8707315475,4702787.331739473,4541795.299235718,4637611.6355896,61766100,0.006316598567499998,16.950000762939453,4.473999977111816,0.0011117910616256221,6038.81005859375,19714.990234375,1.0,0.0011507097514666942,1.0,0.0011117910616256221,16.950000762939453,4.473999977111816,0.006316598567499998,0.9510565162951535,0.30901699437494745,1.2246467991473532e-16,-1.0,0,30.0,4287811.889922417,0.0,0.0,0.0,60.0,1.0,-0.008334434041331457,0.020241468187816414,-0.016804500037368164,0.011023883715187395,-0.02219243949387147,0.02653468401352775
2025-06-11,4661714.060130678,4677272.750069697,4583400.681680463,4598959.767303467,31646800,-0.005027107486322402,17.260000228881836,4.4120001792907715,-0.004240341094390199,6022.240234375,19615.880859375,1.0,-0.0038821824764618817,1.0,-0.004240341094390199,17.260000228881836,4.4120001792907715,-0.005027107486322402,0.5877852522924732,-0.8090169943749473,1.2246467991473532e-16,-1.0,0,30.0,4297496.905643352,0.0,0.0,0.0,60.0,2.0,-0.008541252501642,0.011116533732347885,-0.013974474790947412,0.026757694251363855,-0.0009693052545518757,0.01294217781473855
2025-06-12,4572135.500956347,4586149.5340003865,4535025.042613447,4559678.890686035,20941900,0.002376104103309906,18.020000457763672,4.35699987411499,-0.007198612027215168,6045.259765625,19662.490234375,1.0,-0.0015153028428640525,1.0,-0.007198612027215168,18.020000457763672,4.35699987411499,0.002376104103309906,-0.587785252292473,-0.8090169943749475,1.2246467991473532e-16,-1.0,0,30.0,4305657.77329335,0.0,0.0,0.0,59.0,3.0,-0.005480028597270923,0.026988207344863,0.007637178315482726,0.01305367252787286,0.002192895848400286,0.015834584117089205
2025-06-13,4476797.729776345,4598557.13586002,4475499.576532191,4534691.719970703,27663100,-0.013002430170469537,20.81999969482422,4.423999786376953,0.002655250623900818,5976.97021484375,19406.830078125,1.0,-0.01449803039393216,1.0,0.002655250623900818,20.81999969482422,4.423999786376953,-0.013002430170469537,-0.9510565162951536,0.30901699437494723,1.2246467991473532e-16,-1.0,0,30.0,4312786.850929581,0.0,0.0,0.0,58.0,4.0,0.013189485671416305,0.01312560119779314,0.007715203984138064,0.01592183623497795,-0.00574578889958689,0.01927472083412023
2025-06-16,4541479.26930933,4598920.463846486,4539399.908775216,4594501.971435547,27389200,0.015168930638848721,19.110000610351562,4.452000141143799,-0.0018333703872099871,6033.10986328125,19701.2109375,1.0,0.0004509806274710648,1.0,-0.0018333703872099871,19.110000610351562,4.452000141143799,0.015168930638848721,0.0,1.0,1.2246467991473532e-16,-1.0,0,30.0,4321555.721197604,0.0,0.0,0.0,57.0,5.0,-0.005403018650208916,0.015714569150337098,-0.01868877918571692,0.019023806609429365,-0.054664425756342394,0.05037548080443273
2025-06-17,4563184.927328828,4606297.641169567,4534097.022228083,4569677.791595459,24973000,-0.009142640740278152,21.600000381469727,4.39300012588501,0.008367343824736917,5982.72021484375,19521.08984375,1.0,-0.00869578326666487,1.0,0.008367343824736917,21.600000381469727,4.39300012588501,-0.009142640740278152,0.9510565162951535,0.30901699437494745,1.2246467991473532e-16,-1.0,0,30.0,4329278.949691853,0.0,0.0,0.0,56.0,6.0,-0.013357933700419626,0.019127150962806774,-0.049529013288658545,0.05064913904732243,-0.05794375125455102,0.03045327709933319
2025-06-18,4578611.952801799,4592919.382069732,4505514.4650985,4508636.338623047,28707500,0.0012898709908895079,20.139999389648438,4.396999835968018,0.0009107869617801523,5980.8701171875,19546.26953125,1.0,-0.007417128714354071,1.0,0.0009107869617801523,20.139999389648438,4.396999835968018,0.0012898709908895079,0.5877852522924732,-0.8090169943749473,1.2246467991473532e-16,-1.0,0,30.0,4334861.758567444,0.0,0.0,0.0,55.0,7.0,-0.03666079201741239,0.051334866794483014,-0.04518945530201377,0.030865577436353164,-0.03343644594854983,0.0121131752506627
2025-06-20,4533875.743895657,4544040.784446864,4312590.538578885,4343346.15953064,75659900,-0.00505771062053284,20.6200008392334,4.375,-0.0020220864445619213,5967.83984375,19447.41015625,1.0,-0.012437325644214514,1.0,-0.0020220864445619213,20.6200008392334,4.375,-0.00505771062053284,-0.9510565162951536,0.30901699437494723,1.2246467991473532e-16,-1.0,0,30.0,4335125.850218665,0.0,0.0,0.0,54.0,8.0,-0.008853229697213298,0.03204019641325661,0.003347051632638254,0.012574153683654124,0.025302512356480265,0.028894438674032793
2025-06-23,4333038.640994089,4360922.906621859,4221761.242579734,4304893.518325806,57671000,0.009438817066138139,19.829999923706055,4.320000171661377,-0.002937908197924055,6025.169921875,19630.970703125,1.0,-0.0031159022196241004,1.0,-0.002937908197924055,19.829999923706055,4.320000171661377,0.009438817066138139,0.0,1.0,1.2246467991473532e-16,-1.0,0,30.0,4334184.816610699,0.0,0.0,0.0,53.0,9.0,0.01230925801849152,0.012686469915866071,0.034460831712400455,0.029152532742659085,0.05179483297060264,0.022728078692134453
2025-06-24,4361803.0688077565,4395773.577810982,4341159.675699735,4357883.56338501,40524300,0.01434257113455839,17.479999542236328,4.293000221252441,-0.005689875726602511,6092.18017578125,19912.529296875,1.0,0.011181978865700826,1.0,-0.005689875726602511,17.479999542236328,4.293000221252441,0.01434257113455839,0.9510565162951535,0.30901699437494745,1.2246467991473532e-16,-1.0,0,30.0,4334922.481083963,0.0,0.0,0.0,52.0,10.0,0.021882219804320212,0.028798050113383992,0.03900544684279658,0.02245171474241253,0.06683743022970949,0.041530930012121124
2025-06-25,4373665.925342563,4497077.131797014,4371578.58255036,4453243.729400635,35479000,0.0030644768158396563,16.760000228881836,4.293000221252441,-0.0018393654614052846,6092.16015625,19973.55078125,1.0,0.014280722596529571,1.0,-0.0018393654614052846,16.760000228881836,4.293000221252441,0.0030644768158396563,0.5877852522924732,-0.8090169943749473,1.2246467991473532e-16,-1.0,0,30.0,4338605.434539127,0.0,0.0,0.0,51.0,11.0,0.016756556388421443,0.021970941765394252,0.04399255565284004,0.040641601553722956,0.03014794896964662,0.03887236985305969
2025-06-26,4498903.523379775,4531778.67628152,4433936.717635752,4527864.759063721,31796700,0.009730837402353698,16.59000015258789,4.252999782562256,-0.005425867911967974,6141.02001953125,20167.91015625,1.0,0.024150523388458467,1.0,-0.005425867911967974,16.59000015258789,4.252999782562256,0.009730837402353698,-0.587785252292473,-0.8090169943749475,1.2246467991473532e-16,-1.0,1,30.0,4344496.458282508,0.0,0.0,0.0,50.0,12.0,0.026787139058303645,0.039971811638062404,0.013170697053375476,0.03823173758636641,0.012013430655509472,0.014733575783087838
2025-06-27,4519207.070700899,4653059.338096104,4472072.380824188,4649153.302001953,108140200,0.005233600330041721,16.31999969482422,4.2829999923706055,0.0025733401551559787,6173.06982421875,20273.4609375,1.0,0.029510517905676492,1.0,0.0025733401551559787,16.31999969482422,4.2829999923706055,0.005233600330041721,-0.9510565162951536,0.30901699437494723,1.2246467991473532e-16,-1.0,1,30.0,4353979.4293564195,0.0,0.0,0.0,49.0,13.0,-0.013261212073045836,0.037234336243663756,-0.014388287348771794,0.014349201721206236,0.000999542478540893,0.021237021710578466
2025-06-30,4705942.491982646,4717656.507771421,4544548.370476341,4587499.894104004,63378900,0.004748549423642334,16.729999542236328,4.230000019073486,-0.005338852816370587,6204.9501953125,20369.73046875,1.0,0.03439919948211112,1.0,-0.005338852816370587,16.729999542236328,4.230000019073486,0.004748549423642334,0.0,1.0,1.2246467991473532e-16,-1.0,1,30.0,4361248.157625682,0.0,0.0,0.0,48.0,14.0,-0.0011422225309434084,0.01454204688897714,0.01445241103934633,0.021522435289277986,0.02106837679152165,0.0149010983105785
2025-07-01,4579654.261077316,4588774.763030711,4522063.124467473,4582259.948364258,35904500,-0.00819057689575009,16.829999923706055,4.250999927520752,-0.0006192976909031866,6198.009765625,20202.890625,1.0,0.025926873297850594,1.0,-0.0006192976909031866,16.829999923706055,4.250999927520752,-0.00819057689575009,0.9510565162951535,0.30901699437494745,-0.4999999999999997,-0.8660254037844388,0,30.0,4368127.531786392,0.0,0.0,0.0,47.0,15.0,0.015612466481268242,0.021547046811621513,0.02223599778012753,0.014918138144086402,0.006942408718779108,0.02061848580803542
2025-07-02,4573041.20667991,4659531.641229396,4560797.471618973,4653800.328216553,29128900,0.00941648588344024,16.639999389648438,4.293000221252441,-0.000413147238725764,6227.419921875,20393.130859375,1.0,0.03558749921770188,1.0,-0.000413147238725764,16.639999389648438,4.293000221252441,0.00941648588344024,0.5877852522924732,-0.8090169943749473,-0.4999999999999997,-0.8660254037844388,0,30.0,4377019.591561177,0.0,0.0,0.0,46.0,16.0,0.006521711299790794,0.014688809596609603,-0.008536777608222716,0.02030152886904889,-0.0235850456595038,0.02878396565603026
2025-07-03,4657277.177921664,4687803.820893311,4619445.033971499,4684151.070404053,21689700,0.010197980458914957,16.3799991607666,4.3480000495910645,0.004133101166813313,6279.35009765625,20601.099609375,1.0,0.04614840029822043,1.0,0.004133101166813313,16.3799991607666,4.3480000495910645,0.010197980458914957,-0.587785252292473,-0.8090169943749475,-0.4999999999999997,-0.8660254037844388,0,30.0,4386579.589932448,0.0,0.0,0.0,45.0,17.0,-0.014960918119259889,0.020169986043154627,-0.02991168160736013,0.028597461269722183,-0.017713845521539942,0.03709572547210452
2025-07-07,4673317.094373442,4679581.038242759,4585101.776528682,4614071.869781494,34175600,-0.009153884098457632,17.790000915527344,4.394999980926514,0.003087086343030565,6229.97998046875,20412.51953125,1.0,0.036572079092103804,1.0,0.003087086343030565,17.790000915527344,4.394999980926514,-0.009153884098457632,0.0,1.0,-0.4999999999999997,-0.8660254037844388,0,30.0,4393660.680522795,0.0,0.0,0.0,44.0,18.0,-0.015177837877817674,0.02903180370784975,-0.002794739267627713,0.0376591407939647,0.0039267014039535714,0.02289095258131779
2025-07-08,4634994.154036415,4637600.040822245,4503645.212004838,4544040.234985352,40442500,0.000291066776000104,16.809999465942383,4.414999961853027,0.00030774290381407887,6225.52001953125,20418.4609375,1.0,0.036873790785256766,1.0,0.00030774290381407887,16.809999465942383,4.414999961853027,0.000291066776000104,0.9510565162951535,0.30901699437494745,-0.4999999999999997,-0.8660254037844388,0,30.0,4398341.504192029,0.0,0.0,0.0,43.0,19.0,0.012573943892068553,0.03823953424526255,0.019398973760504215,0.023243742334139124,0.032645307391622226,0.028367784288516815
2025-07-09,4565486.617132764,4674641.539084227,4500879.556906654,4601176.741943359,43025600,0.009446299936140878,15.9399995803833,4.3420000076293945,-0.0004102237170650058,6263.259765625,20611.33984375,1.0,0.04666841160893753,1.0,-0.0004102237170650058,15.9399995803833,4.3420000076293945,0.009446299936140878,0.5877852522924732,-0.8090169943749473,-0.4999999999999997,-0.8660254037844388,0,30.0,4404655.101710085,0.0,0.0,0.0,42.0,20.0,0.0067402779911579,0.022955106117777707,0.019822121259020966,0.028015518727924696,0.027890848132584602,0.02258917264579999
2025-07-10,4580292.5700939875,4653314.0523461,4547693.55196814,4632189.952270508,29252400,0.0009373632498645978,15.779999732971191,4.3460001945495605,0.001846725176172015,6280.4599609375,20630.66015625,1.0,0.04764952011277401,1.0,0.001846725176172015,15.779999732971191,4.3460001945495605,0.0009373632498645978,-0.587785252292473,-0.8090169943749475,-0.4999999999999997,-0.8660254037844388,0,30.0,4411737.517387437,0.0,0.0,0.0,41.0,21.0,0.012994258354266383,0.0278279506049233,0.021008963884538715,0.02243793472818457,0.023169705138967572,0.01472911885449596
2025-07-11,4603841.16845105,4724672.7823596345,4595768.429175229,4692381.825256348,34282900,-0.0021875625420221256,16.399999618530273,4.422999858856201,0.0020480997963854275,6259.75,20585.529296875,1.0,0.04535772126540771,1.0,0.0020480997963854275,16.399999618530273,4.422999858856201,-0.0021875625420221256,-0.9510565162951536,0.30901699437494723,-0.4999999999999997,-0.8660254037844388,0,30.0,4420473.056760482,0.0,0.0,0.0,40.0,22.0,0.007911896305605135,0.022150110470159776,0.010044920492671354,0.0145401799990705,0.01620623734568014,0.012774101937568961
2025-07-14,4715180.279429201,4784471.463294267,4680534.687496669,4729507.463684082,32536600,0.0026621021232773323,17.200000762939453,4.427000045776367,0.0023505708791036195,6268.56005859375,20640.330078125,1.0,0.04814057027477281,1.0,0.0023505708791036195,17.200000762939453,4.427000045776367,0.0026621021232773323,0.0,1.0,-0.4999999999999997,-0.8660254037844388,0,30.0,4430092.287058812,0.0,0.0,0.0,39.0,23.0,0.0021162803960193296,0.014426042645558603,0.008229232208169223,0.012673827925229463,0.012365114859039173,0.01974217740898886
2025-07-15,4760609.816267694,4797328.143298249,4729100.0669346545,4739516.427612304,33448300,0.0018154120105235982,17.3799991607666,4.488999843597412,0.005505718856505526,6243.759765625,20677.80078125,1.0,0.05004337725476682,1.0,0.005505718856505526,17.3799991607666,4.488999843597412,0.0018154120105235982,0.9510565162951535,0.30901699437494745,-0.4999999999999997,-0.8660254037844388,0,30.0,4439723.6484903,0.0,0.0,0.0,38.0,24.0,0.006100042411978537,0.01264706319332621,0.010227190859497541,0.019700485657400044,0.018176718508747185,0.014910030494540342
2025-07-16,4775464.328762593,4803871.000199157,4743930.036433336,4768427.678833008,33104200,0.0025481168757934824,17.15999984741211,4.454999923706055,-0.0023322181152704013,6263.7001953125,20730.490234375,1.0,0.052719010504664876,1.0,-0.0023322181152704013,17.15999984741211,4.454999923706055,0.0025481168757934824,0.5877852522924732,-0.8090169943749473,-0.4999999999999997,-0.8660254037844388,0,30.0,4449955.129830297,0.0,0.0,0.0,37.0,25.0,0.004102125309153915,0.01958104048000137,0.012003454515136062,0.014819630122264693,0.039763692205928264,0.02264398165651368
2025-07-17,4750431.362294041,4800507.235511722,4707136.460106534,4787988.366699219,31992600,0.00748463516761011,16.520000457763672,4.4629998207092285,0.003455676078812253,6297.35986328125,20885.650390625,1.0,0.060598228232299656,1.0,0.003455676078812253,16.520000457763672,4.4629998207092285,0.00748463516761011,-0.587785252292473,-0.8090169943749475,-0.4999999999999997,-0.8660254037844388,0,30.0,4460476.998855502,0.0,0.0,0.0,36.0,26.0,0.007869049379364078,0.01475908649999308,0.03551587632163858,0.02255147268963484,0.04187170936307602,0.02281503706341533
2025-07-18,4834531.103026667,4861128.959244427,4790462.624779353,4825665.283584596,34014500,0.00047879763440294987,16.40999984741211,4.432000160217285,-0.0025321583257339464,6296.7900390625,20895.650390625,1.0,0.061106040155029406,1.0,-0.0025321583257339464,16.40999984741211,4.432000160217285,0.00047879763440294987,-0.9510565162951536,0.30901699437494723,-0.4999999999999997,-0.8660254037844388,0,30.0,4471844.115701912,0.0,0.0,0.0,35.0,27.0,0.027430971274789266,0.022375399565570362,0.03373718044487074,0.022636906131272318,0.027346984059423804,0.01809188216540113
2025-07-21,4857625.155943054,4962993.064756798,4855016.875866891,4958037.9693603525,45803100,0.0037581647571129917,16.649999618530273,4.372000217437744,-0.006397287381572192,6305.60009765625,20974.1796875,1.0,0.06509385147869962,1.0,-0.006397287381572192,16.649999618530273,4.372000217437744,0.0037581647571129917,0.0,1.0,-0.4999999999999997,-0.8660254037844388,0,30.0,4486977.740124287,0.0,0.0,0.0,34.0,28.0,0.006137842197084074,0.022032532368754156,-8.174487407290755e-05,0.017608854191881674,0.010115449848056849,0.03653171338246252
2025-07-22,4992641.116776869,4996551.642598557,4887313.510553113,4988469.6240234375,44660200,-0.0038852644341349496,16.5,4.335999965667725,-0.004701063787898918,6309.6201171875,20892.689453125,1.0,0.06095568021853359,1.0,-0.004701063787898918,16.5,4.335999965667725,-0.0038852644341349496,0.9510565162951535,0.30901699437494745,-0.4999999999999997,-0.8660254037844388,0,30.0,4502587.542191285,0.0,0.0,0.0,33.0,29.0,-0.006181645108959809,0.01750143315694155,0.003953342657589489,0.03630885535791886,0.008843542739295683,0.016032493957065706
2025-07-23,4990730.582021387,5017573.644200403,4930268.276520124,4957632.675170898,58681900,0.006094480005107927,15.369999885559082,4.388000011444092,-0.0018482421840421148,6358.91015625,21020.01953125,1.0,0.06742165339793127,1.0,-0.0018482421840421148,15.369999885559082,4.388000011444092,0.006094480005107927,0.5877852522924732,-0.8090169943749473,-0.4999999999999997,-0.8660254037844388,0,30.0,4516751.60882011,0.0,0.0,0.0,32.0,30.0,0.010198028358673727,0.03653469990690571,0.015118645952059135,0.016132217601096198,0.0123534483624924,0.01687434487045563
2025-07-24,5134848.454528652,5158824.758671402,4977699.136635363,5008190.753784179,74881700,0.001805012892285518,15.390000343322754,4.4079999923706055,0.0017487724570142138,6363.35009765625,21057.9609375,1.0,0.06934836324381921,1.0,0.0017487724570142138,15.390000343322754,4.4079999923706055,0.001805012892285518,-0.587785252292473,-0.8090169943749475,-0.4999999999999997,-0.8660254037844388,0,30.0,4532048.50200454,0.0,0.0,0.0,31.0,31.0,0.004870943572697538,0.01596936159864332,0.0021336608697610578,0.016703997034989607,0.020384396165388747,0.02001671695793494
2025-07-25,5001323.916267498,5062544.574619671,4982566.96551751,5032585.368347167,39785900,0.002391464926232212,14.930000305175781,4.386000156402588,0.002772687205548907,6388.64013671875,21108.3203125,1.0,0.07190567234844081,1.0,0.002772687205548907,14.930000305175781,4.386000156402588,0.002391464926232212,-0.9510565162951536,0.30901699437494723,-0.4999999999999997,-0.8660254037844388,0,30.0,4547628.5774986725,0.0,0.0,0.0,30.0,32.0,-0.0027240141835571455,0.016623027207454677,0.015438253729911821,0.01991968927548837,0.020653345526198384,0.015112730838414384
2025-07-28,5046761.870482325,5057186.611077756,4973529.807575882,5018876.534423827,38139500,0.003328534179168896,15.029999732971191,4.420000076293945,0.010343083670744324,6389.77001953125,21178.580078125,1.0,0.07547354701569753,1.0,0.010343083670744324,15.029999732971191,4.420000076293945,0.003328534179168896,0.0,1.0,-0.4999999999999997,-0.8660254037844388,0,30.0,4562296.985040754,0.0,0.0,0.0,29.0,33.0,0.01821187732561314,0.01997409900448035,0.023441213908923234,0.015154010578167086,-0.00047908717292073454,0.025521947782770105
2025-07-29,5023607.074800475,5114717.696605107,5014470.159815262,5110279.698181152,41389200,-0.003791142528385638,15.979999542236328,4.329999923706055,0.0025339549029026465,6370.85986328125,21098.2890625,1.0,0.07139627351345257,1.0,0.0025339549029026465,15.979999542236328,4.329999923706055,-0.003791142528385638,0.9510565162951535,0.30901699437494745,-0.4999999999999997,-0.8660254037844388,0,30.0,4579353.894559909,0.0,0.0,0.0,28.0,34.0,0.005135803951772023,0.014882963865997998,-0.0183566553433129,0.025065458723389517,-0.032636953152643866,0.015395534193163892
2025-07-30,5112218.723618633,5164490.897075654,5088434.788982481,5136525.092849731,32445400,0.0014873651262450327,15.479999542236328,4.375999927520752,0.010413494501683607,6362.89990234375,21129.669921875,1.0,0.07298983096706535,1.0,0.010413494501683607,15.479999542236328,4.375999927520752,0.0014873651262450327,0.5877852522924732,-0.8090169943749473,-0.4999999999999997,-0.8660254037844388,0,30.0,4596696.811568083,0.0,0.0,0.0,27.0,35.0,-0.023372423112103292,0.02493738520192262,-0.03757975485094578,0.015316869752957873,-0.007771044561931328,0.026199694321855406
2025-07-31,5116069.884317362,5123389.353293215,4995297.84845348,5016472.055053712,51329200,-0.0003417328880052084,16.719999313354492,4.360000133514404,0.0009005036591167581,6339.39013671875,21122.44921875,1.0,0.07262315505332873,1.0,0.0009005036591167581,16.719999313354492,4.360000133514404,-0.0003417328880052084,-0.587785252292473,-0.8090169943749475,-0.4999999999999997,-0.8660254037844388,0,30.0,4609763.041897654,0.0,0.0,0.0,26.0,36.0,-0.014547338284379912,0.015683429503154444,0.01597474709846616,0.026826699288323257,0.013427876173338746,0.02066733417242349
2025-08-01,4940881.771254437,4987930.400170826,4909254.914340847,4943495.739074707,34832200,-0.022360965552978174,20.3799991607666,4.21999979019165,-0.013395944759003298,6238.009765625,20650.130859375,1.0,0.04863826563185447,1.0,-0.013395944759003298,20.3799991607666,4.21999979019165,-0.022360965552978174,-0.9510565162951536,0.30901699437494723,-0.8660254037844385,-0.5000000000000004,0,30.0,4620151.049188449,0.0,0.0,0.0,25.0,37.0,0.030972655073769614,0.027222717366879316,0.0283881870175431,0.020972427165037815,0.037908182807622495,0.015667373383976294
2025-08-04,4972486.218073042,5102619.366788506,4968043.979479303,5096608.927459718,31547400,0.019537368624801488,17.520000457763672,4.199999809265137,0.0009119093693816804,6329.93994140625,21053.580078125,1.0,0.06912589798157653,1.0,0.0009119093693816804,17.520000457763672,4.199999809265137,0.019537368624801488,0.0,1.0,-0.8660254037844385,-0.5000000000000004,0,30.0,4634981.624541433,0.0,0.0,0.0,24.0,38.0,-0.002506825029264804,0.020342369956977344,0.006727169435310213,0.015196691499887782,0.007972977651754384,0.01646440349515689
2025-08-05,5084877.449051721,5167139.954195701,5063462.8498672815,5083832.620635987,31602300,-0.006508598365053131,17.850000381469727,4.196000099182129,0.0,6299.18994140625,20916.55078125,1.0,0.06216738690993773,1.0,0.0,17.850000381469727,4.196000099182129,-0.006508598365053131,0.9510565162951535,0.30901699437494745,-0.8660254037844385,-0.5000000000000004,0,30.0,4648952.887948798,0.0,0.0,0.0,23.0,39.0,0.009257200646857486,0.015234882685120755,0.01050613973506801,0.016505780599090244,0.035306548906410454,0.027961822087451117
2025-08-06,5089290.803986225,5145024.5534080425,5067572.959841863,5130894.679260254,21562900,0.01208942828430759,16.770000457763672,4.21999979019165,-0.0060740886974666175,6345.06005859375,21169.419921875,1.0,0.07500838335991578,1.0,-0.0060740886974666175,16.770000457763672,4.21999979019165,0.01208942828430759,0.5877852522924732,-0.8090169943749473,-0.8660254037844385,-0.5000000000000004,0,30.0,4663954.15957795,0.0,0.0,0.0,22.0,40.0,0.001237483455565191,0.016354384777746728,0.025810416059313033,0.027705348120904864,0.024062359116029972,0.012278499550977658
2025-08-07,5151360.08127168,5163907.685355002,5079995.0595162865,5137244.076538086,26321800,0.0034615637625137197,16.56999969482422,4.24399995803833,0.002240794663060486,6340.0,21242.69921875,1.0,0.07872959342415298,1.0,0.002240794663060486,16.56999969482422,4.24399995803833,0.0034615637625137197,-0.587785252292473,-0.8090169943749475,-0.8660254037844385,-0.5000000000000004,0,30.0,4678686.126657081,0.0,0.0,0.0,21.0,41.0,0.024542561589823247,0.027671105585545554,0.022796665164481675,0.01226332389055286,0.03592809162264506,0.019919753638609258
2025-08-08,5153574.6843775,5294421.273117843,5152268.049857239,5263325.205688477,39161800,0.009759603069510403,15.149999618530273,4.284999847412109,-0.002235784728572998,6389.4501953125,21450.01953125,1.0,0.08925756607530722,1.0,-0.002235784728572998,15.149999618530273,4.284999847412109,0.009759603069510403,-0.9510565162951536,0.30901699437494723,-0.8660254037844385,-0.5000000000000004,0,30.0,4696884.028950844,0.0,0.0,0.0,20.0,42.0,-0.0017040740822249442,0.011969560221610878,0.01111279361118433,0.019442582851510813,0.004786721376550048,0.0349257617473185
2025-08-11,5252787.708929791,5266903.714015091,5203904.02599968,5254356.109619142,25832400,-0.0030125446054189986,16.25,4.2729997634887695,0.003462989782377246,6373.4501953125,21385.400390625,1.0,0.08597612907071506,1.0,0.003462989782377246,16.25,4.2729997634887695,-0.0030125446054189986,0.0,1.0,-0.8660254037844385,-0.5000000000000004,0,30.0,4714236.311443335,0.0,0.0,0.0,19.0,43.0,0.012838745867490337,0.019475771008117093,0.006501875135679567,0.03498537942565456,0.012156534026672177,0.016009802062795654
2025-08-12,5270256.570110137,5352175.074346676,5249842.437960632,5321815.452407837,30397900,0.013864598959296481,14.729999542236328,4.293000221252441,-0.0042630753477077565,6445.759765625,21681.900390625,1.0,0.10103275257964994,1.0,-0.0042630753477077565,14.729999542236328,4.293000221252441,0.013864598959296481,0.9510565162951535,0.30901699437494745,-0.8660254037844385,-0.5000000000000004,0,30.0,4733148.262832762,0.0,0.0,0.0,18.0,44.0,-0.0062565445463712765,0.034541904689566146,-0.0006735641222274233,0.01580686178142144,0.0027157336925548673,0.025375267350596194
2025-08-13,5345342.790360649,5355817.019722415,5171991.377589883,5288519.27696228,28342900,0.0014408439210664703,14.489999771118164,4.23799991607666,-0.0026503785960716453,6466.580078125,21713.140625,1.0,0.1026191689280993,1.0,-0.0026503785960716453,14.489999771118164,4.23799991607666,0.0014408439210664703,0.5877852522924732,-0.8090169943749473,-0.8660254037844385,-0.5000000000000004,0,30.0,4750435.145996065,0.0,0.0,0.0,17.0,45.0,0.0056181305079340705,0.01590638076122559,0.009028767122627677,0.0255350283932313,0.007433272752184223,0.013762473063754891
2025-08-14,5280494.269743004,5357539.758799461,5273418.557517017,5318230.8684539795,25230400,-0.00011378838131570479,14.829999923706055,4.293000221252441,0.004190552713160711,6468.5400390625,21710.669921875,1.0,0.1024937036776592,1.0,0.004190552713160711,14.829999923706055,4.293000221252441,-0.00011378838131570479,-0.587785252292473,-0.8090169943749475,-0.8660254037844385,-0.5000000000000004,0,30.0,4768108.769690917,0.0,0.0,0.0,16.0,46.0,0.003391582262912171,0.025392370740505297,0.0018050015101988375,0.013685585657453805,-0.006372494757930749,0.017154434426575927
2025-08-15,5334959.855077813,5402742.666329868,5267700.176434485,5336268.0859375,34931400,-0.004039002639741107,15.09000015258789,4.328000068664551,-0.004071262349912508,6449.7998046875,21622.98046875,1.0,0.09804072869820724,1.0,-0.004071262349912508,15.09000015258789,4.328000068664551,-0.004039002639741107,-0.9510565162951536,0.30901699437494723,-0.8660254037844385,-0.5000000000000004,0,30.0,4785793.710871168,0.0,0.0,0.0,15.0,47.0,-0.0015812179220550926,0.013639326758740796,-0.009731073285289433,0.01709645040861132,-0.020225854888790647,0.02300489491544959
2025-08-18,5346156.892239953,5374170.737081338,5301387.632984996,5327830.283203125,18526600,0.00031397440837599433,14.989999771118164,4.341000080108643,0.0032703086337690923,6449.14990234375,21629.76953125,1.0,0.09838548538637304,1.0,0.0032703086337690923,14.989999771118164,4.341000080108643,0.00031397440837599433,0.0,1.0,-0.8660254037844385,-0.5000000000000004,0,30.0,4802665.536475583,0.0,0.0,0.0,14.0,48.0,-0.008162762469544664,0.017123526435499917,-0.018674164890940523,0.02304132827666861,-0.013564524871785385,0.01506198352692471
2025-08-19,5322615.469635961,5333364.08731646,5242132.844618174,5284340.470123291,24240200,-0.014554954552111976,15.569999694824219,4.302000045776367,0.0010186256084980805,6411.3701171875,21314.94921875,1.0,0.08239853456587487,1.0,0.0010186256084980805,15.569999694824219,4.302000045776367,-0.014554954552111976,0.9510565162951535,0.30901699437494745,-0.8660254037844385,-0.5000000000000004,0,30.0,4817658.5016985,0.0,0.0,0.0,13.0,49.0,-0.01059791064869461,0.02323095706109855,-0.005446218590955912,0.015185942770637522,0.027482471616909962,0.036095701842322823
2025-08-20,5265322.726625192,5279749.78600731,5156989.499449651,5228337.5019836435,28955500,-0.006666206064662283,15.6899995803833,4.296000003814697,-0.0005087557145735389,6395.77978515625,21172.859375,1.0,0.07518304289037014,1.0,-0.0005087557145735389,15.6899995803833,4.296000003814697,-0.006666206064662283,0.5877852522924732,-0.8090169943749473,-0.8660254037844385,-0.5000000000000004,0,30.0,4830441.595729215,0.0,0.0,0.0,12.0,50.0,0.005206874043611904,0.015348605924810691,0.0384882775925526,0.03648233840499439,0.046404331077134604,0.02629941147512031
2025-08-21,5255560.796813965,5327388.8745167125,5247141.182556856,5255560.796813965,19774600,-0.003426501203265042,16.600000381469727,4.329999923706055,0.00407250581253904,6370.169921875,21100.310546875,1.0,0.07149892690017623,1.0,0.00407250581253904,16.600000381469727,4.329999923706055,-0.003426501203265042,-0.587785252292473,-0.8090169943749475,-0.8660254037844385,-0.5000000000000004,0,30.0,4843674.165979839,0.0,0.0,0.0,11.0,51.0,0.033109009108802365,0.036293363432979835,0.040984058204655005,0.026163183076262253,0.03424352147266246,0.01073492829246176
2025-08-22,5341045.932644926,5494113.877611043,5303371.899568153,5429567.207107543,42827000,0.018778326259453193,14.220000267028809,4.260000228881836,-0.009125953161769673,6466.91015625,21496.5390625,1.0,0.09161988333616167,1.0,-0.009125953161769673,14.220000267028809,4.260000228881836,0.018778326259453193,-0.9510565162951536,0.30901699437494723,-0.8660254037844385,-0.5000000000000004,0,30.0,4861911.100012203,0.0,0.0,0.0,10.0,52.0,0.0076226700439346136,0.02532470711762699,0.0010981535867534134,0.010390896021439307,0.004266430613393094,0.015779441095556453
2025-08-25,5416898.518617501,5524223.9003219865,5386721.701026516,5470955.006408691,29928900,-0.0021980282436453447,14.789999961853027,4.275000095367432,0.0072656475194787795,6439.31982421875,21449.2890625,1.0,0.08922047200126393,1.0,0.0072656475194787795,14.789999961853027,4.275000095367432,-0.0021980282436453447,0.0,1.0,-0.8660254037844385,-0.5000000000000004,0,30.0,4880868.644758575,0.0,0.0,0.0,9.0,53.0,-0.006475158460752691,0.010312288846167228,-0.0033308494641105884,0.015660069552492734,0.017964755350750674,0.025588640946326752
2025-08-26,5445238.692275756,5454160.885669201,5397742.81737873,5435529.705810547,28464100,0.00442814064714403,14.619999885559082,4.257999897003174,-0.0020318698325928475,6465.93994140625,21544.26953125,1.0,0.09404369344703434,1.0,-0.0020318698325928475,14.619999885559082,4.257999897003174,0.00442814064714403,0.9510565162951535,0.30901699437494745,-0.8660254037844385,-0.5000000000000004,0,30.0,4898133.429404687,0.0,0.0,0.0,8.0,54.0,0.0031648015884239897,0.015762131853926182,0.024599197513410047,0.02575541131581854,0.030200454942822218,0.021532050170121407
2025-08-27,5405952.357226115,5490313.774916891,5404638.238997973,5452732.078857422,23022900,0.0021291552114803824,14.850000381469727,4.23799991607666,0.0,6481.39990234375,21590.140625,1.0,0.09637308227852426,1.0,0.0,14.850000381469727,4.23799991607666,0.0021291552114803824,0.5877852522924732,-0.8090169943749473,-0.8660254037844385,-0.5000000000000004,0,30.0,4915396.271381851,0.0,0.0,0.0,7.0,55.0,0.021366774323667022,0.025674157700745773,0.026950360809699092,0.021464120487508415,0.01865248088941645,0.026412165043359418
2025-08-28,5453717.934802202,5584501.938630126,5444507.635337626,5569239.374633788,32339300,0.005327410008474587,14.430000305175781,4.206999778747559,-0.004275738409716734,6501.85986328125,21705.16015625,1.0,0.10221391121007706,1.0,-0.004275738409716734,14.430000305175781,4.206999778747559,0.005327410008474587,-0.587785252292473,-0.8090169943749475,-0.8660254037844385,-0.5000000000000004,0,30.0,4935748.268597198,0.0,0.0,0.0,6.0,56.0,0.0054667790517558545,0.02101509568070845,-0.0026575109965251537,0.02585962820344253,0.08846464146798591,0.03076733720680018
2025-08-29,5536563.22069523,5645448.161802785,5528410.063476087,5599685.17578125,39728400,-0.011500001529734183,15.359999656677246,4.2270002365112305,-0.00040896550992530756,6460.259765625,21455.55078125,1.0,0.08953844954506707,1.0,-0.00040896550992530756,15.359999656677246,4.2270002365112305,-0.011500001529734183,-0.9510565162951536,0.30901699437494723,-0.8660254037844385,-0.5000000000000004,0,30.0,4956414.452914154,0.0,0.0,0.0,5.0,57.0,-0.00808011782939555,0.02571902796015841,0.08254659840129615,0.03060005347547783,0.09127829619275803,0.02940764550086501
2025-09-02,5477961.948146762,5563111.35808914,5419092.898485137,5554439.059753418,47523000,-0.008199273170313437,17.170000076293945,4.2769999504089355,0.0064437445478544575,6415.5400390625,21279.630859375,1.0,0.08060502616768717,1.0,0.0064437445478544575,17.170000076293945,4.2769999504089355,-0.008199273170313437,0.9510565162951535,0.30901699437494745,-1.0,-1.8369701987210297e-16,0,30.0,4975029.002907216,0.0,0.0,0.0,4.0,58.0,0.09136495583935117,0.0308493196129068,0.10016778149937769,0.029647198356900224,0.11274383947122953,0.01827741233839958
2025-09-03,5944970.8384948075,6079002.472589759,5907651.806765012,6061920.139160156,103336100,0.010249219585447555,16.350000381469727,4.210999965667725,-0.0026422980914495575,6448.259765625,21497.73046875,1.0,0.09168038436601811,1.0,-0.0026422980914495575,16.350000381469727,4.210999965667725,0.010249219585447555,0.5877852522924732,-0.8090169943749473,-1.0,-1.8369701987210297e-16,0,30.0,5008860.368977129,0.0,0.0,0.0,3.0,59.0,0.008065886313214456,0.02716524678410536,0.01958912416739293,0.01674729634720836,0.01691049827011704,0.019378857373926715
2025-09-04,6041104.543934855,6112656.088331169,5947982.5317653455,6110814.897842407,51684200,0.009766565111615222,15.300000190734863,4.176000118255615,0.002139790969825528,6502.080078125,21707.689453125,1.0,0.10234235192100183,1.0,0.002139790969825528,15.300000190734863,4.176000118255615,0.009766565111615222,-0.587785252292473,-0.8090169943749475,-1.0,-1.8369701987210297e-16,0,30.0,5043160.609189747,0.0,0.0,0.0,2.0,60.0,0.011431036414020766,0.016613295395262326,0.00877384313564053,0.01922380038550927,0.03325987150436283,0.031218157130264018
2025-09-05,6107025.765334786,6200656.243804203,6099135.470800578,6180667.845458984,46588900,-0.0003362323816525903,15.180000305175781,4.085999965667725,-0.005897324250668912,6481.5,21700.390625,1.0,0.10197170872661898,1.0,-0.005897324250668912,15.180000305175781,4.085999965667725,-0.0003362323816525903,-0.9510565162951536,0.30901699437494723,-1.0,-1.8369701987210297e-16,0,30.0,5078567.488898116,0.0,0.0,0.0,1.0,60.0,-0.0026271620928315443,0.019006535980610514,0.02158212898798828,0.030865334369159232,0.018654952043826754,0.016227256386877286
2025-09-08,6202095.518849986,6272157.93320157,6154684.847412651,6164430.229187012,32474700,0.0045302683923460485,15.109999656677246,4.046000003814697,-0.0032729846150292286,6495.14990234375,21798.69921875,1.0,0.10696393632792267,1.0,-0.0032729846150292286,15.109999656677246,4.046000003814697,0.0045302683923460485,0.0,1.0,-1.0,-1.8369701987210297e-16,0,30.0,5112366.844365344,0.0,0.0,1.0,0.0,0.0,0.02427306034483479,0.030946636198681057,0.021338172975830683,0.016270000314955096,0.026852019639557332,0.025631785343397842
2025-09-09,6170192.986914204,6336193.0507629,6145424.671088098,6314059.816131592,38061000,0.003706231037653218,15.039999961853027,4.073999881744385,0.0034890095221422612,6512.60986328125,21879.490234375,1.0,0.11106660042630412,1.0,0.0034890095221422612,15.039999961853027,4.073999881744385,0.003706231037653218,0.9510565162951535,0.30901699437494745,-1.0,-1.8369701987210297e-16,0,30.0,5149771.616081143,0.0,0.0,0.0,60.0,1.0,-0.0028653368741495926,0.015884436430923594,0.0025178435268563095,0.025024367364273516,0.0045016674950852775,0.01701980311767903
2025-09-10,6288860.251038109,6361515.4044536315,6261220.12268324,6295967.907714844,35141100,0.00030029550184296205,15.350000381469727,4.0320000648498535,-0.00010228178890303585,6532.0400390625,21886.060546875,1.0,0.11140024872866006,1.0,-0.00010228178890303585,15.350000381469727,4.0320000648498535,0.00030029550184296205,0.5877852522924732,-0.8090169943749473,-1.0,-1.8369701987210297e-16,0,30.0,5185448.95766286,0.0,0.0,0.0,60.0,2.0,0.005398649350059231,0.025096276651165962,0.0073881739765625475,0.017068710723910443,0.051813679600685336,0.03239758355046072
2025-09-11,6317054.117492085,6379466.103104555,6221460.750705681,6329957.630767822,30599300,0.00717396195120279,14.710000038146973,4.011000156402588,-0.0024544678540162623,6587.47021484375,22043.0703125,1.0,0.11937339182559681,1.0,-0.0024544678540162623,14.710000038146973,4.011000156402588,0.00717396195120279,-0.587785252292473,-0.8090169943749475,-1.0,-1.8369701987210297e-16,0,30.0,5221073.769199638,0.0,0.0,0.0,60.0,3.0,0.0019788415548294665,0.01697705754323872,0.04616579729904266,0.03222361952784019,0.04429476048547437,0.014843621414811284
2025-09-12,6331157.54152469,6376197.78000071,6268733.725056902,6342483.6139678955,26771600,0.004447170720106586,14.760000228881836,4.060999870300293,0.00010254394234765485,6584.2900390625,22141.099609375,1.0,0.12435143639858981,1.0,0.00010254394234765485,14.760000228881836,4.060999870300293,0.004447170720106586,-0.9510565162951536,0.30901699437494723,-1.0,-1.8369701987210297e-16,0,30.0,5255979.589761902,0.0,0.0,0.0,60.0,4.0,0.04409968944618202,0.03215998002296825,0.04223234780584868,0.014814306249997819,0.03648988291780914,0.022098079571901595
2025-09-15,6439266.501409414,6643240.647730625,6439266.501409414,6622185.171661378,58383800,0.009378503971730234,15.6899995803833,4.033999919891357,-0.002562788233510971,6615.27978515625,22348.75,1.0,0.13489617081047478,1.0,-0.002562788233510971,15.6899995803833,4.033999919891357,0.009378503971730234,0.0,1.0,-1.0,-1.8369701987210297e-16,0,30.0,5298505.100943589,0.0,0.0,0.0,59.0,5.0,-0.0017884706405035136,0.014188593675241602,-0.007288390759324249,0.021164721908521013,0.0010991615270621257,0.016643288303791783
2025-09-16,6634555.244811057,6659821.49479915,6565862.000156237,6610341.587905884,34109700,-0.0006617400302030285,16.360000610351562,4.026000022888184,-0.006885979211978421,6606.759765625,22333.9609375,1.0,0.1341451645841254,1.0,-0.006885979211978421,16.360000610351562,4.026000022888184,-0.0006617400302030285,0.9510565162951535,0.30901699437494745,-1.0,-1.8369701987210297e-16,0,30.0,5339338.280030222,0.0,0.0,0.0,58.0,6.0,-0.005509774188192121,0.021202642211617592,0.0028928058659255236,0.016673107667340776,0.014174253549357996,0.01668260277174432
2025-09-17,6618443.56685166,6628454.875106584,6488298.16752164,6573920.098449707,34108000,-0.0032520366440261794,15.720000267028809,4.076000213623047,0.0024837576320595467,6600.35009765625,22261.330078125,1.0,0.13045688294925273,1.0,0.0024837576320595467,15.720000267028809,4.076000213623047,-0.0032520366440261794,0.5877852522924732,-0.8090169943749473,-1.0,-1.8369701987210297e-16,0,30.0,5377766.773969553,0.0,0.0,0.0,57.0,7.0,0.008449132868308054,0.01676548168558462,0.01979308315622905,0.016775029395714996,0.011025240661971225,0.02193962707814339
2025-09-18,6620257.369324529,6681020.559973589,6570805.622960534,6629464.022827149,31239500,0.009406024899013321,15.699999809265137,4.104000091552734,0.0049550502108972605,6631.9599609375,22470.720703125,1.0,0.1410899885375343,1.0,0.0049550502108972605,15.699999809265137,4.104000091552734,0.009406024899013321,-0.587785252292473,-0.8090169943749475,-1.0,-1.8369701987210297e-16,0,30.0,5416728.015277303,0.0,0.0,0.0,56.0,8.0,0.011248906779914287,0.016634482443355546,0.0025545242786178097,0.02175580935425174,0.0006169600133514104,0.0154271582062343
2025-09-19,6665348.9226092845,6737726.8477314,6627449.144834825,6704038.245620728,55571400,0.0071541882322734285,15.449999809265137,4.138999938964844,0.0029789514131779438,6664.35986328125,22631.48046875,1.0,0.1492535611054946,1.0,0.0029789514131779438,15.449999809265137,4.138999938964844,0.0071541882322734285,-0.9510565162951536,0.30901699437494723,-1.0,-1.8369701987210297e-16,0,30.0,5456797.772215828,0.0,0.0,0.0,55.0,9.0,-0.008597668133933223,0.021513802594386015,-0.010513679367444585,0.015255549947004125,-0.028285595427595466,0.023237176109614684
2025-09-22,6696405.556307822,6731936.698990953,6587707.343589455,6646399.149627685,32290500,0.006959332608287738,16.100000381469727,4.14300012588501,-0.0031749033237562507,6693.75,22788.98046875,1.0,0.15725159888848705,1.0,-0.0031749033237562507,16.100000381469727,4.14300012588501,0.006959332608287738,0.0,1.0,-1.0,-1.8369701987210297e-16,0,30.0,5493826.172148541,0.0,0.0,0.0,54.0,10.0,-0.0019326273218512103,0.015387849570909693,-0.019858665509293938,0.023438694224045764,-0.025212765130522397,0.022804128539010288
2025-09-23,6669929.547300255,6704723.872656184,6602450.082353491,6633554.1370391855,26628000,-0.009456753272509166,16.639999389648438,4.119999885559082,-0.0007191995634164838,6656.919921875,22573.470703125,1.0,0.1463077560435817,1.0,-0.0007191995634164838,16.639999389648438,4.119999885559082,-0.009456753272509166,0.9510565162951535,0.30901699437494745,-1.0,-1.8369701987210297e-16,0,30.0,5529302.175875339,0.0,0.0,0.0,53.0,11.0,-0.017960749622884846,0.023484080199067028,-0.023325216759869413,0.02284828576032816,-0.020901691605815845,0.013701169254388327
2025-09-24,6633554.18955661,6651742.095935806,6495959.178576725,6514410.532073973,28201000,-0.0033495659183030435,16.18000030517578,4.146999835968018,0.006271854790802278,6637.97021484375,22497.859375,1.0,0.14246812265205167,1.0,0.006271854790802278,16.18000030517578,4.146999835968018,-0.0033495659183030435,0.5877852522924732,-0.8090169943749473,-1.0,-1.8369701987210297e-16,0,30.0,5559965.376913102,0.0,0.0,0.0,52.0,12.0,-0.005462579153454963,0.023266163497593542,-0.0029947295709429546,0.013951753200421378,-0.01287718771782268,0.033895016681508516
2025-09-25,6442185.7913690945,6497276.803432005,6345711.462902327,6478825.048904418,31020400,-0.005029818809150544,16.739999771118164,4.171999931335449,0.006947995157786213,6604.72021484375,22384.69921875,1.0,0.1367217149998814,1.0,0.006947995157786213,16.739999771118164,4.171999931335449,-0.005029818809150544,-0.587785252292473,-0.8090169943749475,-1.0,-1.8369701987210297e-16,0,30.0,5588566.473097573,0.0,0.0,0.0,51.0,13.0,0.002481404450735888,0.014028384360385072,-0.007455333915999301,0.034081187867880586,-0.010232243648767644,0.016448601357858528
2025-09-26,6508864.435935569,6570773.090894011,6479885.642904289,6494901.634216309,18503200,0.00443924185797262,15.289999961853027,4.186999797821045,-0.004058868731529386,6643.7001953125,22484.0703125,1.0,0.14176789761797526,1.0,-0.004058868731529386,15.289999961853027,4.186999797821045,0.00443924185797262,-0.9510565162951536,0.30901699437494723,-1.0,-1.8369701987210297e-16,1,30.0,5616777.722223729,0.0,0.0,0.0,50.0,14.0,-0.009912142332634662,0.033996827987601244,-0.01268217848536492,0.0164078867546384,-0.004957560265784973,0.031244912133780032
2025-09-29,6530650.29927445,6617602.3498576265,6396796.296202784,6430523.244781495,32505800,0.00476248635752885,16.1200008392334,4.140999794006348,-0.0024452150793523586,6661.2099609375,22591.150390625,1.0,0.1472055516538453,1.0,-0.0024452150793523586,16.1200008392334,4.140999794006348,0.00476248635752885,0.0,1.0,-1.0,-1.8369701987210297e-16,1,30.0,5642106.958743511,0.0,0.0,0.0,49.0,15.0,-0.0027977680276338596,0.01657215228686389,0.005004184253428401,0.031557716713537576,0.007483083163927766,0.018493805713087834
2025-09-30,6404882.239125415,6417543.6457441,6310976.035247363,6412532.132446289,34724300,0.003048068549381,16.280000686645508,4.1479997634887695,-0.0014299562231264717,6688.4599609375,22660.009765625,1.0,0.1507023128155165,1.0,-0.0014299562231264717,16.280000686645508,4.1479997634887695,0.003048068549381,0.9510565162951535,0.30901699437494745,-1.0,-1.8369701987210297e-16,1,30.0,5666087.774495559,0.0,0.0,0.0,48.0,16.0,0.007823841574873714,0.031646255595637385,0.010309695327523617,0.01854569225793743,0.008452999042483611,0.019071616807183084
2025-10-01,6353187.954917848,6499647.8200816475,6296715.189203015,6462702.767944336,31658200,0.004199044555106113,16.290000915527344,4.105999946594238,-0.0006136602296590299,6711.2001953125,22755.16015625,1.0,0.15553416309669266,1.0,-0.0006136602296590299,16.290000915527344,4.105999946594238,0.004199044555106113,0.5877852522924732,-0.8090169943749473,-0.8660254037844386,0.5000000000000001,0,30.0,5690883.793674682,0.0,0.0,0.0,47.0,17.0,0.0024665558107510024,0.018401720115052096,0.000624273252582261,0.018923561857180183,0.020645746751394148,0.027469385220902837
2025-10-02,6464403.803615968,6508176.735512868,6389251.887990383,6478643.385009766,25483300,0.003906394171239613,16.6299991607666,4.0879998207092285,0.0014328051474794545,6715.35009765625,22844.05078125,1.0,0.16004813501608184,1.0,0.0014328051474794545,16.6299991607666,4.0879998207092285,0.003906394171239613,-0.587785252292473,-0.8090169943749475,-0.8660254037844386,0.5000000000000001,0,30.0,5715404.17315024,0.0,0.0,0.0,46.0,18.0,-0.0018377496461004464,0.018877000681459775,0.01813446127979862,0.02740179715889554,-0.002177524890350364,0.019975931234549976
2025-10-03,6444070.059066153,6491776.512549967,6369479.156956202,6466737.260421753,30249600,-0.002781512623722282,16.649999618530273,4.11899995803833,-0.0013285360801753576,6715.7900390625,22780.509765625,1.0,0.1568214464844091,1.0,-0.0013285360801753576,16.649999618530273,4.11899995803833,-0.002781512623722282,-0.9510565162951536,0.30901699437494723,-0.8660254037844386,0.5000000000000001,0,30.0,5738790.7146980455,0.0,0.0,0.0,45.0,19.0,0.020008982426271776,0.02745224751705467,-0.00034040081572855483,0.020012709584506412,-0.004977451500231812,0.008908047874768251
2025-10-06,6447313.6734470725,6619572.382191302,6442045.910290444,6596130.092620849,28894700,0.007074475413767267,16.3700008392334,4.1620001792907715,0.003990988382896354,6740.27978515625,22941.669921875,1.0,0.16500535136568173,1.0,0.003990988382896354,16.3700008392334,4.1620001792907715,0.007074475413767267,0.0,1.0,-0.8660254037844386,0.5000000000000001,0,30.0,5765476.885348634,0.0,0.0,0.0,44.0,20.0,-0.019950200039999377,0.019620130733459466,-0.024496288127844656,0.00873330336128892,-0.0370015584668375,0.022367498331771332
2025-10-07,6530559.939360149,6587640.145856006,6458223.211103879,6464535.977783203,23181300,-0.006682623688557987,17.239999771118164,4.126999855041504,0.004790553641618622,6714.58984375,22788.359375,1.0,0.1572200590073487,1.0,0.004790553641618622,17.239999771118164,4.126999855041504,-0.006682623688557987,0.9510565162951535,0.30901699437494745,-0.8660254037844386,0.5000000000000001,0,30.0,5787236.308414857,0.0,0.0,0.0,43.0,21.0,-0.004638629677829453,0.008911081214082548,-0.01739846120833253,0.022822818118716243,-0.037174888206767454,0.03357698324542014
2025-10-08,6443493.144782128,6471112.302851476,6413506.297742091,6434549.389343262,21307100,0.01119086636200639,16.299999237060547,4.129000186920166,0.0027388581664780087,6753.72021484375,23043.380859375,1.0,0.17017035403913305,1.0,0.0027388581664780087,16.299999237060547,4.129000186920166,0.01119086636200639,0.5877852522924732,-0.8090169943749473,-0.8660254037844386,0.5000000000000001,0,30.0,5807385.047393657,0.0,0.0,0.0,42.0,22.0,-0.012819295495035212,0.02292917808466802,-0.03268788552483901,0.03373346027538944,-0.003058103001527161,0.01955906251348038
2025-10-09,6429382.921591303,6437009.533739741,6289470.604896897,6352062.999343872,27892100,-0.0008136826846035783,16.43000030517578,4.1479997634887695,0.006980297946963532,6735.10986328125,23024.630859375,1.0,0.16921820668401488,1.0,0.006980297946963532,16.43000030517578,4.1479997634887695,-0.0008136826846035783,-0.587785252292473,-0.8090169943749475,-0.8660254037844386,0.5000000000000001,0,30.0,5824339.090506168,0.0,0.0,0.0,41.0,23.0,-0.020126598847743052,0.03417151502399507,0.009887949034014937,0.01981305188019101,0.01584400868702952,0.02735681238920216
2025-10-10,6352085.0367396185,6422070.415409816,6205010.799194374,6224217.575500486,33180300,-0.035622771843095036,21.65999984741211,4.051000118255615,-0.005625854464970104,6552.509765625,22204.4296875,1.0,0.12756741327251753,1.0,-0.005625854464970104,21.65999984741211,4.051000118255615,-0.035622771843095036,-0.9510565162951536,0.30901699437494723,-0.8660254037844386,0.5000000000000001,0,30.0,5836785.999822187,0.0,0.0,0.0,40.0,24.0,0.030631046670379206,0.02022001194939301,0.03670944378373151,0.027918721293008486,0.061002733532909366,0.025866755288689168
2025-10-13,6311351.442038994,6424068.042330438,6298214.288578196,6414871.874542236,24995000,0.02207576120615018,19.030000686645508,4.051000118255615,0.002929816895308246,6654.72021484375,22694.609375,1.0,0.15245932223175807,1.0,0.002929816895308246,19.030000686645508,4.051000118255615,0.02207576120615018,0.0,1.0,-0.8660254037844386,0.5000000000000001,0,30.0,5854779.922299948,0.0,0.0,0.0,39.0,25.0,0.005897743070121506,0.027088958151614436,0.029469019937494435,0.025097977954628783,0.030136327836288168,0.028102759605468645
2025-10-14,6341764.322152334,6496608.199979869,6322836.004222426,6452705.140686035,22111600,-0.007618996801966316,20.809999465942383,4.021999835968018,-0.0022161136168826756,6644.31005859375,22521.69921875,1.0,0.14367873834127787,1.0,-0.0022161136168826756,20.809999465942383,4.021999835968018,-0.007618996801966316,0.9510565162951535,0.30901699437494745,-0.8660254037844386,0.5000000000000001,0,30.0,5873391.378655541,0.0,0.0,0.0,38.0,26.0,0.023433074613956825,0.024950824402912686,0.024096469977343396,0.02793798852723899,0.03139407161805585,0.026100433069472562
2025-10-15,6504470.444758494,6632323.752469474,6471323.439580445,6603911.861709594,27007700,0.006588350991361569,20.639999389648438,4.046000003814697,-0.0026249583868726,6671.06005859375,22670.080078125,1.0,0.15121369529082807,1.0,-0.0026249583868726,20.639999389648438,4.046000003814697,0.006588350991361569,0.5877852522924732,-0.8090169943749473,-0.8660254037844386,0.5000000000000001,0,30.0,5896130.091907887,0.0,0.0,0.0,37.0,27.0,0.0006482059060254662,0.027298305302256635,0.007778717731105128,0.025502823503449654,0.021756573756189296,0.01234627236365128
2025-10-16,6616339.074732061,6752728.2966846,6572452.694494458,6608192.556381226,27997200,-0.004743742203573875,25.309999465942383,3.9760000705718994,-0.0040490082211958045,6629.06982421875,22562.5390625,1.0,0.14575263429914465,1.0,-0.0040490082211958045,25.309999465942383,3.9760000705718994,-0.004743742203573875,-0.587785252292473,-0.8090169943749475,-0.8660254037844386,0.5000000000000001,0,30.0,5918294.26741427,0.0,0.0,0.0,36.0,28.0,0.007125892779294419,0.02548630313123723,0.02109469414483335,0.012338274621171673,-0.003409019948896591,0.042695168402835215
2025-10-17,6588544.865869785,6679454.141551329,6511035.742909811,6655281.82800293,29671600,0.005204717443356266,20.780000686645508,4.006999969482422,0.00040655468823547203,6664.009765625,22679.970703125,1.0,0.15171595302065266,1.0,0.00040655468823547203,20.780000686645508,4.006999969482422,0.005204717443356266,-0.9510565162951536,0.30901699437494723,-0.8660254037844386,0.5000000000000001,0,30.0,5941234.279637762,0.0,0.0,0.0,35.0,29.0,0.013869965478685305,0.01225097548343495,-0.01046037323012176,0.04239307986116052,-0.00548747475363959,0.027935935453372057
2025-10-20,6698670.3812974375,6768105.315275859,6686571.620765645,6747590.357208252,22350200,0.01369350796084623,18.229999542236328,3.9860000610351562,0.0016254803639010884,6735.1298828125,22990.5390625,1.0,0.16748698459197464,1.0,0.0016254803639010884,18.229999542236328,3.9860000610351562,0.01369350796084623,0.0,1.0,-0.8660254037844386,0.5000000000000001,0,30.0,5966333.5069044735,0.0,0.0,0.0,34.0,30.0,-0.023997494291410258,0.041813133147844246,-0.019092626166498122,0.027553765674656783,-0.013225958628480762,0.012437950534771527
2025-10-21,6698204.574756582,6701885.757656734,6419747.863623676,6585665.096130372,47312100,-0.0016036657742026783,17.8700008392334,3.9630000591278076,0.0034486659895989202,6735.35009765625,22953.669921875,1.0,0.16561472567295743,1.0,0.0034486659895989202,17.8700008392334,3.9630000591278076,-0.0016036657742026783,0.9510565162951535,0.30901699437494745,-0.8660254037844386,0.5000000000000001,0,30.0,5985611.27356839,0.0,0.0,0.0,33.0,31.0,0.005025466734177226,0.02823124481084443,0.011036381156736098,0.01274376906004091,0.03706120488180559,0.025375860768627703
2025-10-22,6689237.640620195,6741568.9604919255,6555647.436920836,6618761.136993407,35029400,-0.009291304265325873,18.600000381469727,3.953000068664551,-0.0003032323784932789,6699.39990234375,22740.400390625,1.0,0.1547846446005856,1.0,-0.0003032323784932789,18.600000381469727,3.953000068664551,-0.009291304265325873,0.5877852522924732,-0.8090169943749473,-0.8660254037844386,0.5000000000000001,0,30.0,6005319.157911337,0.0,0.0,0.0,32.0,32.0,0.005980857820539904,0.012680045911126703,0.03187554863831287,0.02524897289527038,0.06769445212349208,0.02323581048060773
2025-10-23,6655715.919945244,6709912.926733668,6625986.73164181,6658347.00630188,19901400,0.008856501520000837,17.299999237060547,3.990999937057495,0.000404458189182888,6738.43994140625,22941.80078125,1.0,0.16501199656076437,1.0,0.000404458189182888,17.299999237060547,3.990999937057495,0.008856501520000837,-0.587785252292473,-0.8090169943749475,-0.8660254037844386,0.5000000000000001,0,30.0,6025645.778909382,0.0,0.0,0.0,31.0,33.0,0.025740739116919063,0.02509886018106979,0.06134668848138407,0.023097666620563905,0.05425202714932884,0.01667288905988616
2025-10-24,6741974.212208721,6875983.532621264,6708866.612073049,6829737.779541016,28655100,0.011466770280299965,16.3700008392334,3.996999979019165,0.00010101583373067768,6791.68994140625,23204.869140625,1.0,0.17837092149912026,1.0,0.00010101583373067768,16.3700008392334,3.996999979019165,0.011466770280299965,-0.9510565162951536,0.30901699437494723,-0.8660254037844386,0.5000000000000001,0,30.0,6050674.532866326,0.0,0.0,0.0,30.0,34.0,0.03471242586612957,0.022518035737226497,0.027795803505821285,0.01625448656181891,0.05620278841786559,0.029504523876340488
2025-10-27,6950027.690270006,7089647.79899726,6935855.519601669,7066814.5458984375,35235200,0.018642285558837957,15.789999961853027,3.996999979019165,-0.0017180209619838127,6875.16015625,23637.4609375,1.0,0.20033844871193796,1.0,-0.0017180209619838127,15.789999961853027,3.996999979019165,0.018642285558837957,0.0,1.0,-0.8660254037844386,0.5000000000000001,0,30.0,6082303.647883026,0.0,0.0,0.0,29.0,35.0,-0.00668458422592013,0.015709182721192046,0.02076940608280318,0.028514709148914547,0.04753274451315406,0.04290909050055708
2025-10-28,7077838.313763245,7105132.6600840315,6994118.779125735,7019575.828857422,29738600,0.008039327801639073,16.420000076293945,3.9830000400543213,-0.0009110785483172901,6890.89013671875,23827.490234375,1.0,0.20998836297404422,1.0,-0.0009110785483172901,16.420000076293945,3.9830000400543213,0.008039327801639073,0.9510565162951535,0.30901699437494745,-0.8660254037844386,0.5000000000000001,0,30.0,6111477.865248538,0.0,0.0,0.0,28.0,36.0,0.027638743819684623,0.028706600840069863,0.05458218797180674,0.043197850168386336,0.0526955928039171,0.0335811396937827
2025-10-29,7034410.746802919,7233817.476242517,7032309.314856905,7213588.0869140625,43580300,0.005497031683221021,16.920000076293945,4.058000087738037,0.00537033910412088,6890.58984375,23958.470703125,1.0,0.21663970734164129,1.0,0.00537033910412088,16.920000076293945,4.058000087738037,0.005497031683221021,0.5877852522924732,-0.8090169943749473,-0.8660254037844386,0.5000000000000001,0,30.0,6145782.951668787,0.0,0.0,0.0,27.0,37.0,0.026218789739256624,0.04203602718190827,0.024382935282390533,0.03267796187691717,0.03340334159897464,0.020870620594929716
2025-10-30,7668604.900415886,7668604.900415886,7365374.315515277,7402719.636230469,74876000,-0.01574933904590925,16.90999984741211,4.0929999351501465,0.0031243454422480443,6822.33984375,23581.140625,1.0,0.19747843609400184,1.0,0.0031243454422480443,16.90999984741211,4.0929999351501465,-0.01574933904590925,-0.587785252292473,-0.8090169943749475,-0.8660254037844386,0.5000000000000001,0,30.0,6184907.279472867,0.0,0.0,0.0,26.0,38.0,-0.0017889503439442475,0.03184307498912589,0.0070009942631663125,0.020337398616753606,-0.014970926391411609,0.017781130884065417
2025-10-31,7442560.43644843,7515879.909066973,7280154.552567012,7389476.538391111,39267900,0.006098954871908369,17.440000534057617,4.10099983215332,0.0027127928842807236,6840.2001953125,23724.9609375,1.0,0.2047818030358226,1.0,0.0027127928842807236,17.440000534057617,4.10099983215332,0.006098954871908369,-0.9510565162951536,0.30901699437494723,-0.8660254037844386,0.5000000000000001,0,30.0,6222401.5805999525,0.0,0.0,0.0,25.0,39.0,0.00880569756279419,0.020373846416307524,-0.013205600210505937,0.017812997451983822,0.010327194173368448,0.032266850508967514
2025-11-03,7414083.378707218,7502102.463033938,7351550.40294385,7454546.033935547,29786000,0.004626341257806255,17.170000076293945,4.105999946594238,0.0007013997262896865,6851.97021484375,23834.720703125,1.0,0.21035553479786162,1.0,0.0007013997262896865,17.170000076293945,4.105999946594238,0.004626341257806255,0.0,1.0,-0.5000000000000004,0.8660254037844384,0,30.0,6260754.207336352,0.0,0.0,0.0,24.0,40.0,-0.021819164806937474,0.017657510752584774,0.0015082157190924777,0.0319851985242768,0.003248956999052894,0.025402691509321135
2025-11-04,7271137.927811509,7389892.990324972,7258264.263575117,7291894.065460205,30078400,-0.020393781164017133,19.0,4.089000225067139,0.0035045405476679115,6771.5498046875,23348.640625,1.0,0.18567180889053714,1.0,0.0035045405476679115,19.0,4.089000225067139,-0.020393781164017133,0.9510565162951535,0.30901699437494745,-0.5000000000000004,0.8660254037844384,0,30.0,6292850.218469291,0.0,0.0,0.0,23.0,41.0,0.023847717811222347,0.03269865588601919,0.025627287822545305,0.025969320390853326,0.003731352054365041,0.030922243135920385
2025-11-05,7322938.29632459,7521196.693399623,7282761.558595834,7465789.097442627,31010300,0.006474045263609396,18.010000228881836,4.1570000648498535,-0.0001996035942654073,6796.2900390625,23499.80078125,1.0,0.19334790184908002,1.0,-0.0001996035942654073,18.010000228881836,4.1570000648498535,0.006474045263609396,0.5877852522924732,-0.8090169943749473,-0.5000000000000004,0.8660254037844384,0,30.0,6329359.969325283,0.0,0.0,0.0,22.0,42.0,0.0017381198203257348,0.025364436467534876,-0.019647810320720348,0.03020199449389391,0.019782991702632348,0.027911338412499816
2025-11-06,7493998.487219074,7573317.250979038,7383951.71773694,7478765.533447264,37173600,-0.018970822392277542,19.5,4.0929999351501465,-0.004690554946337633,6720.31982421875,23053.990234375,1.0,0.170709110750904,1.0,-0.004690554946337633,19.5,4.0929999351501465,-0.018970822392277542,-0.587785252292473,-0.8090169943749475,-0.5000000000000004,0.8660254037844384,0,30.0,6365137.205062677,0.0,0.0,0.0,21.0,43.0,-0.021348823328078914,0.030149590892389135,0.018013562152894,0.02786290933752832,0.02187063182046587,0.016136113359556246
2025-11-07,7434074.919971717,7449037.235147828,7223555.513934293,7319102.689361572,34479600,-0.0021450157379379053,19.079999923706055,4.0929999351501465,-0.0013035684190966235,6728.7998046875,23004.5390625,1.0,0.16819792128379607,1.0,-0.0013035684190966235,19.079999923706055,4.0929999351501465,-0.0021450157379379053,-0.9510565162951536,0.30901699437494723,-0.5000000000000004,0.8660254037844384,0,30.0,6394831.030360253,0.0,0.0,0.0,20.0,44.0,0.04022105773666136,0.028470725833367044,0.04416226759724573,0.016488115218366156,0.02806540335633238,0.029833322662704484
2025-11-10,7464417.051940295,7631855.302395541,7423475.1363804685,7613484.7412109375,29557300,0.022718597314864253,17.600000381469727,4.110000133514404,0.00020084611212256576,6832.43017578125,23527.169921875,1.0,0.1947377394415042,1.0,0.00020084611212256576,17.600000381469727,4.110000133514404,0.022718597314864253,0.0,1.0,-0.5000000000000004,0.8660254037844384,0,30.0,6432763.734408594,0.0,0.0,0.0,19.0,45.0,0.003788819531455892,0.015850587810865322,-0.011685645363474523,0.028679791127874842,-0.03974486732468846,0.01930370988451512
2025-11-11,7548936.609296794,7658334.23579856,7537656.027361313,7642330.860900879,19842100,-0.0025021768797727217,17.280000686645508,4.119999885559082,-0.0016061399086325645,6846.60986328125,23468.30078125,1.0,0.19174829429248152,1.0,-0.0016061399086325645,17.280000686645508,4.119999885559082,-0.0025021768797727217,0.9510565162951535,0.30901699437494745,-0.5000000000000004,0.8660254037844384,0,30.0,6470413.602806242,0.0,0.0,0.0,18.0,46.0,-0.015416056239950468,0.02857153872391393,-0.04336936814704194,0.01923084767324428,-0.04934221919694652,0.027032871938292836
2025-11-12,7654950.690914636,7663611.773653763,7445258.621520571,7524516.258544922,24829900,-0.0026350371220488222,17.510000228881836,4.065000057220459,0.00020112882209000205,6850.919921875,23406.4609375,1.0,0.18860799329688271,1.0,0.00020112882209000205,17.510000228881836,4.065000057220459,-0.0026350371220488222,0.5877852522924732,-0.8090169943749473,-0.5000000000000004,0.8660254037844384,0,30.0,6503224.370722252,0.0,0.0,0.0,17.0,47.0,-0.028390988990070205,0.019531953364792,-0.03445735954969433,0.0274561372949638,-0.0041922449755747715,0.036265840144286535
2025-11-13,7409828.698317262,7422950.871573668,7275982.370919149,7310887.800292969,29494000,-0.022903999196268954,20.0,4.111999988555908,-0.0030157121193633563,6737.490234375,22870.359375,1.0,0.161384116773732,1.0,-0.0030157121193633563,20.0,4.111999988555908,-0.022903999196268954,-0.587785252292473,-0.8090169943749475,-0.5000000000000004,0.8660254037844384,0,30.0,6528364.291580646,0.0,0.0,0.0,16.0,48.0,-0.006243633489276201,0.028258421838250322,0.02490584560279271,0.03732554940653581,0.022633236746734228,0.03813102360148544
2025-11-14,7133819.835511015,7321752.364136684,7115158.212663887,7265241.296386719,31647200,0.0013218187022914218,19.829999923706055,4.1479997634887695,0.0009074040896723812,6734.10986328125,22900.58984375,1.0,0.1629192560198276,1.0,0.0009074040896723812,19.829999923706055,4.1479997634887695,0.0013218187022914218,-0.9510565162951536,0.30901699437494723,-0.5000000000000004,0.8660254037844384,0,30.0,6551300.862564232,0.0,0.0,0.0,15.0,49.0,0.031345186951044074,0.03756006065912638,0.029058299608588033,0.03837059553678236,0.061666531265250776,0.06229098522364915
2025-11-17,7512951.756187554,7727735.565384001,7454852.661588525,7492971.643066406,52670200,-0.008406749894371957,22.3799991607666,4.132999897003174,0.0032235288168167564,6672.41015625,22708.0703125,1.0,0.1531428846871199,1.0,0.0032235288168167564,22.3799991607666,4.132999897003174,-0.008406749894371957,0.0,1.0,-0.5000000000000004,0.8660254037844384,0,30.0,6580611.993946112,0.0,0.0,0.0,14.0,50.0,-0.002217383056022925,0.037204416156938674,0.029399802023457735,0.06039780474256092,0.017510278272052003,0.06239698282137505
2025-11-18,7572086.588014283,7595229.272711539,7316457.637450756,7476356.854705811,49158700,-0.012119951159984765,24.690000534057617,4.123000144958496,-0.00040157935137508094,6617.31982421875,22432.849609375,1.0,0.13916684924422817,1.0,-0.00040157935137508094,24.690000534057617,4.123000144958496,-0.012119951159984765,0.9510565162951535,0.30901699437494745,-0.5000000000000004,0.8660254037844384,0,30.0,6608493.601660826,0.25,1.0,0.0,13.0,51.0,0.03168744829040841,0.06053202743454099,0.019771502322316552,0.06253564830833136,0.05534240488056505,0.03546454520733794
2025-11-19,7564430.1793776695,8003027.876518036,7550468.838278566,7713263.525939941,68198900,0.005856628188694035,23.65999984741211,4.132999897003174,0.0068307411786039385,6642.16015625,22564.23046875,1.0,0.14583852592513757,1.0,0.0068307411786039385,23.65999984741211,4.132999897003174,0.005856628188694035,0.5877852522924732,-0.8090169943749473,-0.5000000000000004,0.8660254037844384,0,30.0,6642881.475924086,0.0,0.0,0.0,12.0,52.0,-0.011549957293594655,0.06061491628298678,0.022928413667680902,0.03437528029065937,0.08681305404994666,0.033704936698156544
2025-11-20,8021649.415158226,8071169.1486762045,7603630.32578274,7624175.661621094,62025200,-0.02154647765069262,26.420000076293945,4.105999946594238,-0.000698390626357015,6538.759765625,22078.05078125,1.0,0.12114974173498894,1.0,-0.000698390626357015,26.420000076293945,4.105999946594238,-0.02154647765069262,-0.587785252292473,-0.8090169943749475,-0.5000000000000004,0.8660254037844384,0,30.0,6673425.954309516,0.0,0.0,0.0,11.0,53.0,0.034881247884691026,0.03477695260808411,0.09951237502526733,0.03409877610594404,0.11632807783175968,0.03858687744163314
2025-11-21,7804806.738997196,8002283.454100138,7737137.858440232,7890116.422790527,74137700,0.008833628421609951,23.43000030517578,4.063000202178955,0.0001996469881717644,6602.990234375,22273.080078125,1.0,0.13105356195846007,1.0,0.0001996469881717644,23.43000030517578,4.063000202178955,0.008833628421609951,-0.9510565162951536,0.30901699437494723,-0.5000000000000004,0.8660254037844384,0,30.0,6711297.549044259,0.0,0.0,0.0,10.0,54.0,0.062452699063475205,0.03294945789736004,0.0787016192568441,0.03728628528201197,0.06677880293790274,0.025706688986739546
2025-11-24,8186842.243249813,8406558.058590101,8146582.999712096,8382875.489318848,85165100,0.026890294714480234,20.520000457763672,4.038000106811523,-0.0003992904312786205,6705.1201171875,22872.009765625,1.0,0.16146792557738565,1.0,-0.0003992904312786205,20.520000457763672,4.038000106811523,0.026890294714480234,0.0,1.0,-0.5000000000000004,0.8660254037844384,0,30.0,6763328.3029307835,0.0,0.0,0.0,9.0,55.0,0.015293782215144162,0.03509453674020394,0.004071808446852153,0.024195607963911556,0.00589960069978874,0.03160518383007529
2025-11-25,8583971.54716569,8652914.755923131,8358721.624074676,8511081.36138916,88632100,0.00671476095449286,18.559999465942383,4.001999855041504,-0.004793246759183467,6765.8798828125,23025.58984375,1.0,0.1692669050539486,1.0,-0.004793246759183467,18.559999465942383,4.001999855041504,0.00671476095449286,0.9510565162951535,0.30901699437494745,-0.5000000000000004,0.8660254037844384,0,30.0,6817730.139092925,0.0,0.0,0.0,8.0,56.0,-0.011052932623903368,0.02383113970334985,-0.00925267314733221,0.03112910212167343,-0.02717349911206323,0.018412897719347922
2025-11-26,8436212.74034398,8536706.675708896,8333877.9067590535,8417008.952545166,51373400,0.008212584809258683,17.190000534057617,3.997999906539917,-0.000602098994414324,6812.60986328125,23214.689453125,1.0,0.17886960867636348,1.0,-0.000602098994414324,17.190000534057617,3.997999906539917,0.008212584809258683,0.5877852522924732,-0.8090169943749473,-0.5000000000000004,0.8660254037844384,0,30.0,6867510.457637329,0.0,0.0,0.0,7.0,57.0,0.0018203800142182116,0.031477015452673396,-0.016300737440813107,0.018618688832559627,-0.013052075018676848,0.013969343793869021
2025-11-28,8516343.717312401,8607994.056388704,8343051.73552415,8432331.107421875,26018600,0.006504502259437883,16.350000381469727,4.017000198364258,-0.0014056163834662572,6849.08984375,23365.689453125,1.0,0.18653756870958138,1.0,-0.0014056163834662572,16.350000381469727,4.017000198364258,0.006504502259437883,-0.9510565162951536,0.30901699437494723,-0.5000000000000004,0.8660254037844384,0,30.0,6916218.2062524585,0.0,0.0,0.0,6.0,58.0,-0.01808819007532482,0.018584857329709527,-0.014845430707532605,0.013943960486879656,-0.0029290171011978837,0.023333452317077365
2025-12-01,8353692.355799067,8410224.892431052,8253511.221842745,8279805.499572754,41183000,-0.0038419380446740314,17.239999771118164,4.0960001945495605,-0.0005026686388848178,6812.6298828125,23275.919921875,1.0,0.1819789648829211,1.0,-0.0005026686388848178,17.239999771118164,4.0960001945495605,-0.0038419380446740314,0.0,1.0,-2.4492935982947064e-16,1.0,0,30.0,6958662.218674568,0.0,0.0,0.0,5.0,59.0,0.0033024955347476397,0.01420082775860424,0.015438426160990804,0.0237632871722638,0.009244298695443057,0.024339727797760627
2025-12-02,8331612.293039039,8374751.671162954,8257171.579388777,8307149.520263672,35854700,0.005918133438435724,16.59000015258789,4.085999965667725,-0.0005029981884697721,6829.3701171875,23413.669921875,1.0,0.1889740741185224,1.0,-0.0005029981884697721,16.59000015258789,4.085999965667725,0.005918133438435724,0.9510565162951535,0.30901699437494745,-2.4492935982947064e-16,1.0,0,30.0,7000636.217743114,0.0,0.0,0.0,4.0,60.0,0.012095983694105002,0.02368506734312294,0.00592224497311602,0.024259610542270063,0.017288823700057923,0.01263414763564886
2025-12-03,8309254.967496854,8458925.502431631,8262170.106614795,8407632.665405273,41838300,0.0017263385880927906,16.079999923706055,4.057000160217285,-0.005132871709919606,6849.72021484375,23454.08984375,1.0,0.19102664594291507,1.0,-0.005132871709919606,16.079999923706055,4.057000160217285,0.0017263385880927906,0.5877852522924732,-0.8090169943749473,-2.4492935982947064e-16,1.0,0,30.0,7044431.4151572995,0.0,1.0,0.0,3.0,60.0,-0.006099953779536909,0.02396967375932426,0.00513077819654939,0.012483151636996708,-0.0185938589999252,0.028842808181874704
2025-12-04,8477632.593047863,8481052.122195998,8279523.910117996,8356346.494750977,31240900,0.0021766259782449726,15.779999732971191,4.107999801635742,0.0014162811513354079,6857.1201171875,23505.140625,1.0,0.1936190654812564,1.0,0.0014162811513354079,15.779999732971191,4.107999801635742,0.0021766259782449726,-0.587785252292473,-0.8090169943749475,-2.4492935982947064e-16,1.0,0,30.0,7085267.040575488,0.0,0.0,0.0,2.0,60.0,0.011299659376004438,0.012559765626802017,-0.01257058520914581,0.02901982779008434,-0.0019951305961222465,0.019168179189011786
2025-12-05,8403948.807302931,8500485.806619147,8395532.053148726,8450770.363769531,28851700,0.0031052881384325826,15.40999984741211,4.138999938964844,0.0,6870.39990234375,23578.130859375,1.0,0.19732559660710214,1.0,0.0,15.40999984741211,4.138999938964844,0.0031052881384325826,-0.9510565162951536,0.30901699437494723,-2.4492935982947064e-16,1.0,0,30.0,7127770.69274062,0.0,0.0,0.0,1.0,60.0,-0.02360353270550763,0.028695577538303783,-0.013146241916396849,0.01895400538435759,-0.0026473657797344494,0.02065036385878646
2025-12-08,8417790.384513026,8428048.349464301,8185548.613232353,8251302.3291015625,33909400,-0.0013669645376993556,16.65999984741211,4.171999931335449,0.0010101876581380953,6846.509765625,23545.900390625,1.0,0.19568889497646058,1.0,0.0010101876581380953,16.65999984741211,4.171999931335449,-0.0013669645376993556,0.0,1.0,-2.4492935982947064e-16,1.0,0,30.0,7162742.557735211,0.0,0.0,1.0,0.0,0.0,0.010710086670107486,0.019412201927437787,0.021462763977261053,0.02114956838793854,-0.002787726512753136,0.0399612297187972
2025-12-09,8215794.722855594,8363608.939803484,8203432.992826627,8339674.4921875,30194000,0.0012991579528713881,16.93000030517578,4.185999870300293,0.0013119879666680934,6840.509765625,23576.490234375,1.0,0.19724228371352948,1.0,0.0013119879666680934,16.93000030517578,4.185999870300293,0.0012991579528713881,0.9510565162951535,0.30901699437494745,-2.4492935982947064e-16,1.0,0,30.0,7199376.599347784,0.0,0.0,0.0,60.0,1.0,0.010638735527592699,0.0209254549517934,-0.013354782306893376,0.03953777670355873,-0.02530903223787675,0.029339358788018407
2025-12-10,8313109.910905829,8457351.86252271,8282840.37962382,8428398.083496094,33428900,0.003293965958375278,15.770000457763672,4.164000034332275,-0.004333806691045106,6886.68017578125,23654.150390625,1.0,0.20118595904000935,1.0,-0.004333806691045106,15.770000457763672,4.164000034332275,0.003293965958375278,0.5877852522924732,-0.8090169943749473,-2.4492935982947064e-16,1.0,0,30.0,7237632.018267985,0.0,0.0,0.0,59.0,2.0,-0.023740944207883072,0.039121572638830704,-0.03556935480679287,0.029030510860740086,-0.03879629308625233,0.020395433235123446
2025-12-11,8429773.711862952,8457163.855139267,8127431.667286793,8228299.954833984,42353700,-0.002548855681956619,14.850000381469727,4.140999794006348,-0.004453916766156141,6901.0,23593.859375,1.0,0.19812430938322367,1.0,-0.004453916766156141,14.850000381469727,4.140999794006348,-0.002548855681956619,-0.587785252292473,-0.8090169943749475,-2.4492935982947064e-16,1.0,0,30.0,7268468.270858319,0.0,0.0,0.0,58.0,3.0,-0.012116057237812219,0.029736483045665903,-0.015421469116262024,0.020891415156784388,-0.021176229320357766,0.02611726875999429
2025-12-12,8244506.913456454,8275255.819468746,8030575.117367172,8128605.401611328,35940200,-0.01689801769130872,15.739999771118164,4.193999767303467,0.0005084194461981717,6827.41015625,23195.169921875,1.0,0.1778783836068789,1.0,0.0005084194461981717,15.739999771118164,4.193999767303467,-0.01689801769130872,-0.9510565162951536,0.30901699437494723,-2.4492935982947064e-16,1.0,0,30.0,7295241.526403626,0.0,0.0,0.0,57.0,4.0,-0.003345951619790133,0.02114764118786123,-0.009171291981133652,0.02643758809052884,-0.04027678905364702,0.03871625761426224
2025-12-15,8182889.580154274,8185518.190211956,8013617.359820969,8101407.481201172,29151900,-0.005939157423247909,16.5,4.182000160217285,-0.0025406503671064895,6816.509765625,23057.41015625,1.0,0.17088277846119704,1.0,-0.0025406503671064895,16.5,4.182000160217285,-0.005939157423247909,0.0,1.0,-2.4492935982947064e-16,1.0,0,30.0,7320334.83577027,0.0,0.0,0.0,56.0,5.0,-0.005844897104277081,0.026526343954049,-0.03705482107244527,0.038846235237979504,-0.01879988375776854,0.015344367906094733
2025-12-16,8011495.877682891,8164395.429505032,7949494.7081467835,8054055.5880737305,30585000,0.002344182667685546,16.479999542236328,4.14900016784668,0.0,6800.259765625,23111.4609375,1.0,0.1736275415763573,1.0,0.0,16.479999542236328,4.14900016784668,0.002344182667685546,0.9510565162951535,0.30901699437494745,-2.4492935982947064e-16,1.0,0,30.0,7343173.162936915,0.4019,1.0,0.0,55.0,6.0,-0.03139341525005661,0.03907462238520954,-0.01303115239841032,0.015434581446497092,0.0017340151035341947,0.020480818846944155
2025-12-17,8098042.43592833,8100145.40218259,7785436.221409122,7801211.276550293,43930400,-0.01809234933831194,17.6200008392334,4.151000022888184,0.002241479544400349,6721.43017578125,22693.3203125,1.0,0.15239386210109362,1.0,0.002241479544400349,17.6200008392334,4.151000022888184,-0.01809234933831194,0.5877852522924732,-0.8090169943749473,-2.4492935982947064e-16,1.0,0,30.0,7357430.391263433,0.0,0.0,0.0,54.0,7.0,0.018957400394285687,0.01593483018751282,0.03420112032600214,0.0211446207050425,0.0422288991609944,0.01625018856709061
2025-12-18,7929653.909677217,7988524.210776869,7864213.23382813,7949101.962280273,33518000,0.013794326180095018,16.8700008392334,4.116000175476074,0.0006099172198694713,6774.759765625,23006.359375,1.0,0.1682903589228555,1.0,0.0006099172198694713,16.8700008392334,4.116000175476074,0.013794326180095018,-0.587785252292473,-0.8090169943749475,-2.4492935982947064e-16,1.0,0,30.0,7375847.192030841,0.0,0.0,0.0,53.0,8.0,0.014960115040940764,0.020751231304528123,0.022838539430307687,0.015947858625691903,0.03931104053831786,0.018580953903786536
2025-12-19,7925394.4828153495,8070385.331856676,7905431.67837412,8068021.442108154,59943200,0.013094630085295655,14.90999984741211,4.151000022888184,0.0017270971087903764,6834.5,23307.619140625,1.0,0.18358868900516767,1.0,0.0017270971087903764,14.90999984741211,4.151000022888184,0.013094630085295655,-0.9510565162951536,0.30901699437494723,-2.4492935982947064e-16,1.0,0,30.0,7397392.312473413,0.0,0.0,0.0,52.0,9.0,0.007762299495925638,0.01571279342838867,0.02399200238168457,0.0183070779121572,0.024156497992323743,0.010303757098877363
2025-12-22,8133272.653370303,8139834.284102532,8013063.129806876,8130647.840881348,26429900,0.005200485590942661,14.079999923706055,4.169000148773193,-0.0031439915151226794,6878.490234375,23428.830078125,1.0,0.1897439249279418,1.0,-0.0031439915151226794,14.079999923706055,4.169000148773193,0.005200485590942661,0.0,1.0,-2.4492935982947064e-16,1.0,0,30.0,7420216.158741843,0.0,0.0,0.0,51.0,10.0,0.0161046934320493,0.018166067455901307,0.01626792201355255,0.010224392303652576,0.012503220070018152,0.00907509006998555
2025-12-23,8137540.723489325,8277095.420040905,8129393.522903276,8261589.431762695,25478700,0.0056771834180993075,14.0,4.169000148773193,-0.0035608756827857357,6909.7900390625,23561.83984375,1.0,0.19649831941032714,1.0,-0.0035608756827857357,14.0,4.169000148773193,0.0056771834180993075,0.9510565162951535,0.30901699437494745,-2.4492935982947064e-16,1.0,0,30.0,7446405.356768742,0.0,0.0,0.0,50.0,11.0,0.00016064149940290233,0.010062341380510825,-0.0035443920152229778,0.008931254947099046,-0.004219896394100806,0.01079744323530287
2025-12-24,8280805.480220438,8288960.735078443,8205829.801870426,8262916.585876465,10097400,0.002184494227374767,13.470000267028809,4.136000156402588,0.00040842265193208327,6932.0498046875,23613.310546875,1.0,0.19911206308214258,1.0,0.00040842265193208327,13.470000267028809,4.136000156402588,0.002184494227374767,0.5877852522924732,-0.8090169943749473,-2.4492935982947064e-16,1.0,0,30.0,7471820.680687356,0.0,0.0,0.0,49.0,12.0,-0.003704438428082347,0.008929820447352984,-0.004379834310352956,0.010795708996422567,-0.0038384910150504373,0.014251348608112094
2025-12-26,8257777.911213407,8273795.220378776,8200008.858895444,8232307.120147705,10899000,-0.0008559129165679469,13.600000381469727,4.136000156402588,0.0004081780441169691,6929.93994140625,23593.099609375,1.0,0.19808572757893828,1.0,0.0004081780441169691,13.600000381469727,4.136000156402588,-0.0008559129165679469,-0.9510565162951536,0.30901699437494723,-2.4492935982947064e-16,1.0,0,30.0,7495492.136150031,0.0,0.0,0.0,48.0,13.0,-0.0006779071475586973,0.010835849734580273,-0.00013455102294803687,0.014304338148035963,-0.0036024474875313447,0.009995758795259718
2025-12-29,8169268.314874611,8238794.960064085,8149590.917141249,8226726.380310059,19621800,-0.005033251330520905,14.199999809265137,4.116000175476074,0.00020408358647250324,6905.740234375,23474.349609375,1.0,0.19205546099652326,1.0,0.00020408358647250324,14.199999809265137,4.116000175476074,-0.005033251330520905,0.0,1.0,-2.4492935982947064e-16,1.0,1,30.0,7518253.066451037,0.0,0.0,0.0,47.0,14.0,0.0005437247194843032,0.014314041739241449,-0.0029265242516803656,0.010002539588340392,0.006602096545374408,0.03887152552307073
2025-12-30,8195793.466952143,8312501.8860697225,8194744.181284646,8231199.454803467,17380900,-0.002354464859291694,14.329999923706055,4.130000114440918,0.00203995253340028,6896.240234375,23419.080078125,1.0,0.1892488083032804,1.0,0.00203995253340028,14.329999923706055,4.130000114440918,-0.002354464859291694,0.9510565162951535,0.30901699437494745,-2.4492935982947064e-16,1.0,1,30.0,7540444.75561664,0.0,0.0,0.0,46.0,15.0,-0.0034683631363912645,0.009997103915818109,0.006055079529471488,0.03885040159935926,0.01049243482261918,0.01401417082667185
2025-12-31,8198719.843250933,8244056.665756489,8161768.5094549935,8202650.666046143,16377700,-0.0075617762593251925,14.949999809265137,4.163000106811523,0.0004071754519254789,6845.5,23241.990234375,1.0,0.18025597489822198,1.0,0.0004071754519254789,14.949999809265137,4.163000106811523,-0.0075617762593251925,0.5877852522924732,-0.8090169943749473,-2.4492935982947064e-16,1.0,1,30.0,7561057.059666368,0.0,0.0,0.0,45.0,16.0,0.009556588384726,0.03898561787926113,0.014009387602534493,0.014062946230968393,0.005966098768318466,0.029314287892179772
2026-01-02,8327023.903830407,8474172.485665984,8154387.081202443,8281040.022125244,32009400,-0.0002736157676632711,14.510000228881836,4.186999797821045,0.001424495231861167,6858.47021484375,23235.630859375,1.0,0.17993303825361107,1.0,0.001424495231861167,14.510000228881836,4.186999797821045,-0.0002736157676632711,-0.9510565162951536,0.30901699437494723,0.49999999999999994,0.8660254037844387,0,30.0,7583467.77436869,0.0,0.0,0.0,44.0,17.0,0.004410648465910065,0.013929824630701363,-0.003556501594578527,0.029036795192513332,0.02085627971616923,0.037919845846537965
2026-01-05,8346994.334693548,8382729.99512889,8267376.559860866,8317564.778594971,30195600,0.006894129713735264,14.899999618530273,4.164999961853027,-0.0015240960035521889,6902.0498046875,23395.8203125,1.0,0.18806764967285305,1.0,-0.0015240960035521889,14.899999618530273,4.164999961853027,0.006894129713735264,0.0,1.0,0.49999999999999994,0.8660254037844387,0,30.0,7606317.8130270485,0.0,0.0,0.0,43.0,18.0,-0.00793216407318784,0.028909286492395096,0.01637341387745884,0.037753329183093556,0.02717802306252611,0.027838365347601104
2026-01-06,8305664.498041707,8424842.085019475,8184387.221916018,8251588.490081787,31212100,0.00646908752731945,14.75,4.178999900817871,0.0031546270334603665,6944.81982421875,23547.169921875,1.0,0.19575336328696347,1.0,0.0031546270334603665,14.75,4.178999900817871,0.00646908752731945,0.9510565162951535,0.30901699437494745,0.49999999999999994,0.8660254037844387,0,30.0,7626402.978653553,0.0,0.0,0.0,42.0,19.0,0.024499915298574176,0.03805518918756553,0.035390913669641574,0.028060949402309646,0.0437176425702686,0.015978020972798747
2026-01-07,8253683.9952231655,8563236.76709373,8249221.006005729,8453751.70916748,35104400,0.0015759590270558732,15.380000114440918,4.138000011444092,0.0010143890471057126,6920.93017578125,23584.279296875,1.0,0.19763782159396803,1.0,0.0010143890471057126,15.380000114440918,4.138000011444092,0.0015759590270558732,0.5877852522924732,-0.8090169943749473,0.49999999999999994,0.8660254037844387,0,30.0,7652155.638543661,0.0,0.0,0.0,41.0,20.0,0.010630550777442854,0.027389899192067507,0.01875815408544345,0.015595922199898093,0.02876284286219965,0.028023941724460107
2026-01-08,8636291.104894394,8671732.165356085,8440184.758247219,8543619.74597168,31896100,-0.004420731467457473,15.449999809265137,4.183000087738037,0.0025334414189992494,6921.4599609375,23480.01953125,1.0,0.19234338638943038,1.0,0.0025334414189992494,15.449999809265137,4.183000087738037,-0.004420731467457473,-0.587785252292473,-0.8090169943749475,0.49999999999999994,0.8660254037844387,0,30.0,7679904.000408641,0.0,0.0,0.0,40.0,21.0,0.008042111236146893,0.0154318728915336,0.017941563384174616,0.02772916542341043,0.032316963355330096,0.02110906471373355
2026-01-09,8573535.107463649,8671566.04064713,8539721.986693699,8612328.486328125,26214200,0.008148633687052653,14.489999771118164,4.171000003814697,0.002021600602701401,6966.27978515625,23671.349609375,1.0,0.2020593558742978,1.0,0.002021600602701401,14.489999771118164,4.171000003814697,0.008148633687052653,-0.9510565162951536,0.30901699437494723,0.49999999999999994,0.8660254037844387,0,30.0,7708927.3248829255,0.0,0.0,0.0,39.0,22.0,0.00982047479731593,0.02750794348205014,0.02408118852238754,0.02094065761582899,0.022905560073874703,0.01839663879902463
2026-01-12,8538094.005908908,8754036.530239273,8517129.084988508,8696905.641174316,33923900,0.002642467889757638,15.119999885559082,4.186999797821045,-0.0027236623680739758,6977.27001953125,23733.900390625,1.0,0.20523575912377856,1.0,-0.0027236623680739758,15.119999885559082,4.186999797821045,0.002642467889757638,0.0,1.0,0.49999999999999994,0.8660254037844387,0,30.0,7739679.858391316,0.0,0.0,0.0,38.0,23.0,0.014122028698154411,0.02073701032852602,0.012957833202169047,0.01821773202084962,0.002963499422057488,0.020946597120498896
2026-01-13,8792947.329060728,8938380.179406403,8758032.357299155,8819723.592224121,33517600,-0.0010125284763347064,15.979999542236328,4.171000003814697,0.0027311009649957363,6963.740234375,23709.869140625,1.0,0.20401542359696867,1.0,0.0027311009649957363,15.979999542236328,4.171000003814697,-0.0010125284763347064,0.9510565162951535,0.30901699437494745,0.49999999999999994,0.8660254037844387,0,30.0,7773298.087220362,0.0,0.0,0.0,37.0,24.0,-0.0011479836381030608,0.017964043286029425,-0.011003142580800967,0.020654907918121447,-0.019265095095554487,0.020654817064525596
2026-01-14,8789138.128393197,8827435.945675045,8668998.049293516,8809598.693847656,28525600,-0.010043039006782273,16.75,4.139999866485596,0.0,6926.60009765625,23471.75,1.0,0.1919234497330169,1.0,0.0,16.75,4.139999866485596,-0.010043039006782273,0.5877852522924732,-0.8090169943749473,0.49999999999999994,0.8660254037844387,0,30.0,7805554.735574446,0.0,0.0,0.0,36.0,25.0,-0.009866485506625094,0.020678646666152305,-0.01813793350834801,0.020678555708138143,-0.0421232235041921,0.02171589443374869
2026-01-15,8850329.026856462,8851377.71275264,8669207.134091968,8722678.916015625,28442400,0.0024825388498939116,15.84000015258789,4.159999847412109,0.001916699754570983,6944.47021484375,23530.01953125,1.0,0.1948824460030789,1.0,0.001916699754570983,15.84000015258789,4.159999847412109,0.0024825388498939116,-0.587785252292473,-0.8090169943749475,0.49999999999999994,0.8660254037844387,0,30.0,7834101.8115834035,0.0,0.0,0.0,35.0,26.0,-0.00835387135234504,0.020884613443994785,-0.03257817004010002,0.02193228904574565,-0.011942790255019948,0.03950665629924478
2026-01-16,8765403.800351156,8771694.315854283,8589524.538497213,8649810.778503418,40341600,-0.0006217124567436949,15.859999656677246,4.230999946594238,0.0007047895191230058,6940.009765625,23515.390625,1.0,0.19413957270205429,1.0,0.0007047895191230058,15.859999656677246,4.230999946594238,-0.0006217124567436949,-0.9510565162951536,0.30901699437494723,0.49999999999999994,0.8660254037844387,0,30.0,7859492.163704151,0.0,0.0,0.0,34.0,27.0,-0.024428370149329946,0.022117052053291973,-0.0036191528399039385,0.03983947010726648,0.0014454976259015372,0.01939022480419809
2026-01-20,8408896.466467617,8588673.834497496,8397365.51925821,8438509.999084473,35361000,-0.023859706242919332,20.09000015258789,4.295000076293945,-0.007546030834145623,6796.85986328125,22954.3203125,1.0,0.16564775328433812,1.0,-0.007546030834145623,20.09000015258789,4.295000076293945,-0.023859706242919332,0.9510565162951535,0.30901699437494745,0.49999999999999994,0.8660254037844387,0,30.0,7877515.095069011,0.0,0.0,0.0,33.0,28.0,0.02133028131682269,0.040837052747592376,0.026521750923806563,0.01987575715702817,0.020047115504491297,0.01940988680972339
2026-01-21,8422714.395308957,8726112.60599247,8381508.728048772,8618505.791259766,35386600,0.01178427399798454,16.899999618530273,4.252999782562256,0.0012165728641988505,6875.6201171875,23224.8203125,1.0,0.17938406579417565,1.0,0.0012165728641988505,16.899999618530273,4.252999782562256,0.01178427399798454,0.5877852522924732,-0.8090169943749473,0.49999999999999994,0.8660254037844387,0,30.0,7900579.711810347,0.0,0.0,0.0,32.0,29.0,0.005083046789027349,0.019460655892236875,-0.0012563671476351203,0.019004515155173714,0.01258099384897192,0.026859545145358824
2026-01-22,8764781.775365243,8783125.882199991,8615404.106691035,8662314.059448242,26253600,0.00909368580287051,15.640000343322754,4.249000072479248,-0.004050238125016814,6913.35009765625,23436.01953125,1.0,0.19010901392941992,1.0,-0.004050238125016814,15.640000343322754,4.249000072479248,0.00909368580287051,-0.587785252292473,-0.8090169943749475,0.49999999999999994,0.8660254037844387,0,30.0,7924290.010572934,0.0,0.0,0.0,31.0,30.0,-0.006307353364396313,0.018908402858736975,0.007460027391665309,0.0267237072908233,0.01043340510184837,0.013379801964709443
2026-01-23,8727370.98213498,8758869.529524239,8595079.00559929,8607677.783721924,27280000,0.0027829257881455405,16.09000015258789,4.238999843597412,-0.007726739848662456,6915.60986328125,23501.240234375,1.0,0.19342099899498866,1.0,-0.007726739848662456,16.09000015258789,4.238999843597412,0.0027829257881455405,-0.9510565162951536,0.30901699437494723,0.49999999999999994,0.8660254037844387,0,30.0,7945561.63672752,0.0,0.0,0.0,30.0,31.0,0.013854767671547688,0.026893333045487584,0.01684701856547367,0.013464728766998656,0.019295299417153064,0.0169877674239596
2026-01-26,8584218.056575948,8794496.14763143,8563007.002245551,8726935.159606934,26042100,0.0042601641286383884,16.149999618530273,4.2129998207092285,-0.005737679993327416,6950.22998046875,23601.359375,1.0,0.198505168325271,1.0,-0.005737679993327416,16.149999618530273,4.2129998207092285,0.0042601641286383884,0.0,1.0,0.49999999999999994,0.8660254037844387,0,30.0,7969883.238779595,0.0,0.0,0.0,29.0,32.0,0.002951360480158401,0.013280727374712845,0.005366184505992195,0.016755622171580126,0.007807838119923231,0.04692675077720245
2026-01-27,8774145.000016302,8840598.181871874,8724698.135200338,8752691.491149902,21636200,0.009141008826954566,16.350000381469727,4.2230000495910645,-0.008450120435778086,6978.60009765625,23817.099609375,1.0,0.2094607146480829,1.0,-0.008450120435778086,16.350000381469727,4.2230000495910645,0.009141008826954566,0.9510565162951535,0.30901699437494745,0.49999999999999994,0.8660254037844387,0,30.0,7994249.49926801,0.0,0.0,0.0,28.0,33.0,0.0024077179821339573,0.016706315811325534,0.004842186601591341,0.046788660573466374,0.001398263980235368,0.022842520882892608
2026-01-28,8775070.766071985,8813716.24971759,8667491.021467337,8773765.503845215,27434400,0.0016941445447504755,16.350000381469727,4.250999927520752,0.0023903110020910834,6978.02978515625,23857.44921875,1.0,0.21150971591989376,1.0,0.0023903110020910834,16.350000381469727,4.250999927520752,0.0016941445447504755,0.5877852522924732,-0.8090169943749473,0.49999999999999994,0.8660254037844387,0,30.0,8018513.282850905,0.0,0.0,0.0,27.0,34.0,0.0024286211845595284,0.04667627726136512,-0.0010070293592019022,0.022787654637052318,0.013070215281799745,0.02711812204171364
2026-01-29,8848376.81591946,8900120.73045493,8490594.01917125,8795073.656616211,39785600,-0.007223323690009664,16.8799991607666,4.2270002365112305,-0.001762552351728286,6969.009765625,23685.119140625,1.0,0.20275858908821287,1.0,-0.001762552351728286,16.8799991607666,4.2270002365112305,-0.007223323690009664,-0.587785252292473,-0.8090169943749475,0.49999999999999994,0.8660254037844387,0,30.0,8042685.067313897,0.0,0.0,0.0,26.0,35.0,-0.003427326865130365,0.022732446136787657,0.010615812310571454,0.027052421956656064,0.0023863846710697302,0.03402170699229949
2026-01-30,8816793.555897368,8816793.555897368,8616860.01772926,8764930.06439209,31024000,-0.009427811057196478,17.440000534057617,4.241000175476074,0.007374315470237924,6939.02978515625,23461.8203125,1.0,0.19141920836286896,1.0,0.007374315470237924,17.440000534057617,4.241000175476074,-0.009427811057196478,-0.9510565162951536,0.30901699437494723,0.49999999999999994,0.8660254037844387,0,30.0,8065166.191755259,0.0,0.0,0.0,25.0,36.0,0.014091435129890735,0.027145458315206046,0.005833705551961593,0.03413871151541722,-0.012776053092306566,0.04384173143133594
2026-02-02,8695252.864960346,8917922.544109792,8679994.50041114,8888440.5078125,32006100,0.005553237590460336,16.34000015258789,4.275000095367432,0.006392440047816805,6976.43994140625,23592.109375,1.0,0.19803544229674608,1.0,0.006392440047816805,16.34000015258789,4.275000095367432,0.005553237590460336,0.0,1.0,0.8660254037844386,0.5000000000000001,0,30.0,8090792.028449918,0.0,0.0,0.0,24.0,37.0,-0.008142983257591012,0.03366433275422007,-0.026494147659136828,0.043232523136062614,-0.03254583509220502,0.07660779886581211
2026-02-03,9014073.9146375,9057153.882008336,8757930.463087248,8816062.085571289,36506700,-0.01428104272151376,18.0,4.27400016784668,-0.0017416060637467368,6917.81005859375,23255.189453125,1.0,0.18092624696341852,1.0,-0.0017416060637467368,18.0,4.27400016784668,-0.01428104272151376,0.9510565162951535,0.30901699437494745,0.8660254037844386,0.5000000000000001,0,30.0,8113367.313116063,0.0,0.0,0.0,23.0,38.0,-0.01850182444826291,0.043587455052798554,-0.02460319524154918,0.0772367363165084,-0.050698978946717814,0.030755377002516508
2026-02-04,8910686.969694033,8919780.726702476,8535511.016804956,8652948.852539062,70618400,-0.015076607984928048,18.639999389648438,4.275000095367432,0.00184729372604453,6882.72021484375,22904.580078125,1.0,0.16312188487883872,1.0,0.00184729372604453,18.639999389648438,4.275000095367432,-0.015076607984928048,0.5877852522924732,-0.8090169943749473,0.8660254037844386,0.5000000000000001,0,30.0,8130162.721575939,0.0,0.0,0.0,22.0,39.0,-0.006216385262108574,0.07869269473994767,-0.03280409001306159,0.031335134153690866,-0.029928494560559585,0.031227024717602306
2026-02-05,8105145.260503814,8636540.855686098,7955616.9930328615,8599158.78881836,88205800,-0.01589159168749088,21.770000457763672,4.210000038146973,0.002048729180651243,6798.39990234375,22540.58984375,1.0,0.14463802680155946,1.0,0.002048729180651243,21.770000457763672,4.210000038146973,-0.01589159168749088,-0.587785252292473,-0.8090169943749475,0.8660254037844386,0.5000000000000001,0,30.0,8144761.035157674,0.0,0.0,0.0,21.0,40.0,-0.02675401803436402,0.03153114389187776,-0.0238604349546506,0.031422358202030105,-0.04261766953535976,0.02121648068805481
2026-02-06,8481078.901591118,8564028.827079931,8292887.513960594,8369096.739501953,56380500,0.021766116022293724,20.3700008392334,4.205999851226807,-0.0019423680433348078,6932.2998046875,23031.2109375,1.0,0.1695523508964516,1.0,-0.0019423680433348078,20.3700008392334,4.205999851226807,0.021766116022293724,-0.9510565162951536,0.30901699437494723,0.8660254037844386,0.5000000000000001,0,30.0,8151743.871877079,0.0,0.0,0.0,20.0,41.0,0.002973126150358552,0.032286142233608095,-0.01629973490253347,0.02179971053690303,-0.04057105215430222,0.03517328418479646
2026-02-09,8306239.506119889,8481459.66307319,8211253.815374804,8393979.119873047,39640100,0.00900773237403718,17.360000610351562,4.197999954223633,-0.008296605360863074,6964.81982421875,23238.669921875,1.0,0.17414517927124673,1.0,-0.008296605360863074,17.360000610351562,4.197999954223633,0.00900773237403718,0.0,1.0,0.8660254037844386,0.5000000000000001,0,30.0,8159283.862844565,0.0,0.0,0.0,19.0,42.0,-0.019215730262749607,0.021735089374303906,-0.04341509973631431,0.03506901956565837,-0.045398021609202525,0.027927446309099168
2026-02-10,8294444.979703415,8312534.560394008,8130090.674017526,8232682.681274414,39170000,-0.005860887013236171,17.790000915527344,4.146999835968018,-0.0002065342194735864,6941.81005859375,23102.470703125,1.0,0.18332207714280369,1.0,-0.0002065342194735864,17.790000915527344,4.146999835968018,-0.005860887013236171,0.9510565162951535,0.30901699437494745,0.8660254037844386,0.5000000000000001,0,30.0,8161568.527989558,0.0,0.0,0.0,18.0,43.0,-0.024673488574656333,0.03575609912162771,-0.026695260267038227,0.02847460667021185,-0.03851109030386697,0.015473434277882623
2026-02-11,8236386.728952781,8290354.24324906,7995985.625260504,8029553.679199219,45406400,-0.0015582748902752686,17.649999618530273,4.171999931335449,0.0003099047350323403,6941.47021484375,23066.470703125,1.0,0.17003932945936806,1.0,0.0003099047350323403,17.649999618530273,4.171999931335449,-0.0015582748902752686,0.5877852522924732,-0.8090169943749473,0.8660254037844386,0.5000000000000001,0,30.0,8157459.337540653,0.0,0.0,0.0,17.0,44.0,-0.0020729178061891025,0.02919494788324683,-0.014187660816261773,0.01586487611750625,-0.025742727803360056,0.026419342189589475
2026-02-12,8093038.070180989,8200654.651902192,7966232.250712238,8012909.0744018555,47761300,-0.020346429175938763,20.81999969482422,4.104000091552734,0.001032722010018805,6832.759765625,22597.150390625,1.0,0.15034168995241037,1.0,0.001032722010018805,20.81999969482422,4.104000091552734,-0.020346429175938763,-0.587785252292473,-0.8090169943749475,0.8660254037844386,0.5000000000000001,0,30.0,8152959.960643891,0.0,0.0,0.0,16.0,45.0,-0.012139908041617638,0.015897831014495985,-0.02371897748795032,0.026474221073858464,-0.01948438479072408,0.013350260303141608
2026-02-13,7967675.813131215,7990978.251453694,7863590.377054332,7915633.095092773,38499700,-0.0022339307336266545,20.600000381469727,4.056000232696533,-0.0005158676529494199,6836.169921875,22546.669921875,1.0,0.14741619282969687,1.0,-0.0005158676529494199,20.600000381469727,4.056000232696533,-0.0022339307336266545,-0.9510565162951536,0.30901699437494723,0.8660254037844386,0.5000000000000001,0,30.0,8145572.751567584,0.0,0.0,0.0,15.0,46.0,-0.011721365748643383,0.026799565332550956,-0.007434733732938223,0.013514322940888722,-0.009005346270024151,0.017768180957714357
2026-02-17,7771566.073786973,7885533.685828513,7673398.159548071,7822851.064453125,39247600,0.001406457699069552,20.290000915527344,4.052000045776367,0.0028902396431635946,6843.22021484375,22578.380859375,1.0,0.1319957721024565,1.0,0.0028902396431635946,20.290000915527344,4.052000045776367,0.001406457699069552,0.9510565162951535,0.30901699437494745,0.8660254037844386,0.5000000000000001,0,30.0,8135527.481005245,0.0,0.0,0.0,14.0,47.0,0.004337473124623785,0.013674608022995586,0.002748232517114646,0.017978918436473288,0.04291111425919011,0.04171911215553437
2026-02-18,7824664.533247048,7909881.566209423,7802907.144280753,7856782.470703125,28482100,0.007761849757584871,19.6200008392334,4.078999996185303,0.005557773423009893,6881.31005859375,22753.630859375,1.0,0.1361608183421681,1.0,0.005557773423009893,19.6200008392334,4.078999996185303,0.007761849757584871,0.5877852522924732,-0.8090169943749473,0.8660254037844386,0.5000000000000001,0,30.0,8126851.060553235,0.0,0.0,0.0,13.0,48.0,-0.0015823770894107993,0.017901272149627702,0.03840705158053969,0.04153893812777972,0.026901417313321636,0.03181351799429719
2026-02-19,7817671.290467705,7912212.579323604,7771566.178095123,7844350.078125,25834400,-0.0031160033782383634,20.229999542236328,4.074999809265137,0.0023541797760284755,6861.89013671875,22682.73046875,1.0,0.13180162993823785,1.0,0.0023541797760284755,20.229999542236328,4.074999809265137,-0.0031160033782383634,-0.587785252292473,-0.8090169943749475,0.8660254037844386,0.5000000000000001,0,30.0,8118057.728973967,0.0,0.0,0.0,12.0,49.0,0.040052807314611714,0.041604772566699415,0.02852893794051473,0.03186393876097094,0.03291774996277426,0.02106366960652514
2026-02-20,7882425.407306836,8197908.719010703,7871546.318076742,8158538.3203125,53210800,0.008964522328127167,19.09000015258789,4.085999965667725,-0.0013274507608788122,6909.509765625,22886.0703125,1.0,0.14109418822062958,1.0,-0.0013274507608788122,19.09000015258789,4.085999965667725,0.008964522328127167,-0.9510565162951536,0.30901699437494723,0.8660254037844386,0.5000000000000001,0,30.0,8119317.757378488,0.0,0.0,0.0,11.0,50.0,-0.011080081023819653,0.030636847030145294,-0.006860283729496371,0.020252500121518798,0.0033609809823901848,0.013467972037030573
2026-02-23,8263958.347660327,8276132.209625056,8026180.319116063,8068141.0546875,31423000,-0.011308222762413167,21.010000228881836,4.0289998054504395,-0.001022557263752888,6837.75,22627.26953125,1.0,0.13349675287318075,1.0,-0.001022557263752888,21.010000228881836,4.0289998054504395,-0.011308222762413167,0.0,1.0,0.8660254037844386,0.5000000000000001,0,30.0,8117724.794012387,0.0,0.0,0.0,10.0,51.0,0.004267076851573582,0.020479413684462967,0.014602862910437213,0.013618870222549304,-0.006379828445678687,0.034879204799171205
2026-02-24,8092664.876399228,8138272.772942969,7973041.974619424,8102568.4326171875,25615600,0.01044801963062758,19.549999237060547,4.0329999923706055,0.0018423777973211042,6890.06982421875,22863.6796875,1.0,0.17105450990682236,1.0,0.0018423777973211042,19.549999237060547,4.0329999923706055,0.01044801963062758,0.9510565162951535,0.30901699437494745,0.8660254037844386,0.5000000000000001,0,30.0,8117253.026055555,0.0,0.0,0.0,9.0,52.0,0.010291869859227911,0.013561004374697943,-0.010601667168688671,0.034731004931994006,0.0008437152284276853,0.02751230979353014
2026-02-25,8163983.378936598,8205319.12642374,8095440.160462729,8185959.012451172,29963600,0.012613909684129787,17.93000030517578,4.047999858856201,-0.0018389896835586672,6946.1298828125,23152.080078125,1.0,0.20040257590247923,1.0,-0.0018389896835586672,17.93000030517578,4.047999858856201,0.012613909684129787,0.5877852522924732,-0.8090169943749473,0.8660254037844386,0.5000000000000001,0,30.0,8119391.618688629,0.0,0.0,0.0,8.0,53.0,-0.02068069401650025,0.03437719927097241,-0.009351906030993513,0.027232041169809325,-0.025628480558862483,0.02285571530314139
2026-02-26,8153852.127648914,8166892.448378202,7885482.104183155,8016667.698883057,36431200,-0.011821798206745227,18.6299991607666,4.017000198364258,0.0009212279436696669,6908.85986328125,22878.380859375,1.0,0.20245512195642723,1.0,0.0009212279436696669,18.6299991607666,4.017000198364258,-0.011821798206745227,-0.587785252292473,-0.8090169943749475,0.8660254037844386,0.5000000000000001,0,30.0,8116194.1590543,0.0,0.0,0.0,7.0,54.0,0.011568022723834274,0.027807111534946242,-0.005052271013276235,0.023338368970667957,-0.01005430627870237,0.02357638368156886
2026-02-27,7911195.743069277,8125271.442793231,7902351.069951789,8109404.692993164,44640600,-0.00918639842420832,19.860000610351562,3.9619998931884766,-0.0018406821095263703,6878.8798828125,22668.2109375,1.0,0.18835660515353814,1.0,-0.0018406821095263703,19.860000610351562,3.9619998931884766,-0.00918639842420832,-0.9510565162951536,0.30901699437494723,0.8660254037844386,0.5000000000000001,0,30.0,8115982.825182791,0.0,0.0,0.0,6.0,55.0,-0.01643022848068812,0.02307147759359284,-0.021375061801889028,0.023306770431596957,-0.023199105317221025,0.01520965045037023
2026-03-02,7890554.562891304,8027428.064037803,7840332.115366034,7976165.321044922,34790200,0.0035577769115684443,21.440000534057617,4.047999858856201,0.007888501570040507,6881.6201171875,22748.859375,1.0,0.22672261903244784,1.0,0.007888501570040507,21.440000534057617,4.047999858856201,0.0035577769115684443,0.0,1.0,1.0,6.123233995736766e-17,0,30.0,8111630.763593828,0.0,0.0,0.0,5.0,56.0,-0.005027435230713391,0.023696102814948435,-0.006881948828172177,0.015463722951627533,-0.013688073453533837,0.017406653273664637
2026-03-03,7805619.352758562,7945477.056268902,7756473.022752395,7936065.666503906,35497000,-0.010205782982251166,23.56999969482422,4.056000232696533,0.00681038643062748,6816.6298828125,22516.689453125,1.0,0.1946917694830581,1.0,0.00681038643062748,23.56999969482422,4.056000232696533,-0.010205782982251166,0.9510565162951535,0.30901699437494745,1.0,6.123233995736766e-17,0,30.0,8106165.996359434,0.0,0.0,0.0,4.0,57.0,-0.0018638841543221938,0.015541858639301524,-0.00870439902514163,0.017494606273591954,-0.014788263533215834,0.01765673655813762
2026-03-04,7915002.429287059,7982421.621070957,7859080.410329939,7921273.759460449,29536200,0.012914465789047869,21.149999618530273,4.079999923706055,-0.002826919738155853,6869.5,22807.48046875,1.0,0.24290163472213822,1.0,-0.002826919738155853,21.149999618530273,4.079999923706055,0.012914465789047869,0.5877852522924732,-0.8090169943749473,1.0,6.123233995736766e-17,0,30.0,8100410.905769976,0.0,0.0,0.0,3.0,58.0,-0.006853288606858757,0.017527275083889262,-0.012948513908790255,0.01768970812480603,0.012527108651553036,0.04203990949817779
2026-03-05,7923463.720559722,7930261.292107746,7791422.947910889,7866986.98425293,35752300,-0.0025645197616256388,23.75,4.145999908447266,0.005568523544102311,6830.7099609375,22748.990234375,1.0,0.24412310529307724,1.0,0.005568523544102311,23.75,4.145999908447266,-0.0025645197616256388,-0.587785252292473,-0.8090169943749475,1.0,6.123233995736766e-17,0,30.0,8093145.182575707,0.0,0.0,0.0,2.0,59.0,-0.006137285893421921,0.01781177737576325,0.019514133245455596,0.04233000926842531,0.024314015059567203,0.013144214459956512
2026-03-06,7755059.730266309,7871350.332993529,7731225.3122119885,7818705.03601074,25576900,-0.015882487229215148,29.489999771118164,4.132999897003174,-0.0033226120828501182,6740.02001953125,22387.6796875,1.0,0.20670538092544066,1.0,-0.0033226120828501182,29.489999771118164,4.132999897003174,-0.015882487229215148,-0.9510565162951536,0.30901699437494723,1.0,6.123233995736766e-17,0,30.0,8084602.758451494,0.0,0.0,0.0,1.0,60.0,0.02580982139161602,0.04259140489687996,0.03063934336279331,0.013225382412874154,0.03344771062520274,0.018412575910838114
2026-03-09,7706344.416503906,8032023.680419922,7699014.048461914,8020504.416503906,29312100,0.01376960612055389,25.5,4.136000156402588,0.0019194105011268725,6795.990234375,22695.94921875,1.0,0.256053070969007,1.0,0.0019194105011268725,25.5,4.136000156402588,0.01376960612055389,0.0,1.0,1.0,6.123233995736766e-17,0,30.0,8082607.586719411,0.0,1.0,1.0,0.0,0.0,0.004708009097266728,0.012892626037575435,0.007445716617555039,0.0179493074904075,-0.008793740710487438,0.025829172973754904
2026-03-10,8035432.002410889,8123090.206298828,8019684.842224121,8058265.024261475,23239700,5.0687046129427316e-05,24.93000030517578,4.136000156402588,-0.0035289218899390296,6781.47998046875,22697.099609375,1.0,0.24735240244019585,1.0,-0.0035289218899390296,24.93000030517578,4.136000156402588,5.0687046129427316e-05,0.9510565162951535,0.30901699437494745,1.0,6.123233995736766e-17,0,30.0,8081849.882369706,0.0,0.0,0.0,60.0,1.0,0.0027248787662677736,0.017865197975812902,-0.013438481315467495,0.02570813882230569,-0.015690456433494183,0.02360805948020246
2026-03-11,8029181.25,8151418.851470947,8007456.351470947,8080222.819519043,24125700,0.0008384881913343634,24.229999542236328,4.208000183105469,0.004047369406738444,6775.7998046875,22716.130859375,1.0,0.3004187267575902,1.0,0.004047369406738444,24.229999542236328,4.208000183105469,0.0008384881913343634,0.5877852522924732,-0.8090169943749473,1.0,6.123233995736766e-17,0,30.0,8081799.23722496,0.0,0.0,0.0,60.0,2.0,-0.01611943657129794,0.025638277624004363,-0.018365292005539754,0.023543905192867393,-0.007134462623941103,0.011275182138422272
2026-03-12,8035615.991821289,8091138.66394043,7883975.668029785,7949974.180297852,24928300,-0.0177913392525737,27.290000915527344,4.2729997634887695,0.005139519193620101,6672.6201171875,22311.98046875,1.0,0.27964286558407525,1.0,0.005139519193620101,27.290000915527344,4.2729997634887695,-0.0177913392525737,-0.587785252292473,-0.8090169943749475,1.0,6.123233995736766e-17,0,30.0,8077695.954375986,0.0,0.0,0.0,60.0,3.0,-0.0022826504737681642,0.023929637466177597,0.009132179536147469,0.011459909421454223,0.026404023941859586,0.019543050757743395
2026-03-13,8055942.65625,8073785.6640625,7883545.6640625,7931827.16796875,23661300,-0.009260544757082045,27.190000534057617,4.284999847412109,0.006216189691811147,6632.18994140625,22105.359375,1.0,0.2525383449280578,1.0,0.006216189691811147,27.190000534057617,4.284999847412109,-0.009260544757082045,-0.9510565162951536,0.30901699437494723,1.0,6.123233995736766e-17,0,30.0,8073155.536162502,0.0,0.0,0.0,59.0,4.0,0.011440945690015303,0.011486128237517355,0.028752305880267268,0.019587762773718882,0.01884040628608609,0.01834438724674339
2026-03-16,7990806.061913053,8046992.0248581385,7955886.040849025,8022574.771820068,23519700,0.012160865966468926,23.510000228881836,4.21999979019165,-0.0064766991024894915,6699.3798828125,22374.1796875,1.0,0.2930802207572947,1.0,-0.0064766991024894915,23.510000228881836,4.21999979019165,0.012160865966468926,0.0,1.0,1.0,6.123233995736766e-17,0,30.0,8071581.122407998,0.0,0.0,0.0,58.0,5.0,0.017115542201469783,0.019366195186369395,0.007315761367583157,0.018136884140308025,0.006247652816823387,0.018707600716083676
2026-03-17,8027088.473939279,8173007.6507603945,8017640.901832084,8159885.488891602,21955200,0.004708535054532392,22.3700008392334,4.202000141143799,-0.0013037534310660348,6716.08984375,22479.529296875,1.0,0.2661606139606476,1.0,-0.0013037534310660348,22.3700008392334,4.202000141143799,0.004708535054532392,0.9510565162951535,0.30901699437494745,1.0,6.123233995736766e-17,0,30.0,8074329.748510864,0.0,0.0,0.0,57.0,6.0,-0.009634874728858966,0.017831685180084957,-0.010685009651040895,0.018392798005615454,-0.03208968858209672,0.02485700113302536
2026-03-18,8122763.27362089,8206809.390456568,8061304.88131311,8081266.014404297,20009800,-0.014551433469982555,25.09000015258789,4.258999824523926,0.005121455085943749,6624.7001953125,22152.419921875,1.0,0.24391277768869912,1.0,0.005121455085943749,25.09000015258789,4.258999824523926,-0.014551433469982555,0.5877852522924732,-0.8090169943749473,1.0,6.123233995736766e-17,0,30.0,8074545.651781,0.0,0.0,0.0,56.0,7.0,-0.0010603512738742928,0.018571734339473935,-0.022673267949626257,0.025098825169373812,-0.018110789490669812,0.01641580656849045
2026-03-19,7990690.1475935755,8097141.23971419,7947058.114168054,8072697.033691406,25075800,-0.0027866241687231064,24.059999465942383,4.281000137329102,-0.008592197146793823,6606.490234375,22090.689453125,0.0,0.26202805611937996,1.0,-0.008592197146793823,24.059999465942383,4.281000137329102,-0.0027866241687231064,-0.587785252292473,-0.8090169943749475,1.0,6.123233995736766e-17,0,30.0,8074488.110346328,0.0,0.0,0.0,55.0,8.0,-0.021635858285646514,0.025125466990303668,-0.017068536861599887,0.016433231566515875,-0.05293945871505195,0.03127095423609809
2026-03-20,8015064.477082167,8029233.937655731,7826403.654812995,7898037.3046875,44364100,-0.020057322297033164,26.780000686645508,4.390999794006348,0.004232572354498032,6506.47998046875,21647.609375,0.0,0.21952941352519106,1.0,0.004232572354498032,26.780000686645508,4.390999794006348,-0.020057322297033164,-0.9510565162951536,0.30901699437494723,1.0,6.123233995736766e-17,0,30.0,8068995.773901157,0.0,0.0,0.0,54.0,9.0,0.004668324634264975,0.016796641317741362,-0.03199585828498704,0.03196249014329479,-0.029957866613654585,0.022539767159954486
2026-03-23,7936221.051660856,8037883.957232659,7905223.457511682,7934907.906799316,29326900,0.013819095930771796,26.149999618530273,4.334000110626221,-0.007024631880762522,6581.0,21946.759765625,0.0,0.24051648714992035,1.0,-0.007024631880762522,26.149999618530273,4.334000110626221,0.013819095930771796,0.0,1.0,1.0,6.123233995736766e-17,0,30.0,8064822.057172639,0.0,0.0,0.0,53.0,10.0,-0.03649381793001097,0.03181397219319149,-0.03446529605730799,0.022435033142066824,-0.06800470396247463,0.03135186709193275
2026-03-24,7875924.991556783,7894877.783591307,7642436.844088858,7645332.822357178,36864300,-0.008423527782655094,26.950000762939453,4.392000198364258,0.0048509688907283355,6556.3701171875,21761.890625,0.0,0.22367456619860193,1.0,0.0048509688907283355,26.950000762939453,4.392000198364258,-0.008423527782655094,0.9510565162951535,0.30901699437494745,1.0,6.123233995736766e-17,0,30.0,8051764.729357495,0.0,0.0,0.0,52.0,11.0,0.0021053542887964787,0.02328478380270231,-0.032704394241421395,0.03253935228996315,-0.055110390432295944,0.01866765912445929
2026-03-25,7727528.231288098,7794943.898005222,7616923.976136931,7661428.956604004,29460700,0.007716686495385705,25.329999923706055,4.328000068664551,0.0017097271288699645,6591.89990234375,21929.8203125,0.0,0.20569106791066427,1.0,0.0017097271288699645,25.329999923706055,4.328000068664551,0.007716686495385705,0.5877852522924732,-0.8090169943749473,1.0,6.123233995736766e-17,0,30.0,8039614.853461246,0.0,0.0,0.0,51.0,12.0,-0.03473661564748616,0.03247098935326679,-0.05709553838448351,0.018628439659129355,-0.06098160022905631,0.017098069276868647
2026-03-26,7579310.264695779,7580363.50067697,7331589.3225962715,7395296.84362793,39080600,-0.023791359297075876,27.440000534057617,4.415999889373779,0.00301207887905508,6477.16015625,21408.080078125,0.0,0.17164212129478473,1.0,0.00301207887905508,27.440000534057617,4.415999889373779,-0.023791359297075876,-0.587785252292473,-0.8090169943749475,1.0,6.123233995736766e-17,0,30.0,8019559.341249363,0.0,0.0,0.0,50.0,13.0,-0.023163545928964687,0.019298815184650427,-0.027189454201844553,0.017713371867242027,0.023403386419127203,0.03911250979990993
2026-03-27,7301412.4910162315,7356446.844142433,7213726.377121629,7223995.545532227,35890600,-0.021474167765036856,31.049999237060547,4.440000057220459,0.002502502464279077,6368.85009765625,20948.359375,0.0,0.17036351284080897,1.0,0.002502502464279077,31.049999237060547,4.440000057220459,-0.021474167765036856,-0.9510565162951536,0.30901699437494723,1.0,6.123233995736766e-17,1,30.0,7994796.042417369,0.0,0.0,0.0,49.0,14.0,-0.004121373906657158,0.018133405846413996,0.04767116558152687,0.04003997766146602,0.08299132073464775,0.03681706126360732
2026-03-30,7271031.632857714,7288655.056258979,7157659.4131991565,7194222.7587890625,35141200,-0.0073379851494933535,30.610000610351562,4.3420000076293945,0.003594614127474971,6343.72021484375,20794.640625,0.0,0.16797384896743117,1.0,0.003594614127474971,30.610000610351562,4.3420000076293945,-0.0073379851494933535,0.0,1.0,1.0,6.123233995736766e-17,1,30.0,7969876.8146117255,0.0,0.0,0.0,48.0,15.0,0.052006879283429425,0.04020568030316689,0.0874732044235478,0.03696942609164552,0.08101511366520948,0.03154185030899288
2026-03-31,7317812.585476867,7582057.569322553,7292808.949052913,7568371.833343506,43875400,0.03827862422484163,25.25,4.310999870300293,-0.005472122575545746,6528.52001953125,21590.630859375,0.0,0.24635704155345395,1.0,-0.005472122575545746,25.25,4.310999870300293,0.03827862422484163,0.9510565162951535,0.30901699437494745,1.0,6.123233995736766e-17,1,30.0,7957379.277786641,0.0,0.0,0.0,47.0,16.0,0.033713016367607915,0.03514181021024036,0.02757418696875719,0.029982551378825106,0.042552319619571774,0.01890558801509749
2026-04-01,7651211.265054059,7905865.610877021,7639899.324309135,7823524.476837158,37684500,0.011593841838405838,24.540000915527344,4.318999767303467,-0.0031012161007702987,6575.31982421875,21840.94921875,0.0,0.26253449721786803,1.0,-0.0031012161007702987,24.540000915527344,4.318999767303467,0.011593841838405838,0.5877852522924732,-0.8090169943749473,0.8660254037844387,-0.4999999999999998,0,30.0,7953212.815645134,0.0,0.0,0.0,46.0,17.0,-0.005938620585839313,0.029004714949011287,0.008551022490772657,0.01828901031113098,0.026706763980428847,0.02658696552799461
2026-04-02,7643488.864533757,7837803.292064475,7610884.1947172005,7777063.533325195,21666500,0.0017504032616484366,23.8700008392334,4.313000202178955,0.0038133190928180127,6582.68994140625,21879.1796875,0.0,0.2538290444155722,1.0,0.0038133190928180127,23.8700008392334,4.313000202178955,0.0017504032616484366,-0.587785252292473,-0.8090169943749475,0.8660254037844387,-0.4999999999999998,0,30.0,7947729.864635281,0.0,0.0,0.0,45.0,18.0,0.014576205631438256,0.018398270660016397,0.03284041130891471,0.02674579867861213,0.07265679330364792,0.023865354113001495
2026-04-06,7782058.305730707,7906994.181494588,7763909.661668328,7890423.610595703,16945500,0.005354869694540465,24.170000076293945,4.335000038146973,-0.0004998042884474252,6611.830078125,21996.33984375,0.0,0.24971742409732722,1.0,-0.0004998042884474252,24.170000076293945,4.335000038146973,0.005354869694540465,0.0,1.0,0.8660254037844387,-0.4999999999999998,0,30.0,7945946.1083842255,0.0,0.0,0.0,44.0,19.0,0.018001807627756678,0.026361547343766494,0.057246155931739255,0.023522485526997452,0.06110395096222813,0.028252608991492147
2026-04-07,7960677.131677515,8036936.2214801125,7828932.445907021,8032465.498535156,23205400,0.0009778793098211835,25.780000686645508,4.3429999351501465,-0.0034007197026322267,6616.85009765625,22017.849609375,0.0,0.3303346789534751,1.0,-0.0034007197026322267,25.780000686645508,4.3429999351501465,0.0009778793098211835,0.9510565162951535,0.30901699437494745,0.8660254037844387,-0.4999999999999998,0,30.0,7948639.174012153,0.0,0.0,0.0,43.0,20.0,0.03855037192461715,0.023106526285853808,0.04233994774028163,0.027753004739086887,0.03888059623891525,0.01804378610100827
2026-04-08,8424405.660079347,8467256.540856948,8281654.165674832,8342120.030975342,33547100,0.028029105291791367,21.040000915527344,4.290999889373779,-0.005118447805645521,6782.81005859375,22634.990234375,1.0,0.45209745433139936,1.0,-0.005118447805645521,21.040000915527344,4.290999889373779,0.028029105291791367,0.5877852522924732,-0.8090169943749473,0.8660254037844387,-0.4999999999999998,0,30.0,7960886.946092914,0.0,0.0,0.0,42.0,21.0,0.003648909015979391,0.02672282971470673,0.0003179665842169412,0.017374011496014342,0.01372883905599058,0.01943473097139498
2026-04-09,8304736.2129742745,8400162.861874606,8177237.808827208,8372559.66796875,23739200,0.008280528754784022,19.489999771118164,4.293000221252441,-0.003127182156590469,6824.66015625,22822.419921875,1.0,0.46266999746772663,1.0,-0.003127182156590469,19.489999771118164,4.293000221252441,0.008280528754784022,-0.587785252292473,-0.8090169943749475,0.8660254037844387,-0.4999999999999998,0,30.0,7973700.971426485,0.0,0.0,0.0,41.0,22.0,-0.003318832314607156,0.01731084579471976,0.010043283014071112,0.019364073229999945,0.046110701405141244,0.02997778655059112
2026-04-10,8417898.43910701,8465509.138895588,8320573.049576291,8344772.546386719,19152600,0.003525949632005032,19.229999542236328,4.316999912261963,-0.0017202810106283772,6816.89013671875,22902.890625,1.0,0.5000671598545254,1.0,-0.0017202810106283772,19.229999542236328,4.316999912261963,0.003525949632005032,-0.9510565162951536,0.30901699437494723,0.8660254037844387,-0.4999999999999998,0,30.0,7985251.215854734,0.0,0.0,0.0,40.0,23.0,0.013406609617907503,0.019428553340652976,0.049594128315416375,0.030077609091590414,0.06347298829323157,0.02075720971437534
2026-04-13,8346896.708253317,8465070.016496805,8302943.157963715,8456647.654266357,18866400,0.01226262719293758,19.1200008392334,4.296999931335449,-0.0028383048653417564,6886.240234375,23183.740234375,1.0,0.35379736621355984,1.0,-0.0028383048653417564,19.1200008392334,4.296999931335449,0.01226262719293758,0.0,1.0,0.8660254037844387,-0.4999999999999998,0,30.0,7999924.245139836,0.0,0.0,0.0,39.0,24.0,0.035708784957651826,0.029679704874759804,0.0494040380239882,0.020482607393099192,0.04447082819144284,0.016660854702107646
2026-04-14,8544992.998612132,8768621.923693912,8517631.117085457,8758624.266815186,27721400,0.019640482473783916,18.360000610351562,4.25600004196167,-0.0025414251603107507,6967.3798828125,23639.080078125,1.0,0.44252347024892913,1.0,-0.0025414251603107507,18.360000610351562,4.25600004196167,0.019640482473783916,0.9510565162951535,0.30901699437494745,0.8660254037844387,-0.4999999999999998,0,30.0,8023540.095259877,0.0,0.0,0.0,38.0,25.0,0.01322307318933897,0.01977641562047452,0.008459948743361555,0.016086427907231547,0.02536878803757952,0.018245902272002467
2026-04-15,8763089.018180888,8883917.354063952,8710703.160299841,8874440.196533203,24918800,0.015945605830651965,18.170000076293945,4.2820000648498535,-0.0006115489839850774,7022.9501953125,24016.01953125,1.0,0.4359816810239119,1.0,-0.0006115489839850774,18.170000076293945,4.2820000648498535,0.015945605830651965,0.5877852522924732,-0.8090169943749473,0.8660254037844387,-0.4999999999999998,0,30.0,8050025.832289943,0.0,0.0,0.0,37.0,26.0,-0.004700963264668314,0.015876491892941238,0.011987207131011418,0.018007784025850834,-0.0001360359416068576,0.014194051155844939
2026-04-16,8904483.66324339,8934187.309054134,8793292.331219483,8832721.779174805,20541500,0.003609244545592194,17.940000534057617,4.309000015258789,0.001631691475555641,7041.27978515625,24102.69921875,1.0,0.43200113997696366,1.0,0.001631691475555641,17.940000534057617,4.309000015258789,0.003609244545592194,-0.587785252292473,-0.8090169943749475,0.8660254037844387,-0.4999999999999998,0,30.0,8074388.597075925,0.0,0.0,0.0,36.0,27.0,0.016766991406339946,0.018092837791663045,0.004586488235771652,0.014261092025571203,-0.010874881341332722,0.023783742620685323
2026-04-17,8874894.24631825,8997642.287334757,8837833.284925258,8980819.94934082,25581900,0.015175945510511601,17.479999542236328,4.245999813079834,-0.0012217750467380384,7126.06005859375,24468.48046875,1.0,0.4544512468446198,1.0,-0.0012217750467380384,17.479999542236328,4.245999813079834,0.015175945510511601,-0.9510565162951536,0.30901699437494723,0.8660254037844387,-0.4999999999999998,0,30.0,8102602.840317839,0.0,0.0,0.0,35.0,28.0,-0.011979640638924408,0.014025919552960696,-0.027186044571962203,0.02339153692213087,-0.005963014326999591,0.013622143747753343
2026-04-20,8961065.81598694,8977895.66618492,8851931.408055842,8873232.953704834,18784200,-0.002619281725804501,18.8700008392334,4.25,-0.0005096373408860488,7109.14013671875,24404.390625,1.0,0.49654448666505524,1.0,-0.0005096373408860488,18.8700008392334,4.25,-0.002619281725804501,0.0,1.0,0.8660254037844387,-0.4999999999999998,0,30.0,8126590.03517194,0.0,0.0,0.0,34.0,29.0,-0.015390779945942956,0.023675156792576122,0.006089577259132187,0.013787310776229746,0.0046237565347170915,0.017134538745401516
2026-04-21,8878645.211204836,8922027.337716209,8711952.156280193,8736666.977905273,23123800,-0.005918184547990535,19.5,4.291999816894531,0.003671602235050697,7064.009765625,24259.9609375,1.0,0.48957941396476956,1.0,0.003671602235050697,19.5,4.291999816894531,-0.005918184547990535,0.9510565162951535,0.30901699437494745,0.8660254037844387,-0.4999999999999998,0,30.0,8145579.734960624,0.0,0.0,0.0,33.0,30.0,0.0218161243745979,0.014002825177152815,0.020327390880578194,0.017402374867524394,0.03589246298236892,0.029717163649199806
2026-04-22,8866755.351281788,8940421.834422413,8818083.814099802,8927267.191314697,20293000,0.0163895307178914,18.920000076293945,4.294000148773193,0.0018290079167078144,7137.89990234375,24657.5703125,1.0,0.5536339908645207,1.0,0.0018290079167078144,18.920000076293945,4.294000148773193,0.0163895307178914,0.5877852522924732,-0.8090169943749473,0.8660254037844387,-0.4999999999999998,0,30.0,8169911.108734952,0.0,0.0,0.0,32.0,31.0,-0.0014569485238167348,0.017030828201282797,0.013775803955321646,0.029082692022880517,0.033457153999729976,0.03082607880635942
2026-04-23,8974496.864623299,8995014.177330619,8842975.42348839,8914260.622558594,18650300,-0.008884505234035278,19.309999465942383,4.322999954223633,0.0021301016499426506,7108.39990234375,24438.5,1.0,0.49925585458100863,1.0,0.0021301016499426506,19.309999465942383,4.322999954223633,-0.008884505234035278,-0.587785252292473,-0.8090169943749475,0.8660254037844387,-0.4999999999999998,0,30.0,8193080.274483185,0.0,0.0,0.0,31.0,32.0,0.015254978197103508,0.02912512583196738,0.03496504479394444,0.030871056346331874,0.033310719127090306,0.01861134562783468
2026-04-24,8901249.94374447,9073109.46950209,8813480.507171119,9050247.473999023,26426100,0.016289854507232526,18.709999084472656,4.309999942779541,-0.0029352318478717,7165.080078125,24836.599609375,1.0,0.4865049151781946,1.0,-0.0029352318478717,18.709999084472656,4.309999942779541,0.016289854507232526,-0.9510565162951536,0.30901699437494723,0.8660254037844387,-0.4999999999999998,0,30.0,8219761.085783126,0.0,0.0,0.0,30.0,33.0,0.019413907855780423,0.03040719524582179,0.017784439690264116,0.01833169600496304,0.01747716211378446,0.03366978008687711
2026-04-27,9111131.111977434,9300737.375615122,9025544.733650228,9225948.14453125,28576900,0.0020332896126786792,18.020000457763672,4.335999965667725,-0.000304525212123985,7173.91015625,24887.099609375,1.0,0.44978696126481577,1.0,-0.000304525212123985,18.020000457763672,4.335999965667725,0.0020332896126786792,0.0,1.0,0.8660254037844387,-0.4999999999999998,0,30.0,8251080.397887071,0.0,0.0,0.0,29.0,34.0,-0.0015984362710370565,0.017982583780440712,-0.0018998619962618383,0.0330285665394713,0.09856999225109814,0.057155301126073706
2026-04-28,9178809.612522561,9280723.913888697,9114817.528425662,9211201.054382324,27824100,-0.008972472953050814,17.829999923706055,4.354000091552734,0.001421602202236194,7138.7998046875,24663.80078125,1.0,0.4188509859197658,1.0,0.001421602202236194,17.829999923706055,4.354000091552734,-0.008972472953050814,0.9510565162951535,0.30901699437494745,0.8660254037844387,-0.4999999999999998,0,30.0,8280965.813562793,0.0,0.0,0.0,28.0,35.0,-0.0003019083064122786,0.033081445121251433,0.10032879771142668,0.05724680649798112,0.1028738146943425,0.02204667295116736
2026-04-29,9146055.395004561,9362358.830074625,9057638.987893263,9208420.116271973,35376300,0.00038272499882396893,18.809999465942383,4.418000221252441,0.00304193281290166,7135.9501953125,24673.240234375,1.0,0.42076784023859304,1.0,0.00304193281290166,18.809999465942383,4.418000221252441,0.00038272499882396893,0.5877852522924732,-0.8090169943749473,0.8660254037844387,-0.4999999999999998,0,30.0,8309834.432490207,0.0,0.0,0.0,27.0,36.0,0.10066109643898645,0.05726409500392198,0.10320688201571422,0.02205333103499088,0.096227567229301,0.021710014926980128
2026-04-30,9852729.9566702,10162742.84483039,9635431.000456166,10135349.781646729,72040000,0.00887886270384497,16.889999389648438,4.389999866485596,-0.00849167360937464,7209.009765625,24892.310546875,1.0,0.42556863406574075,1.0,-0.00849167360937464,16.889999389648438,4.389999866485596,0.00887886270384497,-0.587785252292473,-0.8090169943749475,0.8660254037844387,-0.4999999999999998,0,30.0,8366656.754417017,0.0,0.0,0.0,26.0,37.0,0.00231296044255971,0.020036440922951596,-0.004028060248544649,0.019724522831977453,0.007786525041258783,0.022831758722833592
2026-05-01,10051855.079877079,10186975.654730536,9983899.317597121,10158792.444763184,30105200,0.0089235953340574,16.989999771118164,4.377999782562256,0.0013254205851453982,7230.1201171875,25114.439453125,1.0,0.4395248331770878,1.0,0.0013254205851453982,16.989999771118164,4.377999782562256,0.0089235953340574,-0.9510565162951536,0.30901699437494723,0.49999999999999994,-0.8660254037844387,0,30.0,8422440.076743191,0.0,0.0,0.0,25.0,38.0,-0.006326388005902422,0.019679006069390062,0.005460933675129056,0.022779071631232318,0.029083633138172606,0.0183303161333074
2026-05-04,10157211.565561807,10203305.282374986,10003390.344196817,10094523.982086182,26298600,-0.0018570461013891482,18.290000915527344,4.446000099182129,0.0026474100260081013,7200.75,25067.80078125,1.0,0.41540107581701124,1.0,0.0026474100260081013,18.290000915527344,4.446000099182129,-0.0018570461013891482,0.0,1.0,0.49999999999999994,-0.8660254037844387,0,30.0,8474486.579667386,0.0,0.0,0.0,24.0,39.0,0.011862367621272301,0.02292409837222046,0.03563546492194196,0.01844701913390076,0.03708143872538539,0.019335054624024024
2026-05-05,10156417.573201302,10329710.048435323,10098302.18764924,10214268.936523438,23878600,0.010305254951532117,17.3799991607666,4.415999889373779,0.00010157546568989595,7259.22021484375,25326.130859375,1.0,0.40875017029532423,1.0,0.00010157546568989595,17.3799991607666,4.415999889373779,0.010305254951532117,0.9510565162951535,0.30901699437494745,0.49999999999999994,-0.8660254037844387,0,30.0,8528640.313959204,0.0,0.0,0.0,23.0,40.0,0.023494398113210233,0.018230759166651064,0.02492342032978173,0.01910838394897289,0.02980691370627818,0.01449133297221016
2026-05-06,10354705.06983338,10501785.378244719,10315571.501199555,10454247.037353516,31308500,0.020248201219420503,17.389999389648438,4.355999946594238,-0.004671067203358303,7365.1201171875,25838.939453125,1.0,0.4480268766696536,1.0,-0.004671067203358303,17.389999389648438,4.355999946594238,0.020248201219420503,0.5877852522924732,-0.8090169943749473,0.49999999999999994,-0.8660254037844387,0,30.0,8588578.152987342,0.0,0.0,0.0,22.0,41.0,0.0013962188940221559,0.0186697494233469,0.006167611278288315,0.014158683231607929,-0.022649709909635794,0.022557721708341118
2026-05-07,10519611.34114676,10524345.92038735,10329167.747790193,10468843.454589844,24433500,-0.0012670889389402307,17.079999923706055,4.392000198364258,0.002346494233938179,7337.10986328125,25806.19921875,1.0,0.4588295643222018,1.0,0.002346494233938179,17.079999923706055,4.392000198364258,-0.0012670889389402307,-0.587785252292473,-0.8090169943749475,0.49999999999999994,-0.8660254037844387,0,30.0,8647104.661857747,0.0,0.0,0.0,21.0,42.0,0.004764739764581752,0.014138942173403937,-0.024012402233968024,0.022526270104409496,-0.026734310549749642,0.01444759939630252
2026-05-08,10418996.658163674,10550218.27854357,10402199.906316705,10518724.76928711,21461800,0.0170843003899106,17.190000534057617,4.363999843597412,-0.004173065263199716,7398.93017578125,26247.080078125,1.0,0.4796957433534561,1.0,-0.004173065263199716,17.190000534057617,4.363999843597412,0.0170843003899106,-0.9510565162951536,0.30901699437494723,0.49999999999999994,-0.8660254037844387,0,30.0,8705362.074110227,0.0,0.0,0.0,20.0,43.0,-0.02864067662773707,0.022419447272490317,-0.03134967726048157,0.014379086789697279,0.006032874908145271,0.046726012790252236
2026-05-11,10349175.216557506,10448815.666479528,10212991.671140658,10217461.374633789,30753700,0.0010306205935852741,18.3799991607666,4.409999847412109,0.0010221392810589869,7412.83984375,26274.130859375,1.0,0.46552458556337317,1.0,0.0010221392810589869,18.3799991607666,4.409999847412109,0.0010306205935852741,0.0,1.0,0.49999999999999994,-0.8660254037844387,0,30.0,8752428.77956376,0.0,0.0,0.0,19.0,44.0,-0.0027888759263046767,0.014803056339416684,0.03569590644943455,0.04810373634756888,0.032414846747826964,0.018250722689190625
2026-05-12,10188702.842819659,10219741.710078157,10068492.05370364,10188966.142578125,26017500,-0.007076604802653486,17.989999771118164,4.4629998207092285,0.0035736008310851552,7400.9599609375,26088.19921875,1.0,0.45509039766081494,1.0,0.0035736008310851552,17.989999771118164,4.4629998207092285,-0.007076604802653486,0.9510565162951535,0.30901699437494745,0.49999999999999994,-0.8660254037844387,0,30.0,8797143.489050485,0.0,0.0,0.0,18.0,45.0,0.038592411824013254,0.048238266888821775,0.03530217606310019,0.01830176403832602,0.025123302375617756,0.01643177703259522
2026-05-13,10134841.408852583,10610569.335343199,10119071.267236346,10582182.920013428,28144600,0.012041483674895437,17.8700008392334,4.480999946594238,0.0019330800654844271,7444.25,26402.33984375,1.0,0.41126043594778805,1.0,0.0019330800654844271,17.8700008392334,4.480999946594238,0.012041483674895437,0.5877852522924732,-0.8090169943749473,0.49999999999999994,-0.8660254037844387,0,30.0,8852705.928032491,0.0,0.0,0.0,17.0,46.0,-0.0031679759292046364,0.017621700129874632,-0.012968619157096059,0.01582119881247461,-0.012195705320470037,0.03503872403781503
2026-05-14,10448976.70307437,10597578.834513849,10411102.78037789,10548658.819244385,21136700,0.008820462911741878,17.260000228881836,4.460999965667725,0.0040616763083833884,7501.240234375,26635.220703125,1.0,0.4011096697621308,1.0,0.0040616763083833884,17.260000228881836,4.460999965667725,0.008820462911741878,-0.587785252292473,-0.8090169943749475,0.49999999999999994,-0.8660254037844387,0,30.0,8905495.394416148,0.0,0.0,0.0,16.0,47.0,-0.009831790102276427,0.015871479276784332,-0.009056419911549962,0.035150078640858916,-0.03306831381270575,0.027536846662076373
2026-05-15,10432837.677364176,10517601.881632643,10350179.061785137,10444946.619873047,20309700,-0.015396158443578667,18.43000030517578,4.59499979019165,0.003944168694189232,7408.5,26225.140625,1.0,0.36968716334221385,1.0,0.003944168694189232,18.43000030517578,4.59499979019165,-0.015396158443578667,-0.9510565162951536,0.30901699437494723,0.49999999999999994,-0.8660254037844387,0,30.0,8953413.475830227,0.0,0.0,0.0,15.0,48.0,0.0007830691623664181,0.03549909832440454,-0.023467248774659683,0.02781027141329927,-0.02024398450463159,0.027610803159540283
2026-05-18,10420207.89628137,10760446.232124003,10389660.045071973,10453125.735473633,26837200,-0.005125240629667793,17.81999969482422,4.623000144958496,-0.0030220150348341246,7403.0498046875,26090.73046875,1.0,0.3651262663113657,1.0,-0.0030220150348341246,17.81999969482422,4.623000144958496,-0.005125240629667793,0.0,1.0,0.49999999999999994,-0.8660254037844387,0,30.0,9000094.613216672,0.0,0.0,0.0,14.0,49.0,-0.02423134311946653,0.02778851108719881,-0.021010600913339984,0.027589198908660517,-0.023193567361018737,0.02388726106757431
2026-05-19,10444527.079299185,10449526.287499303,10159049.48710321,10199832.459106445,39545700,-0.008432862066224178,18.059999465942383,4.666999816894531,0.003334362200509533,7353.60986328125,25870.7109375,1.0,0.34665435417736923,1.0,0.003334362200509533,18.059999465942383,4.666999816894531,-0.008432862066224178,0.9510565162951535,0.30901699437494745,0.49999999999999994,-0.8660254037844387,0,30.0,9037438.528258758,0.0,0.0,0.0,13.0,50.0,0.0033007231615975853,0.028274323748890773,0.0010635469290082426,0.02448045538164781,-0.011235157688487952,0.017995383805343892
2026-05-20,10201660.433847455,10363749.555135824,10075356.190002603,10233499.282348633,31744400,0.015447910900689754,17.440000534057617,4.572000026702881,-0.0019134182836552105,7432.97021484375,26270.359375,1.0,0.36714697921880135,1.0,-0.0019134182836552105,17.440000534057617,4.572000026702881,0.015447910900689754,0.5877852522924732,-0.8090169943749473,0.49999999999999994,-0.8660254037844387,0,30.0,9074667.987460138,0.0,0.0,0.0,12.0,51.0,-0.002229816226524348,0.02439991800714056,-0.014488059775617545,0.01793618143584797,-0.0003430276161571084,0.017120240211208212
2026-05-21,10159055.72074552,10338162.41688967,10088465.873474231,10210680.459594727,24852800,0.0008656232695711807,16.760000228881836,4.585999965667725,0.0008072024070426842,7445.72021484375,26293.099609375,1.0,0.3735306193161807,1.0,0.0008072024070426842,16.760000228881836,4.585999965667725,0.0008656232695711807,-0.587785252292473,-0.8090169943749475,0.49999999999999994,-0.8660254037844387,0,30.0,9110028.340050068,0.2732,1.0,0.0,11.0,52.0,-0.01228563826464892,0.017976265203691468,0.0018910052044565787,0.01715850051407733,0.0006965187947376281,0.020537431498941668
2026-05-22,10200579.967865752,10237184.186421273,10053634.286569448,10085235.733032227,20442100,0.001934769749697418,16.700000762939453,4.558000087738037,0.001310588267146695,7473.47021484375,26343.970703125,1.0,0.39588154231199435,1.0,0.001310588267146695,16.700000762939453,4.558000087738037,0.001934769749697418,-0.9510565162951536,0.30901699437494723,0.49999999999999994,-0.8660254037844387,0,30.0,9140383.356486956,0.4076316952705383,1.0,0.0,10.0,53.0,0.014352978976835006,0.01737192570930217,0.01314363500453484,0.020792885367039427,0.015719160434479604,0.01746973265827554
2026-05-26,10115030.564951818,10239985.42688846,10064785.460973425,10229988.909484863,27747400,0.011851250059960128,17.010000228881836,4.493000030517578,-0.001510285202776962,7519.1201171875,26656.1796875,1.0,0.40846166952477403,1.0,-0.001510285202776962,17.010000228881836,4.493000030517578,0.011851250059960128,0.9510565162951535,0.30901699437494745,0.49999999999999994,-0.8660254037844387,0,30.0,9174299.21347183,0.2318777441978454,1.0,0.0,9.0,54.0,-0.0011922318930043603,0.020498668410293373,0.0013468501458167438,0.017222537933389855,-0.021811900944864102,0.01743733023445848
2026-05-27,10161031.960634744,10350498.304201217,10140797.153704708,10217792.390441895,23087300,0.0006959279787079886,16.290000915527344,4.480999946594238,0.00040335702597471546,7520.35986328125,26674.73046875,1.0,0.4236233214071432,1.0,0.00040335702597471546,16.290000915527344,4.480999946594238,0.0006959279787079886,0.5877852522924732,-0.8090169943749473,0.49999999999999994,-0.8660254037844387,0,30.0,9206779.743015237,0.0,1.0,0.0,8.0,55.0,0.002542112826808841,0.017243095702019928,-0.020644281823057362,0.0174581443909941,-0.03348050901668342,0.012942759934603051
2026-05-28,10187838.958326567,10289454.646531248,10113268.274479488,10243767.171539307,24357500,0.009100007014480438,15.739999771118164,4.454999923706055,-0.0019151541493763746,7563.6298828125,26917.470703125,1.0,0.402012925776986,1.0,-0.0019151541493763746,15.739999771118164,4.454999923706055,0.009100007014480438,-0.587785252292473,-0.8090169943749475,0.49999999999999994,-0.8660254037844387,0,30.0,9239057.76988851,0.25,1.0,0.0,7.0,56.0,-0.023127601676989802,0.017413876352553807,-0.03593128047451433,0.012909941406959068,-0.0727710888504508,0.038693276168438116
2026-05-29,10135773.636827718,10135773.636827718,9957389.941918183,10006853.404724121,44415800,0.002048797158850313,15.319999694824219,4.453000068664551,-0.001110815842112367,7580.06005859375,26972.619140625,1.0,0.4121095565387052,1.0,-0.001110815842112367,15.319999694824219,4.453000068664551,0.002048797158850313,-0.9510565162951536,0.30901699437494723,0.49999999999999994,-0.8660254037844387,0,30.0,9262956.736696314,0.25,1.0,0.0,6.0,57.0,-0.013106807828232746,0.013215586221006421,-0.05081880423552105,0.03960934532991472,-0.05796247572536358,0.021964061510300194
2026-06-01,9879631.239130905,9933159.691103138,9800913.257132035,9875695.500183105,28672100,0.004233604666074475,16.049999237060547,4.474999904632568,0.00293189035887087,7599.9599609375,27086.810546875,1.0,0.41254669335901384,1.0,0.00293189035887087,16.049999237060547,4.474999904632568,0.004233604666074475,0.0,1.0,1.2246467991473532e-16,-1.0,0,30.0,9282029.290258775,0.0,0.0,0.0,5.0,58.0,-0.03821284482092627,0.04013539220262528,-0.04545139053844418,0.02225576352590482,-0.00978777969563566,0.040013971780470385
2026-06-02,9622738.607260577,9805171.71087394,9408806.798700389,9498317.080535889,50412300,0.00026174524083333317,15.770000457763672,4.454999923706055,0.00020165597859223006,7609.77978515625,27093.900390625,1.0,0.4175069102056457,1.0,0.00020165597859223006,15.770000457763672,4.454999923706055,0.00026174524083333317,0.9510565162951535,0.30901699437494745,1.2246467991473532e-16,-1.0,0,30.0,9288761.621736372,0.0,1.0,0.0,4.0,59.0,-0.007526140974683923,0.023140009102909108,0.029554423733178452,0.041603770194893315,0.0188484027010458,0.022006416319929636
2026-06-03,9506659.950603776,9622726.477621581,9402935.333915664,9426831.407165527,55441600,-0.008855126741294739,16.059999465942383,4.491000175476074,0.0031243454422480443,7553.68017578125,26853.98046875,1.0,0.39554776306163,1.0,0.0031243454422480443,16.059999465942383,4.491000175476074,-0.008855126741294739,0.5877852522924732,-0.8090169943749473,1.2246467991473532e-16,-1.0,0,30.0,9293059.282558367,0.0,1.0,0.0,3.0,60.0,0.03736175453958886,0.041919260458659686,0.026574547466299524,0.02217329566900794,0.012445563480593431,0.015800776137076256
2026-06-04,9429848.604393756,9806885.069508068,9411719.268451223,9779034.368286133,44055500,-0.0008572111414465455,15.399999618530273,4.4770002365112305,-0.0012056175892615206,7584.31005859375,26830.9609375,1.0,0.38311330302404234,1.0,-0.0012056175892615206,15.399999618530273,4.4770002365112305,-0.0008572111414465455,-0.587785252292473,-0.8090169943749475,1.2246467991473532e-16,-1.0,0,30.0,9308186.097450607,0.0,0.0,0.0,2.0,60.0,-0.010398693634196115,0.02137469939678766,-0.024018806313188163,0.015231693348950479,-0.020907996014386972,0.03972705824347208
2026-06-05,9619837.222718664,9770565.432214392,9561541.512201421,9677345.18585205,37471200,-0.04179989127532524,21.510000228881836,4.535999774932861,0.006639130956660466,7383.740234375,25709.4296875,1.0,0.321109045962618,1.0,0.006639130956660466,21.510000228881836,4.535999774932861,-0.04179989127532524,-0.9510565162951536,0.30901699437494723,1.2246467991473532e-16,-1.0,0,30.0,9319676.812427638,0.0,0.0,0.0,1.0,60.0,-0.01376323231525465,0.015391747414812038,-0.010619733737807049,0.04014450869043928,-0.03257530361130862,0.03626684885630084
2026-06-08,9593278.407592773,9620074.320678711,9471123.067932129,9544153.635864258,27942500,0.008566135905265782,18.920000076293945,4.552000045776367,-0.00019982655268702132,7405.72998046875,25929.66015625,1.0,0.3436136687634592,1.0,-0.00019982655268702132,18.920000076293945,4.552000045776367,0.008566135905265782,0.0,1.0,1.2246467991473532e-16,-1.0,0,30.0,9326664.041722815,0.0,0.0,1.0,0.0,0.0,0.003187367050639541,0.04070473744827128,-0.01907459943945968,0.036772963698605166,-0.015436138188991465,0.03423422092617519
2026-06-09,9648960.553741455,9780122.447052002,9391630.179138184,9574574.356689453,29535100,-0.009673857745857828,19.8700008392334,4.5279998779296875,-0.001399294206677948,7386.64990234375,25678.8203125,1.0,0.3148431685550257,1.0,-0.001399294206677948,19.8700008392334,4.5279998779296875,-0.009673857745857828,0.9510565162951535,0.30901699437494745,1.2246467991473532e-16,-1.0,0,30.0,9334380.678963099,-0.2263,1.0,0.0,60.0,1.0,-0.022191234879232153,0.03665612716667007,-0.018564333893461914,0.034125450589378374,-0.011070836733901792,0.031976343504621155
2026-06-10,9541001.364135742,9682071.135864258,9331104.320678711,9362102.728271484,32357100,-0.019834256648155746,22.219999313354492,4.541999816894531,0.0004002931104682972,7266.990234375,25169.5,1.0,0.2847323446035501,1.0,0.0004002931104682972,22.219999313354492,4.541999816894531,-0.019834256648155746,0.5877852522924732,-0.8090169943749473,1.2246467991473532e-16,-1.0,0,30.0,9335243.575684838,0.3182,1.0,0.0,60.0,2.0,0.0037092130027309425,0.034899922977437804,0.011372774045400274,0.03270204220420524,0.03560470779061234,0.018056847803690528
2026-06-11,9348501.257629395,9423881.679382324,9097145.015258789,9396828.761444092,35538200,0.02543396397425446,19.440000534057617,4.4629998207092285,-0.0009004136131912643,7394.2998046875,25809.66015625,1.0,0.3091388760238061,1.0,-0.0009004136131912643,19.440000534057617,4.4629998207092285,0.02543396397425446,-0.587785252292473,-0.8090169943749475,1.2246467991473532e-16,-1.0,0,30.0,9337160.521084804,0.3818,1.0,0.0,60.0,3.0,0.007635240310032384,0.03258119162458685,0.031777624808744895,0.01799011862177796,0.041877823736721234,0.024954829974154904
2026-06-12,9545971.371459961,9649955.442810059,9343795.56427002,9468575.807189941,24704600,0.0030678314639034365,17.68000030517578,4.486999988555908,-0.001101548264362373,7431.4599609375,25888.83984375,1.0,0.3197898187364332,1.0,-0.001101548264362373,17.68000030517578,4.486999988555908,0.0030678314639034365,-0.9510565162951536,0.30901699437494723,1.2246467991473532e-16,-1.0,0,30.0,9341251.049108367,0.0,0.0,0.0,60.0,4.0,0.02395944835284275,0.01785380056402424,0.03398311418341521,0.024765737616001524,0.008161102430011781,0.02857180862744642
2026-06-15,9658162.307739258,9790987.243652344,9621937.17956543,9695437.660217285,27727500,0.030712060261246066,16.200000762939453,4.486999988555908,-0.0012030350534539824,7554.2900390625,26683.939453125,1.0,0.3570986754503116,1.0,-0.0012030350534539824,16.200000762939453,4.486999988555908,0.030712060261246066,0.0,1.0,1.2246467991473532e-16,-1.0,0,30.0,9352275.719839236,0.0,0.0,0.0,60.0,5.0,0.00978912382389428,0.024186248445522016,-0.01542868318490975,0.027903261865894667,-0.003004479354096523,0.02928434959068179
2026-06-16,9694608.160095215,9862480.0,9627983.735961914,9790347.5,24876100,-0.01152751863776913,16.40999984741211,4.486999988555908,-0.0009033056345641999,7511.35009765625,26376.33984375,1.0,0.3591266444632242,1.0,-0.0009033056345641999,16.40999984741211,4.486999988555908,-0.01152751863776913,0.9510565162951535,0.30901699437494745,1.2246467991473532e-16,-1.0,1,30.0,9365911.461511223,0.0,0.0,0.0,60.0,6.0,-0.024973339892302087,0.027632761343506958,-0.01266957909939025,0.029000460491975882,,
2026-06-17,9685971.328125,9769938.84765625,9499404.51171875,9545849.82421875,24543600,-0.013446887991323875,18.440000534057617,4.486999988555908,0.00552537087909033,7420.10009765625,26021.66015625,1.0,0.3208152655591048,1.0,0.00552537087909033,18.440000534057617,4.486999988555908,-0.013446887991323875,0.5877852522924732,-0.8090169943749473,1.2246467991473532e-16,-1.0,1,30.0,9371512.354200223,0.1779,1.0,0.0,60.0,7.0,0.012618896791553175,0.029743248752575235,,,,
2026-06-18,9606423.75,9704392.488555908,9420467.902679443,9666307.917938232,44470100,0.019071401604282556,16.399999618530273,4.486999988555908,0.007593187771381293,7500.580078125,26517.9296875,1.0,0.3584246525042327,1.0,0.007593187771381293,16.399999618530273,4.486999988555908,0.019071401604282556,-0.587785252292473,-0.8090169943749475,1.2246467991473532e-16,-1.0,1,30.0,9380688.37588257,0.33873333333333333,3.0,0.0,60.0,8.0,,,,,,
