date,open,high,low,close,volume,market_return,vix,bond_yield_10y,dollar_index_change,sp500,nasdaq,sp500_above_ma200,nasdaq_12m_return,vnm_etf_above_ma200,usdvnd_change,vix_lag1,bond_yield_lag1,vnindex_return_lag1,day_of_week_sin,day_of_week_cos,month_sin,month_cos,is_quarter_end,days_before_tet,close_smoothed,sentiment_score,news_volume,dividend_flag,days_to_dividend,days_after_dividend,target_return_1d,target_spread_1d,target_return_2d,target_spread_2d,target_return_3d,target_spread_3d
2020-01-02,5190383.505838097,5266701.430917674,5178333.38778687,5266450.5224609375,12077100,0.0,15.770000457763672,4.421999931335449,0.0,6061.47998046875,19692.330078125,0.0,0.0,1.0,0.0,15.770000457763672,4.421999931335449,0.0,-0.587785252292473,-0.8090169943749475,0.49999999999999994,0.8660254037844387,0,30.0,5266450.5224609375,0.0,0.0,0.0,60.0,60.0,-0.0052912327773998735,0.01644578636804934,0.013442690360412674,0.029840759607317482,0.015635358472597293,0.013490331160690523
2020-01-03,5201931.951682835,5282015.421172943,5195404.500962649,5238584.5068359375,11188400,0.0,15.770000457763672,4.421999931335449,0.0,6061.47998046875,19692.330078125,0.0,0.0,1.0,0.0,15.770000457763672,4.421999931335449,0.0,-0.9510565162951536,0.30901699437494723,0.49999999999999994,0.8660254037844387,0,30.0,5252579.799945166,0.0,0.0,0.0,60.0,60.0,0.0188335759723129,0.02999949391281437,0.02103790771687662,0.013562091342934348,0.0313892687422504,0.017395911441220654
2020-01-06,5189128.203357223,5341764.436757312,5184609.552732724,5337245.786132813,17058900,0.0,15.770000457763672,4.421999931335449,0.0,6061.47998046875,19692.330078125,0.0,0.0,1.0,0.0,15.770000457763672,4.421999931335449,0.0,0.0,1.0,0.49999999999999994,0.8660254037844387,0,30.0,5280755.278401048,0.0,0.0,0.0,60.0,60.0,0.002163583726086019,0.013311390263116831,0.012323595399724736,0.017074340551271147,0.02681091907281862,0.00987773324354053
2020-01-07,5342768.49714141,5386952.515949095,5315906.354359705,5348793.364257812,14912400,0.0,15.770000457763672,4.421999931335449,0.0,6061.47998046875,19692.330078125,0.0,0.0,1.0,0.0,15.770000457763672,4.421999931335449,0.0,0.9510565162951535,0.30901699437494745,0.49999999999999994,0.8660254037844387,0,30.0,5297782.038488833,0.0,0.0,0.0,60.0,60.0,0.010138077095022121,0.01703747853996853,0.02459412390050413,0.009856408079422228,0.023467574733134374,0.011546075086937462
2020-01-08,5347287.52063609,5428626.6799806375,5337496.727822369,5403019.84375,13475000,0.0,15.770000457763672,4.421999931335449,0.0,6061.47998046875,19692.330078125,0.0,0.0,1.0,0.0,15.770000457763672,4.421999931335449,0.0,0.5877852522924732,-0.8090169943749473,0.49999999999999994,0.8660254037844387,0,30.0,5318913.9320181785,0.0,0.0,0.0,60.0,60.0,0.01431096117775803,0.009757485934762018,0.01319571842737136,0.0114301948899322,0.031084509141834946,0.012824061711288328
2020-01-09,5461262.481982139,5482350.667874205,5429630.777743574,5480342.2509765625,12642800,0.0,15.770000457763672,4.421999931335449,0.0,6061.47998046875,19692.330078125,0.0,0.0,1.0,0.0,15.770000457763672,4.421999931335449,0.0,-0.587785252292473,-0.8090169943749475,0.49999999999999994,0.8660254037844387,0,30.0,5346020.286076304,0.0,0.0,0.0,60.0,60.0,-0.0010995077378358553,0.01126892573127686,0.01653688918495021,0.012643126419927262,0.0034813169908047763,0.017178193100769026
2020-01-10,5502935.840453262,5520007.191215294,5458249.621407061,5474316.572265625,12119400,0.0,15.770000457763672,4.421999931335449,0.0,6061.47998046875,19692.330078125,0.0,0.0,1.0,0.0,15.770000457763672,4.421999931335449,0.0,-0.9510565162951536,0.30901699437494723,0.49999999999999994,0.8660254037844387,0,30.0,5364559.912421731,0.0,0.0,0.0,60.0,60.0,0.017655809622083303,0.012657042936574147,0.004585866924809145,0.017197101446878214,0.014170449291082937,0.007062246104486079
2020-01-13,5512978.413558767,5572476.28039915,5503187.620495585,5570970.0634765625,14463400,0.0,15.770000457763672,4.421999931335449,0.0,6061.47998046875,19692.330078125,0.0,0.0,1.0,0.0,15.770000457763672,4.421999931335449,0.0,0.0,1.0,0.49999999999999994,0.8660254037844387,0,30.0,5390778.872542605,0.0,0.0,0.0,60.0,60.0,-0.012843185852914073,0.01689874050172674,-0.0034248911056624226,0.0069397197340314055,-0.0006309975667851401,0.010094205762823038
2020-01-14,5563437.95284657,5582768.628273963,5488626.250828384,5499421.0595703125,13288900,0.0,15.770000457763672,4.421999931335449,0.0,6061.47998046875,19692.330078125,0.0,0.0,1.0,0.0,15.770000457763672,4.421999931335449,0.0,0.9510565162951535,0.30901699437494745,0.49999999999999994,0.8660254037844387,0,30.0,5403109.078874526,0.0,0.0,0.0,60.0,60.0,0.009540829392328268,0.007030007425950251,0.012371072266446738,0.010225534198985942,0.014060099488472887,0.008034303635567466
2020-01-15,5538333.762766704,5565195.524089703,5526534.553202497,5551890.09765625,10036500,0.0,15.770000457763672,4.421999931335449,0.0,6061.47998046875,19692.330078125,0.0,0.0,1.0,0.0,15.770000457763672,4.421999931335449,0.0,0.5877852522924732,-0.8090169943749473,0.49999999999999994,0.8660254037844387,0,30.0,5418393.590992921,0.0,0.0,0.0,60.0,60.0,0.0028034952046685187,0.010128896129085721,0.004476560000911402,0.007958374145603943,0.001311424336756261,0.01469590901921849
2020-01-16,5587538.578754918,5589044.795505792,5532810.277386532,5567454.794921876,10015300,0.0,15.770000457763672,4.421999931335449,0.0,6061.47998046875,19692.330078125,0.0,0.0,1.0,0.0,15.770000457763672,4.421999931335449,0.0,-0.587785252292473,-0.8090169943749475,0.49999999999999994,0.8660254037844387,0,30.0,5432402.755168283,0.0,0.0,0.0,60.0,60.0,0.0016683874799433335,0.007936125256503687,-0.001487899548662554,0.014654824289597345,-0.002029155486923349,0.006628494085992033
2020-01-17,5573981.941691954,5580509.008727985,5536324.990115563,5576743.466796874,15905900,0.0,15.770000457763672,4.421999931335449,0.0,6061.47998046875,19692.330078125,0.0,0.0,1.0,0.0,15.770000457763672,4.421999931335449,0.0,-0.9510565162951536,0.30901699437494723,0.49999999999999994,0.8660254037844387,0,30.0,5444923.374406484,0.0,0.0,0.0,60.0,60.0,-0.0031510298897888364,0.014630415088237755,-0.0036913843075043824,0.006617453609241269,-0.010713916644036451,0.009993703893210165
2020-01-21,5577246.351065113,5582518.110415507,5500928.038655651,5559170.9814453125,14275800,0.0,15.770000457763672,4.421999931335449,0.0,6061.47998046875,19692.330078125,0.0,0.0,1.0,0.0,15.770000457763672,4.421999931335449,0.0,0.9510565162951535,0.30901699437494745,0.49999999999999994,0.8660254037844387,0,30.0,5454139.228540695,0.0,0.0,0.0,60.0,60.0,-0.0005420624727693751,0.006638371315676483,-0.007586792965650018,0.010025293893923837,-0.0158056452073441,0.025605121258365657
2020-01-22,5581010.905002223,5592057.004820872,5555153.163638704,5556157.5634765625,12212800,0.0,15.770000457763672,4.421999931335449,0.0,6061.47998046875,19692.330078125,0.0,0.0,1.0,0.0,15.770000457763672,4.421999931335449,0.0,0.5877852522924732,-0.8090169943749473,0.49999999999999994,0.8660254037844387,0,30.0,5461841.600221,0.0,0.0,0.0,60.0,60.0,-0.007048551247999574,0.010030731176869256,-0.015271861037332411,0.025619008361387932,-0.029143189951603612,0.016085297864094072
2020-01-23,5541848.429839599,5560425.998493569,5504693.675598007,5516994.7021484375,11195000,0.0,15.770000457763672,4.421999931335449,0.0,6061.47998046875,19692.330078125,0.0,0.0,1.0,0.0,15.770000457763672,4.421999931335449,0.0,-0.587785252292473,-0.8090169943749475,0.49999999999999994,0.8660254037844387,0,30.0,5465760.974086324,0.0,0.0,0.0,60.0,60.0,-0.008281683661037379,0.02580086709535235,-0.02225147939647389,0.016199480734240348,-0.008964231939162338,0.023753193803727653
2020-01-24,5543103.975040738,5567706.412258871,5425363.165182976,5471304.697265625,11905800,0.0,15.770000457763672,4.421999931335449,0.0,6061.47998046875,19692.330078125,0.0,0.0,1.0,0.0,15.770000457763672,4.421999931335449,0.0,-0.9510565162951536,0.30901699437494723,0.49999999999999994,0.8660254037844387,0,30.0,5466133.620134998,0.0,0.0,0.0,60.0,60.0,-0.014086455302154296,0.016334760049650503,-0.0006882481314297594,0.02395155298877123,0.02427269685398251,0.026383407784045805
2020-01-27,5349798.475049734,5424107.988512841,5334735.539124481,5394233.408203126,13810700,0.0,15.770000457763672,4.421999931335449,0.0,6061.47998046875,19692.330078125,0.0,0.0,1.0,0.0,15.770000457763672,4.421999931335449,0.0,0.0,1.0,0.49999999999999994,0.8660254037844387,0,30.0,5461541.873351307,0.0,0.0,0.0,60.0,60.0,0.013589636984681758,0.024293766038189175,0.038907216928328936,0.026760366490483266,-0.02485226370237283,0.031088530397664876
2020-01-28,5426116.581492905,5491388.795197484,5360342.5508232135,5467539.082031249,13413800,0.0,15.770000457763672,4.421999931335449,0.0,6061.47998046875,19692.330078125,0.0,0.0,1.0,0.0,15.770000457763672,4.421999931335449,0.0,0.9510565162951535,0.30901699437494745,0.49999999999999994,0.8660254037844387,0,30.0,5461907.174482076,0.0,0.0,0.0,60.0,60.0,0.024978136140937867,0.026401578621198643,-0.03792649340951732,0.030671712952936112,-0.07291438256715961,0.03503376583378893
2020-01-29,5559170.885838574,5628459.5461452715,5484107.883206547,5604108.017578124,33181300,0.0,15.770000457763672,4.421999931335449,0.0,6061.47998046875,19692.330078125,0.0,0.0,1.0,0.0,15.770000457763672,4.421999931335449,0.0,0.5877852522924732,-0.8090169943749473,0.49999999999999994,0.8660254037844387,0,30.0,5470197.804726996,0.0,0.0,0.0,60.0,60.0,-0.06137167938751583,0.029924260695370238,-0.09550693352022577,0.034180012820265344,-0.08529315359360348,0.011826365088139272
2020-01-30,5184860.586970819,5307873.15357345,5140174.364290427,5260174.4970703125,48775500,0.0,15.770000457763672,4.421999931335449,0.0,6061.47998046875,19692.330078125,0.0,0.0,1.0,0.0,15.770000457763672,4.421999931335449,0.0,-0.587785252292473,-0.8090169943749475,0.49999999999999994,0.8660254037844387,0,30.0,5458440.200807363,0.0,0.0,0.0,60.0,60.0,-0.036367168327539515,0.03641485353644755,-0.025485566204179882,0.012599625249344918,0.0014317453675623435,0.025772008512492693
2020-01-31,5232558.786895829,5239086.237030687,5047537.753143715,5068876.845703126,31359900,0.0,15.770000457763672,4.421999931335449,0.0,6061.47998046875,19692.330078125,0.0,0.0,1.0,0.0,15.770000457763672,4.421999931335449,0.0,-0.9510565162951536,0.30901699437494723,0.49999999999999994,0.8660254037844387,0,30.0,5437438.67199387,0.0,0.0,0.0,60.0,60.0,0.011292270007523256,0.01307513072948882,0.0392254315676427,0.0267446351612609,0.0406122042387468,0.019909807321787203
2020-02-03,5107287.493630852,5149965.30059494,5083689.073185693,5126115.971679688,15495600,0.0,15.770000457763672,4.421999931335449,0.0,6061.47998046875,19692.330078125,0.0,0.0,1.0,0.0,15.770000457763672,4.421999931335449,0.0,0.0,1.0,0.8660254037844386,0.5000000000000001,0,30.0,5421233.633647672,0.0,0.0,0.0,60.0,60.0,0.027621254891933116,0.026445999791002,0.028992542611845955,0.019687490859234085,0.03261667628241119,0.009060218631326732
2020-02-04,5187119.678811427,5287036.404186236,5151471.142270543,5267705.7275390625,19628900,0.0,15.770000457763672,4.421999931335449,0.0,6061.47998046875,19692.330078125,0.0,0.0,1.0,0.0,15.770000457763672,4.421999931335449,0.0,0.9510565162951535,0.30901699437494745,0.8660254037844386,0.5000000000000001,0,30.0,5413498.97775438,0.0,0.0,0.0,60.0,60.0,0.0013344291132407994,0.019158314179969414,0.004861150318463781,0.008816690573687603,0.011914373045689087,0.013773123608756089
2020-02-05,5334986.0808482235,5340509.131436714,5239588.770100896,5274735.107421876,12538200,0.0,15.770000457763672,4.421999931335449,0.0,6061.47998046875,19692.330078125,0.0,0.0,1.0,0.0,15.770000457763672,4.421999931335449,0.0,0.5877852522924732,-0.8090169943749473,0.8660254037844386,0.5000000000000001,0,30.0,5406717.776979892,0.0,0.0,0.0,60.0,60.0,0.003522021317439536,0.008804941004071403,0.010565844561858967,0.013754768844763739,0.014040185019287723,0.014944548946425057
2020-02-06,5283772.952322862,5301848.321513369,5255404.590080415,5293312.8369140625,10567500,0.0,15.770000457763672,4.421999931335449,0.0,6061.47998046875,19692.330078125,0.0,0.0,1.0,0.0,15.770000457763672,4.421999931335449,0.0,-0.587785252292473,-0.8090169943749475,0.8660254037844386,0.5000000000000001,0,30.0,5401331.055962246,0.0,0.0,0.0,60.0,60.0,0.007019101818186499,0.01370649427972319,0.010481248521123409,0.014892098657491956,-0.017358392778062105,0.02063080717513227
2020-02-07,5279504.760810663,5342768.547594568,5270215.78547462,5330467.138671876,12242500,0.0,15.770000457763672,4.421999931335449,0.0,6061.47998046875,19692.330078125,0.0,0.0,1.0,0.0,15.770000457763672,4.421999931335449,0.0,-0.9510565162951536,0.30901699437494723,0.8660254037844386,0.5000000000000001,0,30.0,5398053.142884289,0.0,0.0,0.0,60.0,60.0,0.0034380149261180413,0.014788298087498115,-0.024207579133538493,0.020487006788533674,-0.007394167191920126,0.017990897941811114
2020-02-10,5310132.395684378,5367370.931688141,5288542.394695848,5348793.364257812,11856400,0.0,15.770000457763672,4.421999931335449,0.0,6061.47998046875,19692.330078125,0.0,0.0,1.0,0.0,15.770000457763672,4.421999931335449,0.0,0.0,1.0,0.8660254037844386,0.5000000000000001,0,30.0,5395830.342391149,0.0,0.0,0.0,60.0,60.0,-0.027550873744495365,0.02041681347904894,-0.010795068511367618,0.017929256889012486,0.00037551638912325115,0.024171638748562332
2020-02-11,5276743.339269261,5293563.398902167,5184358.08244614,5201429.43359375,25030800,0.0,15.770000457763672,4.421999931335449,0.0,6061.47998046875,19692.330078125,0.0,0.0,1.0,0.0,15.770000457763672,4.421999931335449,0.0,0.9510565162951535,0.30901699437494745,0.8660254037844386,0.5000000000000001,0,30.0,5387259.125234587,0.0,0.0,0.0,60.0,60.0,0.01723052114576662,0.018437218364368905,0.028717584683480027,0.024856455824724955,0.03373723284682839,0.011004387475969303
2020-02-12,5217998.576183004,5302601.074171242,5206701.183897219,5291052.7734375,13813700,0.0,15.770000457763672,4.421999931335449,0.0,6061.47998046875,19692.330078125,0.0,0.0,1.0,0.0,15.770000457763672,4.421999931335449,0.0,0.5877852522924732,-0.8090169943749473,0.8660254037844386,0.5000000000000001,0,30.0,5383108.303008421,0.0,0.0,0.0,60.0,60.0,0.011292488083010773,0.02443542079009551,0.016227110136716398,0.010817987906590153,0.03340292808280099,0.021730887220014497
2020-02-13,5259923.267110648,5380676.500965551,5251387.400024003,5350801.923828124,15396600,0.0,15.770000457763672,4.421999931335449,0.0,6061.47998046875,19692.330078125,0.0,0.0,1.0,0.0,15.770000457763672,4.421999931335449,0.0,-0.587785252292473,-0.8090169943749475,0.8660254037844386,0.5000000000000001,0,30.0,5381742.434432203,0.0,0.0,0.0,60.0,60.0,0.004879520130778003,0.010697190015814862,0.021863546165266583,0.021488231620514858,0.020409191658894283,0.0103688036576412
2020-02-14,5372392.6184903635,5395739.7483343715,5338501.203418194,5376911.269531249,10741700,0.0,15.770000457763672,4.421999931335449,0.0,6061.47998046875,19692.330078125,0.0,0.0,1.0,0.0,15.770000457763672,4.421999931335449,0.0,-0.9510565162951536,0.30901699437494723,0.8660254037844386,0.5000000000000001,0,30.0,5381542.021937716,0.0,0.0,0.0,60.0,60.0,0.01690155455877758,0.02138388850607515,0.015454262144874047,0.010318454550941363,0.0018675481371438637,0.027173438429952665
2020-02-18,5361094.7329055425,5472308.079014392,5357328.807919676,5467789.4287109375,15609200,0.0,15.770000457763672,4.421999931335449,0.0,6061.47998046875,19692.330078125,0.0,0.0,1.0,0.0,15.770000457763672,4.421999931335449,0.0,0.9510565162951535,0.30901699437494745,0.8660254037844386,0.5000000000000001,0,30.0,5385056.775192301,0.0,0.0,0.0,60.0,60.0,-0.001423237487852498,0.010146955233457605,-0.014784131614546314,0.026721798494784406,-0.03498621666381535,0.02483932002932456
2020-02-19,5472559.783922102,5480844.359837244,5425362.945278142,5460007.4658203125,12135100,0.0,15.770000457763672,4.421999931335449,0.0,6061.47998046875,19692.330078125,0.0,0.0,1.0,0.0,15.770000457763672,4.421999931335449,0.0,0.5877852522924732,-0.8090169943749473,0.8660254037844386,0.5000000000000001,0,30.0,5388060.695842951,0.0,0.0,0.0,60.0,60.0,-0.013379936954552639,0.026759884165098766,-0.03361081534836393,0.024874722667124347,-0.0771070025463895,0.025196540714747
2020-02-20,5435655.965931558,5492141.397679269,5346032.230353343,5386952.91015625,13109200,0.0,15.770000457763672,4.421999931335449,0.0,6061.47998046875,19692.330078125,0.0,0.0,1.0,0.0,15.770000457763672,4.421999931335449,0.0,-0.587785252292473,-0.8090169943749475,0.8660254037844386,0.5000000000000001,0,30.0,5388016.985106699,0.0,0.0,0.0,60.0,60.0,-0.020505237174443493,0.02521205841926866,-0.06459129302026098,0.025538240766127977,-0.08299931171592383,0.035185027416182166
2020-02-21,5359337.537753067,5378417.306103689,5242601.13463098,5276492.1630859375,14092300,0.0,15.770000457763672,4.421999931335449,0.0,6061.47998046875,19692.330078125,0.0,0.0,1.0,0.0,15.770000457763672,4.421999931335449,0.0,-0.9510565162951536,0.30901699437494723,0.8660254037844386,0.5000000000000001,0,30.0,5383680.390077001,0.0,0.0,0.0,60.0,60.0,-0.045008975564751454,0.02607287117335636,-0.06380235700413871,0.03592160851854238,-0.061756637367079946,0.02721477313706796
2020-02-24,5066115.7095697615,5112559.0571381245,4974985.75672276,5039002.65625,23080100,0.0,15.770000457763672,4.421999931335449,0.0,6061.47998046875,19692.330078125,0.0,0.0,1.0,0.0,15.770000457763672,4.421999931335449,0.0,0.0,1.0,0.8660254037844386,0.5000000000000001,0,30.0,5370460.341973305,0.0,0.0,0.0,60.0,60.0,-0.01967911839852219,0.03761460327837666,-0.017536983462470266,0.028497412478993626,-0.054653262432542815,0.031785595792522936
2020-02-25,5077412.829774436,5108793.626002955,4919253.540169425,4939839.526367188,21433500,0.0,15.770000457763672,4.421999931335449,0.0,6061.47998046875,19692.330078125,0.0,0.0,1.0,0.0,15.770000457763672,4.421999931335449,0.0,0.9510565162951535,0.30901699437494745,0.8660254037844386,0.5000000000000001,0,30.0,5354155.0349220475,0.0,0.0,0.0,60.0,60.0,0.002185136495871103,0.029069474101622226,-0.03567622060328445,0.03242366493366657,-0.021852926718707297,0.05549625490438238
2020-02-26,4950382.841563782,5051303.577539314,4907705.040361413,4950633.75,16524500,0.0,15.770000457763672,4.421999931335449,0.0,6061.47998046875,19692.330078125,0.0,0.0,1.0,0.0,15.770000457763672,4.421999931335449,0.0,0.5877852522924732,-0.8090169943749473,0.8660254037844386,0.5000000000000001,0,30.0,5339059.0221409025,0.0,0.0,0.0,60.0,60.0,-0.03777880525302676,0.032352969279743606,-0.023985651292561784,0.05537525241935278,-0.0038538113617776716,0.039148084385611064
2020-02-27,4815571.502515313,4917496.264255103,4757328.562626091,4763604.721679688,21682600,0.0,15.770000457763672,4.421999931335449,0.0,6061.47998046875,19692.330078125,0.0,0.0,1.0,0.0,15.770000457763672,4.421999931335449,0.0,-0.587785252292473,-0.8090169943749475,0.8660254037844386,0.5000000000000001,0,30.0,5317773.030778941,0.0,0.0,0.0,60.0,60.0,0.01433470187080221,0.05754939999416072,0.03525695970578786,0.04068511959550578,-0.02034262481767066,0.06993414168003553
2020-02-28,4586617.161342178,4838667.934529691,4564525.340987674,4831889.5751953125,32568900,0.0,15.770000457763672,4.421999931335449,0.0,6061.47998046875,19692.330078125,0.0,0.0,1.0,0.0,15.770000457763672,4.421999931335449,0.0,-0.9510565162951536,0.30901699437494723,0.8660254037844386,0.5000000000000001,0,30.0,5299989.948997746,0.0,0.0,0.0,60.0,60.0,0.02062658193237143,0.04011015251717961,-0.03418726247314152,0.06894582384991023,-0.0036889834638793592,0.02826415580734313
2020-03-02,4871052.674449561,4934818.666789436,4741010.838982182,4931554.94140625,24949000,0.0,15.770000457763672,4.421999931335449,0.0,6061.47998046875,19692.330078125,0.0,0.0,1.0,0.0,15.770000457763672,4.421999931335449,0.0,0.0,1.0,1.0,6.123233995736766e-17,0,30.0,5286638.974039126,0.0,0.0,0.0,60.0,60.0,-0.05370607171697691,0.06755244775162901,-0.023824154521052816,0.027692945008183183,-0.05737126609007658,0.02596215555342632
2020-03-03,4926031.418742401,4951638.253224797,4618499.645711163,4666700.498046874,27984100,0.0,15.770000457763672,4.421999931335449,0.0,6061.47998046875,19692.330078125,0.0,0.0,1.0,0.0,15.770000457763672,4.421999931335449,0.0,0.9510565162951535,0.30901699437494745,1.0,6.123233995736766e-17,0,30.0,5264383.075074718,0.0,0.0,0.0,60.0,60.0,0.031577838875224015,0.029264633514483055,-0.0038732092255414578,0.02743561464093153,-0.025821670365080648,0.04045405792225232
2020-03-04,4749043.899783892,4815822.322827811,4679253.043030614,4814064.814453126,23062500,0.0,15.770000457763672,4.421999931335449,0.0,6061.47998046875,19692.330078125,0.0,0.0,1.0,0.0,15.770000457763672,4.421999931335449,0.0,0.5877852522924732,-0.8090169943749473,1.0,6.123233995736766e-17,0,30.0,5248357.596003767,0.0,0.0,0.0,60.0,60.0,-0.03436584886257285,0.0265957774653688,-0.05564244119754448,0.0392157105336435,-0.11608255637056601,0.05115768710326364
2020-03-05,4689043.86980743,4744525.2837790465,4616491.487269989,4648625.390625,19333400,0.0,15.770000457763672,4.421999931335449,0.0,6061.47998046875,19692.330078125,0.0,0.0,1.0,0.0,15.770000457763672,4.421999931335449,0.0,-0.587785252292473,-0.8090169943749475,1.0,6.123233995736766e-17,0,30.0,5227189.661021121,0.0,0.0,0.0,60.0,60.0,-0.022033802667303953,0.04061135419397817,-0.08462491453076561,0.05297833246991591,-0.03769508560200214,0.04746985588909487
2020-03-06,4476909.837802584,4613730.029038239,4424943.056784447,4546198.49609375,24559600,0.0,15.770000457763672,4.421999931335449,0.0,6061.47998046875,19692.330078125,0.0,0.0,1.0,0.0,15.770000457763672,4.421999931335449,0.0,-0.9510565162951536,0.30901699437494723,1.0,6.123233995736766e-17,0,30.0,5203338.346337977,0.0,0.0,0.0,60.0,60.0,-0.06400130396548734,0.05417194644805613,-0.016014135230249013,0.04853936262681073,-0.05991495714935903,0.045391799520984696
2020-03-09,4257746.481121083,4393311.3642779775,4147034.9428053536,4255235.8642578125,29949000,0.0,15.770000457763672,4.421999931335449,0.0,6061.47998046875,19692.330078125,0.0,0.0,1.0,0.0,15.770000457763672,4.421999931335449,0.0,0.0,1.0,1.0,6.123233995736766e-17,0,30.0,5170371.136841542,0.0,0.0,0.0,60.0,60.0,0.05126841408918899,0.051858365649924965,0.004365761227489611,0.04849557986917429,-0.08867263544307355,0.07233043504146597
2020-03-10,4385026.634423412,4475905.292302577,4255235.714927221,4473395.05859375,24517800,0.0,15.770000457763672,4.421999931335449,0.0,6061.47998046875,19692.330078125,0.0,0.0,1.0,0.0,15.770000457763672,4.421999931335449,0.0,0.9510565162951535,0.30901699437494745,1.0,6.123233995736766e-17,0,30.0,5146300.125828962,0.0,0.0,0.0,60.0,60.0,-0.04461529732379097,0.04613054023048005,-0.13311638365308104,0.06880301364721636,-0.04439075362865716,0.0740220448766001
2020-03-11,4368457.406320659,4415403.334340389,4209043.203623099,4273813.2080078125,20373900,0.0,15.770000457763672,4.421999931335449,0.0,6061.47998046875,19692.330078125,0.0,0.0,1.0,0.0,15.770000457763672,4.421999931335449,0.0,0.5877852522924732,-0.8090169943749473,1.0,6.123233995736766e-17,0,30.0,5116359.117990717,0.0,0.0,0.0,60.0,60.0,-0.09263397883740672,0.07201603024884783,0.00023502961111354303,0.07747878385455689,-0.14232857121582243,0.0941611702875893
2020-03-12,4005193.1822772366,4182432.2219721777,3874649.1607063618,3877912.8857421875,43266300,0.0,15.770000457763672,4.421999931335449,0.0,6061.47998046875,19692.330078125,0.0,0.0,1.0,0.0,15.770000457763672,4.421999931335449,0.0,-0.587785252292473,-0.8090169943749475,1.0,6.123233995736766e-17,0,30.0,5074113.087819888,0.0,0.0,0.0,60.0,60.0,0.10235010600190726,0.08538867672748489,-0.05476796708206337,0.10377418604119881,-0.03269243451859378,0.09024407702880058
2020-03-13,4105361.3760402766,4287620.907998411,3956491.0582204233,4274817.6806640625,35028600,0.0,15.770000457763672,4.421999931335449,0.0,6061.47998046875,19692.330078125,0.0,0.0,1.0,0.0,15.770000457763672,4.421999931335449,0.0,-0.9510565162951536,0.30901699437494723,1.0,6.123233995736766e-17,0,30.0,5047000.122948241,0.0,0.0,0.0,60.0,60.0,-0.1425301020324833,0.0941390448244936,-0.12250422056045722,0.08186516836842798,-0.13695081392365804,0.06506922261883878
2020-03-16,3823938.043131594,3994900.539755631,3592473.286499059,3665527.48046875,39120400,0.0,15.770000457763672,4.421999931335449,0.0,6061.47998046875,19692.330078125,0.0,0.0,1.0,0.0,15.770000457763672,4.421999931335449,0.0,0.0,1.0,1.0,6.123233995736766e-17,0,30.0,5000385.439014621,0.0,0.0,0.0,60.0,60.0,0.02335461748510818,0.0954729356243002,0.0065066868493576235,0.07588513926036827,0.04876405572746295,0.10362299206709095
2020-03-17,3784272.774347548,3864607.5288117654,3514648.859639869,3751134.47265625,34255600,0.0,15.770000457763672,4.421999931335449,0.0,6061.47998046875,19692.330078125,0.0,0.0,1.0,0.0,15.770000457763672,4.421999931335449,0.0,0.9510565162951535,0.30901699437494745,1.0,6.123233995736766e-17,0,30.0,4958440.315746598,0.0,0.0,0.0,60.0,60.0,-0.016463433445147595,0.07415331690871327,0.024829553517624628,0.10125814678175218,0.0020747681619339275,0.07542501329567047
2020-03-18,3508373.3039897224,3720005.2271134425,3441846.1637953646,3689377.919921875,37553100,0.0,15.770000457763672,4.421999931335449,0.0,6061.47998046875,19692.330078125,0.0,0.0,1.0,0.0,15.770000457763672,4.421999931335449,0.0,0.5877852522924732,-0.8090169943749473,1.0,6.123233995736766e-17,0,30.0,4916027.414921799,0.0,0.0,0.0,60.0,60.0,0.0419841908953258,0.10295310843036659,0.01884851284382586,0.07668755373261861,0.007757130062622054,0.06845397603156998
2020-03-19,3680842.022843531,4014984.704395657,3635151.77936534,3844273.466796875,39862300,0.0,15.770000457763672,4.421999931335449,0.0,6061.47998046875,19692.330078125,0.0,0.0,1.0,0.0,15.770000457763672,4.421999931335449,0.0,-0.587785252292473,-0.8090169943749475,1.0,6.123233995736766e-17,0,30.0,4880364.480077731,0.0,0.0,0.0,60.0,60.0,-0.02220348279144291,0.07359761731771071,-0.03284796557546051,0.06569579138504092,0.05126353689184956,0.057075619890934466
2020-03-20,3916825.588962312,3998415.659565678,3715486.2920917324,3758917.20703125,32568400,0.0,15.770000457763672,4.421999931335449,0.0,6061.47998046875,19692.330078125,0.0,0.0,1.0,0.0,15.770000457763672,4.421999931335449,0.0,-0.9510565162951536,0.30901699437494723,1.0,6.123233995736766e-17,0,30.0,4843200.349386426,0.0,0.0,0.0,60.0,60.0,-0.010886194209819637,0.06718758988075683,0.07513528468379937,0.058371674358051164,0.04327796338416335,0.06631942903211877
2020-03-23,3757160.076846026,3823687.211872934,3571134.6241711983,3717996.904296875,29830800,0.0,15.770000457763672,4.421999931335449,0.0,6061.47998046875,19692.330078125,0.0,0.0,1.0,0.0,15.770000457763672,4.421999931335449,0.0,0.0,1.0,1.0,6.123233995736766e-17,0,30.0,4806054.670374931,0.0,0.0,0.0,60.0,60.0,0.08696823195678521,0.05901411345827831,0.0547602887321065,0.06704934118186501,0.10290340231532655,0.047130287796287244
2020-03-24,3896491.0359066096,4049629.0979995206,3830214.8068518173,4041344.521484375,30440400,0.0,15.770000457763672,4.421999931335449,0.0,6061.47998046875,19692.330078125,0.0,0.0,1.0,0.0,15.770000457763672,4.421999931335449,0.0,0.9510565162951535,0.30901699437494745,1.0,6.123233995736766e-17,0,30.0,4780900.585296601,0.0,0.0,0.0,60.0,60.0,-0.029630988540205305,0.061684729333037855,0.014660198789668831,0.04335939764443917,-0.02602807612475639,0.03317180132287243
2020-03-25,3989628.839582372,4091804.8953658133,3842515.652416494,3921595.48828125,35184300,0.0,15.770000457763672,4.421999931335449,0.0,6061.47998046875,19692.330078125,0.0,0.0,1.0,0.0,15.770000457763672,4.421999931335449,0.0,0.5877852522924732,-0.8090169943749473,1.0,6.123233995736766e-17,0,30.0,4752730.413924872,0.0,0.0,0.0,60.0,60.0,0.04564365391599199,0.044683411292380994,0.0037129302078894675,0.03418472862501014,0.06235188903328663,0.055630254167531604
2020-03-26,3972808.921416394,4117160.58838729,3941930.3242620733,4100591.435546875,26556800,0.0,15.770000457763672,4.421999931335449,0.0,6061.47998046875,19692.330078125,0.0,0.0,1.0,0.0,15.770000457763672,4.421999931335449,0.0,-0.587785252292473,-0.8090169943749475,1.0,6.123233995736766e-17,0,30.0,4731419.464545826,0.0,0.0,0.0,60.0,60.0,-0.04010039514998221,0.03269252244489457,0.015978899747271832,0.05320192396252135,0.0211827520221734,0.041202370697878514
2020-03-27,3971553.7308246703,4019001.4822280435,3884942.804684085,3936156.0986328125,24879900,0.0,15.770000457763672,4.421999931335449,0.0,6061.47998046875,19692.330078125,0.0,0.0,1.0,0.0,15.770000457763672,4.421999931335449,0.0,-0.9510565162951536,0.30901699437494723,1.0,6.123233995736766e-17,1,30.0,4705508.789538469,0.0,0.0,0.0,60.0,60.0,0.05842204186136352,0.05542446698978904,0.06384328825901639,0.042923625022552536,0.01792209042022377,0.03896932553827086
2020-03-30,3996155.877639451,4186198.1609310815,3968038.8071757504,4166114.375,22515200,0.0,15.770000457763672,4.421999931335449,0.0,6061.47998046875,19692.330078125,0.0,0.0,1.0,0.0,15.770000457763672,4.421999931335449,0.0,0.0,1.0,1.0,6.123233995736766e-17,1,30.0,4687983.762851423,0.0,0.0,0.0,60.0,60.0,0.005122008219064437,0.04055435669788786,-0.038264463360868486,0.03681832387932755,-0.046761021220237745,0.03272074807782521
2020-03-31,4154314.944583344,4291135.130434051,4122181.042026103,4187453.2470703125,23676300,0.0,15.770000457763672,4.421999931335449,0.0,6061.47998046875,19692.330078125,0.0,0.0,1.0,0.0,15.770000457763672,4.421999931335449,0.0,0.9510565162951535,0.30901699437494745,1.0,6.123233995736766e-17,1,30.0,4671764.100639266,0.0,0.0,0.0,60.0,60.0,-0.043165378158227456,0.036630701127084525,-0.051618638349419536,0.03255400619055372,-0.07565937317921897,0.04244606071665325
2020-04-01,4057411.3353982978,4120926.0367706115,3967536.6883935393,4006700.244140625,19507600,0.0,15.770000457763672,4.421999931335449,0.0,6061.47998046875,19692.330078125,0.0,0.0,1.0,0.0,15.770000457763672,4.421999931335449,0.0,0.5877852522924732,-0.8090169943749473,0.8660254037844387,-0.4999999999999998,0,30.0,4650265.829734823,0.0,0.0,0.0,60.0,60.0,-0.008834609448935639,0.03402260479234314,-0.033959886357838025,0.04436091645069294,0.037280675152281846,0.04818297056660707
2020-04-02,3994147.924048585,4050633.3576397197,3914314.9787119385,3971302.6123046875,20886300,0.0,15.770000457763672,4.421999931335449,0.0,6061.47998046875,19692.330078125,0.0,0.0,1.0,0.0,15.770000457763672,4.421999931335449,0.0,-0.587785252292473,-0.8090169943749475,0.8660254037844387,-0.4999999999999998,0,30.0,4628369.011230466,0.0,0.0,0.0,60.0,60.0,-0.025349227433106126,0.04475632106769722,0.046526326525160935,0.04861244251054658,0.06726089036422225,0.0466527897689923
2020-04-03,3945193.969620454,3964273.740925895,3786532.8461526018,3870633.1591796875,25983300,0.0,15.770000457763672,4.421999931335449,0.0,6061.47998046875,19692.330078125,0.0,0.0,1.0,0.0,15.770000457763672,4.421999931335449,0.0,-0.9510565162951536,0.30901699437494723,0.8660254037844387,-0.4999999999999998,0,30.0,4603984.794217085,0.0,0.0,0.0,60.0,60.0,0.0737449309858665,0.04987678035951091,0.09501877021389443,0.047866159943756,0.13036700604101015,0.047087780078302395
2020-04-06,4020507.464656517,4172390.595207925,3979335.87527528,4156072.734375,28453600,0.0,15.770000457763672,4.421999931335449,0.0,6061.47998046875,19692.330078125,0.0,0.0,1.0,0.0,15.770000457763672,4.421999931335449,0.0,0.0,1.0,0.8660254037844387,-0.4999999999999998,0,30.0,4589600.194442138,0.0,0.0,0.0,60.0,60.0,0.019812749391510703,0.044578706322559634,0.05273326413113371,0.043853785679871304,0.05823008691855673,0.03328296069771418
2020-04-07,4312725.473815192,4352893.046727302,4167620.700846401,4238415.9619140625,31411900,0.0,15.770000457763672,4.421999931335449,0.0,6061.47998046875,19692.330078125,0.0,0.0,1.0,0.0,15.770000457763672,4.421999931335449,0.0,0.9510565162951535,0.30901699437494745,0.8660254037844387,-0.4999999999999998,0,30.0,4578343.56475054,0.0,0.0,0.0,60.0,60.0,0.03228094055429844,0.04300180175825164,0.0376709719994856,0.03263634497369546,0.035301684403028805,0.032873320719915014
2020-04-08,4299168.997726591,4393311.384538122,4211051.8615748845,4375236.015625,21664200,0.0,15.770000457763672,4.421999931335449,0.0,6061.47998046875,19692.330078125,0.0,0.0,1.0,0.0,15.770000457763672,4.421999931335449,0.0,0.5877852522924732,-0.8090169943749473,0.8660254037844387,-0.4999999999999998,0,30.0,4571844.980617039,0.0,0.0,0.0,60.0,60.0,0.005221477248522004,0.031615758551321205,0.0029262807536757705,0.03184532371804055,0.02232026353542606,0.026451687081481504
2020-04-09,4415905.287853931,4445528.957318326,4307202.551843282,4398081.2109375,23534300,0.0,15.770000457763672,4.421999931335449,0.0,6061.47998046875,19692.330078125,0.0,0.0,1.0,0.0,15.770000457763672,4.421999931335449,0.0,-0.587785252292473,-0.8090169943749475,0.8660254037844387,-0.4999999999999998,0,30.0,4566294.647345169,0.0,0.0,0.0,60.0,60.0,-0.002283274429361192,0.0316799078002264,0.017009969120145157,0.026314287627324365,0.010160321245915488,0.03065240410945139
2020-04-13,4359922.114660589,4393311.32671156,4253980.519451152,4388039.1845703125,19355400,0.0,15.770000457763672,4.421999931335449,0.0,6061.47998046875,19692.330078125,0.0,0.0,1.0,0.0,15.770000457763672,4.421999931335449,0.0,0.0,1.0,0.8660254037844387,-0.4999999999999998,0,30.0,4560609.853237637,0.0,0.0,0.0,60.0,60.0,0.019337396131624114,0.026374507866723438,0.012472072840274007,0.03072255212712798,0.008352896446992789,0.03169522645454219
2020-04-14,4493227.128057761,4549712.552571459,4433980.178578518,4472892.4365234375,21011800,0.0,15.770000457763672,4.421999931335449,0.0,6061.47998046875,19692.330078125,0.0,0.0,1.0,0.0,15.770000457763672,4.421999931335449,0.0,0.9510565162951535,0.30901699437494745,0.8660254037844387,-0.4999999999999998,0,30.0,4557816.589508619,0.0,0.0,0.0,60.0,60.0,-0.006735084298294113,0.030139728262418092,-0.010776117629273094,0.031093950418012013,0.006005580244626624,0.02031764771669688
2020-04-15,4398080.910837623,4473394.813164474,4338583.050580633,4442767.12890625,17423000,0.0,15.770000457763672,4.421999931335449,0.0,6061.47998046875,19692.330078125,0.0,0.0,1.0,0.0,15.770000457763672,4.421999931335449,0.0,0.5877852522924732,-0.8090169943749473,0.8660254037844387,-0.4999999999999998,0,30.0,4554158.0774968,0.0,0.0,0.0,60.0,60.0,-0.004068434580843054,0.03130479082314636,0.012827055845338014,0.020455416672341832,0.007176587321570778,0.021076998719745447
2020-04-16,4467369.82536202,4469880.442146845,4330800.546500484,4424692.021484375,23593200,0.0,15.770000457763672,4.421999931335449,0.0,6061.47998046875,19692.330078125,0.0,0.0,1.0,0.0,15.770000457763672,4.421999931335449,0.0,-0.587785252292473,-0.8090169943749475,0.8660254037844387,-0.4999999999999998,0,30.0,4550046.516349606,0.0,0.0,0.0,60.0,60.0,0.016964509422964496,0.020538978161348642,0.011290958428133713,0.021163099405203396,-0.03092193830589767,0.039943312137737046
2020-04-17,4498750.351096097,4525863.401873911,4434984.74907395,4499754.7509765625,20974800,0.0,15.770000457763672,4.421999931335449,0.0,6061.47998046875,19692.330078125,0.0,0.0,1.0,0.0,15.770000457763672,4.421999931335449,0.0,-0.9510565162951536,0.30901699437494723,0.8660254037844387,-0.4999999999999998,0,30.0,4548451.322288717,0.0,0.0,0.0,60.0,60.0,-0.005578907564876586,0.02081006683036711,-0.04708762919960049,0.0392769971494888,0.016960551082464432,0.037045301095596804
2020-04-20,4453814.138623205,4531387.381923524,4437747.18483544,4474651.03515625,16110700,0.0,15.770000457763672,4.421999931335449,0.0,6061.47998046875,19692.330078125,0.0,0.0,1.0,0.0,15.770000457763672,4.421999931335449,0.0,0.0,1.0,0.8660254037844387,-0.4999999999999998,0,30.0,4546113.167618488,0.0,0.0,0.0,60.0,60.0,-0.04174159412998569,0.039497349209787855,0.022665909662220388,0.037253132880438834,0.038655502172910805,0.02188065608388888
2020-04-21,4399587.522984891,4402851.248293587,4226114.393766082,4287871.9677734375,24850500,0.0,15.770000457763672,4.421999931335449,0.0,6061.47998046875,19692.330078125,0.0,0.0,1.0,0.0,15.770000457763672,4.421999931335449,0.0,0.9510565162951535,0.30901699437494745,0.8660254037844387,-0.4999999999999998,0,30.0,4537940.3842823515,0.0,0.0,0.0,60.0,60.0,0.06721308511113944,0.03887587382718158,0.083899181901674,0.0228337742198287,0.11282207353232095,0.056089004531328396
2020-04-22,4479922.268351556,4638834.662000253,4472139.892393984,4576073.0712890625,33242000,0.0,15.770000457763672,4.421999931335449,0.0,6061.47998046875,19692.330078125,0.0,0.0,1.0,0.0,15.770000457763672,4.421999931335449,0.0,0.5877852522924732,-0.8090169943749473,0.8660254037844387,-0.4999999999999998,0,30.0,4539145.975230276,0.0,0.0,0.0,60.0,60.0,0.015635206336321185,0.021395703012253447,0.04273653411626957,0.052556518762593034,0.028637275368402774,0.0347816349805519
2020-04-23,4621260.976205828,4695821.768274461,4597913.46787879,4647620.91796875,21426600,0.0,15.770000457763672,4.421999931335449,0.0,6061.47998046875,19692.330078125,0.0,0.0,1.0,0.0,15.770000457763672,4.421999931335449,0.0,-0.587785252292473,-0.8090169943749475,0.8660254037844387,-0.4999999999999998,0,30.0,4542572.210579896,0.0,0.0,0.0,60.0,60.0,0.02668411611853277,0.05174743690914282,0.01280190855039741,0.03424618875316359,-0.011991352296000403,0.03586669228786918
2020-04-24,4599922.564721541,4780174.058926786,4539671.588696586,4771638.57421875,28792000,0.0,15.770000457763672,4.421999931335449,0.0,6061.47998046875,19692.330078125,0.0,0.0,1.0,0.0,15.770000457763672,4.421999931335449,0.0,-0.9510565162951536,0.30901699437494723,0.8660254037844387,-0.4999999999999998,0,30.0,4549800.902137085,0.0,0.0,0.0,60.0,60.0,-0.013521400935487574,0.033356110429208,-0.03767027054119537,0.034934496136422445,0.02167619777494297,0.036355044952661814
2020-04-27,4836659.351998424,4864023.313802083,4704860.010592174,4707119.3359375,29197800,0.0,15.770000457763672,4.421999931335449,0.0,6061.47998046875,19692.330078125,0.0,0.0,1.0,0.0,15.770000457763672,4.421999931335449,0.0,0.0,1.0,0.8660254037844387,-0.4999999999999998,0,30.0,4554761.253698822,0.0,0.0,0.0,60.0,60.0,-0.024479871766714872,0.035413334024226355,0.035680042875546186,0.036853353926925195,0.09178677610638884,0.04330664354569248
2020-04-28,4736241.333923624,4749797.670572508,4583102.881237059,4591889.658203126,21731000,0.0,15.770000457763672,4.421999931335449,0.0,6061.47998046875,19692.330078125,0.0,0.0,1.0,0.0,15.770000457763672,4.421999931335449,0.0,0.9510565162951535,0.30901699437494745,0.8660254037844387,-0.4999999999999998,0,30.0,4555931.011636088,0.0,0.0,0.0,60.0,60.0,0.06166957800369904,0.03777815840014335,0.11918426335668576,0.04439338799100224,0.10584425217728617,0.04499477568845754
2020-04-29,4793228.1932882555,4943354.199444423,4769881.064580846,4875069.5556640625,45954500,0.0,15.770000457763672,4.421999931335449,0.0,6061.47998046875,19692.330078125,0.0,0.0,1.0,0.0,15.770000457763672,4.421999931335449,0.0,0.5877852522924732,-0.8090169943749473,0.8660254037844387,-0.4999999999999998,0,30.0,4565978.253783443,0.0,0.0,0.0,60.0,60.0,0.05417380938910763,0.04181469348917104,0.04160868417898024,0.042381148165762716,0.057005947466224303,0.03681965509021892
2020-04-30,5194651.680328769,5264191.6352668535,5060342.0960583715,5139170.644531249,46230100,0.0,15.770000457763672,4.421999931335449,0.0,6061.47998046875,19692.330078125,0.0,0.0,1.0,0.0,15.770000457763672,4.421999931335449,0.0,-0.587785252292473,-0.8090169943749475,0.8660254037844387,-0.4999999999999998,0,30.0,4584011.157349168,0.0,0.0,0.0,60.0,60.0,-0.011919405602961118,0.04020318830565762,0.0026865949921084545,0.034927499395527445,0.011528497137091061,0.01895366479535969
2020-05-01,5061094.725155993,5203688.872477399,4997077.827320402,5077914.78515625,30415600,0.0,15.770000457763672,4.421999931335449,0.0,6061.47998046875,19692.330078125,0.0,0.0,1.0,0.0,15.770000457763672,4.421999931335449,0.0,-0.9510565162951536,0.30901699437494723,0.49999999999999994,-0.8660254037844387,0,30.0,4599539.446959042,0.0,0.0,0.0,60.0,60.0,0.014782195579888562,0.035348836515549036,0.02373075928523918,0.019182306486775883,0.0306521294571898,0.024422813862647035
2020-05-04,5025948.116122651,5169295.758101026,4989797.378520648,5152977.5146484375,19250700,0.0,15.770000457763672,4.421999931335449,0.0,6061.47998046875,19692.330078125,0.0,0.0,1.0,0.0,15.770000457763672,4.421999931335449,0.0,0.0,1.0,0.49999999999999994,-0.8660254037844387,0,30.0,4616928.822628312,0.0,0.0,0.0,60.0,60.0,0.008818211182979062,0.0189028804115097,0.0156387586877522,0.024067050022188088,0.029231195922029284,0.012472049238481931
2020-05-05,5197162.250084323,5281513.84882836,5184107.7311057625,5198417.55859375,21071200,0.0,15.770000457763672,4.421999931335449,0.0,6061.47998046875,19692.330078125,0.0,0.0,1.0,0.0,15.770000457763672,4.421999931335449,0.0,0.9510565162951535,0.30901699437494745,0.49999999999999994,-0.8660254037844387,0,30.0,4635189.048720445,0.0,0.0,0.0,60.0,60.0,0.006760928212006704,0.02385667680797132,0.020234552184692594,0.012363029434070907,0.025498493515035612,0.011397113261349729
2020-05-06,5224776.910379653,5312141.322621718,5188124.355013464,5233563.6865234375,21857000,0.0,15.770000457763672,4.421999931335449,0.0,6061.47998046875,19692.330078125,0.0,0.0,1.0,0.0,15.770000457763672,4.421999931335449,0.0,0.5877852522924732,-0.8090169943749473,0.49999999999999994,-0.8660254037844387,0,30.0,4653969.379238325,0.0,0.0,0.0,60.0,60.0,0.0133831415136609,0.012280005200467478,0.01861173271424683,0.011320575661980487,0.02259315392787016,0.02220945425688878
2020-05-07,5301094.976226064,5312141.077245262,5247872.887957777,5303605.2099609375,15152000,0.0,15.770000457763672,4.421999931335449,0.0,6061.47998046875,19692.330078125,0.0,0.0,1.0,0.0,15.770000457763672,4.421999931335449,0.0,-0.587785252292473,-0.8090169943749475,0.49999999999999994,-0.8660254037844387,0,30.0,4674348.22682472,0.0,0.0,0.0,60.0,60.0,0.005159540342042926,0.011171071629503598,0.00908838132086205,0.021916147355397254,-0.005490689458570279,0.024992897635000278
2020-05-08,5328207.849837954,5352559.376339725,5293312.422644643,5330969.375,12506000,0.0,15.770000457763672,4.421999931335449,0.0,6061.47998046875,19692.330078125,0.0,0.0,1.0,0.0,15.770000457763672,4.421999931335449,0.0,-0.9510565162951536,0.30901699437494723,0.49999999999999994,-0.8660254037844387,0,30.0,4694936.390880302,0.0,0.0,0.0,60.0,60.0,0.003908674017541723,0.021803650540828046,-0.010595561573229528,0.024864607688542175,-0.03414174438959331,0.040828810621178005
2020-05-11,5294316.945608603,5397497.020248567,5281262.42695221,5351806.396484373,12911900,0.0,15.770000457763672,4.421999931335449,0.0,6061.47998046875,19692.330078125,0.0,0.0,1.0,0.0,15.770000457763672,4.421999931335449,0.0,0.0,1.0,0.49999999999999994,-0.8660254037844387,0,30.0,4715523.149247528,0.0,0.0,0.0,60.0,60.0,-0.014447763991047866,0.024767798438314625,-0.03790227078610754,0.04066984545295858,-0.029880820668802384,0.0292709940364049
2020-05-12,5354568.2366721565,5404526.605746718,5271974.14363771,5274484.760742187,14704600,0.0,15.770000457763672,4.421999931335449,0.0,6061.47998046875,19692.330078125,0.0,0.0,1.0,0.0,15.770000457763672,4.421999931335449,0.0,0.9510565162951535,0.30901699437494745,0.49999999999999994,-0.8660254037844387,0,30.0,4733034.038506062,0.0,0.0,0.0,60.0,60.0,-0.023798339588817725,0.041266047569080005,-0.01565929852714,0.02970009398480937,0.003712409042797316,0.03436458958046301
2020-05-13,5257663.513480454,5291554.923888026,5073897.784848851,5148960.78125,20684600,0.0,15.770000457763672,4.421999931335449,0.0,6061.47998046875,19692.330078125,0.0,0.0,1.0,0.0,15.770000457763672,4.421999931335449,0.0,0.5877852522924732,-0.8090169943749473,0.49999999999999994,-0.8660254037844387,0,30.0,4746058.864194837,0.0,0.0,0.0,60.0,60.0,0.008337458735984437,0.03042413795147562,0.02818141962596882,0.03520234698841675,0.03944414344654317,0.018039964888491904
2020-05-14,5085195.319732556,5194902.463220982,5038249.770105494,5191890.029296874,17178900,0.0,15.770000457763672,4.421999931335449,0.0,6061.47998046875,19692.330078125,0.0,0.0,1.0,0.0,15.770000457763672,4.421999931335449,0.0,-0.587785252292473,-0.8090169943749475,0.49999999999999994,-0.8660254037844387,0,30.0,4760014.988921847,0.0,0.0,0.0,60.0,60.0,0.019679880696746165,0.03491127566811327,0.03084947845689771,0.01789080107279378,0.04869206704983167,0.03703884587409196
2020-05-15,5153228.781226771,5305613.723801583,5124358.219750271,5294065.8056640625,19383200,0.0,15.770000457763672,4.421999931335449,0.0,6061.47998046875,19692.330078125,0.0,0.0,1.0,0.0,15.770000457763672,4.421999931335449,0.0,-0.9510565162951536,0.30901699437494723,0.49999999999999994,-0.8660254037844387,0,30.0,4776726.90285419,0.0,0.0,0.0,60.0,60.0,0.01095402387710089,0.017545507576916215,0.028452249477808188,0.036323994005631806,0.09052529432513552,0.038647538572572415
2020-05-18,5325948.0943209985,5388458.772580254,5295571.700874282,5352057.12890625,20151900,0.0,15.770000457763672,4.421999931335449,0.0,6061.47998046875,19692.330078125,0.0,0.0,1.0,0.0,15.770000457763672,4.421999931335449,0.0,0.0,1.0,0.49999999999999994,-0.8660254037844387,0,30.0,4794724.694843356,0.0,0.0,0.0,60.0,60.0,0.01730862649282507,0.03593041142101198,0.07870908920553238,0.038228779607954455,0.08536998998176555,0.028143912688829455
2020-05-19,5354066.130301774,5535321.643135726,5343020.028545365,5444693.88671875,31843200,0.0,15.770000457763672,4.421999931335449,0.0,6061.47998046875,19692.330078125,0.0,0.0,1.0,0.0,15.770000457763672,4.421999931335449,0.0,0.9510565162951535,0.30901699437494745,0.49999999999999994,-0.8660254037844387,0,30.0,4815051.162562469,0.0,0.0,0.0,60.0,60.0,0.06035578693988432,0.03757834998386704,0.06690335824987767,0.02766506835379514,0.08313349654675799,0.03342862256840821
2020-05-20,5610885.659418947,5807705.896654596,5603103.284224457,5773312.6708984375,50162900,0.0,15.770000457763672,4.421999931335449,0.0,6061.47998046875,19692.330078125,0.0,0.0,1.0,0.0,15.770000457763672,4.421999931335449,0.0,0.5877852522924732,-0.8090169943749473,0.49999999999999994,-0.8660254037844387,0,30.0,4845010.240036746,0.0,0.0,0.0,60.0,60.0,0.0061748814790639405,0.02609036390854684,0.021481195168094106,0.031525854793400025,0.00969695187971482,0.04013565320604348
2020-05-21,5892560.683191346,5954820.078396607,5804192.249855042,5808962.192382813,47782600,0.0,15.770000457763672,4.421999931335449,0.0,6061.47998046875,19692.330078125,0.0,0.0,1.0,0.0,15.770000457763672,4.421999931335449,0.0,-0.587785252292473,-0.8090169943749475,0.49999999999999994,-0.8660254037844387,0,30.0,4875139.098285607,0.0,0.0,0.0,60.0,60.0,0.015212379051373341,0.031332381053935106,0.003500455502798364,0.0398893412515373,-0.009723900692355117,0.040753671940064205
2020-05-22,5811974.332123136,5924443.380881202,5742434.763941562,5897330.3271484375,33925600,0.0,15.770000457763672,4.421999931335449,0.0,6061.47998046875,19692.330078125,0.0,0.0,1.0,0.0,15.770000457763672,4.421999931335449,0.0,-0.9510565162951536,0.30901699437494723,0.49999999999999994,-0.8660254037844387,0,30.0,4907080.171757527,0.0,0.0,0.0,60.0,60.0,-0.011536427047430941,0.03929162220107125,-0.024562623799986773,0.04014300138670977,-0.0402281644835007,0.032480544545847416
2020-05-26,6019338.478039346,6047706.455277818,5815990.780068582,5829296.2060546875,33178300,0.0,15.770000457763672,4.421999931335449,0.0,6061.47998046875,19692.330078125,0.0,0.0,1.0,0.0,15.770000457763672,4.421999931335449,0.0,0.9510565162951535,0.30901699437494745,0.49999999999999994,-0.8660254037844387,0,30.0,4935890.408964758,0.0,0.0,0.0,60.0,60.0,-0.013178226400034358,0.04061151314539743,-0.029026600697450812,0.0328596272382877,-0.030620179584336764,0.019853576953594874
2020-05-27,5750719.295529202,5788124.958937779,5551388.419437174,5752476.4208984375,34697600,0.0,15.770000457763672,4.421999931335449,0.0,6061.47998046875,19692.330078125,0.0,0.0,1.0,0.0,15.770000457763672,4.421999931335449,0.0,0.5877852522924732,-0.8090169943749473,0.49999999999999994,-0.8660254037844387,0,30.0,4961395.051007185,0.0,0.0,0.0,60.0,60.0,-0.01606001683525987,0.03329844164100114,-0.017674876711195234,0.020118705813683278,0.012088649785495618,0.039015457966982976
2020-05-28,5630970.082258333,5814987.115035828,5623438.6146433065,5660091.552734373,29377200,0.0,15.770000457763672,4.421999931335449,0.0,6061.47998046875,19692.330078125,0.0,0.0,1.0,0.0,15.770000457763672,4.421999931335449,0.0,-0.587785252292473,-0.8090169943749475,0.49999999999999994,-0.8660254037844387,0,30.0,4983213.050770725,0.0,0.0,0.0,60.0,60.0,-0.0016412178624364187,0.020447086364936168,0.028608113403643023,0.03965227415750891,0.03220077351643331,0.02856383407785894
2020-05-29,5653563.634503261,5711053.462246232,5595321.081434026,5650802.109375,23241500,0.0,15.770000457763672,4.421999931335449,0.0,6061.47998046875,19692.330078125,0.0,0.0,1.0,0.0,15.770000457763672,4.421999931335449,0.0,-0.9510565162951536,0.30901699437494723,0.49999999999999994,-0.8660254037844387,0,30.0,5004055.570159514,0.0,0.0,0.0,60.0,60.0,0.030299058622305378,0.03971745916093442,0.03389762476613006,0.028610790618480417,0.022524419134246913,0.018303769321374872
2020-06-01,5638249.97855446,5835321.519880863,5610886.017875239,5822016.09375,18223800,0.0,15.770000457763672,4.421999931335449,0.0,6061.47998046875,19692.330078125,0.0,0.0,1.0,0.0,15.770000457763672,4.421999931335449,0.0,0.0,1.0,1.2246467991473532e-16,-1.0,0,30.0,5029588.063027552,0.0,0.0,0.0,60.0,60.0,0.003492739427168472,0.02776940382410732,-0.007546002709596328,0.017765491648463985,-0.02423364595458156,0.030270379502204167
2020-06-02,5797664.657790194,5849380.146290821,5687706.230313025,5842350.87890625,20919000,0.0,15.770000457763672,4.421999931335449,0.0,6061.47998046875,19692.330078125,0.0,0.0,1.0,0.0,15.770000457763672,4.421999931335449,0.0,0.9510565162951535,0.30901699437494745,1.2246467991473532e-16,-1.0,0,30.0,5054953.916702476,0.0,0.0,0.0,60.0,60.0,-0.01100032088230766,0.017703657386305752,-0.027629881405596718,0.030165020944230892,-0.008379187811225968,0.025953971781666828
2020-06-03,5827037.108379227,5840593.443342381,5737162.465051643,5778083.144531249,15380300,0.0,15.770000457763672,4.421999931335449,0.0,6061.47998046875,19692.330078125,0.0,0.0,1.0,0.0,15.770000457763672,4.421999931335449,0.0,0.5877852522924732,-0.8090169943749473,1.2246467991473532e-16,-1.0,0,30.0,5077518.689400795,0.0,0.0,0.0,60.0,60.0,-0.01681452570148925,0.030500536634290667,0.002650287079385163,0.02624264934526664,0.005387428323617311,0.017987482495275882
2020-06-04,5763019.676819229,5814986.452683948,5638751.816058195,5680927.416992187,17041500,0.0,15.770000457763672,4.421999931335449,0.0,6061.47998046875,19692.330078125,0.0,0.0,1.0,0.0,15.770000457763672,4.421999931335449,0.0,-0.587785252292473,-0.8090169943749475,1.2246467991473532e-16,-1.0,0,30.0,5096344.789056552,0.0,0.0,0.0,60.0,60.0,0.019797701745708038,0.026691453475744656,0.022581653823707422,0.01829510602575745,0.05470866450763279,0.04136286009666986
2020-06-05,5691471.966868741,5807957.457894298,5656325.248044569,5793396.723632813,16750400,0.0,15.770000457763672,4.421999931335449,0.0,6061.47998046875,19692.330078125,0.0,0.0,1.0,0.0,15.770000457763672,4.421999931335449,0.0,-0.9510565162951536,0.30901699437494723,1.2246467991473532e-16,-1.0,0,30.0,5118089.40206234,0.0,0.0,0.0,60.0,60.0,0.002729906209078295,0.017939936513329615,0.03423322361107849,0.040559867928574626,0.025826643897917057,0.02569661744432925
2020-06-08,5749714.29333232,5812978.078259418,5709044.908840913,5809212.1533203125,15466500,0.0,15.770000457763672,4.421999931335449,0.0,6061.47998046875,19692.330078125,0.0,0.0,1.0,0.0,15.770000457763672,4.421999931335449,0.0,0.0,1.0,1.2246467991473532e-16,-1.0,0,30.0,5139646.1542375,0.0,0.0,0.0,60.0,60.0,0.03141755043599095,0.040449444738229964,0.023033857418453103,0.02562665906861989,-0.03012092233969956,0.04036299660995114
2020-06-09,5812225.376735007,6019338.621695187,5784359.215726803,5991723.369140625,27462900,0.0,15.770000457763672,4.421999931335449,0.0,6061.47998046875,19692.330078125,0.0,0.0,1.0,0.0,15.770000457763672,4.421999931335449,0.0,0.9510565162951535,0.30901699437494745,1.2246467991473532e-16,-1.0,0,30.0,5166219.868670082,0.0,0.0,0.0,60.0,60.0,-0.008128321080045586,0.024846056825179322,-0.059663976776115124,0.03913351735472145,-0.04227593505274634,0.029999596453677967
2020-06-10,6049213.61002141,6055489.769385486,5906619.070075063,5943020.7177734375,20720700,0.0,15.770000457763672,4.421999931335449,0.0,6061.47998046875,19692.330078125,0.0,0.0,1.0,0.0,15.770000457763672,4.421999931335449,0.0,0.5877852522924732,-0.8090169943749473,1.2246467991473532e-16,-1.0,0,30.0,5190443.069819391,0.0,0.0,0.0,60.0,60.0,-0.05195798689623493,0.03945421387304233,-0.03442745135125138,0.030245441110229525,-0.017868440109596512,0.037891274370356894
2020-06-11,5772560.115984297,5846618.716249109,5612141.5057981545,5634233.3251953125,26708200,0.0,15.770000457763672,4.421999931335449,0.0,6061.47998046875,19692.330078125,0.0,0.0,1.0,0.0,15.770000457763672,4.421999931335449,0.0,-0.587785252292473,-0.8090169943749475,1.2246467991473532e-16,-1.0,0,30.0,5204280.367766916,0.0,0.0,0.0,60.0,60.0,0.018491306611603513,0.0319030598772832,0.03595784397258274,0.03996792741948833,0.049993307643355925,0.024328328698224683
2020-06-12,5771555.580986429,5815739.984879702,5635990.701743412,5738417.661132813,22091400,0.0,15.770000457763672,4.421999931335449,0.0,6061.47998046875,19692.330078125,0.0,0.0,1.0,0.0,15.770000457763672,4.421999931335449,0.0,-0.9510565162951536,0.30901699437494723,1.2246467991473532e-16,-1.0,0,30.0,5220932.930530219,0.0,0.0,0.0,60.0,60.0,0.017149422138013397,0.03924228627189442,0.03093006373962654,0.023886633631819663,0.030405202152712103,0.025636543730390773
2020-06-15,5650802.752539249,5868711.204832718,5643522.576226849,5836828.208007812,15340300,0.0,15.770000457763672,4.421999931335449,0.0,6061.47998046875,19692.330078125,0.0,0.0,1.0,0.0,15.770000457763672,4.421999931335449,0.0,0.0,1.0,1.2246467991473532e-16,-1.0,0,30.0,5240132.543691646,0.0,0.0,0.0,60.0,60.0,0.013548296151657544,0.02348389834564402,0.013032283877068432,0.025204304473283416,0.014795634224223649,0.0171613126773579
2020-06-16,5953313.330478722,5986451.633674416,5849380.153376573,5915907.28515625,15236700,0.0,15.770000457763672,4.421999931335449,0.0,6061.47998046875,19692.330078125,0.0,0.0,1.0,0.0,15.770000457763672,4.421999931335449,0.0,0.9510565162951535,0.30901699437494745,1.2246467991473532e-16,-1.0,0,30.0,5261196.871038216,0.0,0.0,0.0,60.0,60.0,-0.000509114638689009,0.024867393659465133,0.00123066466324508,0.016931914090840765,0.013324875909827243,0.022406106864888406
2020-06-17,5899589.98254306,5964610.903606219,5817497.708293341,5912895.41015625,19578100,0.0,15.770000457763672,4.421999931335449,0.0,6061.47998046875,19692.330078125,0.0,0.0,1.0,0.0,15.770000457763672,4.421999931335449,0.0,0.5877852522924732,-0.8090169943749473,1.2246467991473532e-16,-1.0,0,30.0,5281508.973213544,0.0,0.0,0.0,60.0,60.0,0.0017406655002213125,0.016940538767114384,0.013841037223181212,0.022417519952459306,0.01566670711388224,0.016091338438539885
2020-06-18,5899338.45600264,5928208.633708543,5828040.9997868985,5923187.783203126,15782500,0.0,15.770000457763672,4.421999931335449,0.0,6061.47998046875,19692.330078125,0.0,0.0,1.0,0.0,15.770000457763672,4.421999931335449,0.0,-0.587785252292473,-0.8090169943749475,1.2246467991473532e-16,-1.0,0,30.0,5301507.159374307,0.0,0.0,0.0,60.0,60.0,0.012079345622769097,0.022378566354062376,0.01390184315489172,0.016063377471558112,0.026701656535312212,0.02259049531533522
2020-06-19,5969631.378981195,6045949.688895522,5913397.238061539,5994736.015625,30081300,0.0,15.770000457763672,4.421999931335449,0.0,6061.47998046875,19692.330078125,0.0,0.0,1.0,0.0,15.770000457763672,4.421999931335449,0.0,-0.9510565162951536,0.30901699437494723,1.2246467991473532e-16,-1.0,0,30.0,5323110.279636167,0.0,0.0,0.0,60.0,60.0,0.0018007457024045625,0.01587165822623693,0.014447791050953103,0.022320873766507376,-0.01997563314695063,0.044139240288349944
2020-06-22,5988961.859167173,6042685.7644924885,5947539.363295975,6005531.010742187,18917800,0.0,15.770000457763672,4.421999931335449,0.0,6061.47998046875,19692.330078125,0.0,0.0,1.0,0.0,15.770000457763672,4.421999931335449,0.0,0.0,1.0,1.2246467991473532e-16,-1.0,0,30.0,5344375.066329926,0.0,0.0,0.0,60.0,60.0,0.012624312172657814,0.022280751798459956,-0.021737235615737996,0.04405989961347261,-0.014798087119154868,0.019061941857910582
2020-06-23,6057246.091672658,6155405.303047662,6021597.557179361,6081346.708984373,24017900,0.0,15.770000457763672,4.421999931335449,0.0,6061.47998046875,19692.330078125,0.0,0.0,1.0,0.0,15.770000457763672,4.421999931335449,0.0,0.9510565162951535,0.30901699437494745,1.2246467991473532e-16,-1.0,0,30.0,5367338.163630063,0.0,0.0,0.0,60.0,60.0,-0.0339331649214215,0.04351060811382155,-0.027080526274325733,0.018824298042984793,-0.10799194992246876,0.07302676994589756
2020-06-24,6055238.481332208,6105949.956281712,5841346.862822815,5874987.3681640625,20834900,0.0,15.770000457763672,4.421999931335449,0.0,6061.47998046875,19692.330078125,0.0,0.0,1.0,0.0,15.770000457763672,4.421999931335449,0.0,0.5877852522924732,-0.8090169943749473,1.2246467991473532e-16,-1.0,0,30.0,5383154.8700525295,0.0,0.0,0.0,60.0,60.0,0.007093338057235334,0.01948550282388449,-0.0766601049864458,0.0755918403305478,-0.05717466581687206,0.058285610126802424
2020-06-25,5890049.785829875,5957330.411904194,5842853.328951548,5916660.6396484375,18704300,0.0,15.770000457763672,4.421999931335449,0.0,6061.47998046875,19692.330078125,0.0,0.0,1.0,0.0,15.770000457763672,4.421999931335449,0.0,-0.587785252292473,-0.8090169943749475,1.2246467991473532e-16,-1.0,0,30.0,5399776.200925148,0.0,0.0,0.0,60.0,60.0,-0.08316353596901785,0.07505941850074253,-0.06381534009358615,0.057875082600824364,-0.03653260406036335,0.03831465683975145
2020-06-26,5840342.963311185,5851639.973786911,5407538.866708668,5424610.2197265625,76343900,0.0,15.770000457763672,4.421999931335449,0.0,6061.47998046875,19692.330078125,0.0,0.0,1.0,0.0,15.770000457763672,4.421999931335449,0.0,-0.9510565162951536,0.30901699437494723,1.2246467991473532e-16,-1.0,1,30.0,5400549.859928319,0.0,0.0,0.0,60.0,60.0,0.021103213751299796,0.06312476092668651,0.05086068643434619,0.04179006654174338,0.09936131436819742,0.05294336332893869
2020-06-29,5265697.455180592,5541848.454022006,5199421.2307813065,5539086.9287109375,58514300,0.0,15.770000457763672,4.421999931335449,0.0,6061.47998046875,19692.330078125,0.0,0.0,1.0,0.0,15.770000457763672,4.421999931335449,0.0,0.0,1.0,1.2246467991473532e-16,-1.0,1,30.0,5404865.50731667,0.0,0.0,0.0,60.0,60.0,0.029142472849266868,0.04092638822300464,0.07664073480818384,0.051849179021224386,0.05792239969519934,0.03349347077958756
2020-06-30,5537831.309508313,5711304.428254059,5484609.606208664,5700509.619140625,33927100,0.0,15.770000457763672,4.421999931335449,0.0,6061.47998046875,19692.330078125,0.0,0.0,1.0,0.0,15.770000457763672,4.421999931335449,0.0,0.9510565162951535,0.30901699437494745,1.2246467991473532e-16,-1.0,1,30.0,5414074.835704901,0.0,0.0,0.0,60.0,60.0,0.04615324234691633,0.050380953453097316,0.027964958793560278,0.0325450281794882,0.05817588677245884,0.035803891391533976
2020-07-01,5736409.578673075,6000008.268283873,5712811.1585030155,5963606.62109375,43399700,0.0,15.770000457763672,4.421999931335449,0.0,6061.47998046875,19692.330078125,0.0,0.0,1.0,0.0,15.770000457763672,4.421999931335449,0.0,0.5877852522924732,-0.8090169943749473,-0.4999999999999997,-0.8660254037844388,0,30.0,5431191.991797956,0.0,0.0,0.0,60.0,60.0,-0.01738586931351747,0.031109236068013732,0.011492240275020498,0.03422432770098991,0.013933882894814958,0.037171064304736955
2020-07-02,6000008.051703907,6025112.687903504,5839589.441711129,5859924.135742187,30633600,0.0,15.770000457763672,4.421999931335449,0.0,6061.47998046875,19692.330078125,0.0,0.0,1.0,0.0,15.770000457763672,4.421999931335449,0.0,-0.587785252292473,-0.8090169943749475,-0.4999999999999997,-0.8660254037844388,0,30.0,5444545.830581914,0.0,0.0,0.0,60.0,60.0,0.02938906401474492,0.03482987536224398,0.031873907803922526,0.03782875000868161,0.04352676404127986,0.04455492166113666
2020-07-06,5868459.48964805,6035154.254984811,5831053.827704705,6032141.8212890625,26206200,0.0,15.770000457763672,4.421999931335449,0.0,6061.47998046875,19692.330078125,0.0,0.0,1.0,0.0,15.770000457763672,4.421999931335449,0.0,0.0,1.0,-0.4999999999999997,-0.8660254037844388,0,30.0,5462847.105424746,0.0,0.0,0.0,60.0,60.0,0.002413901483940784,0.03674873896672731,0.013734068605116272,0.04328287837775052,0.01756287907055728,0.03033957691878259
2020-07-07,6010301.170741963,6217163.132209803,5995489.527008972,6046702.817382813,27887800,0.0,15.770000457763672,4.421999931335449,0.0,6061.47998046875,19692.330078125,0.0,0.0,1.0,0.0,15.770000457763672,4.421999931335449,0.0,0.9510565162951535,0.30901699437494745,-0.4999999999999997,-0.8660254037844388,0,30.0,5481031.195132417,0.0,0.0,0.0,60.0,60.0,0.011292907155834014,0.043178649371957,0.015112497506459599,0.03026651652961803,0.01747892874633721,0.02561652972491238
2020-07-08,5977665.2726187995,6200594.577026881,5939506.116218684,6114987.6708984375,29791300,0.0,15.770000457763672,4.421999931335449,0.0,6061.47998046875,19692.330078125,0.0,0.0,1.0,0.0,15.770000457763672,4.421999931335449,0.0,0.5877852522924732,-0.8090169943749473,-0.4999999999999997,-0.8660254037844388,0,30.0,5500774.961229106,0.0,0.0,0.0,60.0,60.0,0.0037769377433564946,0.029928536347337543,0.006116943515307346,0.025330475022272682,-0.018802935179096075,0.048156641749887055
2020-07-09,6150635.916830425,6189045.979869814,6006033.349097809,6138083.598632813,22174900,0.0,15.770000457763672,4.421999931335449,0.0,6061.47998046875,19692.330078125,0.0,0.0,1.0,0.0,15.770000457763672,4.421999931335449,0.0,-0.587785252292473,-0.8090169943749475,-0.4999999999999997,-0.8660254037844388,0,30.0,5520622.462152977,0.0,0.0,0.0,60.0,60.0,0.0023312009710160717,0.025235163381238317,-0.022494911043897427,0.0479754414941536,-0.019509189029259508,0.03394684381727014
2020-07-10,6117748.188326815,6162936.605161935,6008041.062702737,6152392.705078124,22982700,0.0,15.770000457763672,4.421999931335449,0.0,6061.47998046875,19692.330078125,0.0,0.0,1.0,0.0,15.770000457763672,4.421999931335449,0.0,-0.9510565162951536,0.30901699437494723,-0.4999999999999997,-0.8660254037844388,0,30.0,5540296.864767525,0.0,0.0,0.0,60.0,60.0,-0.024768371962144858,0.04786386121441398,-0.021789594077404287,0.03386789095698495,-0.019545384950770076,0.02762477928483015
2020-07-13,6201095.948885351,6279924.489947127,5985447.219374695,6000007.9541015625,24674900,0.0,15.770000457763672,4.421999931335449,0.0,6061.47998046875,19692.330078125,0.0,0.0,1.0,0.0,15.770000457763672,4.421999931335449,0.0,0.0,1.0,-0.4999999999999997,-0.8660254037844388,0,30.0,5554612.629942548,0.0,0.0,0.0,60.0,60.0,0.003054431172145029,0.03472804817161889,0.005355637431369323,0.028326377540083075,0.008075244828634582,0.02271963376275021
2020-07-14,5943773.762340863,6033397.500968054,5825028.935707918,6018334.565429688,23378100,0.0,15.770000457763672,4.421999931335449,0.0,6061.47998046875,19692.330078125,0.0,0.0,1.0,0.0,15.770000457763672,4.421999931335449,0.0,0.9510565162951535,0.30901699437494745,-0.4999999999999997,-0.8660254037844388,0,30.0,5569052.896428094,0.0,0.0,0.0,60.0,60.0,0.0022941987869343847,0.028240120037136527,0.0050055246260388405,0.02265044952366204,0.009594050388921953,0.02627957538555673
2020-07-15,6064024.815812315,6146117.081618523,5976158.591067141,6032141.8212890625,19133600,0.0,15.770000457763672,4.421999931335449,0.0,6061.47998046875,19692.330078125,0.0,0.0,1.0,0.0,15.770000457763672,4.421999931335449,0.0,0.5877852522924732,-0.8090169943749473,-0.4999999999999997,-0.8660254037844388,0,30.0,5583473.076425198,0.0,0.0,0.0,60.0,60.0,0.0027051197566402593,0.022598603834159302,0.007283142625012196,0.02621942281753462,0.021391753483796107,0.0433244722253444
2020-07-16,5974903.091105354,6069296.380187005,5932978.396896229,6048459.4873046875,18880700,0.0,15.770000457763672,4.421999931335449,0.0,6061.47998046875,19692.330078125,0.0,0.0,1.0,0.0,15.770000457763672,4.421999931335449,0.0,-0.587785252292473,-0.8090169943749475,-0.4999999999999997,-0.8660254037844388,0,30.0,5597951.989400044,0.0,0.0,0.0,60.0,60.0,0.004565672178359912,0.026148687486404934,0.018636220518841225,0.04320759051859572,0.0034035590559398105,0.02834849284648941
2020-07-17,6050217.027136726,6129547.765569542,5971388.48866183,6076074.770507812,18152400,0.0,15.770000457763672,4.421999931335449,0.0,6061.47998046875,19692.330078125,0.0,0.0,1.0,0.0,15.770000457763672,4.421999931335449,0.0,-0.9510565162951536,0.30901699437494723,-0.4999999999999997,-0.8660254037844388,0,30.0,5612839.606585441,0.0,0.0,0.0,60.0,60.0,0.014006598802017494,0.0430112154090452,-0.0011568314094389733,0.02821965117025834,-0.008924463581490724,0.015617894668413032
2020-07-20,6026619.04365619,6176995.955860801,5915656.595065025,6161179.912109375,20872200,0.0,15.770000457763672,4.421999931335449,0.0,6061.47998046875,19692.330078125,0.0,0.0,1.0,0.0,15.770000457763672,4.421999931335449,0.0,0.0,1.0,-0.4999999999999997,-0.8660254037844388,0,30.0,5629913.26521785,0.0,0.0,0.0,60.0,60.0,-0.014953975870937199,0.027829849631746,-0.022614312777253884,0.015402162754033902,-0.0522370828349174,0.0434764760334752
2020-07-21,6181263.530364559,6198585.790561868,6027121.08005373,6069045.776367188,19364200,0.0,15.770000457763672,4.421999931335449,0.0,6061.47998046875,19692.330078125,0.0,0.0,1.0,0.0,15.770000457763672,4.421999931335449,0.0,0.9510565162951535,0.30901699437494745,-0.4999999999999997,-0.8660254037844388,0,30.0,5643586.24764809,0.0,0.0,0.0,60.0,60.0,-0.00777662842006762,0.015635982864508145,-0.03784910151476871,0.044136492070931725,-0.04566697969450389,0.02725961374838616
2020-07-22,6031639.855457588,6072811.444185183,5977915.9484219905,6021849.0625,15427900,0.0,15.770000457763672,4.421999931335449,0.0,6061.47998046875,19692.330078125,0.0,0.0,1.0,0.0,15.770000457763672,4.421999931335449,0.0,0.5877852522924732,-0.8090169943749473,-0.4999999999999997,-0.8660254037844388,0,30.0,5655363.747068845,0.0,0.0,0.0,60.0,60.0,-0.03030816845889876,0.04448241528583682,-0.038187319871434686,0.027473263107056493,-0.026556087884291354,0.017175949313801488
2020-07-23,6015823.387766866,6085865.145979235,5817998.755192483,5839337.846679688,21771800,0.0,15.770000457763672,4.421999931335449,0.0,6061.47998046875,19692.330078125,0.0,0.0,1.0,0.0,15.770000457763672,4.421999931335449,0.0,-0.587785252292473,-0.8090169943749475,-0.4999999999999997,-0.8660254037844388,0,30.0,5661091.818281701,0.0,0.0,0.0,60.0,60.0,-0.008125417948518584,0.028331952702328207,0.0038693535951977035,0.01771279158503819,-0.010661960430650716,0.022055054238804165
2020-07-24,5778836.268050503,5861681.644122079,5696241.800437035,5791890.786132813,18325800,0.0,15.770000457763672,4.421999931335449,0.0,6061.47998046875,19692.330078125,0.0,0.0,1.0,0.0,15.770000457763672,4.421999931335449,0.0,-0.9510565162951536,0.30901699437494723,-0.4999999999999997,-0.8660254037844388,0,30.0,5665164.202947112,0.0,0.0,0.0,60.0,60.0,0.012093032486937669,0.017857894441052267,-0.002557321790508871,0.022235728828929137,0.011182871551756299,0.014693769197288372
2020-07-27,5810719.02239563,5898333.953937247,5794902.979664384,5861932.3095703125,13163100,0.0,15.770000457763672,4.421999931335449,0.0,6061.47998046875,19692.330078125,0.0,0.0,1.0,0.0,15.770000457763672,4.421999931335449,0.0,0.0,1.0,-0.4999999999999997,-0.8660254037844388,0,30.0,5671290.420020048,0.0,0.0,0.0,60.0,60.0,-0.014475303956442979,0.021970044368639714,-0.0008992858422756867,0.014518200131446921,0.004282761632725634,0.025224839458640475
2020-07-28,5890301.217879154,5898585.794220252,5769798.8812930295,5777079.057617188,14170100,0.0,15.770000457763672,4.421999931335449,0.0,6061.47998046875,19692.330078125,0.0,0.0,1.0,0.0,15.770000457763672,4.421999931335449,0.0,0.9510565162951535,0.30901699437494745,-0.4999999999999997,-0.8660254037844388,0,30.0,5674584.015922039,0.0,0.0,0.0,60.0,60.0,0.013775421527911945,0.014731442235522897,0.019033582480960546,0.02559533978185121,0.10233779803050491,0.029767101743013072
2020-07-29,5802685.939041105,5866953.750222455,5781849.043795118,5856660.7568359375,13588300,0.0,15.770000457763672,4.421999931335449,0.0,6061.47998046875,19692.330078125,0.0,0.0,1.0,0.0,15.770000457763672,4.421999931335449,0.0,0.5877852522924732,-0.8090169943749473,-0.4999999999999997,-0.8660254037844388,0,30.0,5680252.6675375635,0.0,0.0,0.0,60.0,60.0,0.005186711811501368,0.02524754421770769,0.08735896986841145,0.0293626192851959,0.08002918031722267,0.021732573538384307
2020-07-30,5779589.749142945,5896828.361785804,5748962.060359475,5887037.568359375,20615300,0.0,15.770000457763672,4.421999931335449,0.0,6061.47998046875,19692.330078125,0.0,0.0,1.0,0.0,15.770000457763672,4.421999931335449,0.0,-0.587785252292473,-0.8090169943749475,-0.4999999999999997,-0.8660254037844388,0,30.0,5686690.482550019,0.0,0.0,0.0,60.0,60.0,0.08174825342529947,0.029211109677604014,0.07445628521177287,0.02162043457500434,0.065373087698749,0.022899829857493486
2020-07-31,6422267.801604273,6423020.909996305,6251054.009910784,6368292.607421876,53005100,0.0,15.770000457763672,4.421999931335449,0.0,6061.47998046875,19692.330078125,0.0,0.0,1.0,0.0,15.770000457763672,4.421999931335449,0.0,-0.9510565162951536,0.30901699437494723,-0.4999999999999997,-0.8660254037844388,0,30.0,5707910.479805389,0.0,0.0,0.0,60.0,60.0,-0.006740910549600568,0.019986567583117756,-0.015137686309822417,0.021169278327912586,-0.0179366115632297,0.017739584676399037
2020-08-03,6342686.3943819245,6411724.146235965,6284443.835648659,6325364.5166015625,23124900,0.0,15.770000457763672,4.421999931335449,0.0,6061.47998046875,19692.330078125,0.0,0.0,1.0,0.0,15.770000457763672,4.421999931335449,0.0,0.0,1.0,-0.8660254037844385,-0.5000000000000004,0,30.0,5727133.165462099,0.0,0.0,0.0,60.0,60.0,-0.008453761812406913,0.02131294699716888,-0.01127168241654255,0.01785997718502117,0.052865466306157245,0.0711621164496845
2020-08-04,6315322.3055491885,6346452.192756944,6211640.0340768425,6271891.3916015625,17183500,0.0,15.770000457763672,4.421999931335449,0.0,6061.47998046875,19692.330078125,0.0,0.0,1.0,0.0,15.770000457763672,4.421999931335449,0.0,0.9510565162951535,0.30901699437494745,-0.8660254037844385,-0.5000000000000004,0,30.0,5744092.490848259,0.0,0.0,0.0,60.0,60.0,-0.0028419457364755873,0.018012248443064736,0.061842025875310735,0.07176883307001278,0.07449080011707773,0.06188217563756332
2020-08-05,6280929.161933457,6333146.852608791,6220175.986655344,6254067.0166015625,13050100,0.0,15.770000457763672,4.421999931335449,0.0,6061.47998046875,19692.330078125,0.0,0.0,1.0,0.0,15.770000457763672,4.421999931335449,0.0,0.5877852522924732,-0.8090169943749473,-0.8660254037844385,-0.5000000000000004,0,30.0,5759968.775963066,0.0,0.0,0.0,60.0,60.0,0.06486832386823597,0.07197337750334816,0.07755314769098398,0.06205854264825442,0.0557160810025242,0.05688014762655089
2020-08-06,6252058.431484974,6692896.16498814,6242769.838671037,6659757.861328125,45241600,0.0,15.770000457763672,4.421999931335449,0.0,6061.47998046875,19692.330078125,0.0,0.0,1.0,0.0,15.770000457763672,4.421999931335449,0.0,-0.587785252292473,-0.8090169943749475,-0.8660254037844385,-0.5000000000000004,0,30.0,5787980.318584923,0.0,0.0,0.0,60.0,60.0,0.011912105504903332,0.05827813754739255,-0.008594717920113711,0.05341519355175138,-0.03449181831924976,0.04067403791794629
2020-08-07,6629632.971198448,7001433.393156192,6613315.108481383,6739089.599609375,72766400,0.0,15.770000457763672,4.421999931335449,0.0,6061.47998046875,19692.330078125,0.0,0.0,1.0,0.0,15.770000457763672,4.421999931335449,0.0,-0.9510565162951536,0.30901699437494723,-0.8660254037844385,-0.5000000000000004,0,30.0,5817589.259647102,0.0,0.0,0.0,60.0,60.0,-0.02026541960853899,0.052786396428274124,-0.045857662510124235,0.0401952281197897,-0.03185081094075997,0.02156909369909811
2020-08-10,6729046.698235661,6875155.094243901,6519422.839073261,6602519.12109375,30248800,0.0,15.770000457763672,4.421999931335449,0.0,6061.47998046875,19692.330078125,0.0,0.0,1.0,0.0,15.770000457763672,4.421999931335449,0.0,0.0,1.0,-0.8660254037844385,-0.5000000000000004,0,30.0,5842024.673197482,0.0,0.0,0.0,60.0,60.0,-0.02612160825369628,0.041026650405387714,-0.011825030537956454,0.022015241812205915,-0.006463857712168982,0.02125474036130199
2020-08-11,6531975.466560138,6675825.310269041,6404946.06649304,6430050.703125,28238300,0.0,15.770000457763672,4.421999931335449,0.0,6061.47998046875,19692.330078125,0.0,0.0,1.0,0.0,15.770000457763672,4.421999931335449,0.0,0.9510565162951535,0.30901699437494745,-0.8660254037844385,-0.5000000000000004,0,30.0,5860330.19027435,0.0,0.0,0.0,60.0,60.0,0.014680044076246531,0.022605740099366438,0.02018501561193706,0.021824840289544973,0.019950572597666992,0.01549994323088454
2020-08-12,6501347.528948705,6625113.198907944,6479757.143887352,6524444.130859375,21415700,0.0,15.770000457763672,4.421999931335449,0.0,6061.47998046875,19692.330078125,0.0,0.0,1.0,0.0,15.770000457763672,4.421999931335449,0.0,0.5877852522924732,-0.8090169943749473,-0.8660254037844385,-0.5000000000000004,0,30.0,5881004.206934475,0.0,0.0,0.0,60.0,60.0,0.005425327489023591,0.021509085959618004,0.005194276316155101,0.015275695349853378,0.00488660223641927,0.018084619508980812
2020-08-13,6566117.536236905,6656745.674683695,6516410.845034315,6559841.376953125,17374000,0.0,15.770000457763672,4.421999931335449,0.0,6061.47998046875,19692.330078125,0.0,0.0,1.0,0.0,15.770000457763672,4.421999931335449,0.0,-0.587785252292473,-0.8090169943749475,-0.8660254037844385,-0.5000000000000004,0,30.0,5902136.415588272,0.0,0.0,0.0,60.0,60.0,-0.0002298044086929104,0.01519326690128576,-0.0005358182630526611,0.017987033959195986,0.003980061821384582,0.02254107918874395
2020-08-14,6585196.036915533,6593731.519961097,6494066.099090951,6558333.896484375,14792700,0.0,15.770000457763672,4.421999931335449,0.0,6061.47998046875,19692.330078125,0.0,0.0,1.0,0.0,15.770000457763672,4.421999931335449,0.0,-0.9510565162951536,0.30901699437494723,-0.8660254037844385,-0.5000000000000004,0,30.0,5922563.71847962,0.0,0.0,0.0,60.0,60.0,-0.0003060841938569302,0.017991168409013915,0.004210833898271589,0.02254626041878773,0.005167670498130263,0.02511100025288214
2020-08-17,6589966.612722987,6630134.181493734,6512142.091879539,6556326.494140625,13351100,0.0,15.770000457763672,4.421999931335449,0.0,6061.47998046875,19692.330078125,0.0,0.0,1.0,0.0,15.770000457763672,4.421999931335449,0.0,0.0,1.0,-0.8660254037844385,-0.5000000000000004,0,30.0,5942292.513597328,0.0,0.0,0.0,60.0,60.0,0.0045183010726699505,0.022553163585682774,0.005475430634759053,0.025118688686459476,0.03005838678601094,0.031283560261285925
2020-08-18,6551054.906395812,6656493.915272483,6508628.011328983,6585949.951171875,18690400,0.0,15.770000457763672,4.421999931335449,0.0,6061.47998046875,19692.330078125,0.0,0.0,1.0,0.0,15.770000457763672,4.421999931335449,0.0,0.9510565162951535,0.30901699437494745,-0.8660254037844385,-0.5000000000000004,0,30.0,5962329.21170974,0.0,0.0,0.0,60.0,60.0,0.000952824414514934,0.025005705381013574,0.02542520697340022,0.03114284750002059,0.017801440247870233,0.015514130946665403
2020-08-19,6562100.106448448,6725782.030787462,6561095.706654358,6592225.205078125,23291500,0.0,15.770000457763672,4.421999931335449,0.0,6061.47998046875,19692.330078125,0.0,0.0,1.0,0.0,15.770000457763672,4.421999931335449,0.0,0.5877852522924732,-0.8090169943749473,-0.8660254037844385,-0.5000000000000004,0,30.0,5981937.41891575,0.0,0.0,0.0,60.0,60.0,0.024449086872001046,0.031113202081463634,0.016832577342703957,0.015499362775403574,0.033512548305361156,0.0322937370245207
2020-08-20,6564863.0102780275,6768963.845186461,6563858.610214347,6753399.091796875,20299700,0.0,15.770000457763672,4.421999931335449,0.0,6061.47998046875,19692.330078125,0.0,0.0,1.0,0.0,15.770000457763672,4.421999931335449,0.0,-0.587785252292473,-0.8090169943749475,-0.8660254037844385,-0.5000000000000004,0,30.0,6005952.342963818,0.0,0.0,0.0,60.0,60.0,-0.007434736998549083,0.015129461262666077,0.008847156534673677,0.03152302777986235,0.043901755277410096,0.04769334503830642
2020-08-21,6745364.951835049,6790552.991814581,6688377.701863916,6703189.345703125,15538600,0.0,15.770000457763672,4.421999931335449,0.0,6061.47998046875,19692.330078125,0.0,0.0,1.0,0.0,15.770000457763672,4.421999931335449,0.0,-0.9510565162951536,0.30901699437494723,-0.8660254037844385,-0.5000000000000004,0,30.0,6027656.616025602,0.0,0.0,0.0,60.0,60.0,0.01640385185754678,0.031759148697727765,0.05172102449034038,0.04805058852662739,0.1381971116247545,0.07741288308116785
2020-08-24,6805113.803383302,6960260.268600551,6747372.681421341,6813147.470703125,23685600,0.0,15.770000457763672,4.421999931335449,0.0,6061.47998046875,19692.330078125,0.0,0.0,1.0,0.0,15.770000457763672,4.421999931335449,0.0,0.0,1.0,-0.8660254037844385,-0.5000000000000004,0,30.0,6052108.032915579,0.0,0.0,0.0,60.0,60.0,0.03474718495827133,0.04727509487376665,0.1198276251557118,0.07616350817609613,0.08043759304349717,0.033936477493309226
2020-08-25,6838755.052358197,7106872.422824673,6784780.22975822,7049885.166015625,42127200,0.0,15.770000457763672,4.421999931335449,0.0,6061.47998046875,19692.330078125,0.0,0.0,1.0,0.0,15.770000457763672,4.421999931335449,0.0,0.9510565162951535,0.30901699437494745,-0.8660254037844385,-0.5000000000000004,0,30.0,6083167.545892587,0.0,0.0,0.0,60.0,60.0,0.0822234082239823,0.07360591000705898,0.04415610764581922,0.032796878297067115,0.04572295774637098,0.02225624328955253
2020-08-26,7129717.30921945,7648630.522309296,7129717.30921945,7629550.751953125,69015200,0.0,15.770000457763672,4.421999931335449,0.0,6061.47998046875,19692.330078125,0.0,0.0,1.0,0.0,15.770000457763672,4.421999931335449,0.0,0.5877852522924732,-0.8090169943749473,-0.8660254037844385,-0.5000000000000004,0,30.0,6131304.2695646845,0.0,0.0,0.0,60.0,60.0,-0.03517508518932765,0.030305090471928985,-0.03372727867484549,0.020565294670604896,-0.035240811843498164,0.017538140335502286
2020-08-27,7535406.871811965,7562269.013487855,7331054.787689742,7361180.654296875,30301300,0.0,15.770000457763672,4.421999931335449,0.0,6061.47998046875,19692.330078125,0.0,0.0,1.0,0.0,15.770000457763672,4.421999931335449,0.0,-0.587785252292473,-0.8090169943749475,-0.8660254037844385,-0.5000000000000004,0,30.0,6169588.443207236,0.0,0.0,0.0,60.0,60.0,0.0015005898917590283,0.02131505349303757,-6.812288236090015e-05,0.0181775367388225,0.007571177145590189,0.029943384891311414
2020-08-28,7405866.884541482,7461850.493069657,7304946.533651406,7372226.767578125,17157400,0.0,15.770000457763672,4.421999931335449,0.0,6061.47998046875,19692.330078125,0.0,0.0,1.0,0.0,15.770000457763672,4.421999931335449,0.0,-0.9510565162951536,0.30901699437494723,-0.8660254037844385,-0.5000000000000004,0,30.0,6207024.60911227,0.0,0.0,0.0,60.0,60.0,-0.0015663623066756985,0.018150300581237906,0.006061491441045744,0.029898519475208357,0.030102871535163778,0.035925964153530214
2020-08-31,7379507.665449886,7453064.061138725,7319255.929354134,7360679.189453125,17345100,0.0,15.770000457763672,4.421999931335449,0.0,6061.47998046875,19692.330078125,0.0,0.0,1.0,0.0,15.770000457763672,4.421999931335449,0.0,0.0,1.0,-0.8660254037844385,-0.5000000000000004,0,30.0,6242935.875380756,0.0,0.0,0.0,60.0,60.0,0.007639820474542535,0.0299454248599664,0.03171891715808447,0.03598232551191862,-0.007094171417862933,0.04764666072404992
2020-09-01,7398586.797596052,7568796.192969976,7348377.527383889,7416913.457031248,17295900,0.0,15.770000457763672,4.421999931335449,0.0,6061.47998046875,19692.330078125,0.0,0.0,1.0,0.0,15.770000457763672,4.421999931335449,0.0,0.9510565162951535,0.30901699437494745,-1.0,-1.8369701987210297e-16,0,30.0,6279479.650886824,0.0,0.0,0.0,60.0,60.0,0.02389653147312302,0.035709511256683896,-0.01462228029601547,0.04728540869058845,-0.043020663374046,0.06045214964715595
2020-09-02,7503273.308263042,7621767.214164029,7356912.859580321,7594151.962890625,24341400,0.0,15.770000457763672,4.421999931335449,0.0,6061.47998046875,19692.330078125,0.0,0.0,1.0,0.0,15.770000457763672,4.421999931335449,0.0,0.5877852522924732,-0.8090169943749473,-1.0,-1.8369701987210297e-16,0,30.0,6320402.879881621,0.0,0.0,0.0,60.0,60.0,-0.03761982835679681,0.04618182329669282,-0.06535542683291684,0.05904126812518927,-0.10360307689525709,0.03266108018048916
2020-09-03,7430720.720251712,7471139.581272263,7120427.797233815,7308461.269531248,32294100,0.0,15.770000457763672,4.421999931335449,0.0,6061.47998046875,19692.330078125,0.0,0.0,1.0,0.0,15.770000457763672,4.421999931335449,0.0,-0.587785252292473,-0.8090169943749475,-1.0,-1.8369701987210297e-16,0,30.0,6351159.161570706,0.0,0.0,0.0,60.0,60.0,-0.028819794186701966,0.06134921506578844,-0.0685625602882051,0.03393781495385803,-0.05976895353503939,0.024491640809477314
2020-09-04,7211305.581373711,7255238.687613585,6806870.325389127,7097832.919921875,30333700,0.0,15.770000457763672,4.421999931335449,0.0,6061.47998046875,19692.330078125,0.0,0.0,1.0,0.0,15.770000457763672,4.421999931335449,0.0,-0.9510565162951536,0.30901699437494723,-1.0,-1.8369701987210297e-16,0,30.0,6374401.564264882,0.0,0.0,0.0,60.0,60.0,-0.04092213356863182,0.03494492036669693,-0.03186757633967589,0.025218430794691923,-0.05178066763338173,0.042903149273379404
2020-09-08,6810386.887422868,7011725.829703028,6763692.6235402385,6807374.453125,24864000,0.0,15.770000457763672,4.421999931335449,0.0,6061.47998046875,19692.330078125,0.0,0.0,1.0,0.0,15.770000457763672,4.421999931335449,0.0,0.9510565162951535,0.30901699437494745,-1.0,-1.8369701987210297e-16,0,30.0,6387879.079027071,0.0,0.0,0.0,60.0,60.0,0.00944089895708575,0.026294456036741996,-0.01132184825112628,0.044733749755916784,-0.01677974046367661,0.0322687736530134
2020-09-09,6923106.3937662635,6991140.5207329,6812144.312449564,6871642.1875,22918800,0.0,15.770000457763672,4.421999931335449,0.0,6061.47998046875,19692.330078125,0.0,0.0,1.0,0.0,15.770000457763672,4.421999931335449,0.0,0.5877852522924732,-0.8090169943749473,-1.0,-1.8369701987210297e-16,0,30.0,6402937.550879352,0.0,0.0,0.0,60.0,60.0,-0.020568561497422262,0.044315372799075124,-0.025975408216422066,0.03196697665643647,-0.027656101241265336,0.039967855984412916
2020-09-10,6916579.145936358,7008210.922541115,6703691.537260201,6730302.392578125,24814700,0.0,15.770000457763672,4.421999931335449,0.0,6061.47998046875,19692.330078125,0.0,0.0,1.0,0.0,15.770000457763672,4.421999931335449,0.0,-0.587785252292473,-0.8090169943749475,-1.0,-1.8369701987210297e-16,0,30.0,6413127.670721817,0.0,0.0,0.0,60.0,60.0,-0.005520393267410491,0.03263829952743786,-0.0072363817059813715,0.0408072014162814,0.0161512683355428,0.019471076278093125
2020-09-11,6779759.801030201,6813149.405125303,6593483.779726107,6693148.4765625,18913900,0.0,15.770000457763672,4.421999931335449,0.0,6061.47998046875,19692.330078125,0.0,0.0,1.0,0.0,15.770000457763672,4.421999931335449,0.0,-0.9510565162951536,0.30901699437494723,-1.0,-1.8369701987210297e-16,0,30.0,6421844.061922872,0.0,0.0,0.0,60.0,60.0,-0.0017255139541863943,0.04103372370837791,0.021791961802169652,0.019579160946362976,-0.011590220750521343,0.03994595687269207
2020-09-14,6802102.079441993,6944947.5331973005,6670302.727870884,6681599.35546875,24093800,0.0,15.770000457763672,4.421999931335449,0.0,6061.47998046875,19692.330078125,0.0,0.0,1.0,0.0,15.770000457763672,4.421999931335449,0.0,0.0,1.0,-1.0,-1.8369701987210297e-16,0,30.0,6429929.620489641,0.0,0.0,0.0,60.0,60.0,0.023558125630866584,0.019613003457512417,-0.009881757907496225,0.040015003319296326,-0.042569970623642,0.04249482373255462
2020-09-15,6795072.199266929,6891724.435473528,6760678.204213006,6839005.3125,18478500,0.0,15.770000457763672,4.421999931335449,0.0,6061.47998046875,19692.330078125,0.0,0.0,1.0,0.0,15.770000457763672,4.421999931335449,0.0,0.9510565162951535,0.30901699437494745,-1.0,-1.8369701987210297e-16,0,30.0,6442663.14271281,0.0,0.0,0.0,60.0,60.0,-0.0326702340599878,0.039094021450548515,-0.06460609768863958,0.04151676653083388,-0.07301232659382087,0.03358787367636746
2020-09-16,6710218.376323741,6839507.098600603,6572142.8782133125,6615573.408203125,29183400,0.0,15.770000457763672,4.421999931335449,0.0,6061.47998046875,19692.330078125,0.0,0.0,1.0,0.0,15.770000457763672,4.421999931335449,0.0,0.5877852522924732,-0.8090169943749473,-1.0,-1.8369701987210297e-16,0,30.0,6448045.4062219225,0.0,0.0,0.0,60.0,60.0,-0.03301445355361084,0.042918938290386996,-0.041704591292743114,0.03472225797138385,-0.05832569398713012,0.022085581801384667
2020-09-17,6484025.697816997,6564862.660650817,6280929.273788622,6397163.8671875,31281400,0.0,15.770000457763672,4.421999931335449,0.0,6061.47998046875,19692.330078125,0.0,0.0,1.0,0.0,15.770000457763672,4.421999931335449,0.0,-0.587785252292473,-0.8090169943749475,-1.0,-1.8369701987210297e-16,0,30.0,6446461.593734643,0.0,0.0,0.0,60.0,60.0,-0.008986833123895168,0.03590773212586885,-0.026175407198728563,0.02283961935372021,-0.00027484255947298814,0.027862825199866027
2020-09-18,6487037.712033275,6507121.88027406,6277414.233765804,6339673.623046874,28130800,0.0,15.770000457763672,4.421999931335449,0.0,6061.47998046875,19692.330078125,0.0,0.0,1.0,0.0,15.770000457763672,4.421999931335449,0.0,-0.9510565162951536,0.30901699437494723,-1.0,-1.8369701987210297e-16,0,30.0,6443137.56138138,0.0,0.0,0.0,60.0,60.0,-0.0173444457140924,0.02304673652895632,0.008790993758321418,0.028115494456744588,-0.013899359428127554,0.03896565145586535
2020-09-21,6214401.654204065,6274903.921113067,6128795.133443132,6229715.498046874,24709400,0.0,15.770000457763672,4.421999931335449,0.0,6061.47998046875,19692.330078125,0.0,0.0,1.0,0.0,15.770000457763672,4.421999931335449,0.0,0.0,1.0,-1.0,-1.8369701987210297e-16,0,30.0,6436494.295330769,0.0,0.0,0.0,60.0,60.0,0.026596745277043036,0.028611749390839217,0.003505894075435598,0.03965341801195186,0.005561195065296494,0.026677455927451313
2020-09-22,6359254.919239091,6409715.479868216,6231472.421261872,6395405.654296874,30293100,0.0,15.770000457763672,4.421999931335449,0.0,6061.47998046875,19692.330078125,0.0,0.0,1.0,0.0,15.770000457763672,4.421999931335449,0.0,0.9510565162951535,0.30901699437494745,-1.0,-1.8369701987210297e-16,0,30.0,6435215.315879766,0.0,0.0,0.0,60.0,60.0,-0.022492620698282083,0.038626089742034755,-0.02049056779940382,0.02598630479804608,0.00027491811867236954,0.03587831362649977
2020-09-23,6408208.895578803,6476744.440836912,6229714.928097324,6251556.220703126,19641300,0.0,15.770000457763672,4.421999931335449,0.0,6061.47998046875,19692.330078125,0.0,0.0,1.0,0.0,15.770000457763672,4.421999931335449,0.0,0.5877852522924732,-0.8090169943749473,-1.0,-1.8369701987210297e-16,0,30.0,6429498.506376434,0.0,0.0,0.0,60.0,60.0,0.002048120496346974,0.02658425434763407,0.023291423982106853,0.0367038800792782,0.031322860129653324,0.01919524130476827
2020-09-24,6188293.140196797,6332393.897267951,6166200.936628245,6264360.161132813,20006800,0.0,15.770000457763672,4.421999931335449,0.0,6061.47998046875,19692.330078125,0.0,0.0,1.0,0.0,15.770000457763672,4.421999931335449,0.0,-0.587785252292473,-0.8090169943749475,-1.0,-1.8369701987210297e-16,0,30.0,6424358.20323839,0.0,0.0,0.0,60.0,60.0,0.021199883569700605,0.0366288597608442,0.02921490398964634,0.019156007493193287,0.04913231778870594,0.025768413228609666
2020-09-25,6261096.395784213,6420510.996028475,6191054.626194922,6397163.8671875,18351300,0.0,15.770000457763672,4.421999931335449,0.0,6061.47998046875,19692.330078125,0.0,0.0,1.0,0.0,15.770000457763672,4.421999931335449,0.0,-0.9510565162951536,0.30901699437494723,-1.0,-1.8369701987210297e-16,0,30.0,6423511.719119694,0.0,0.0,0.0,60.0,60.0,0.00784863036992178,0.018758333017265587,0.02735256306665927,0.02523346667308044,0.027784424060723442,0.023467472032083256
2020-09-28,6512142.465984396,6517163.69966894,6397163.5694822185,6447372.841796874,18826300,0.0,15.770000457763672,4.421999931335449,0.0,6061.47998046875,19692.330078125,0.0,0.0,1.0,0.0,15.770000457763672,4.421999931335449,0.0,0.0,1.0,-1.0,-1.8369701987210297e-16,1,30.0,6424254.448848045,0.0,0.0,0.0,60.0,60.0,0.01935204564357918,0.02503696082200233,0.019780543516226646,0.023284718880324053,0.03819781524717737,0.013745028516584235
2020-09-29,6472225.9709254755,6610803.28209197,6449380.660847059,6572142.6953125,20200200,0.0,15.770000457763672,4.421999931335449,0.0,6061.47998046875,19692.330078125,0.0,0.0,1.0,0.0,15.770000457763672,4.421999931335449,0.0,0.9510565162951535,0.30901699437494745,-1.0,-1.8369701987210297e-16,1,30.0,6428857.790387831,0.0,0.0,0.0,60.0,60.0,0.000420362988899412,0.022842666554539544,0.018487989192879584,0.013484083909309427,-0.007066582398423821,0.02280454589321835
2020-09-30,6576914.181190933,6679842.597264235,6529717.333126359,6574905.380859375,20142500,0.0,15.770000457763672,4.421999931335449,0.0,6061.47998046875,19692.330078125,0.0,0.0,1.0,0.0,15.770000457763672,4.421999931335449,0.0,0.5877852522924732,-0.8090169943749473,-1.0,-1.8369701987210297e-16,1,30.0,6433403.833646775,0.0,0.0,0.0,60.0,60.0,0.0180600344339259,0.013478418081199178,-0.007483799475007595,0.022794963734131216,0.010500082781758069,0.015387546548301672
2020-10-01,6661514.498943299,6736325.814724471,6647706.491156923,6693648.3984375,20009800,0.0,15.770000457763672,4.421999931335449,0.0,6061.47998046875,19692.330078125,0.0,0.0,1.0,0.0,15.770000457763672,4.421999931335449,0.0,-0.587785252292473,-0.8090169943749475,-0.8660254037844386,0.5000000000000001,0,30.0,6441504.495200285,0.0,0.0,0.0,60.0,60.0,-0.025090695091607922,0.0223905889271117,-0.0074258407131868286,0.015114576771356752,-0.029891460945902896,0.027941391617466282
2020-10-02,6557582.724045346,6656495.065792064,6506620.336080031,6525700.107421875,16367600,0.0,15.770000457763672,4.421999931335449,0.0,6061.47998046875,19692.330078125,0.0,0.0,1.0,0.0,15.770000457763672,4.421999931335449,0.0,-0.9510565162951536,0.30901699437494723,-0.8660254037844386,0.5000000000000001,0,30.0,6444125.259427369,0.0,0.0,0.0,60.0,60.0,0.018119484847958223,0.015503572173595166,-0.004924320477940338,0.028660503573808654,-0.007001843915840262,0.020620082409048814
2020-10-05,6582436.526941202,6649465.482760793,6548293.82016214,6643942.431640625,12822300,0.0,15.770000457763672,4.421999931335449,0.0,6061.47998046875,19692.330078125,0.0,0.0,1.0,0.0,15.770000457763672,4.421999931335449,0.0,0.0,1.0,-0.8660254037844386,0.5000000000000001,0,30.0,6450344.981728641,0.0,0.0,0.0,60.0,60.0,-0.022633694442396244,0.02815043224331248,-0.02467424417041778,0.02025310655176011,-0.003362906770228852,0.02066881223354955
2020-10-06,6571891.813251654,6670051.035410046,6483021.1841596775,6493565.46875,18696900,0.0,15.770000457763672,4.421999931335449,0.0,6061.47998046875,19692.330078125,0.0,0.0,1.0,0.0,15.770000457763672,4.421999931335449,0.0,0.9510565162951535,0.30901699437494745,-0.8660254037844386,0.5000000000000001,0,30.0,6451690.307787362,0.0,0.0,0.0,60.0,60.0,-0.002087804456137216,0.02072212479251101,0.019717057527549087,0.02114745732078174,0.022384642655509532,0.009974431945485213
2020-10-07,6507372.133663036,6531723.659920914,6397163.185929136,6480008.173828125,23133400,0.0,15.770000457763672,4.421999931335449,0.0,6061.47998046875,19692.330078125,0.0,0.0,1.0,0.0,15.770000457763672,4.421999931335449,0.0,0.5877852522924732,-0.8090169943749473,-0.8660254037844386,0.5000000000000001,0,30.0,6452571.758738647,0.0,0.0,0.0,60.0,60.0,0.021850481516364914,0.021191701449501138,0.024523647692580055,0.009995300177736722,0.06830187812157602,0.04769100094838721
2020-10-08,6520929.6305031385,6643189.0932945665,6505866.694684474,6621599.47265625,16312800,0.0,15.770000457763672,4.421999931335449,0.0,6061.47998046875,19692.330078125,0.0,0.0,1.0,0.0,15.770000457763672,4.421999931335449,0.0,-0.587785252292473,-0.8090169943749475,-0.8660254037844386,0.5000000000000001,0,30.0,6457833.0857031075,0.0,0.0,0.0,60.0,60.0,0.002616005202882837,0.009781568202526356,0.045458114905695415,0.04667121248268791,0.046936513784214116,0.021648432789894142
2020-10-09,6640678.353670547,6646452.696032011,6581683.069180411,6638921.611328125,14107800,0.0,15.770000457763672,4.421999931335449,0.0,6061.47998046875,19692.330078125,0.0,0.0,1.0,0.0,15.770000457763672,4.421999931335449,0.0,-0.9510565162951536,0.30901699437494723,-0.8660254037844386,0.5000000000000001,0,30.0,6463469.826555751,0.0,0.0,0.0,60.0,60.0,0.04273032694520305,0.04654943890831248,0.04420486841556341,0.021591948141216344,0.027869054581740483,0.027415386818193138
2020-10-12,6783274.448296412,7033818.280456934,6724780.20449334,6922604.90234375,31019300,0.0,15.770000457763672,4.421999931335449,0.0,6061.47998046875,19692.330078125,0.0,0.0,1.0,0.0,15.770000457763672,4.421999931335449,0.0,0.0,1.0,-0.8660254037844386,0.5000000000000001,0,30.0,6477761.312430944,0.0,0.0,0.0,60.0,60.0,0.0014141158382534103,0.020707125882175506,-0.014252268280141374,0.026291924296965283,-0.032747218407733876,0.019474140261189078
2020-10-13,6968544.237088805,7006703.772563806,6863356.5214184085,6932394.267578125,18063300,0.0,15.770000457763672,4.421999931335449,0.0,6061.47998046875,19692.330078125,0.0,0.0,1.0,0.0,15.770000457763672,4.421999931335449,0.0,0.9510565162951535,0.30901699437494745,-0.8660254037844386,0.5000000000000001,0,30.0,6491912.654071657,0.0,0.0,0.0,60.0,60.0,-0.01564426132068343,0.02625479697273601,-0.0341130943789342,0.019446640458915306,-0.03697394563214107,0.021981631874646218
2020-10-14,6969548.65684924,6997917.017024142,6815908.412993919,6823942.080078125,15577800,0.0,15.770000457763672,4.421999931335449,0.0,6061.47998046875,19692.330078125,0.0,0.0,1.0,0.0,15.770000457763672,4.421999931335449,0.0,0.5877852522924732,-0.8090169943749473,-0.8660254037844386,0.5000000000000001,0,30.0,6502247.71592167,0.0,0.0,0.0,60.0,60.0,-0.01876235626261488,0.019755703852558766,-0.021668674721270074,0.022330983617912747,-0.03833430316133781,0.03189604189576391
2020-10-15,6718001.050917486,6754151.789684468,6619340.010843431,6695908.84765625,15416100,0.0,15.770000457763672,4.421999931335449,0.0,6061.47998046875,19692.330078125,0.0,0.0,1.0,0.0,15.770000457763672,4.421999931335449,0.0,-0.587785252292473,-0.8090169943749475,-0.8660254037844386,0.5000000000000001,0,30.0,6508275.792848776,0.0,0.0,0.0,60.0,60.0,-0.0029618905034925814,0.022757976888103704,-0.019946184314919232,0.0325059297300058,0.0031493490108712107,0.025569913178225316
2020-10-16,6712478.330922995,6812645.592871305,6660260.254071495,6676076.298828125,16622700,0.0,15.770000457763672,4.421999931335449,0.0,6061.47998046875,19692.330078125,0.0,0.0,1.0,0.0,15.770000457763672,4.421999931335449,0.0,-0.9510565162951536,0.30901699437494723,-0.8660254037844386,0.5000000000000001,0,30.0,6513498.905741959,0.0,0.0,0.0,60.0,60.0,-0.017034748872341018,0.0326024947495948,0.006129394108566118,0.025645873447242475,0.04813286389962405,0.025119361310678975
2020-10-19,6666033.274118065,6741848.991156275,6524192.248675837,6562351.015625,13587000,0.0,15.770000457763672,4.421999931335449,0.0,6061.47998046875,19692.330078125,0.0,0.0,1.0,0.0,15.770000457763672,4.421999931335449,0.0,0.0,1.0,-0.8660254037844386,0.5000000000000001,0,30.0,6515019.520878037,0.0,0.0,0.0,60.0,60.0,0.023565576661365394,0.026090315418395002,0.06629696492038219,0.02555467884735703,0.06396347295646343,0.028347380157388757
2020-10-20,6604025.7352789035,6770720.892383293,6599507.084499412,6716996.6015625,18763200,0.0,15.770000457763672,4.421999931335449,0.0,6061.47998046875,19692.330078125,0.0,0.0,1.0,0.0,15.770000457763672,4.421999931335449,0.0,0.9510565162951535,0.30901699437494745,-0.8660254037844386,0.5000000000000001,0,30.0,6521306.440697267,0.0,0.0,0.0,60.0,60.0,0.041747582405415304,0.02496633281739553,0.039467814487144676,0.027694737693164093,0.06439675335504563,0.03146951158387125
2020-10-21,7018251.480003657,7105866.408253422,6938167.635565498,6997414.970703125,28998600,0.0,15.770000457763672,4.421999931335449,0.0,6061.47998046875,19692.330078125,0.0,0.0,1.0,0.0,15.770000457763672,4.421999931335449,0.0,0.5877852522924732,-0.8090169943749473,-0.8660254037844386,0.5000000000000001,0,30.0,6536126.217047233,0.0,0.0,0.0,60.0,60.0,-0.0021884072080173168,0.026584883095400528,0.021741515250107854,0.03020838456011344,-0.005812305465880241,0.039357081300447724
2020-10-22,7026034.89371391,7090805.288596827,6904779.8296306785,6982101.77734375,16720000,0.0,15.770000457763672,4.421999931335449,0.0,6061.47998046875,19692.330078125,0.0,0.0,1.0,0.0,15.770000457763672,4.421999931335449,0.0,-0.587785252292473,-0.8090169943749475,-0.8660254037844386,0.5000000000000001,0,30.0,6550008.043548856,0.0,0.0,0.0,60.0,60.0,0.023982405727685233,0.030274637795685632,-0.003631846216301088,0.039443399520266584,0.018589165476455925,0.02948372105941124
2020-10-23,6999172.087039041,7160846.001321367,6949465.398959672,7149549.375,17535200,0.0,15.770000457763672,4.421999931335449,0.0,6061.47998046875,19692.330078125,0.0,0.0,1.0,0.0,15.770000457763672,4.421999931335449,0.0,-0.9510565162951536,0.30901699437494723,-0.8660254037844386,0.5000000000000001,0,30.0,6568669.887514016,0.0,0.0,0.0,60.0,60.0,-0.02696750626722191,0.03851960668429301,-0.005266926678683158,0.02879319106899973,-0.06011439838122665,0.04048596890091664
2020-10-26,7108627.333095948,7160594.102605563,6885196.27271063,6956743.857421875,21322900,0.0,15.770000457763672,4.421999931335449,0.0,6061.47998046875,19692.330078125,0.0,0.0,1.0,0.0,15.770000457763672,4.421999931335449,0.0,0.0,1.0,-0.8660254037844386,0.5000000000000001,0,30.0,6580749.411497469,0.0,0.0,0.0,60.0,60.0,0.022302009160341914,0.029591191717084776,-0.034065555187006734,0.041608033813550334,0.013424677252704758,0.03543723330487236
2020-10-27,6998169.241416671,7142520.9121314855,6936662.570919863,7111893.22265625,16287200,0.0,15.770000457763672,4.421999931335449,0.0,6061.47998046875,19692.330078125,0.0,0.0,1.0,0.0,15.770000457763672,4.421999931335449,0.0,0.9510565162951535,0.30901699437494745,-0.8660254037844386,0.5000000000000001,0,30.0,6597282.246100139,0.0,0.0,0.0,60.0,60.0,-0.05513787886775809,0.040700334578941795,-0.008683668649862548,0.03466415304610269,-0.0712346126584783,0.0621271612481876
2020-10-28,6998921.956182017,6998921.956182017,6709465.522530199,6719758.515625,23121800,0.0,15.770000457763672,4.421999931335449,0.0,6061.47998046875,19692.330078125,0.0,0.0,1.0,0.0,15.770000457763672,4.421999931335449,0.0,0.5877852522924732,-0.8090169943749473,-0.8660254037844386,0.5000000000000001,0,30.0,6601094.5458505815,0.0,0.0,0.0,60.0,60.0,0.04916506776907173,0.0366869961985185,-0.017036066353714418,0.06575262131763704,-0.02357394254622873,0.04905295232867498
2020-10-29,6942688.067073434,7119676.243380731,6873148.488263034,7050135.8984375,32368100,0.0,15.770000457763672,4.421999931335449,0.0,6061.47998046875,19692.330078125,0.0,0.0,1.0,0.0,15.770000457763672,4.421999931335449,0.0,-0.587785252292473,-0.8090169943749475,-0.8660254037844386,0.5000000000000001,0,30.0,6615071.782875381,0.0,0.0,0.0,60.0,60.0,-0.06309887372018133,0.06267137873495197,-0.06933037760204079,0.04675427521903718,-0.055300684889834154,0.03265313597208587
2020-10-30,6891222.429111667,6946452.933539402,6504611.196515544,6605280.263671875,47247800,0.0,15.770000457763672,4.421999931335449,0.0,6061.47998046875,19692.330078125,0.0,0.0,1.0,0.0,15.770000457763672,4.421999931335449,0.0,-0.9510565162951536,0.30901699437494723,-0.8660254037844386,0.5000000000000001,0,30.0,6614767.00391709,0.0,0.0,0.0,60.0,60.0,-0.006651186242675443,0.04990310493561448,0.008323385052712748,0.03485227528943492,0.09224295739402819,0.03922317185821314
2020-11-02,6642686.856277036,6790050.947402934,6460426.953275773,6561347.314453125,27165700,0.0,15.770000457763672,4.421999931335449,0.0,6061.47998046875,19692.330078125,0.0,0.0,1.0,0.0,15.770000457763672,4.421999931335449,0.0,0.0,1.0,-0.5000000000000004,0.8660254037844384,0,30.0,6613104.218630915,0.0,0.0,0.0,60.0,60.0,0.01507483684280765,0.0350856363915177,0.09955631120415623,0.0394857992630526,0.1274870117997586,0.03225433516949999
2020-11-03,6606535.040664671,6779505.556536038,6549296.510422675,6660258.5546875,17961900,0.0,15.770000457763672,4.421999931335449,0.0,6061.47998046875,19692.330078125,0.0,0.0,1.0,0.0,15.770000457763672,4.421999931335449,0.0,0.9510565162951535,0.30901699437494745,-0.5000000000000004,0.8660254037844384,0,30.0,6614571.983087913,0.0,0.0,0.0,60.0,60.0,0.08322684327799094,0.0388993971970239,0.11074274612755362,0.031775327294902525,0.10595579033305054,0.024651375988575565
2020-11-04,7054403.139727561,7253734.022831123,6994653.979877458,7214570.849609375,35364400,0.0,15.770000457763672,4.421999931335449,0.0,6061.47998046875,19692.330078125,0.0,0.0,1.0,0.0,15.770000457763672,4.421999931335449,0.0,0.5877852522924732,-0.8090169943749473,-0.5000000000000004,0.8660254037844384,0,30.0,6633248.0355878575,0.0,0.0,0.0,60.0,60.0,0.025401791896419255,0.029333954833270275,0.020982629073591583,0.022757353311128412,-0.029960503852571953,0.04888992221792037
2020-11-05,7328043.020232158,7465616.69991301,7253984.80446914,7397833.876953125,23823600,0.0,15.770000457763672,4.421999931335449,0.0,6061.47998046875,19692.330078125,0.0,0.0,1.0,0.0,15.770000457763672,4.421999931335449,0.0,-0.587785252292473,-0.8090169943749475,-0.5000000000000004,0.8660254037844384,0,30.0,6657047.152145808,0.0,0.0,0.0,60.0,60.0,-0.004309688999718534,0.02219359619904706,-0.05399083187342783,0.04767879537981047,-0.07550559276160795,0.03393511845586864
2020-11-06,7379508.231947384,7395826.09250404,7231641.554691312,7365951.513671875,13891000,0.0,15.770000457763672,4.421999931335449,0.0,6061.47998046875,19692.330078125,0.0,0.0,1.0,0.0,15.770000457763672,4.421999931335449,0.0,-0.9510565162951536,0.30901699437494723,-0.5000000000000004,0.8660254037844384,0,30.0,6679113.078564562,0.0,0.0,0.0,60.0,60.0,-0.04989617989131488,0.04788516555103547,-0.07150406404011829,0.03408200128188156,-0.057700728914044284,0.020176487845110076
2020-11-09,7277080.267578403,7345113.612440753,6992393.804767675,6998418.671875,25117700,0.0,15.770000457763672,4.421999931335449,0.0,6061.47998046875,19692.330078125,0.0,0.0,1.0,0.0,15.770000457763672,4.421999931335449,0.0,0.0,1.0,-0.5000000000000004,0.8660254037844384,0,30.0,6689052.039425154,0.0,0.0,0.0,60.0,60.0,-0.022742655793481205,0.03587187058987177,-0.008214417053745367,0.02123608748652545,-0.013236702556880064,0.019083860062238875
2020-11-10,6856076.4887386635,6878670.508715934,6627624.139784692,6839256.044921875,29067700,0.0,15.770000457763672,4.421999931335449,0.0,6061.47998046875,19692.330078125,0.0,0.0,1.0,0.0,15.770000457763672,4.421999931335449,0.0,0.9510565162951535,0.30901699437494745,-0.5000000000000004,0.8660254037844384,0,30.0,6693727.408599221,0.0,0.0,0.0,60.0,60.0,0.01486633876518165,0.021730292038652343,0.009727175030154897,0.019527978147592186,0.01659153840001778,0.017105326170818985
2020-11-11,6865365.53498869,6989131.219169676,6840512.187986406,6940930.7421875,14957000,0.0,15.770000457763672,4.421999931335449,0.0,6061.47998046875,19692.330078125,0.0,0.0,1.0,0.0,15.770000457763672,4.421999931335449,0.0,0.5877852522924732,-0.8090169943749473,-0.5000000000000004,0.8660254037844384,0,30.0,6701422.054915414,0.0,0.0,0.0,60.0,60.0,-0.005063882344624542,0.019241921228121985,0.0016999279303471925,0.016854757634026513,0.008969692954824643,0.017288765587907883
2020-11-12,6958502.572478347,7023021.668550995,6889464.825959973,6905782.685546875,12899500,0.0,15.770000457763672,4.421999931335449,0.0,6061.47998046875,19692.330078125,0.0,0.0,1.0,0.0,15.770000457763672,4.421999931335449,0.0,-0.587785252292473,-0.8090169943749475,-0.5000000000000004,0.8660254037844384,0,30.0,6707783.1446377905,0.0,0.0,0.0,60.0,60.0,0.0067982357409147485,0.01694054254834544,0.01410500136684164,0.017376759453310287,-0.00029068426203901493,0.01595893829658887
2020-11-13,6972060.119736756,6973064.519777346,6856076.814363212,6952729.82421875,10391200,0.0,15.770000457763672,4.421999931335449,0.0,6061.47998046875,19692.330078125,0.0,0.0,1.0,0.0,15.770000457763672,4.421999931335449,0.0,-0.9510565162951536,0.30901699437494723,-0.5000000000000004,0.8660254037844384,0,30.0,6715407.54678103,0.0,0.0,0.0,60.0,60.0,0.00725742792005367,0.017259425807915254,-0.0070410532630075014,0.015851178250073608,-0.017981732652799898,0.02003978137517318
2020-11-16,6905029.545054234,7014486.151960111,6894486.027396528,7003188.759765625,12970400,0.0,15.770000457763672,4.421999931335449,0.0,6061.47998046875,19692.330078125,0.0,0.0,1.0,0.0,15.770000457763672,4.421999931335449,0.0,0.0,1.0,-0.5000000000000004,0.8660254037844384,0,30.0,6724365.249201752,0.0,0.0,0.0,60.0,60.0,-0.014195458665007776,0.015736968336689916,-0.025057308959211575,0.019895392001779057,-0.021580159670818704,0.015342696874005394
2020-11-17,6971055.527545758,6971055.527545758,6860846.567777463,6903775.283203125,15040300,0.0,15.770000457763672,4.421999931335449,0.0,6061.47998046875,19692.330078125,0.0,0.0,1.0,0.0,15.770000457763672,4.421999931335449,0.0,0.9510565162951535,0.30901699437494745,-0.5000000000000004,0.8660254037844384,0,30.0,6729949.705252226,0.0,0.0,0.0,60.0,60.0,-0.011018259542093923,0.020181883088950272,-0.0074910397509535195,0.015563629736608912,-0.019272874658427697,0.013054529585054264
2020-11-18,6891724.208894367,6963775.155779246,6824443.970141256,6827707.6953125,12152900,0.0,15.770000457763672,4.421999931335449,0.0,6061.47998046875,19692.330078125,0.0,0.0,1.0,0.0,15.770000457763672,4.421999931335449,0.0,0.5877852522924732,-0.8090169943749473,-0.5000000000000004,0.8660254037844384,0,30.0,6732992.596086916,0.0,0.0,0.0,60.0,60.0,0.003566516596663628,0.015737024355376706,-0.008346579899960361,0.013199970283586751,-0.01301602288428188,0.023605597581992117
2020-11-19,6803857.594007804,6865364.253427605,6757916.451135079,6852058.828125,12963700,0.0,15.770000457763672,4.421999931335449,0.0,6061.47998046875,19692.330078125,0.0,0.0,1.0,0.0,15.770000457763672,4.421999931335449,0.0,-0.587785252292473,-0.8090169943749475,-0.5000000000000004,0.8660254037844384,0,30.0,6736698.743422995,0.0,0.0,0.0,60.0,60.0,-0.011870759236790977,0.01315305967794844,-0.016523607759634015,0.023521707023510904,0.014582077936817189,0.03645494572800504
2020-11-20,6842518.568661789,6853564.668245538,6763439.129562397,6770719.6875,18114700,0.0,15.770000457763672,4.421999931335449,0.0,6061.47998046875,19692.330078125,0.0,0.0,1.0,0.0,15.770000457763672,4.421999931335449,0.0,-0.9510565162951536,0.30901699437494723,-0.5000000000000004,0.8660254037844384,0,30.0,6737757.705470691,0.0,0.0,0.0,60.0,60.0,-0.004708744899856704,0.023804281923023817,0.026770624815410364,0.0368928923708887,0.021839118965058323,0.027919907909178397
2020-11-23,6800596.0595593685,6802102.276616079,6640930.156353061,6738838.095703125,20990800,0.0,15.770000457763672,4.421999931335449,0.0,6061.47998046875,19692.330078125,0.0,0.0,1.0,0.0,15.770000457763672,4.421999931335449,0.0,0.0,1.0,-0.5000000000000004,0.8660254037844384,0,30.0,6737791.334524662,0.0,0.0,0.0,60.0,60.0,0.03162829930832629,0.03706743345914021,0.026673462394928665,0.02805199760985459,0.03494384995178536,0.016056317287980407
2020-11-24,6740343.421894526,6974570.102981576,6724778.670277181,6951976.083984375,16930400,0.0,15.770000457763672,4.421999931335449,0.0,6061.47998046875,19692.330078125,0.0,0.0,1.0,0.0,15.770000457763672,4.421999931335449,0.0,0.9510565162951535,0.30901699437494745,-0.5000000000000004,0.8660254037844384,0,30.0,6744458.212622062,0.0,0.0,0.0,60.0,60.0,-0.0048029284546766355,0.02719196209396597,0.0032139004384447788,0.01556405276856563,0.00018044273722976452,0.024158607698553554
2020-11-25,6982603.518909701,7033816.422490777,6844778.552336916,6918586.240234375,12467000,0.0,15.770000457763672,4.421999931335449,0.0,6061.47998046875,19692.330078125,0.0,0.0,1.0,0.0,15.770000457763672,4.421999931335449,0.0,0.5877852522924732,-0.8090169943749473,-0.5000000000000004,0.8660254037844384,0,30.0,6749878.254232741,0.0,0.0,0.0,60.0,60.0,0.008055518974420847,0.015639166566676146,0.005007421479012508,0.024275199746157335,0.0397692255111543,0.03751949203293786
2020-11-27,6963775.524615325,7007457.347202079,6899256.42458514,6974319.04296875,7808400,0.0,15.770000457763672,4.421999931335449,0.0,6061.47998046875,19692.330078125,0.0,0.0,1.0,0.0,15.770000457763672,4.421999931335449,0.0,-0.9510565162951536,0.30901699437494723,-0.5000000000000004,0.8660254037844384,0,30.0,6756864.368720259,0.0,0.0,0.0,60.0,60.0,-0.0030237397028582552,0.02408121307728618,0.03146027767299806,0.03721966828881566,0.03495193100099224,0.039415472701664976
2020-11-30,6929632.100300523,6971557.176226833,6803607.113284128,6953230.517578125,16693300,0.0,15.770000457763672,4.421999931335449,0.0,6061.47998046875,19692.330078125,0.0,0.0,1.0,0.0,15.770000457763672,4.421999931335449,0.0,0.0,1.0,-0.5000000000000004,0.8660254037844384,0,30.0,6762976.610273452,0.0,0.0,0.0,60.0,60.0,0.03458860431198091,0.03733255220913947,0.03809084751178741,0.03953501630010475,0.017619284583750103,0.020146538302966723
2020-12-01,7008210.197122579,7262770.8048469,7003188.963527232,7193733.056640625,20738900,0.0,15.770000457763672,4.421999931335449,0.0,6061.47998046875,19692.330078125,0.0,0.0,1.0,0.0,15.770000457763672,4.421999931335449,0.0,0.9510565162951535,0.30901699437494745,-2.4492935982947064e-16,1.0,0,30.0,6776384.661090361,0.0,0.0,0.0,60.0,60.0,0.003385155399170039,0.03821327253686137,-0.01640199752588199,0.019472994598045582,-0.023904891772083006,0.014517551117550936
2020-12-02,7163858.853032702,7325030.959816355,7050134.877965518,7218084.9609375,17361600,0.0,15.770000457763672,4.421999931335449,0.0,6061.47998046875,19692.330078125,0.0,0.0,1.0,0.0,15.770000457763672,4.421999931335449,0.0,0.5877852522924732,-0.8090169943749473,-2.4492935982947064e-16,1.0,0,30.0,6790133.35783825,0.0,0.0,0.0,60.0,60.0,-0.019720396318979063,0.0194072978788477,-0.027197977789891088,0.014468572750386679,-0.006747469565310332,0.03578873588605005
2020-12-03,7186201.704631643,7196243.4053155165,7056159.880363772,7075741.46484375,12921700,0.0,15.770000457763672,4.421999931335449,0.0,6061.47998046875,19692.330078125,0.0,0.0,1.0,0.0,15.770000457763672,4.421999931335449,0.0,-0.587785252292473,-0.8090169943749475,-2.4492935982947064e-16,1.0,0,30.0,6799023.410796261,0.0,0.0,0.0,60.0,60.0,-0.007628008828127368,0.014759638674574214,0.013233904597172531,0.03650870195774833,0.0054992621784174045,0.017314189889811076
2020-12-04,7036829.816574299,7116160.565623205,7011725.178247409,7021767.646484375,10880300,0.0,15.770000457763672,4.421999931335449,0.0,6061.47998046875,19692.330078125,0.0,0.0,1.0,0.0,15.770000457763672,4.421999931335449,0.0,-0.9510565162951536,0.30901699437494723,-2.4492935982947064e-16,1.0,0,30.0,6805956.715245954,0.0,0.0,0.0,60.0,60.0,0.021022271497872964,0.03678933130169859,0.013228175647161338,0.017447277879502714,-0.006364132678168852,0.0567751211227945
2020-12-07,7008962.936972883,7242435.730358091,6984109.594088029,7169381.15234375,13007700,0.0,15.770000457763672,4.421999931335449,0.0,6061.47998046875,19692.330078125,0.0,0.0,1.0,0.0,15.770000457763672,4.421999931335449,0.0,0.0,1.0,-2.4492935982947064e-16,1.0,0,30.0,6817268.936857232,0.0,0.0,0.0,60.0,60.0,-0.007633619822295779,0.01708804828900254,-0.026822533592597415,0.05560615346764527,-0.02962379088708992,0.024056399933008402
2020-12-08,7180176.312630702,7190719.8294316875,7068209.098098173,7114652.822265625,10747700,0.0,15.770000457763672,4.421999931335449,0.0,6061.47998046875,19692.330078125,0.0,0.0,1.0,0.0,15.770000457763672,4.421999931335449,0.0,0.9510565162951535,0.30901699437494745,-2.4492935982947064e-16,1.0,0,30.0,6826525.530343953,0.0,0.0,0.0,60.0,60.0,-0.019336521423534578,0.05603389491861646,-0.022159326942188765,0.024241449945836126,-0.03475655200031316,0.021983102006462096
2020-12-09,7121180.538866352,7220845.966022669,6822184.257397399,6977080.185546875,25189700,0.0,15.770000457763672,4.421999931335449,0.0,6061.47998046875,19692.330078125,0.0,0.0,1.0,0.0,15.770000457763672,4.421999931335449,0.0,0.5877852522924732,-0.8090169943749473,-2.4492935982947064e-16,1.0,0,30.0,6831211.807090807,0.0,0.0,0.0,60.0,60.0,-0.0028784650191641505,0.0247194378860984,-0.01572407957841191,0.022416560305042504,-0.013421152759338011,0.020365585319016638
2020-12-10,6917331.914813045,6997415.768380442,6824946.268107488,6956996.904296875,20065100,0.0,15.770000457763672,4.421999931335449,0.0,6061.47998046875,19692.330078125,0.0,0.0,1.0,0.0,15.770000457763672,4.421999931335449,0.0,-0.587785252292473,-0.8090169943749475,-2.4492935982947064e-16,1.0,0,30.0,6835127.087917122,0.0,0.0,0.0,60.0,60.0,-0.01288269695177594,0.022481271859676903,-0.010573122102288649,0.02042437617136416,-0.005665317132117285,0.031069524345163194
2020-12-11,6891974.837527455,6940929.178122251,6784527.039389823,6867372.021484375,14391400,0.0,15.770000457763672,4.421999931335449,0.0,6061.47998046875,19692.330078125,0.0,0.0,1.0,0.0,15.770000457763672,4.421999931335449,0.0,-0.9510565162951536,0.30901699437494723,-2.4492935982947064e-16,1.0,0,30.0,6836130.767754096,0.0,0.0,0.0,60.0,60.0,0.002339716710825866,0.020690931167241793,0.007311572593623213,0.03147500732610027,0.007750037774511164,0.019557579120714038
2020-12-14,6862853.742604877,6959506.737697617,6817414.415901242,6883439.7265625,16376900,0.0,15.770000457763672,4.421999931335449,0.0,6061.47998046875,19692.330078125,0.0,0.0,1.0,0.0,15.770000457763672,4.421999931335449,0.0,0.0,1.0,-2.4492935982947064e-16,1.0,0,30.0,6837603.341622255,0.0,0.0,0.0,60.0,60.0,0.004960250302275235,0.03140153662611055,0.005397691993528149,0.019511926739660842,0.0010579072825355523,0.024909801592085612
2020-12-15,6899507.93893172,6930888.739226586,6714738.154539309,6917583.310546875,23979500,0.0,15.770000457763672,4.421999931335449,0.0,6061.47998046875,19692.330078125,0.0,0.0,1.0,0.0,15.770000457763672,4.421999931335449,0.0,0.9510565162951535,0.30901699437494745,-2.4492935982947064e-16,1.0,0,30.0,6840092.8575968025,0.0,0.0,0.0,60.0,60.0,0.0004352825807004202,0.01941562040268954,-0.0038830819612675456,0.024786852598989027,0.0030845620335670566,0.02489560620072173
2020-12-16,6897749.106433777,6975572.854679044,6841263.683017486,6920594.4140625,15885000,0.0,15.770000457763672,4.421999931335449,0.0,6061.47998046875,19692.330078125,0.0,0.0,1.0,0.0,15.770000457763672,4.421999931335449,0.0,0.5877852522924732,-0.8090169943749473,-2.4492935982947064e-16,1.0,0,30.0,6842598.608822595,0.0,0.0,0.0,60.0,60.0,-0.004316485650954262,0.024776068008166823,0.0026481267694124246,0.024884774291947784,-0.010447253060367258,0.024957394030155983
2020-12-17,6955742.692341714,7040345.2053888,6868880.087529048,6890721.767578125,16377800,0.0,15.770000457763672,4.421999931335449,0.0,6061.47998046875,19692.330078125,0.0,0.0,1.0,0.0,15.770000457763672,4.421999931335449,0.0,-0.587785252292473,-0.8090169943749475,-2.4492935982947064e-16,1.0,0,30.0,6844096.525958082,0.0,0.0,0.0,60.0,60.0,0.006994805397496196,0.02499265472745811,-0.006157345502924336,0.025065589286644496,-0.026923775811090813,0.025029125015868885
2020-12-18,6923104.982612116,6979088.594991209,6806871.165031149,6938921.025390625,26693200,0.0,15.770000457763672,4.421999931335449,0.0,6061.47998046875,19692.330078125,0.0,0.0,1.0,0.0,15.770000457763672,4.421999931335449,0.0,-0.9510565162951536,0.30901699437494723,-2.4492935982947064e-16,1.0,0,30.0,6847048.103591882,0.0,0.0,0.0,60.0,60.0,-0.013060793193693703,0.024891478240297603,-0.033682975350799504,0.02485526725829436,-0.02999272757352561,0.021490604159482535
2020-12-21,6853063.154564281,6895490.046630399,6722770.044915745,6848293.212890625,16553700,0.0,15.770000457763672,4.421999931335449,0.0,6061.47998046875,19692.330078125,0.0,0.0,1.0,0.0,15.770000457763672,4.421999931335449,0.0,0.0,1.0,-2.4492935982947064e-16,1.0,0,30.0,6847086.859785634,0.0,0.0,0.0,60.0,60.0,-0.020895088587916492,0.025184192792102114,-0.017156005418634584,0.02177500297006664,-0.019758639821331508,0.01539639438282426
2020-12-22,6815909.062538241,6815909.062538241,6643440.325967959,6705197.519531248,17312900,0.0,15.770000457763672,4.421999931335449,0.0,6061.47998046875,19692.330078125,0.0,0.0,1.0,0.0,15.770000457763672,4.421999931335449,0.0,0.9510565162951535,0.30901699437494745,-2.4492935982947064e-16,1.0,0,30.0,6842670.307240422,0.0,0.0,0.0,60.0,60.0,0.0038188789839582486,0.02223970354582567,0.0011607017321013898,0.015724969003188115,0.037103565936211856,0.043580754691535065
2020-12-23,6700176.935773402,6832729.388470283,6683607.783419702,6730803.857421875,14329000,0.0,15.770000457763672,4.421999931335449,0.0,6061.47998046875,19692.330078125,0.0,0.0,1.0,0.0,15.770000457763672,4.421999931335449,0.0,0.5877852522924732,-0.8090169943749473,-2.4492935982947064e-16,1.0,0,30.0,6839188.269458898,0.0,0.0,0.0,60.0,60.0,-0.0026480646135559863,0.015665145707465234,0.033158060332501,0.043414958219999286,0.03233749613874057,0.015777147805204523
2020-12-24,6750135.395093842,6788294.170216641,6682855.147061759,6712980.25390625,6702000,0.0,15.770000457763672,4.421999931335449,0.0,6061.47998046875,19692.330078125,0.0,0.0,1.0,0.0,15.770000457763672,4.421999931335449,0.0,-0.587785252292473,-0.8090169943749475,-2.4492935982947064e-16,1.0,0,30.0,6835259.82557999,0.0,0.0,0.0,60.0,60.0,0.0359011936264837,0.04353022907924402,0.03507845075644306,0.01581903763899686,0.01671642504604441,0.023821969247897094
2020-12-28,6746619.71673115,6961515.342252359,6669297.773995378,6953984.2578125,23299700,0.0,15.770000457763672,4.421999931335449,0.0,6061.47998046875,19692.330078125,0.0,0.0,1.0,0.0,15.770000457763672,4.421999931335449,0.0,0.0,1.0,-2.4492935982947064e-16,1.0,0,30.0,6838955.329852277,0.0,0.0,0.0,60.0,60.0,-0.0007942290974300215,0.015270797771375822,-0.018519882686182876,0.0229963720424929,-0.013862786855491796,0.026281584462092673
2020-12-29,6952729.326439237,7042101.770334217,6935908.883027831,6948461.201171875,16383000,0.0,15.770000457763672,4.421999931335449,0.0,6061.47998046875,19692.330078125,0.0,0.0,1.0,0.0,15.770000457763672,4.421999931335449,0.0,0.9510565162951535,0.30901699437494745,-2.4492935982947064e-16,1.0,1,30.0,6842363.890338468,0.0,0.0,0.0,60.0,60.0,-0.0177397430088314,0.02301465094794295,-0.013078945437091613,0.026302474652796337,-0.028325631399950237,0.035407142353602664
2020-12-30,6977833.9014824405,6981096.860619784,6821180.451449489,6825197.28515625,11803800,0.0,15.770000457763672,4.421999931335449,0.0,6061.47998046875,19692.330078125,0.0,0.0,1.0,0.0,15.770000457763672,4.421999931335449,0.0,0.5877852522924732,-0.8090169943749473,-2.4492935982947064e-16,1.0,1,30.0,6841829.549937617,0.0,0.0,0.0,60.0,60.0,0.0047449721584141135,0.02677750063243455,-0.010777070858537253,0.03604659976986222,-0.00331044832063162,0.015411785939578041
2020-12-31,6828461.185727882,6956243.694657233,6773481.970037471,6857582.65625,12900400,0.0,15.770000457763672,4.421999931335449,0.0,6061.47998046875,19692.330078125,0.0,0.0,1.0,0.0,15.770000457763672,4.421999931335449,0.0,-0.587785252292473,-0.8090169943749475,-2.4492935982947064e-16,1.0,1,30.0,6842319.892723901,0.0,0.0,0.0,60.0,60.0,-0.015448739179661273,0.03587636740537866,-0.008017378242501589,0.015339002798361976,-0.03605947068765964,0.028335005706479465
2021-01-04,6898252.649703089,6903775.7009091275,6657750.54602075,6751641.650390625,15106100,0.0,15.770000457763672,4.421999931335449,0.0,6061.47998046875,19692.330078125,0.0,0.0,1.0,0.0,15.770000457763672,4.421999931335449,0.0,0.0,1.0,0.49999999999999994,0.8660254037844387,0,30.0,6839497.375025053,0.0,0.0,0.0,60.0,60.0,0.00754796751869252,0.015579689355718618,-0.02093413753878623,0.028779614464025403,-0.0007438729040009736,0.025395944698694252
2021-01-05,6735322.585863841,6838502.265629342,6733313.7860751245,6802602.822265625,9871600,0.0,15.770000457763672,4.421999931335449,0.0,6061.47998046875,19692.330078125,0.0,0.0,1.0,0.0,15.770000457763672,4.421999931335449,0.0,0.9510565162951535,0.30901699437494745,0.49999999999999994,0.8660254037844387,0,30.0,6838348.968041122,0.0,0.0,0.0,60.0,60.0,-0.028268733574662624,0.028564014212545636,-0.008229722742743422,0.02520569294704383,-0.012547361506613345,0.021293944965166522
2021-01-06,6577414.842546633,6721766.5041674115,6527456.860469913,6610301.85546875,24354100,0.0,15.770000457763672,4.421999931335449,0.0,6061.47998046875,19692.330078125,0.0,0.0,1.0,0.0,15.770000457763672,4.421999931335449,0.0,0.5877852522924732,-0.8090169943749473,0.49999999999999994,0.8660254037844387,0,30.0,6831250.6059815455,0.0,0.0,0.0,60.0,60.0,0.02062196774385554,0.02593895433638442,0.01617872410947809,0.021913409294217284,-0.02457182238229551,0.028749410349240327
2021-01-07,6675322.216465656,6818669.466149123,6647205.148170402,6746619.287109375,15789800,0.0,15.770000457763672,4.421999931335449,0.0,6061.47998046875,19692.330078125,0.0,0.0,1.0,0.0,15.770000457763672,4.421999931335449,0.0,-0.587785252292473,-0.8090169943749475,0.49999999999999994,0.8660254037844387,0,30.0,6828616.309369758,0.0,0.0,0.0,60.0,60.0,-0.004353466586849491,0.0214706423992207,-0.04428063627324676,0.02816852003763213,-0.06567689938862102,0.035052459378423724
2021-01-08,6735825.292238035,6751892.628138951,6607038.37802174,6717248.10546875,18528300,0.0,15.770000457763672,4.421999931335449,0.0,6061.47998046875,19692.330078125,0.0,0.0,1.0,0.0,15.770000457763672,4.421999931335449,0.0,-0.9510565162951536,0.30901699437494723,0.49999999999999994,0.8660254037844387,0,30.0,6825149.780868042,0.0,0.0,0.0,60.0,60.0,-0.04010175132084672,0.02829168695146092,-0.061591569642240634,0.03520572633167443,-0.05953590445478157,0.0177523623616077
2021-01-11,6539255.93621637,6614318.553556294,6424276.272981078,6447874.692382813,30412300,0.0,15.770000457763672,4.421999931335449,0.0,6061.47998046875,19692.330078125,0.0,0.0,1.0,0.0,15.770000457763672,4.421999931335449,0.0,0.0,1.0,0.49999999999999994,0.8660254037844387,0,30.0,6813406.439518674,0.0,0.0,0.0,60.0,60.0,-0.022387600301349134,0.03667651897492103,-0.020246055413349055,0.018494004323932712,-0.043606943805400575,0.040569996413864606
2021-01-12,6442602.133261166,6520175.357823717,6283689.759320626,6303522.2509765625,26383500,0.0,15.770000457763672,4.421999931335449,0.0,6061.47998046875,19692.330078125,0.0,0.0,1.0,0.0,15.770000457763672,4.421999931335449,0.0,0.9510565162951535,0.30901699437494745,0.49999999999999994,0.8660254037844387,0,30.0,6797535.410129006,0.0,0.0,0.0,60.0,60.0,0.0021905868713001297,0.018917522250774938,-0.021705272468508282,0.041499060799934935,0.001075496948434368,0.02668365196621634
2021-01-13,6315071.3387311185,6375322.312632715,6256075.290191611,6317330.6640625,19528900,0.0,15.770000457763672,4.421999931335449,0.0,6061.47998046875,19692.330078125,0.0,0.0,1.0,0.0,15.770000457763672,4.421999931335449,0.0,0.5877852522924732,-0.8090169943749473,0.49999999999999994,0.8660254037844387,0,30.0,6782588.204978087,0.0,0.0,0.0,60.0,60.0,-0.02384362780178166,0.041408352207227606,-0.0011126525607738124,0.026625326874720502,0.03759339271713883,0.037672908971132645
2021-01-14,6361514.41450242,6402435.092511422,6140844.839364403,6166702.583007812,29739400,0.0,15.770000457763672,4.421999931335449,0.0,6061.47998046875,19692.330078125,0.0,0.0,1.0,0.0,15.770000457763672,4.421999931335449,0.0,-0.587785252292473,-0.8090169943749475,0.49999999999999994,0.8660254037844387,0,30.0,6763417.697525186,0.0,0.0,0.0,60.0,60.0,0.02328620279332879,0.027275677988724906,0.06293768321213714,0.03859310869046172,0.0889107002237064,0.02735711430456765
2021-01-15,6223439.455999848,6373063.2633993495,6204862.26949299,6310301.669921876,24942900,0.0,15.770000457763672,4.421999931335449,0.0,6061.47998046875,19692.330078125,0.0,0.0,1.0,0.0,15.770000457763672,4.421999931335449,0.0,-0.9510565162951536,0.30901699437494723,0.49999999999999994,0.8660254037844387,0,30.0,6749313.6759252325,0.0,0.0,0.0,60.0,60.0,0.038749159629602355,0.03771487252062197,0.0641311270016524,0.026734567738614292,0.08557431087182231,0.024307825650488342
2021-01-19,6449380.7798913475,6582435.809230453,6344443.586182682,6554820.556640625,28028500,0.0,15.770000457763672,4.421999931335449,0.0,6061.47998046875,19692.330078125,0.0,0.0,1.0,0.0,15.770000457763672,4.421999931335449,0.0,0.9510565162951535,0.30901699437494745,0.49999999999999994,0.8660254037844387,0,30.0,6743259.740579934,0.0,0.0,0.0,60.0,60.0,0.024435126745229584,0.02573727014917376,0.04507840108281473,0.023401054455876563,0.05132129878918951,0.02477978173594632
2021-01-20,6751389.690876247,6786285.503255723,6617582.315810106,6714988.427734375,25199900,0.0,15.770000457763672,4.421999931335449,0.0,6061.47998046875,19692.330078125,0.0,0.0,1.0,0.0,15.770000457763672,4.421999931335449,0.0,0.5877852522924732,-0.8090169943749473,0.49999999999999994,0.8660254037844387,0,30.0,6742379.746986699,0.0,0.0,0.0,60.0,60.0,0.02015088491076214,0.022842885649796987,0.02624487519222517,0.024188727122892665,0.039367370233289414,0.03211453397506751
2021-01-21,6759674.025329227,6868628.0454260055,6715238.332631559,6850301.38671875,20838700,0.0,15.770000457763672,4.421999931335449,0.0,6061.47998046875,19692.330078125,0.0,0.0,1.0,0.0,15.770000457763672,4.421999931335449,0.0,-0.587785252292473,-0.8090169943749475,0.49999999999999994,0.8660254037844387,0,30.0,6745738.994978894,0.0,0.0,0.0,60.0,60.0,0.005973616620443459,0.023710930883531583,0.01883690501744577,0.031480180481220414,0.03364244657677599,0.027778861013782262
2021-01-22,6828712.163558119,6990887.894751922,6828460.872040073,6891222.4609375,21954000,0.0,15.770000457763672,4.421999931335449,0.0,6061.47998046875,19692.330078125,0.0,0.0,1.0,0.0,15.770000457763672,4.421999931335449,0.0,-0.9510565162951536,0.30901699437494723,0.49999999999999994,0.8660254037844387,0,30.0,6750267.419853881,0.0,0.0,0.0,60.0,60.0,0.012786904332756139,0.031293246623085115,0.027504528448057747,0.02761390612519742,-0.00859744615680857,0.05584705399889332
2021-01-25,6982603.5884320075,7031808.4588093385,6816159.734804678,6979339.863281248,19087000,0.0,15.770000457763672,4.421999931335449,0.0,6061.47998046875,19692.330078125,0.0,0.0,1.0,0.0,15.770000457763672,4.421999931335449,0.0,0.0,1.0,0.49999999999999994,0.8660254037844387,0,30.0,6757397.69639881,0.0,0.0,0.0,60.0,60.0,0.014531807285756593,0.027265267754809686,-0.021114363147944865,0.055141959043878495,-0.046796942687437885,0.07945755488792693
2021-01-26,6982603.832484759,7164612.443685496,6974318.873561316,7080762.28515625,19373600,0.0,15.770000457763672,4.421999931335449,0.0,6061.47998046875,19692.330078125,0.0,0.0,1.0,0.0,15.770000457763672,4.421999931335449,0.0,0.9510565162951535,0.30901699437494745,0.49999999999999994,0.8660254037844387,0,30.0,6767462.979222355,0.0,0.0,0.0,60.0,60.0,-0.035135586856628966,0.054352124445859795,-0.060450297893834694,0.07831943199543928,-0.08409854237836974,0.04151743428919595
2021-01-27,7092812.298890873,7115908.8995477,6731054.426653337,6831975.546875,35346200,0.0,15.770000457763672,4.421999931335449,0.0,6061.47998046875,19692.330078125,0.0,0.0,1.0,0.0,15.770000457763672,4.421999931335449,0.0,0.5877852522924732,-0.8090169943749473,0.49999999999999994,0.8660254037844387,0,30.0,6769471.044602326,0.0,0.0,0.0,60.0,60.0,-0.02623654753182836,0.08117143810940994,-0.05074594404640486,0.043029293778116366,-0.03722346386883635,0.03402663941986098
2021-01-28,6958502.3578904,7199758.292127324,6645197.011859158,6652728.095703125,37758800,0.0,15.770000457763672,4.421999931335449,0.0,6061.47998046875,19692.330078125,0.0,0.0,1.0,0.0,15.770000457763672,4.421999931335449,0.0,-0.587785252292473,-0.8090169943749475,0.49999999999999994,0.8660254037844387,0,30.0,6765837.2181798145,0.0,0.0,0.0,60.0,60.0,-0.025169764230166168,0.04418865143177349,-0.011282941775191653,0.034943434500046784,0.007849098771314823,0.02105667020320098
2021-01-29,6660259.8474742165,6691891.935056394,6397916.852165002,6485280.498046875,30389500,0.0,15.770000457763672,4.421999931335449,0.0,6061.47998046875,19692.330078125,0.0,0.0,1.0,0.0,15.770000457763672,4.421999931335449,0.0,-0.9510565162951536,0.30901699437494723,0.49999999999999994,0.8660254037844387,0,30.0,6757104.404526629,0.0,0.0,0.0,60.0,60.0,0.014245375189873899,0.035845661344769,0.03387139810595395,0.02160034581464567,0.03220668177687562,0.020748712999051868
2021-02-01,6515154.688973409,6631891.856234634,6399422.687775811,6577665.751953125,22914300,0.0,15.770000457763672,4.421999931335449,0.0,6061.47998046875,19692.330078125,0.0,0.0,1.0,0.0,15.770000457763672,4.421999931335449,0.0,0.0,1.0,0.8660254037844386,0.5000000000000001,0,30.0,6751519.06581949,0.0,0.0,0.0,60.0,60.0,0.019350369640488543,0.021296962592116265,0.017709034742839462,0.020457291210391332,0.017098665526935473,0.015877272424368958
2021-02-02,6627624.0718847355,6749381.712795525,6609297.411332735,6704946.015625,17320800,0.0,15.770000457763672,4.421999931335449,0.0,6061.47998046875,19692.330078125,0.0,0.0,1.0,0.0,15.770000457763672,4.421999931335449,0.0,0.9510565162951535,0.30901699437494745,0.8660254037844386,0.5000000000000001,0,30.0,6750069.399010237,0.0,0.0,0.0,60.0,60.0,-0.0016101773703461357,0.020068949617005928,-0.002208959922531069,0.015575873514391977,0.003819022230895339,0.013104686675954571
2021-02-03,6668292.123377131,6758167.133544301,6623605.909771978,6694149.863281248,14223400,0.0,15.770000457763672,4.421999931335449,0.0,6061.47998046875,19692.330078125,0.0,0.0,1.0,0.0,15.770000457763672,4.421999931335449,0.0,0.5877852522924732,-0.8090169943749473,0.8660254037844386,0.5000000000000001,0,30.0,6748328.806665611,0.0,0.0,0.0,60.0,60.0,-0.0005997482532502215,0.015600993881695191,0.005437955674409353,0.013125821576824775,-0.0002623034251338757,0.018226088999526352
2021-02-04,6703189.961309268,6732060.143177159,6627624.752116958,6690135.05859375,16060000,0.0,15.770000457763672,4.421999931335449,0.0,6061.47998046875,19692.330078125,0.0,0.0,1.0,0.0,15.770000457763672,4.421999931335449,0.0,-0.587785252292473,-0.8090169943749475,0.8660254037844386,0.5000000000000001,0,30.0,6746517.425531527,0.0,0.0,0.0,60.0,60.0,0.0060413272030969455,0.013133698489552599,0.0003376473315136356,0.018237026624388804,0.011107190342917305,0.02866904210575794
2021-02-05,6697915.870485162,6757414.495068574,6669548.278354619,6730552.353515625,12454400,0.0,15.770000457763672,4.421999931335449,0.0,6061.47998046875,19692.330078125,0.0,0.0,1.0,0.0,15.770000457763672,4.421999931335449,0.0,-0.9510565162951536,0.30901699437494723,0.8660254037844386,0.5000000000000001,0,30.0,6746020.48503332,0.0,0.0,0.0,60.0,60.0,-0.0056694289959639665,0.018127512390658643,0.0050354423847616715,0.02849688311061829,0.014061985802872231,0.02267805704145058
2021-02-08,6746871.365619906,6774737.145656052,6652728.974471721,6692393.96484375,13755200,0.0,15.770000457763672,4.421999931335449,0.0,6061.47998046875,19692.330078125,0.0,0.0,1.0,0.0,15.770000457763672,4.421999931335449,0.0,0.0,1.0,0.8660254037844386,0.5000000000000001,0,30.0,6744351.266782892,0.0,0.0,0.0,60.0,60.0,0.010765907931319338,0.028659365347525473,0.019843918485692526,0.02280736175953151,0.014292255476790085,0.01909369276317495
2021-02-09,6688878.471686132,6863355.977329416,6671556.213641385,6764443.662109375,14613400,0.0,15.770000457763672,4.421999931335449,0.0,6061.47998046875,19692.330078125,0.0,0.0,1.0,0.0,15.770000457763672,4.421999931335449,0.0,0.9510565162951535,0.30901699437494745,0.8660254037844386,0.5000000000000001,0,30.0,6744976.677358828,0.0,0.0,0.0,60.0,60.0,0.008981318506233227,0.022564435128416747,0.0034887875795968767,0.018890321303231324,0.0038967442050371523,0.010539974407255652
2021-02-10,6839758.403109849,6873649.0488951495,6721013.198701653,6825197.28515625,14687200,0.0,15.770000457763672,4.421999931335449,0.0,6061.47998046875,19692.330078125,0.0,0.0,1.0,0.0,15.770000457763672,4.421999931335449,0.0,0.5877852522924732,-0.8090169943749473,0.8660254037844386,0.5000000000000001,0,30.0,6747473.682597556,0.0,0.0,0.0,60.0,60.0,-0.005443639863191798,0.01872217151770251,-0.005039314611616037,0.010446154169494208,0.0077241156670891905,0.024092460416065154
2021-02-11,6825700.325766592,6868126.458723059,6740343.944508206,6788043.369140625,12828600,0.0,15.770000457763672,4.421999931335449,0.0,6061.47998046875,19692.330078125,0.0,0.0,1.0,0.0,15.770000457763672,4.421999931335449,0.0,-0.587785252292473,-0.8090169943749475,0.8660254037844386,0.5000000000000001,0,30.0,6748736.484293479,0.0,0.0,0.0,60.0,60.0,0.00040653829966975723,0.010503330518199357,0.013239828387875043,0.02422432893873512,0.011760742720583122,0.0162358605195833
2021-02-12,6791304.785583218,6807873.934670235,6736576.8715922795,6790802.96875,9097600,0.0,15.770000457763672,4.421999931335449,0.0,6061.47998046875,19692.330078125,0.0,0.0,1.0,0.0,15.770000457763672,4.421999931335449,0.0,-0.9510565162951536,0.30901699437494723,0.8660254037844386,0.5000000000000001,0,30.0,6750045.876411414,0.0,0.0,0.0,60.0,60.0,0.012828074984413088,0.0242144848232477,0.011349590377739251,0.016229262702719245,-0.004103266253560451,0.02188545126332853
2021-02-16,6798333.879764912,6943941.201630795,6779505.406206333,6877915.8984375,15417200,0.0,15.770000457763672,4.421999931335449,0.0,6061.47998046875,19692.330078125,0.0,0.0,1.0,0.0,15.770000457763672,4.421999931335449,0.0,0.9510565162951535,0.30901699437494745,0.8660254037844386,0.5000000000000001,0,30.0,6754026.0520963995,0.0,0.0,0.0,60.0,60.0,-0.0014597587124513599,0.016023709357552124,-0.016716895647105854,0.02160825889790361,-0.0452967144099968,0.036938341790469224
2021-02-17,6809381.566916718,6877917.502461177,6767707.777118928,6867875.800781248,12763200,0.0,15.770000457763672,4.421999931335449,0.0,6061.47998046875,19692.330078125,0.0,0.0,1.0,0.0,15.770000457763672,4.421999931335449,0.0,0.5877852522924732,-0.8090169943749473,0.8660254037844386,0.5000000000000001,0,30.0,6757569.822507367,0.0,0.0,0.0,60.0,60.0,-0.015279441232114463,0.021639847854345112,-0.04390104062408213,0.03699234168353575,-0.04839725378947416,0.02025078791264787
2021-02-18,6767457.146859796,6827206.305208775,6678586.51779733,6762938.49609375,15249100,0.0,15.770000457763672,4.421999931335449,0.0,6061.47998046875,19692.330078125,0.0,0.0,1.0,0.0,15.770000457763672,4.421999931335449,0.0,-0.587785252292473,-0.8090169943749475,0.8660254037844386,0.5000000000000001,0,30.0,6757736.931761308,0.0,0.0,0.0,60.0,60.0,-0.029065707156332696,0.03756633428048031,-0.03363168592600299,0.02056500977087989,-0.013103946116294313,0.0464010618160335
2021-02-19,6774737.0905087385,6785030.083793083,6530971.275530497,6566368.90625,25622600,0.0,15.770000457763672,4.421999931335449,0.0,6061.47998046875,19692.330078125,0.0,0.0,1.0,0.0,15.770000457763672,4.421999931335449,0.0,-0.9510565162951536,0.30901699437494723,0.8660254037844386,0.5000000000000001,0,30.0,6751780.27088454,0.0,0.0,0.0,60.0,60.0,-0.004702665055013639,0.021180640052015462,0.016439589329252817,0.0477901153126792,0.010513615710985245,0.030547440489623684
2021-02-22,6475741.083260227,6604276.695423145,6465196.799171117,6535489.47265625,17434900,0.0,15.770000457763672,4.421999931335449,0.0,6061.47998046875,19692.330078125,0.0,0.0,1.0,0.0,15.770000457763672,4.421999931335449,0.0,0.0,1.0,0.8660254037844386,0.5000000000000001,0,30.0,6745047.845600163,0.0,0.0,0.0,60.0,60.0,0.021242149096516033,0.04801591809277851,0.01528817593673145,0.030691773620907113,-0.021664692554334522,0.049552531713057145
2021-02-23,6514652.217445504,6714484.880195686,6400677.352980407,6674317.314453125,21924600,0.0,15.770000457763672,4.421999931335449,0.0,6061.47998046875,19692.330078125,0.0,0.0,1.0,0.0,15.770000457763672,4.421999931335449,0.0,0.9510565162951535,0.30901699437494745,0.8660254037844386,0.5000000000000001,0,30.0,6742846.235455875,0.0,0.0,0.0,60.0,60.0,-0.0058301286967562095,0.030053375341058782,-0.042014366219421964,0.04852182389543541,-0.030993437146258462,0.03415327515687184
2021-02-24,6585697.738656945,6687371.9573682705,6486786.193971683,6635405.185546875,15736100,0.0,15.770000457763672,4.421999931335449,0.0,6061.47998046875,19692.330078125,0.0,0.0,1.0,0.0,15.770000457763672,4.421999931335449,0.0,0.5877852522924732,-0.8090169943749473,0.8660254037844386,0.5000000000000001,0,30.0,6739501.946911812,0.0,0.0,0.0,60.0,60.0,-0.03639643341356979,0.048806371321461206,-0.025310874102949844,0.03435356083774775,0.0022703625429595217,0.033105075501175814
2021-02-25,6584946.023671637,6701431.907891819,6377581.858537669,6393900.1025390625,19053100,0.0,15.770000457763672,4.421999931335449,0.0,6061.47998046875,19692.330078125,0.0,0.0,1.0,0.0,15.770000457763672,4.421999931335449,0.0,-0.587785252292473,-0.8090169943749475,0.8660254037844386,0.5000000000000001,0,30.0,6728744.491653683,0.0,0.0,0.0,60.0,60.0,0.011504273847688819,0.03565113499885164,0.040127286051365084,0.03435549291131278,0.016922425454941877,0.031646302187050654
2021-02-26,6438587.097294415,6666536.893019207,6438587.097294415,6467457.2802734375,26619500,0.0,15.770000457763672,4.421999931335449,0.0,6061.47998046875,19692.330078125,0.0,0.0,1.0,0.0,15.770000457763672,4.421999931335449,0.0,-0.9510565162951536,0.30901699437494723,0.8660254037844386,0.5000000000000001,0,30.0,6720611.475213174,0.0,0.0,0.0,60.0,60.0,0.028297470355509623,0.033964753090589495,0.005356528634963449,0.031286375159514074,-0.008578593126473015,0.022863068281399612
2021-03-01,6547792.080112056,6694151.787316526,6474486.1976681035,6650469.9609375,22157300,0.0,15.770000457763672,4.421999931335449,0.0,6061.47998046875,19692.330078125,0.0,0.0,1.0,0.0,15.770000457763672,4.421999931335449,0.0,0.0,1.0,1.0,6.123233995736766e-17,0,30.0,6718428.19925018,0.0,0.0,0.0,60.0,60.0,-0.022309635472131314,0.030425412938823577,-0.03586127997498001,0.022233905013395824,-0.02744353017439187,0.04903546936469446
2021-03-02,6672309.793354,6695656.91980017,6493313.625001404,6502100.400390625,15191700,0.0,15.770000457763672,4.421999931335449,0.0,6061.47998046875,19692.330078125,0.0,0.0,1.0,0.0,15.770000457763672,4.421999931335449,0.0,0.9510565162951535,0.30901699437494745,1.0,6.123233995736766e-17,0,30.0,6711694.622313705,0.0,0.0,0.0,60.0,60.0,-0.013860875584462624,0.022741254102604032,-0.005251043570159084,0.05015439564894753,0.020385999637638128,0.037992319191392974
2021-03-03,6534486.350046565,6552059.136726253,6404193.219320326,6411975.595703126,15513500,0.0,15.770000457763672,4.421999931335449,0.0,6061.47998046875,19692.330078125,0.0,0.0,1.0,0.0,15.770000457763672,4.421999931335449,0.0,0.5877852522924732,-0.8090169943749473,1.0,6.123233995736766e-17,0,30.0,6702365.349176384,0.0,0.0,0.0,60.0,60.0,0.00873084922921641,0.05085935078244961,0.03472823902245853,0.038526327828145114,-0.00039157914139925886,0.04122776350027653
2021-03-04,6438584.832116742,6690132.962402305,6364024.046371933,6467957.587890625,31626500,0.0,15.770000457763672,4.421999931335449,0.0,6061.47998046875,19692.330078125,0.0,0.0,1.0,0.0,15.770000457763672,4.421999931335449,0.0,-0.587785252292473,-0.8090169943749475,1.0,6.123233995736766e-17,0,30.0,6695069.002151026,0.0,0.0,0.0,60.0,60.0,0.025772375072207858,0.038192871624361996,-0.00904347118717171,0.040870925610909166,0.03143938720742176,0.033845687687417386
2021-03-05,6544024.861620632,6664024.973788912,6416995.099962788,6634652.216796875,26820100,0.0,15.770000457763672,4.421999931335449,0.0,6061.47998046875,19692.330078125,0.0,0.0,1.0,0.0,15.770000457763672,4.421999931335449,0.0,-0.9510565162951536,0.30901699437494723,1.0,6.123233995736766e-17,0,30.0,6693188.425205753,0.0,0.0,0.0,60.0,60.0,-0.0339411034118839,0.03984404981468926,0.005524629316338315,0.03299531992664051,0.002346086613340949,0.02308160584014827
2021-03-08,6666536.037066,6667289.145529355,6402937.732100162,6409464.7998046875,18391800,0.0,15.770000457763672,4.421999931335449,0.0,6061.47998046875,19692.330078125,0.0,0.0,1.0,0.0,15.770000457763672,4.421999931335449,0.0,0.0,1.0,1.0,6.123233995736766e-17,0,30.0,6684357.036624938,0.0,0.0,0.0,60.0,60.0,0.040852305038135396,0.03415456349832491,0.037562088764341736,0.023892545187117326,0.07273508450836544,0.0394813606494175
2021-03-09,6556829.1237378055,6741348.364991505,6522435.892496297,6671306.2109375,22039700,0.0,15.770000457763672,4.421999931335449,0.0,6061.47998046875,19692.330078125,0.0,0.0,1.0,0.0,15.770000457763672,4.421999931335449,0.0,0.9510565162951535,0.30901699437494745,1.0,6.123233995736766e-17,0,30.0,6683950.807102516,0.0,0.0,0.0,60.0,60.0,-0.0031610789137591524,0.022954789139119924,0.03063141553888561,0.03793176078710894,0.010009871216245783,0.02152480561719876
2021-03-10,6744109.541802146,6752393.73428775,6599255.306933179,6650217.685546875,14210300,0.0,15.770000457763672,4.421999931335449,0.0,6061.47998046875,19692.330078125,0.0,0.0,1.0,0.0,15.770000457763672,4.421999931335449,0.0,0.5877852522924732,-0.8090169943749473,1.0,6.123233995736766e-17,0,30.0,6682900.805349647,0.0,0.0,0.0,60.0,60.0,0.03389965393387888,0.038052046308319556,0.013212716569747039,0.021593062993310385,0.03340905233613483,0.028161544109691173
2021-03-11,6730803.525029837,6976578.1236067135,6723523.732275878,6875657.763671875,21834000,0.0,15.770000457763672,4.421999931335449,0.0,6061.47998046875,19692.330078125,0.0,0.0,1.0,0.0,15.770000457763672,4.421999931335449,0.0,-0.587785252292473,-0.8090169943749475,1.0,6.123233995736766e-17,0,30.0,6688900.69906324,0.0,0.0,0.0,60.0,60.0,-0.02000865101890713,0.020885066467670303,-0.0004745156803925386,0.027238179259021392,0.019716580951264245,0.026800154403695587
2021-03-12,6756663.081259245,6771725.252138802,6628126.682735561,6738085.126953125,20600200,0.0,15.770000457763672,4.421999931335449,0.0,6061.47998046875,19692.330078125,0.0,0.0,1.0,0.0,15.770000457763672,4.421999931335449,0.0,-0.9510565162951536,0.30901699437494723,1.0,6.123233995736766e-17,0,30.0,6690431.649447912,0.0,0.0,0.0,60.0,60.0,0.019932967121418406,0.027794305824578154,0.04053630882708721,0.027347337740848413,0.058159317410973285,0.04031298605998216
2021-03-15,6755156.151097912,6927876.195779618,6740595.797089041,6872395.15625,16844800,0.0,15.770000457763672,4.421999931335449,0.0,6061.47998046875,19692.330078125,0.0,0.0,1.0,0.0,15.770000457763672,4.421999931335449,0.0,0.0,1.0,1.0,6.123233995736766e-17,0,30.0,6696095.57830709,0.0,0.0,0.0,60.0,60.0,0.02020068217210207,0.026812877534522165,0.037479277091554394,0.03952513288570177,0.01778970760717089,0.025242016833231094
2021-03-16,6930887.0904651275,7083021.87894608,6898753.189252705,7011222.2265625,22437700,0.0,15.770000457763672,4.421999931335449,0.0,6061.47998046875,19692.330078125,0.0,0.0,1.0,0.0,15.770000457763672,4.421999931335449,0.0,0.9510565162951535,0.30901699437494745,1.0,6.123233995736766e-17,0,30.0,6705904.440246447,0.0,0.0,0.0,60.0,60.0,0.016936466737764368,0.03874250779910193,-0.0023632355938029686,0.024742207365994397,0.038778322625397724,0.04153529278578072
2021-03-17,6921598.630545158,7185699.878369078,6914067.546575244,7129967.55859375,21315000,0.0,15.770000457763672,4.421999931335449,0.0,6061.47998046875,19692.330078125,0.0,0.0,1.0,0.0,15.770000457763672,4.421999931335449,0.0,0.5877852522924732,-0.8090169943749473,1.0,6.123233995736766e-17,0,30.0,6719104.138215517,0.0,0.0,0.0,60.0,60.0,-0.01897827736818107,0.024330140746515905,0.021478092881947637,0.04084354740372523,0.03355507027681159,0.04563216082720202
2021-03-18,7026033.8493835265,7159590.6871691495,6986117.572950471,6994653.056640625,18728300,0.0,15.770000457763672,4.421999931335449,0.0,6061.47998046875,19692.330078125,0.0,0.0,1.0,0.0,15.770000457763672,4.421999931335449,0.0,-0.587785252292473,-0.8090169943749475,1.0,6.123233995736766e-17,0,30.0,6727681.0748542575,0.0,0.0,0.0,60.0,60.0,0.04123901572902493,0.041633682987317455,0.0535496273253356,0.04651493414924915,0.04310533947713155,0.029394883987998104
2021-03-19,7059925.845903447,7350637.196952023,7059424.028985576,7283105.6640625,38930500,0.0,15.770000457763672,4.421999931335449,0.0,6061.47998046875,19692.330078125,0.0,0.0,1.0,0.0,15.770000457763672,4.421999931335449,0.0,-0.9510565162951536,0.30901699437494723,1.0,6.123233995736766e-17,0,30.0,6744969.625772829,0.0,0.0,0.0,60.0,60.0,0.01182304102165379,0.04467267692296533,0.0017924066615962492,0.02823067858960052,-0.0274720932843805,0.03639998506903773
2021-03-22,7291640.89773593,7524109.276319148,7198753.449992665,7369214.12109375,28273100,0.0,15.770000457763672,4.421999931335449,0.0,6061.47998046875,19692.330078125,0.0,0.0,1.0,0.0,15.770000457763672,4.421999931335449,0.0,0.0,1.0,1.0,6.123233995736766e-17,0,30.0,6764400.315280269,0.0,0.0,0.0,60.0,60.0,-0.00991342750005915,0.02790080621320459,-0.038835974980721305,0.035974655244344,-0.0504188968292903,0.03512297911449614
2021-03-23,7359423.353470476,7481180.982417557,7275573.96728131,7296159.951171875,23000900,0.0,15.770000457763672,4.421999931335449,0.0,6061.47998046875,19692.330078125,0.0,0.0,1.0,0.0,15.770000457763672,4.421999931335449,0.0,0.9510565162951535,0.30901699437494745,1.0,6.123233995736766e-17,0,30.0,6780952.253583757,0.0,0.0,0.0,60.0,60.0,-0.02921213991179936,0.03633485822710331,-0.0409110379377795,0.03547465453027163,-0.026184531929352783,0.02315662869471438
2021-03-24,7305450.248783039,7323525.6202500835,7058420.682821984,7083023.505859375,18675000,0.0,15.770000457763672,4.421999931335449,0.0,6061.47998046875,19692.330078125,0.0,0.0,1.0,0.0,15.770000457763672,4.421999931335449,0.0,0.5877852522924732,-0.8090169943749473,1.0,6.123233995736766e-17,0,30.0,6790354.743715187,0.0,0.0,0.0,60.0,60.0,-0.012050931523718519,0.03654212829469107,0.0031187122407685497,0.02385343868289668,0.03076462093099981,0.030055923365783773
2021-03-25,7053901.384086095,7231641.882088443,6972813.128423017,6997666.474609375,24505600,0.0,15.770000457763672,4.421999931335449,0.0,6061.47998046875,19692.330078125,0.0,0.0,1.0,0.0,15.770000457763672,4.421999931335449,0.0,-0.587785252292473,-0.8090169943749475,1.0,6.123233995736766e-17,0,30.0,6796807.679863156,0.0,0.0,0.0,60.0,60.0,0.015354681985664788,0.02414440120854201,0.04333781347732121,0.030422543352502135,0.033220942025334516,0.020700255153409532
2021-03-26,6986619.511856604,7142268.553033056,6973314.086146523,7105113.41796875,17629200,0.0,15.770000457763672,4.421999931335449,0.0,6061.47998046875,19692.330078125,0.0,0.0,1.0,0.0,15.770000457763672,4.421999931335449,0.0,-0.9510565162951536,0.30901699437494723,1.0,6.123233995736766e-17,0,30.0,6806404.229140467,0.0,0.0,0.0,60.0,60.0,0.02755995711462283,0.029962479015713694,0.01759607785993542,0.02038721593613707,0.040668684401801325,0.027877945194483004
2021-03-29,7174151.1742914,7360176.609143771,7147289.797453617,7300930.0390625,21718800,0.0,15.770000457763672,4.421999931335449,0.0,6061.47998046875,19692.330078125,0.0,0.0,1.0,0.0,15.770000457763672,4.421999931335449,0.0,0.0,1.0,1.0,6.123233995736766e-17,1,30.0,6821797.200193434,0.0,0.0,0.0,60.0,60.0,-0.009696640264832699,0.019840414950952498,0.012757141027553912,0.027130237025549314,0.026958359099037946,0.019943567513647977
2021-03-30,7276076.6960640345,7342353.306320766,7197499.824817892,7230135.546875,17474500,0.0,15.770000457763672,4.421999931335449,0.0,6061.47998046875,19692.330078125,0.0,0.0,1.0,0.0,15.770000457763672,4.421999931335449,0.0,0.9510565162951535,0.30901699437494745,1.0,6.123233995736766e-17,1,30.0,6834507.437398583,0.0,0.0,0.0,60.0,60.0,0.022673639417310803,0.02739588506778836,0.03701390993328866,0.020138846665108154,0.07260417511406657,0.03503470936714948
2021-03-31,7280093.761646358,7443525.200933898,7245449.238467179,7394069.033203125,19498200,0.0,15.770000457763672,4.421999931335449,0.0,6061.47998046875,19692.330078125,0.0,0.0,1.0,0.0,15.770000457763672,4.421999931335449,0.0,0.5877852522924732,-0.8090169943749473,1.0,6.123233995736766e-17,1,30.0,6851924.75974689,0.0,0.0,0.0,60.0,60.0,0.014022333189450857,0.01969234943474506,0.04882352861388382,0.03425795680732636,0.039826230870751905,0.02071098462956807
2021-04-01,7491223.6818955615,7591642.231964222,7446035.640817759,7497751.1328125,17616000,0.0,15.770000457763672,4.421999931335449,0.0,6061.47998046875,19692.330078125,0.0,0.0,1.0,0.0,15.770000457763672,4.421999931335449,0.0,-0.587785252292473,-0.8090169943749475,0.8660254037844387,-0.4999999999999998,0,30.0,6872027.222463659,0.0,0.0,0.0,60.0,60.0,0.03431994965532087,0.03378422317344159,0.025447070381713257,0.020424584303212395,0.04831578691754495,0.029297528642943802
2021-04-05,7553734.6595571125,7801767.831696128,7548462.1341262655,7755073.57421875,28237000,0.0,15.770000457763672,4.421999931335449,0.0,6061.47998046875,19692.330078125,0.0,0.0,1.0,0.0,15.770000457763672,4.421999931335449,0.0,0.0,1.0,0.8660254037844387,-0.4999999999999998,0,30.0,6899513.567244142,0.0,0.0,0.0,60.0,60.0,-0.008578466727403283,0.01974687262874387,0.013531438958407489,0.028325402263300613,0.013304721200826172,0.01887286451077774
2021-04-06,7753316.564679722,7816329.453308425,7663191.00321179,7688546.93359375,17335200,0.0,15.770000457763672,4.421999931335449,0.0,6061.47998046875,19692.330078125,0.0,0.0,1.0,0.0,15.770000457763672,4.421999931335449,0.0,0.9510565162951535,0.30901699437494745,0.8660254037844387,-0.4999999999999998,0,30.0,6924073.595267628,0.0,0.0,0.0,60.0,60.0,0.022301215924600593,0.02857049328936896,0.02207253644773575,0.019036165624202298,0.020244104053075314,0.014399540287276755
2021-04-07,7690554.575437009,7889132.350401337,7669466.771830099,7860010.87890625,22855200,0.0,15.770000457763672,4.421999931335449,0.0,6061.47998046875,19692.330078125,0.0,0.0,1.0,0.0,15.770000457763672,4.421999931335449,0.0,0.5877852522924732,-0.8090169943749473,0.8660254037844387,-0.4999999999999998,0,30.0,6953206.261754364,0.0,0.0,0.0,60.0,60.0,-0.0002236908978514877,0.01862089697994285,-0.002012236549738196,0.01408541833167377,-0.00495064568048852,0.013478556123499146
2021-04-08,7904194.57765019,7930052.321364598,7783691.868527255,7858252.666015625,20894100,0.0,15.770000457763672,4.421999931335449,0.0,6061.47998046875,19692.330078125,0.0,0.0,1.0,0.0,15.770000457763672,4.421999931335449,0.0,-0.587785252292473,-0.8090169943749475,0.8660254037844387,-0.4999999999999998,0,30.0,6981377.39619385,0.0,0.0,0.0,60.0,60.0,-0.0017889458227840149,0.014088569816505468,-0.0047280123959749405,0.013481571828405892,-0.010414606013202385,0.01632478921736521
2021-04-09,7817583.823753321,7901433.21956021,7790721.678239308,7844194.677734375,15988600,0.0,15.770000457763672,4.421999931335449,0.0,6061.47998046875,19692.330078125,0.0,0.0,1.0,0.0,15.770000457763672,4.421999931335449,0.0,-0.9510565162951536,0.30901699437494723,0.8660254037844387,-0.4999999999999998,0,30.0,7008234.076155573,0.0,0.0,0.0,60.0,60.0,-0.002944333826891425,0.013505732852776503,-0.008641118683591562,0.016354045719140085,-0.03085201961315602,0.01945844582515177
2021-04-12,7808796.957018498,7836412.210678472,7730470.61291582,7821098.75,10881900,0.0,15.770000457763672,4.421999931335449,0.0,6061.47998046875,19692.330078125,0.0,0.0,1.0,0.0,15.770000457763672,4.421999931335449,0.0,0.0,1.0,0.8660254037844387,-0.4999999999999998,0,30.0,7033535.89481437,0.0,0.0,0.0,60.0,60.0,-0.005713607624903726,0.016402339682708045,-0.027990097978560877,0.019515907170797223,-0.011940643899698237,0.019387586289834488
2021-04-13,7837917.957232499,7893650.278135274,7765365.95974577,7776412.060546875,14036900,0.0,15.770000457763672,4.421999931335449,0.0,6061.47998046875,19692.330078125,0.0,0.0,1.0,0.0,15.770000457763672,4.421999931335449,0.0,0.9510565162951535,0.30901699437494745,0.8660254037844387,-0.4999999999999998,0,30.0,7056659.200122795,0.0,0.0,0.0,60.0,60.0,-0.022404500880721403,0.019628054170769356,-0.006262819568434112,0.019498995901495238,-0.011557267228880163,0.014010935096801758
2021-04-14,7714653.699356193,7732980.357930749,7580344.5207521105,7602185.4296875,17421400,0.0,15.770000457763672,4.421999931335449,0.0,6061.47998046875,19692.330078125,0.0,0.0,1.0,0.0,15.770000457763672,4.421999931335449,0.0,0.5877852522924732,-0.8090169943749473,0.8660254037844387,-0.4999999999999998,0,30.0,7073639.6473892545,0.0,0.0,0.0,60.0,60.0,0.01651161582354811,0.019945873235977452,0.011095830189084928,0.014332037237716713,-0.0019153697615540211,0.023578411562138586
2021-04-15,7690554.65515348,7785952.738515766,7634320.511618825,7727709.794921875,14558300,0.0,15.770000457763672,4.421999931335449,0.0,6061.47998046875,19692.330078125,0.0,0.0,1.0,0.0,15.770000457763672,4.421999931335449,0.0,-0.587785252292473,-0.8090169943749475,0.8660254037844387,-0.4999999999999998,0,30.0,7093998.711802614,0.0,0.0,0.0,60.0,60.0,-0.005327814803252857,0.014099236068350595,-0.01812766848726379,0.023195417735621292,-0.01679588949508904,0.0256319015058066
2021-04-16,7736496.739582002,7756078.32685517,7647123.522188861,7686537.988281248,13059200,0.0,15.770000457763672,4.421999931335449,0.0,6061.47998046875,19692.330078125,0.0,0.0,1.0,0.0,15.770000457763672,4.421999931335449,0.0,-0.9510565162951536,0.30901699437494723,0.8660254037844387,-0.4999999999999998,0,30.0,7112442.521447324,0.0,0.0,0.0,60.0,60.0,-0.012868414211742646,0.023319660568404472,-0.011529501741890758,0.025769195004419054,-0.01538314074338725,0.014991169137604005
2021-04-19,7657164.761002265,7724696.288630402,7545448.831797536,7587624.43359375,14553500,0.0,15.770000457763672,4.421999931335449,0.0,6061.47998046875,19692.330078125,0.0,0.0,1.0,0.0,15.770000457763672,4.421999931335449,0.0,0.0,1.0,0.8660254037844387,-0.4999999999999998,0,30.0,7127233.380181669,0.0,0.0,0.0,60.0,60.0,0.001356366759131429,0.0261051265863826,-0.002547508931786953,0.015186596552508305,-0.01892528167995886,0.0227633856149055
2021-04-20,7581346.887597246,7659422.684452592,7461346.788123698,7597916.03515625,16796400,0.0,15.770000457763672,4.421999931335449,0.0,6061.47998046875,19692.330078125,0.0,0.0,1.0,0.0,15.770000457763672,4.421999931335449,0.0,0.9510565162951535,0.30901699437494745,0.8660254037844387,-0.4999999999999998,0,30.0,7141884.191754073,0.0,0.0,0.0,60.0,60.0,-0.00389858777605139,0.015166025859164807,-0.020254176347558873,0.022732551937107777,-0.005022014658568191,0.017974571054482805
2021-04-21,7580345.394059195,7581098.502518469,7465868.311453526,7568294.892578125,14863500,0.0,15.770000457763672,4.421999931335449,0.0,6061.47998046875,19692.330078125,0.0,0.0,1.0,0.0,15.770000457763672,4.421999931335449,0.0,0.5877852522924732,-0.8090169943749473,0.8660254037844387,-0.4999999999999998,0,30.0,7155156.962193756,0.0,0.0,0.0,60.0,60.0,-0.016419601830491466,0.022821523650241475,-0.0011278238026071854,0.0180449207619853,0.005207928242516368,0.014064386480614711
2021-04-22,7564779.743608568,7604696.789651241,7431976.768768268,7444026.50390625,16375400,0.0,15.770000457763672,4.421999931335449,0.0,6061.47998046875,19692.330078125,0.0,0.0,1.0,0.0,15.770000457763672,4.421999931335449,0.0,-0.587785252292473,-0.8090169943749475,0.8660254037844387,-0.4999999999999998,0,30.0,7164148.526210066,0.0,0.0,0.0,60.0,60.0,0.015547054471950674,0.018346157360972,0.021988573697948568,0.014299173211248644,0.023775811833102116,0.01426551644466605
2021-04-23,7500261.324492476,7596411.7436326565,7459842.461992746,7559759.189453125,17536800,0.0,15.770000457763672,4.421999931335449,0.0,6061.47998046875,19692.330078125,0.0,0.0,1.0,0.0,15.770000457763672,4.421999931335449,0.0,-0.9510565162951536,0.30901699437494723,0.8660254037844387,-0.4999999999999998,0,30.0,7176462.592215744,0.0,0.0,0.0,60.0,60.0,0.006342905725178103,0.014080266540365989,0.008102782953203594,0.014047125026701619,0.019825330781911055,0.018430638706960125
2021-04-26,7615241.114555859,7676998.312077875,7570554.887709394,7607710.029296875,16172600,0.0,15.770000457763672,4.421999931335449,0.0,6061.47998046875,19692.330078125,0.0,0.0,1.0,0.0,15.770000457763672,4.421999931335449,0.0,0.0,1.0,0.8660254037844387,-0.4999999999999998,0,30.0,7189885.9144308055,0.0,0.0,0.0,60.0,60.0,0.0017487848505846133,0.013958587025144433,0.013397446317781132,0.018314471739311236,0.0873479751261848,0.03365895508748465
2021-04-27,7638838.353785411,7665449.205757243,7559256.323251238,7621014.27734375,15309300,0.0,15.770000457763672,4.421999931335449,0.0,6061.47998046875,19692.330078125,0.0,0.0,1.0,0.0,15.770000457763672,4.421999931335449,0.0,0.9510565162951535,0.30901699437494745,0.8660254037844387,-0.4999999999999998,0,30.0,7203305.530255119,0.0,0.0,0.0,60.0,60.0,0.011628326026803186,0.01828249958101314,0.08544975703501122,0.033600195574487304,0.07085667302870978,0.01752481105887717
2021-04-28,7716160.600445345,7805533.8099944545,7666202.619662022,7709633.916015625,33907200,0.0,15.770000457763672,4.421999931335449,0.0,6061.47998046875,19692.330078125,0.0,0.0,1.0,0.0,15.770000457763672,4.421999931335449,0.0,0.5877852522924732,-0.8090169943749473,0.8660254037844387,-0.4999999999999998,0,30.0,7219065.8768286975,0.0,0.0,0.0,60.0,60.0,0.07297287858490839,0.03321397267161642,0.058547537151838636,0.017323369273087006,0.05040703987402693,0.02184953362049201
2021-04-29,8287541.554516566,8329968.446760451,8073900.876565741,8272228.095703125,56526800,0.0,15.770000457763672,4.421999931335449,0.0,6061.47998046875,19692.330078125,0.0,0.0,1.0,0.0,15.770000457763672,4.421999931335449,0.0,-0.587785252292473,-0.8090169943749475,0.8660254037844387,-0.4999999999999998,0,30.0,7251847.372065734,0.0,0.0,0.0,60.0,60.0,-0.013444274054806148,0.016145207040026914,-0.02103113616500954,0.020363546979219358,-0.033838057845370334,0.027525745366670004
2021-04-30,8187625.610730863,8280010.478966083,8146453.643678629,8161013.994140625,26332400,0.0,15.770000457763672,4.421999931335449,0.0,6061.47998046875,19692.330078125,0.0,0.0,1.0,0.0,15.770000457763672,4.421999931335449,0.0,-0.9510565162951536,0.30901699437494723,0.8660254037844387,-0.4999999999999998,0,30.0,7280146.755346485,0.0,0.0,0.0,60.0,60.0,-0.007690251965173699,0.020641050924629284,-0.020671699787688545,0.027900852068238002,-0.030946103292136838,0.02021043559447592
2021-05-03,8188380.0643091295,8248128.458838259,8079676.55338859,8098253.740234375,18719500,0.0,15.770000457763672,4.421999931335449,0.0,6061.47998046875,19692.330078125,0.0,0.0,1.0,0.0,15.770000457763672,4.421999931335449,0.0,0.0,1.0,0.49999999999999994,-0.8660254037844387,0,30.0,7305611.749953691,0.0,0.0,0.0,60.0,60.0,-0.013082052099380612,0.028117079494072238,-0.023436080692565107,0.020367063444152126,-0.00793599909764497,0.021607048105390655
2021-05-04,8033985.752743543,8088463.152781623,7860763.908604286,7992311.962890625,24032600,0.0,15.770000457763672,4.421999931335449,0.0,6061.47998046875,19692.330078125,0.0,0.0,1.0,0.0,15.770000457763672,4.421999931335449,0.0,0.9510565162951535,0.30901699437494745,0.49999999999999994,-0.8660254037844387,0,30.0,7326986.481548626,0.0,0.0,0.0,60.0,60.0,-0.010491276012569916,0.020637038253764787,0.005214266305200318,0.021893459482982713,0.0022614652708029368,0.013161207732033645
2021-05-05,7988044.44789578,8060094.632959529,7895156.985245333,7908462.412109375,15577600,0.0,15.770000457763672,4.421999931335449,0.0,6061.47998046875,19692.330078125,0.0,0.0,1.0,0.0,15.770000457763672,4.421999931335449,0.0,0.5877852522924732,-0.8090169943749473,0.49999999999999994,-0.8660254037844387,0,30.0,7345085.925395653,0.0,0.0,0.0,60.0,60.0,0.015872060485208766,0.022125585103240416,0.012887952348699914,0.013300749566914212,-0.02872840606580705,0.030950413449282912
2021-05-06,7895910.496362563,8039509.056884557,7864529.698749653,8033986.005859375,19012200,0.0,15.770000457763672,4.421999931335449,0.0,6061.47998046875,19692.330078125,0.0,0.0,1.0,0.0,15.770000457763672,4.421999931335449,0.0,-0.587785252292473,-0.8090169943749475,0.49999999999999994,-0.8660254037844387,0,30.0,7366529.131668582,0.0,0.0,0.0,60.0,60.0,-0.002937484209461926,0.013092937668313669,-0.043903625550754284,0.030466841891980113,-0.04215361861276036,0.022342334544618116
2021-05-07,8093232.0509063415,8107290.584689439,8002102.106686618,8010386.298828125,15916700,0.0,15.770000457763672,4.421999931335449,0.0,6061.47998046875,19692.330078125,0.0,0.0,1.0,0.0,15.770000457763672,4.421999931335449,0.0,-0.9510565162951536,0.30901699437494723,0.49999999999999994,-0.8660254037844387,0,30.0,7386570.299374024,0.0,0.0,0.0,60.0,60.0,-0.041086833265225754,0.030556601426164294,-0.03933167056451345,0.02240815815536262,-0.05180494078685492,0.02121722159210113
2021-05-10,7891641.8479958875,7897415.423488715,7652645.242085816,7681264.892578125,24239200,0.0,15.770000457763672,4.421999931335449,0.0,6061.47998046875,19692.330078125,0.0,0.0,1.0,0.0,15.770000457763672,4.421999931335449,0.0,0.0,1.0,0.49999999999999994,-0.8660254037844387,0,30.0,7395743.178181926,0.0,0.0,0.0,60.0,60.0,0.0018303666709352457,0.023368287069897426,-0.011177349413321483,0.022126322098953512,-0.002320399538993469,0.01990390132615355
2021-05-11,7550219.651201792,7703106.800083217,7523608.797013527,7695324.423828125,18920100,0.0,15.770000457763672,4.421999931335449,0.0,6061.47998046875,19692.330078125,0.0,0.0,1.0,0.0,15.770000457763672,4.421999931335449,0.0,0.9510565162951535,0.30901699437494745,0.49999999999999994,-0.8660254037844387,0,30.0,7405068.162496729,0.0,0.0,0.0,60.0,60.0,-0.012983950693650003,0.022085896809535623,-0.0041431826664644214,0.019867536449602607,0.03069836994579987,0.02534831424770795
2021-05-12,7559760.550301766,7655910.986750192,7485952.845609625,7595408.7109375,24645500,0.0,15.770000457763672,4.421999931335449,0.0,6061.47998046875,19692.330078125,0.0,0.0,1.0,0.0,15.770000457763672,4.421999931335449,0.0,0.5877852522924732,-0.8090169943749473,0.49999999999999994,-0.8660254037844387,0,30.0,7410992.841208721,0.0,0.0,0.0,60.0,60.0,0.008957066132205906,0.02012888895126377,0.044256950705258244,0.02568176501843319,0.04267049039591728,0.01355149778220819
2021-05-13,7684026.507941672,7753817.364088089,7600930.225606167,7663441.2890625,18079200,0.0,15.770000457763672,4.421999931335449,0.0,6061.47998046875,19692.330078125,0.0,0.0,1.0,0.0,15.770000457763672,4.421999931335449,0.0,-0.587785252292473,-0.8090169943749475,0.49999999999999994,-0.8660254037844387,0,30.0,7418850.735688148,0.0,0.0,0.0,60.0,60.0,0.034986508106210054,0.025453773882453838,0.03341413167653441,0.013431193692073818,0.015396685033038126,0.021915751997468192
2021-05-14,7770888.831163778,7954403.649331999,7759340.147598742,7931558.33984375,19245700,0.0,15.770000457763672,4.421999931335449,0.0,6061.47998046875,19692.330078125,0.0,0.0,1.0,0.0,15.770000457763672,4.421999931335449,0.0,-0.9510565162951536,0.30901699437494723,0.49999999999999994,-0.8660254037844387,0,30.0,7434809.646453207,0.0,0.0,0.0,60.0,60.0,-0.0015192240839474653,0.012977167902072316,-0.018927612021742053,0.02117491563978842,-0.007437963152274712,0.03510159597664604
2021-05-17,7871558.577076001,7925031.57614238,7822102.411841146,7919508.525390625,15401300,0.0,15.770000457763672,4.421999931335449,0.0,6061.47998046875,19692.330078125,0.0,0.0,1.0,0.0,15.770000457763672,4.421999931335449,0.0,0.0,1.0,0.49999999999999994,-0.8660254037844387,0,30.0,7449896.737211894,0.0,0.0,0.0,60.0,60.0,-0.017434875420433933,0.021207134028556104,-0.005927744640748963,0.03515500430585878,0.009985497726463956,0.01930513249824815
2021-05-18,7922772.1063150745,7945617.417365699,7777667.338627447,7781432.880859375,14522400,0.0,15.770000457763672,4.421999931335449,0.0,6061.47998046875,19692.330078125,0.0,0.0,1.0,0.0,15.770000457763672,4.421999931335449,0.0,0.9510565162951535,0.30901699437494745,0.49999999999999994,-0.8660254037844387,0,30.0,7460216.372981972,0.0,0.0,0.0,60.0,60.0,0.011711316117197633,0.03577880328380412,0.02790692694148992,0.01964768748179283,0.02022830344447966,0.013292019993603531
2021-05-19,7636580.2463267045,7899425.84894127,7621015.4926308775,7872563.701171875,19106200,0.0,15.770000457763672,4.421999931335449,0.0,6061.47998046875,19692.330078125,0.0,0.0,1.0,0.0,15.770000457763672,4.421999931335449,0.0,0.5877852522924732,-0.8090169943749473,0.49999999999999994,-0.8660254037844387,0,30.0,7473051.396610809,0.0,0.0,0.0,60.0,60.0,0.016008134500707878,0.019420250785765474,0.008418396820912315,0.013138154908276,0.03520507794795538,0.02525594675318533
2021-05-20,7872312.454729784,8014656.096661639,7861768.935257968,7998588.759765625,17320200,0.0,15.770000457763672,4.421999931335449,0.0,6061.47998046875,19692.330078125,0.0,0.0,1.0,0.0,15.770000457763672,4.421999931335449,0.0,-0.587785252292473,-0.8090169943749475,0.49999999999999994,-0.8660254037844387,0,30.0,7489409.655807748,0.0,0.0,0.0,60.0,60.0,-0.007470154442735198,0.01293115129903209,0.018894478100494116,0.024858016285073094,0.028812598556433092,0.013747228676003602
2021-05-21,8015658.179163747,8031724.745281603,7928293.783850336,7938838.06640625,13600900,0.0,15.770000457763672,4.421999931335449,0.0,6061.47998046875,19692.330078125,0.0,0.0,1.0,0.0,15.770000457763672,4.421999931335449,0.0,-0.9510565162951536,0.30901699437494723,0.49999999999999994,-0.8660254037844387,0,30.0,7503398.892246939,0.0,0.0,0.0,60.0,60.0,0.026563062724251536,0.025045107103168606,0.03655583070028188,0.013850695510607138,0.0361447656453012,0.012680580363097025
2021-05-24,7988545.8234083885,8182856.222551963,7984027.172904107,8149717.919921875,16445400,0.0,15.770000457763672,4.421999931335449,0.0,6061.47998046875,19692.330078125,0.0,0.0,1.0,0.0,15.770000457763672,4.421999931335449,0.0,0.0,1.0,0.49999999999999994,-0.8660254037844387,0,30.0,7523516.689608654,0.0,0.0,0.0,60.0,60.0,0.009734197867505515,0.013492298733066356,0.009333769418531507,0.012352461162440244,0.025013051790166028,0.021624584109503568
2021-05-25,8211224.043461417,8263943.932529878,8153985.503764068,8229048.88671875,16437000,0.0,15.770000457763672,4.421999931335449,0.0,6061.47998046875,19692.330078125,0.0,0.0,1.0,0.0,15.770000457763672,4.421999931335449,0.0,0.9510565162951535,0.30901699437494745,0.49999999999999994,-0.8660254037844387,0,30.0,7545477.599260785,0.0,0.0,0.0,60.0,60.0,-0.0003965681758820173,0.012233379030370424,0.015131560320457087,0.02141611540460184,0.0028676660434700206,0.013850356283572117
2021-05-26,8243107.768752006,8280262.14144207,8179593.067351392,8225785.5078125,9686900,0.0,15.770000457763672,4.421999931335449,0.0,6061.47998046875,19692.330078125,0.0,0.0,1.0,0.0,15.770000457763672,4.421999931335449,0.0,0.5877852522924732,-0.8090169943749473,0.49999999999999994,-0.8660254037844387,0,30.0,7566653.359312744,0.0,0.0,0.0,60.0,60.0,0.01553428890095218,0.021424611723792127,0.003265529224319816,0.013855851073157491,0.0044862808006239565,0.014588287682118135
2021-05-27,8234320.220933509,8379424.979547337,8203190.718919258,8353567.236328125,20477700,0.0,15.770000457763672,4.421999931335449,0.0,6061.47998046875,19692.330078125,0.0,0.0,1.0,0.0,15.770000457763672,4.421999931335449,0.0,-0.587785252292473,-0.8090169943749475,0.49999999999999994,-0.8660254037844387,0,30.0,7591147.414477104,0.0,0.0,0.0,60.0,60.0,-0.012081088556753763,0.013643902746162114,-0.010879010409667975,0.014365135516897321,-0.010818795677653547,0.014274983465467789
2021-05-28,8309634.297192909,8356579.84269552,8242604.583739533,8252647.050781248,12037400,0.0,15.770000457763672,4.421999931335449,0.0,6061.47998046875,19692.330078125,0.0,0.0,1.0,0.0,15.770000457763672,4.421999931335449,0.0,-0.9510565162951536,0.30901699437494723,0.49999999999999994,-0.8660254037844387,0,30.0,7611737.73453082,0.0,0.0,0.0,60.0,60.0,0.0012167781516902818,0.014540804260859184,0.0012777292391904292,0.014449549755671273,-0.008182963946683653,0.011863821266291723
2021-06-01,8288295.143457396,8320178.520430154,8200178.395030787,8262688.69140625,11765900,0.0,15.770000457763672,4.421999931335449,0.0,6061.47998046875,19692.330078125,0.0,0.0,1.0,0.0,15.770000457763672,4.421999931335449,0.0,0.9510565162951535,0.30901699437494745,1.2246467991473532e-16,-1.0,0,30.0,7631999.708695955,0.0,0.0,0.0,60.0,60.0,6.0877013679961325e-05,0.014431989226495044,-0.009388318597423484,0.01184940317140219,0.003706868589122921,0.022118918247608726
2021-06-02,8294070.680718507,8331476.347329203,8212229.313152946,8263191.69921875,11654300,0.0,15.770000457763672,4.421999931335449,0.0,6061.47998046875,19692.330078125,0.0,0.0,1.0,0.0,15.770000457763672,4.421999931335449,0.0,0.5877852522924732,-0.8090169943749473,1.2246467991473532e-16,-1.0,0,30.0,7651646.650865509,0.0,0.0,0.0,60.0,60.0,-0.009448620407309653,0.011848681859034569,0.003645769631875206,0.02211757179588794,0.0225731670085344,0.02661403317614536
2021-06-03,8178588.486816812,8218756.058632401,8120848.129048143,8185115.9375,12610800,0.0,15.770000457763672,4.421999931335449,0.0,6061.47998046875,19692.330078125,0.0,0.0,1.0,0.0,15.770000457763672,4.421999931335449,0.0,-0.587785252292473,-0.8090169943749475,1.2246467991473532e-16,-1.0,0,30.0,7668251.8048929805,0.0,0.0,0.0,60.0,60.0,0.013219294131485844,0.0223285457489167,0.03232723518997192,0.026867897743061964,0.023432622327318135,0.018586667851898872
2021-06-04,8181601.446000565,8346287.811500155,8163526.075829499,8293317.392578125,13289400,0.0,15.770000457763672,4.421999931335449,0.0,6061.47998046875,19692.330078125,0.0,0.0,1.0,0.0,15.770000457763672,4.421999931335449,0.0,-0.9510565162951536,0.30901699437494723,1.2246467991473532e-16,-1.0,0,30.0,7687708.052179631,0.0,0.0,0.0,60.0,60.0,0.01885864310831652,0.02651735700127253,0.010080076697105318,0.018344170861680092,-0.0003027957959106102,0.02058419011431602
2021-06-07,8271475.801558023,8477584.650007997,8257667.79198414,8449718.10546875,20136700,0.0,15.770000457763672,4.421999931335449,0.0,6061.47998046875,19692.330078125,0.0,0.0,1.0,0.0,15.770000457763672,4.421999931335449,0.0,0.0,1.0,1.2246467991473532e-16,-1.0,0,30.0,7711426.9327636,0.0,0.0,0.0,60.0,60.0,-0.00861607885508995,0.018004628007783307,-0.018806768764084623,0.020203185450258464,-0.012240806840711048,0.01601406682637426
2021-06-08,8452731.158211429,8492897.962480256,8340763.93122066,8376914.66796875,14580500,0.0,15.770000457763672,4.421999931335449,0.0,6061.47998046875,19692.330078125,0.0,0.0,1.0,0.0,15.770000457763672,4.421999931335449,0.0,0.9510565162951535,0.30901699437494745,1.2246467991473532e-16,-1.0,0,30.0,7732141.389289521,0.0,0.0,0.0,60.0,60.0,-0.01027925679612178,0.020378770544237396,-0.003656230354669302,0.01615324445435856,-0.0072524138027577,0.011687826519289847
2021-06-09,8428630.420273283,8455241.273694534,8284530.051807342,8290806.2109375,13727900,0.0,15.770000457763672,4.421999931335449,0.0,6061.47998046875,19692.330078125,0.0,0.0,1.0,0.0,15.770000457763672,4.421999931335449,0.0,0.5877852522924732,-0.8090169943749473,1.2246467991473532e-16,-1.0,0,30.0,7749530.797911524,0.0,0.0,0.0,60.0,60.0,0.006691813308886225,0.016321012331284503,0.0030582798371646975,0.011809216488132357,0.019742496299282264,0.021226371383082573
2021-06-10,8304362.426862031,8383441.873892116,8248127.523487115,8346286.738281248,13240200,0.0,15.770000457763672,4.421999931335449,0.0,6061.47998046875,19692.330078125,0.0,0.0,1.0,0.0,15.770000457763672,4.421999931335449,0.0,-0.587785252292473,-0.8090169943749475,1.2246467991473532e-16,-1.0,0,30.0,7768105.858470981,0.0,0.0,0.0,60.0,60.0,-0.003609380173440071,0.011730716721850304,0.012963930785827955,0.02108527267477601,0.012903940831603341,0.014708582355238491
2021-06-11,8349299.353067236,8355575.511953944,8257667.586547831,8316161.81640625,13587900,0.0,15.770000457763672,4.421999931335449,0.0,6061.47998046875,19692.330078125,0.0,0.0,1.0,0.0,15.770000457763672,4.421999931335449,0.0,-0.9510565162951536,0.30901699437494723,1.2246467991473532e-16,-1.0,0,30.0,7785165.047864514,0.0,0.0,0.0,60.0,60.0,0.01663334703226423,0.021161653126006232,0.016573139767130544,0.014761863532796796,-0.0005435352333101101,0.02665575547112584
2021-06-14,8332227.975350556,8455743.113270247,8279759.38157172,8454487.421875,12250800,0.0,15.770000457763672,4.421999931335449,0.0,6061.47998046875,19692.330078125,0.0,0.0,1.0,0.0,15.770000457763672,4.421999931335449,0.0,0.0,1.0,1.2246467991473532e-16,-1.0,0,30.0,7805998.864152996,0.0,0.0,0.0,60.0,60.0,-5.922220170078133e-05,0.014520341651087221,-0.016895847766273606,0.02621963518011561,-0.0007719874058376118,0.023250340816643667
2021-06-15,8460011.59638906,8533568.766963383,8410806.721112939,8453986.728515625,15795200,0.0,15.770000457763672,4.421999931335449,0.0,6061.47998046875,19692.330078125,0.0,0.0,1.0,0.0,15.770000457763672,4.421999931335449,0.0,0.9510565162951535,0.30901699437494745,1.2246467991473532e-16,-1.0,0,30.0,7826168.606936652,0.0,0.0,0.0,60.0,60.0,-0.016837622725662044,0.026221188056603534,-0.0007128074181615226,0.023251717834567153,-0.02105423769987422,0.021232348928228926
2021-06-16,8452730.372720657,8474068.698205799,8252395.12236936,8311641.689453125,17232200,0.0,15.770000457763672,4.421999931335449,0.0,6061.47998046875,19692.330078125,0.0,0.0,1.0,0.0,15.770000457763672,4.421999931335449,0.0,0.5877852522924732,-0.8090169943749473,1.2246467991473532e-16,-1.0,0,30.0,7841279.796113428,0.0,0.0,0.0,60.0,60.0,0.016400968629621506,0.02364992637231386,-0.00428882865300651,0.021595973787251962,0.0036550555057371413,0.015917667125516333
2021-06-17,8296830.276493021,8484864.50682567,8288294.79283705,8447960.6640625,17794100,0.0,15.770000457763672,4.421999931335449,0.0,6061.47998046875,19692.330078125,0.0,0.0,1.0,0.0,15.770000457763672,4.421999931335449,0.0,-0.587785252292473,-0.8090169943749475,1.2246467991473532e-16,-1.0,0,30.0,7860163.787204947,0.0,0.0,0.0,60.0,60.0,-0.020355940146853026,0.021247494299783155,-0.012540241024237946,0.015660814596603127,0.007488583841052802,0.021752717574659935
2021-06-18,8398253.938441828,8438923.32660678,8259425.33055232,8275994.482421875,23039500,0.0,15.770000457763672,4.421999931335449,0.0,6061.47998046875,19692.330078125,0.0,0.0,1.0,0.0,15.770000457763672,4.421999931335449,0.0,-0.9510565162951536,0.30901699437494723,1.2246467991473532e-16,-1.0,0,30.0,7873107.236650661,0.0,0.0,0.0,60.0,60.0,0.007978100866335769,0.015986229323894183,0.028423102970766594,0.02220471543299182,0.03315529955399112,0.015834498907294325
2021-06-21,8311895.326137126,8357837.247258476,8225535.301579197,8342021.201171875,11337500,0.0,15.770000457763672,4.421999931335449,0.0,6061.47998046875,19692.330078125,0.0,0.0,1.0,0.0,15.770000457763672,4.421999931335449,0.0,0.0,1.0,1.2246467991473532e-16,-1.0,0,30.0,7887702.994645265,0.0,0.0,0.0,60.0,60.0,0.020283180841784935,0.022028966119310864,0.02497792230408189,0.01570916956795481,0.03277237319809795,0.009359248851022064
2021-06-22,8352060.640187907,8533567.417499837,8349801.315092648,8511223.925781248,15345300,0.0,15.770000457763672,4.421999931335449,0.0,6061.47998046875,19692.330078125,0.0,0.0,1.0,0.0,15.770000457763672,4.421999931335449,0.0,0.9510565162951535,0.30901699437494745,1.2246467991473532e-16,-1.0,0,30.0,7907111.161822895,0.0,0.0,0.0,60.0,60.0,0.004601410226544712,0.015396872028208828,0.012240907809544404,0.009173187431454288,0.006902205982993748,0.013096195672637142
2021-06-23,8519258.056298388,8621434.104809986,8490387.879221303,8550387.55859375,14817800,0.0,15.770000457763672,4.421999931335449,0.0,6061.47998046875,19692.330078125,0.0,0.0,1.0,0.0,15.770000457763672,4.421999931335449,0.0,0.5877852522924732,-0.8090169943749473,1.2246467991473532e-16,-1.0,0,30.0,7927134.252029515,0.0,0.0,0.0,60.0,60.0,0.007604506130721967,0.009131171167065822,0.0022902573428900427,0.01303621071931788,0.044188261084464775,0.04806373832362877
2021-06-24,8582020.20351234,8658589.03894421,8580513.986601941,8615409.033203125,12329100,0.0,15.770000457763672,4.421999931335449,0.0,6061.47998046875,19692.330078125,0.0,0.0,1.0,0.0,15.770000457763672,4.421999931335449,0.0,-0.587785252292473,-0.8090169943749475,1.2246467991473532e-16,-1.0,0,30.0,7948557.994761966,0.0,0.0,0.0,60.0,60.0,-0.005274141546110233,0.012937824950166134,0.03630765318252418,0.04770099580856103,0.025380317471119962,0.022408073024182483
2021-06-25,8600597.835471837,8639007.900944142,8527543.24699848,8569970.146484375,14594400,0.0,15.770000457763672,4.421999931335449,0.0,6061.47998046875,19692.330078125,0.0,0.0,1.0,0.0,15.770000457763672,4.421999931335449,0.0,-0.9510565162951536,0.30901699437494723,1.2246467991473532e-16,-1.0,0,30.0,7967900.522533396,0.0,0.0,0.0,60.0,60.0,0.04180226579538741,0.04795391152563688,0.03081699219609779,0.022526882993683835,0.0185721331851334,0.016843892639683167
2021-06-28,8597334.587133259,8990975.914853152,8580012.32467129,8928214.31640625,29156100,0.0,15.770000457763672,4.421999931335449,0.0,6061.47998046875,19692.330078125,0.0,0.0,1.0,0.0,15.770000457763672,4.421999931335449,0.0,0.0,1.0,1.2246467991473532e-16,-1.0,1,30.0,7997791.9499470135,0.0,0.0,0.0,60.0,60.0,-0.0105444900246043,0.021622992897299163,-0.022298024656836814,0.016168032257852037,-0.003514887614672161,0.022972703553179753
2021-06-29,8944028.513229385,8955827.722954737,8762773.00820552,8834070.849609375,21417300,0.0,15.770000457763672,4.421999931335449,0.0,6061.47998046875,19692.330078125,0.0,0.0,1.0,0.0,15.770000457763672,4.421999931335449,0.0,0.9510565162951535,0.30901699437494745,1.2246467991473532e-16,-1.0,1,30.0,8023822.576796419,0.0,0.0,0.0,60.0,60.0,-0.011878790419313329,0.01634033273335764,0.007104515907043603,0.023217520466130917,0.007985331958750282,0.010855684291716405
2021-06-30,8841100.001669407,8859928.478678886,8715576.821606213,8729132.7734375,15107500,0.0,15.770000457763672,4.421999931335449,0.0,6061.47998046875,19692.330078125,0.0,0.0,1.0,0.0,15.770000457763672,4.421999931335449,0.0,0.5877852522924732,-0.8090169943749473,1.2246467991473532e-16,-1.0,1,30.0,8045776.57629246,0.0,0.0,0.0,60.0,60.0,0.019211515897338723,0.02349663203361799,0.020102920760594778,0.010986186903449892,0.014581177587716678,0.027638021574032456
2021-07-01,8706790.361113986,8903861.91417719,8698756.693427134,8896832.646484375,17137000,0.0,15.770000457763672,4.421999931335449,0.0,6061.47998046875,19692.330078125,0.0,0.0,1.0,0.0,15.770000457763672,4.421999931335449,0.0,-0.587785252292473,-0.8090169943749475,-0.4999999999999997,-0.8660254037844388,0,30.0,8072267.16812705,0.0,0.0,0.0,60.0,60.0,0.0008746024248668737,0.010779103976054846,-0.004543059254531071,0.027117061711865828,-0.011005110345499175,0.018313125494432276
2021-07-02,8914655.538096791,8948295.655160388,8852395.771006374,8904613.837890625,11521300,0.0,15.770000457763672,4.421999931335449,0.0,6061.47998046875,19692.330078125,0.0,0.0,1.0,0.0,15.770000457763672,4.421999931335449,0.0,-0.9510565162951536,0.30901699437494723,-0.4999999999999997,-0.8660254037844388,0,30.0,8098175.397520796,0.0,0.0,0.0,60.0,60.0,-0.005412927519863444,0.027093365788449446,-0.011869331823971254,0.018297122786475137,-0.025514410922093334,0.016267239236940283
2021-07-06,8949803.088861968,9007292.922098607,8766036.962183747,8856413.80859375,13488500,0.0,15.770000457763672,4.421999931335449,0.0,6061.47998046875,19692.330078125,0.0,0.0,1.0,0.0,15.770000457763672,4.421999931335449,0.0,0.9510565162951535,0.30901699437494745,-0.4999999999999997,-0.8660254037844388,0,30.0,8121776.879214372,0.0,0.0,0.0,60.0,60.0,-0.0064915425534417,0.018396702805365046,-0.020210883449454195,0.016355771844465797,-0.006689631250138287,0.015420383037533843
2021-07-07,8918671.603686024,8949549.810008671,8786620.99725064,8798922.021484375,14218900,0.0,15.770000457763672,4.421999931335449,0.0,6061.47998046875,19692.330078125,0.0,0.0,1.0,0.0,15.770000457763672,4.421999931335449,0.0,0.5877852522924732,-0.8090169943749473,-0.4999999999999997,-0.8660254037844388,0,30.0,8142854.19268955,0.0,0.0,0.0,60.0,60.0,-0.013808982493488707,0.01646263977108176,-0.00019938299992503409,0.015521139172952957,0.007618201721410043,0.01298179428662581
2021-07-08,8679426.661376966,8744698.106442254,8599844.622828718,8677417.861328125,14406500,0.0,15.770000457763672,4.421999931335449,0.0,6061.47998046875,19692.330078125,0.0,0.0,1.0,0.0,15.770000457763672,4.421999931335449,0.0,-0.587785252292473,-0.8090169943749475,-0.4999999999999997,-0.8660254037844388,0,30.0,8159493.411245438,0.0,0.0,0.0,60.0,60.0,0.01380016574068402,0.015738471449675804,0.021727214945716413,0.013163569791427448,0.018631468449835615,0.028034143312324386
2021-07-09,8669133.857810825,8804447.459487038,8667878.166219618,8797167.666015625,13018700,0.0,15.770000457763672,4.421999931335449,0.0,6061.47998046875,19692.330078125,0.0,0.0,1.0,0.0,15.770000457763672,4.421999931335449,0.0,-0.9510565162951536,0.30901699437494723,-0.4999999999999997,-0.8660254037844388,0,30.0,8179342.125093808,0.0,0.0,0.0,60.0,60.0,0.007819143725667946,0.01298438315189081,0.004765537501783536,0.02765253376324179,-0.007961914286623828,0.024170996976537747
2021-07-12,8817502.217254655,8891811.73068408,8777585.935057107,8865953.984375,10018600,0.0,15.770000457763672,4.421999931335449,0.0,6061.47998046875,19692.330078125,0.0,0.0,1.0,0.0,15.770000457763672,4.421999931335449,0.0,0.0,1.0,-0.4999999999999997,-0.8660254037844388,0,30.0,8200714.106505587,0.0,0.0,0.0,60.0,60.0,-0.0030299148839304174,0.027437992159006767,-0.015658621004114838,0.023983466802568677,-0.024634896126651488,0.02551253942098168
2021-07-13,8824279.255634233,8999760.41017842,8756496.434273023,8839090.8984375,11456000,0.0,15.770000457763672,4.421999931335449,0.0,6061.47998046875,19692.330078125,0.0,0.0,1.0,0.0,15.770000457763672,4.421999931335449,0.0,0.9510565162951535,0.30901699437494745,-0.4999999999999997,-0.8660254037844388,0,30.0,8220584.6880378,0.0,0.0,0.0,60.0,60.0,-0.012667086313541851,0.02405635551218818,-0.021670641441769806,0.025590075170622048,-0.031043045924101172,0.016615003119716244
2021-07-14,8901100.327377206,8917167.663331514,8704531.350274155,8727125.37109375,13894200,0.0,15.770000457763672,4.421999931335449,0.0,6061.47998046875,19692.330078125,0.0,0.0,1.0,0.0,15.770000457763672,4.421999931335449,0.0,0.5877852522924732,-0.8090169943749473,-0.4999999999999997,-0.8660254037844388,0,30.0,8236351.642709746,0.0,0.0,0.0,60.0,60.0,-0.009119067138773786,0.025918385598100852,-0.01861171582131098,0.016828166963136992,-0.03072244093548496,0.015102261465306023
2021-07-15,8767291.725014482,8767291.725014482,8541098.724483505,8647542.12890625,14781600,0.0,15.770000457763672,4.421999931335449,0.0,6061.47998046875,19692.330078125,0.0,0.0,1.0,0.0,15.770000457763672,4.421999931335449,0.0,-0.587785252292473,-0.8090169943749475,-0.4999999999999997,-0.8660254037844388,0,30.0,8249150.657624525,0.0,0.0,0.0,60.0,60.0,-0.009580009431735273,0.016983036412401925,-0.021802189425857835,0.015241247423842709,-0.008128492851169539,0.025982737228932018
2021-07-16,8658840.988467442,8685953.661047647,8539092.138194652,8564698.59375,11026100,0.0,15.770000457763672,4.421999931335449,0.0,6061.47998046875,19692.330078125,0.0,0.0,1.0,0.0,15.770000457763672,4.421999931335449,0.0,-0.9510565162951536,0.30901699437494723,-0.4999999999999997,-0.8660254037844388,0,30.0,8258972.632782909,0.0,0.0,0.0,60.0,60.0,-0.012340401153565113,0.01538867103752406,0.0014655566268739295,0.026234059768951278,0.014860942366422665,0.015447262937836199
2021-07-19,8474571.527924577,8530303.846343668,8398504.517148905,8459006.77734375,14372300,0.0,15.770000457763672,4.421999931335449,0.0,6061.47998046875,19692.330078125,0.0,0.0,1.0,0.0,15.770000457763672,4.421999931335449,0.0,0.0,1.0,-0.4999999999999997,-0.8660254037844388,0,30.0,8265199.041432017,0.0,0.0,0.0,60.0,60.0,0.013978457554165527,0.026561843574033094,0.027541213138371115,0.01564027014558282,0.04226160477012082,0.01878622319661177
2021-07-20,8505450.98201876,8622188.160720097,8397501.345908606,8577250.644531248,11024300,0.0,15.770000457763672,4.421999931335449,0.0,6061.47998046875,19692.330078125,0.0,0.0,1.0,0.0,15.770000457763672,4.421999931335449,0.0,0.9510565162951535,0.30901699437494745,-0.4999999999999997,-0.8660254037844388,0,30.0,8274912.187179038,0.0,0.0,0.0,60.0,60.0,0.013375782772466921,0.015424657229216663,0.027893242706731217,0.018527240945459864,0.08233324524678977,0.05309366786391476
2021-07-21,8573232.886114163,8699257.878500529,8566956.727339556,8691978.0859375,9279700,0.0,15.770000457763672,4.421999931335449,0.0,6061.47998046875,19692.330078125,0.0,0.0,1.0,0.0,15.770000457763672,4.421999931335449,0.0,0.5877852522924732,-0.8090169943749473,-0.4999999999999997,-0.8660254037844388,0,30.0,8287894.0844694525,0.0,0.0,0.0,60.0,60.0,0.014325840602334482,0.01828269558087494,0.06804727688051122,0.052392872186719584,0.07575885602744567,0.017964939996729632
2021-07-22,8703275.814714557,8825284.75513985,8666371.965799019,8816497.978515625,12385400,0.0,15.770000457763672,4.421999931335449,0.0,6061.47998046875,19692.330078125,0.0,0.0,1.0,0.0,15.770000457763672,4.421999931335449,0.0,-0.587785252292473,-0.8090169943749475,-0.4999999999999997,-0.8660254037844388,0,30.0,8304347.794734983,0.0,0.0,0.0,60.0,60.0,0.05296270106485257,0.05165290096090548,0.06056536565077607,0.01771121199678947,0.04732460287993481,0.024488181498369125
2021-07-23,9060514.235983476,9422522.656682251,8967124.95977596,9283443.525390625,33694300,0.0,15.770000457763672,4.421999931335449,0.0,6061.47998046875,19692.330078125,0.0,0.0,1.0,0.0,15.770000457763672,4.421999931335449,0.0,-0.9510565162951536,0.30901699437494723,-0.4999999999999997,-0.8660254037844388,0,30.0,8334823.842406672,0.0,0.0,0.0,60.0,60.0,0.0072202601082023005,0.01682036028330184,-0.005354508929153894,0.02325645673261211,0.009437787365862198,0.02871898951989783
2021-07-26,9278170.928915292,9400179.856858985,9244028.99209223,9350472.402343752,14925200,0.0,15.770000457763672,4.421999931335449,0.0,6061.47998046875,19692.330078125,0.0,0.0,1.0,0.0,15.770000457763672,4.421999931335449,0.0,0.0,1.0,-0.4999999999999997,-0.8660254037844388,0,30.0,8366437.660096936,0.0,0.0,0.0,60.0,60.0,-0.012484626784617427,0.023089742783881005,0.002201630909828676,0.028513117395804415,-0.03796377688445978,0.023572998135577127
2021-07-27,9336664.395361407,9367793.895933818,9151893.893255923,9233735.244140625,15705400,0.0,15.770000457763672,4.421999931335449,0.0,6061.47998046875,19692.330078125,0.0,0.0,1.0,0.0,15.770000457763672,4.421999931335449,0.0,0.9510565162951535,0.30901699437494745,-0.4999999999999997,-0.8660254037844388,0,30.0,8393433.797133561,0.0,0.0,0.0,60.0,60.0,0.014871928167180998,0.028873593433755635,-0.02580126931784505,0.023871018897480722,-0.031293302723725394,0.02117943785529968
2021-07-28,9403192.595512941,9478255.213560222,9211644.096245965,9371058.691406252,29676900,0.0,15.770000457763672,4.421999931335449,0.0,6061.47998046875,19692.330078125,0.0,0.0,1.0,0.0,15.770000457763672,4.421999931335449,0.0,0.5877852522924732,-0.8090169943749473,-0.4999999999999997,-0.8660254037844388,0,30.0,8423864.062479286,0.0,0.0,0.0,60.0,60.0,-0.04007717265219884,0.023521213105766804,-0.04548872582797614,0.020869074478736364,-0.057142010358292375,0.0231997538285158
2021-07-29,9062773.393400975,9176246.069776515,8955827.4012693,8995493.154296875,33413200,0.0,15.770000457763672,4.421999931335449,0.0,6061.47998046875,19692.330078125,0.0,0.0,1.0,0.0,15.770000457763672,4.421999931335449,0.0,-0.587785252292473,-0.8090169943749475,-0.4999999999999997,-0.8660254037844388,0,30.0,8441657.006424578,0.0,0.0,0.0,60.0,60.0,-0.0056374877454774585,0.021740366917199102,-0.01777730169543158,0.024168353087940495,-0.0197587800529006,0.016940102594871522
2021-07-30,8887040.817648428,9055995.28753182,8860429.965756252,8944781.171875,15976200,0.0,15.770000457763672,4.421999931335449,0.0,6061.47998046875,19692.330078125,0.0,0.0,1.0,0.0,15.770000457763672,4.421999931335449,0.0,-0.9510565162951536,0.30901699437494723,-0.4999999999999997,-0.8660254037844388,0,30.0,8457317.616077775,0.0,0.0,0.0,60.0,60.0,-0.012208640008390368,0.024305374337919763,-0.014201352256739722,0.017036143645905506,0.00735338764532206,0.0251754173041601
2021-08-02,8989970.927460298,9022606.650067529,8805200.39531433,8835577.55859375,13180400,0.0,15.770000457763672,4.421999931335449,0.0,6061.47998046875,19692.330078125,0.0,0.0,1.0,0.0,15.770000457763672,4.421999931335449,0.0,0.0,1.0,-0.8660254037844385,-0.5000000000000004,0,30.0,8469091.610876597,0.0,0.0,0.0,60.0,60.0,-0.0020173412413389403,0.017246702427170666,0.01980380518197546,0.025486573707603537,0.031311224656408475,0.019889187944777714
2021-08-03,8855159.616786018,8881267.889808571,8728883.312883317,8817753.18359375,12406100,0.0,15.770000457763672,4.421999931335449,0.0,6061.47998046875,19692.330078125,0.0,0.0,1.0,0.0,15.770000457763672,4.421999931335449,0.0,0.9510565162951535,0.30901699437494745,-0.8660254037844385,-0.5000000000000004,0,30.0,8479944.305233844,0.0,0.0,0.0,60.0,60.0,0.021865256106209898,0.025538092755344032,0.033395936898546,0.01992939232983952,0.034933261846396294,0.010676459045588088
2021-08-04,8847375.493458258,9049718.783170033,8824530.184473686,9010555.615234375,14180600,0.0,15.770000457763672,4.421999931335449,0.0,6061.47998046875,19692.330078125,0.0,0.0,1.0,0.0,15.770000457763672,4.421999931335449,0.0,0.5877852522924732,-0.8090169943749473,-0.8660254037844385,-0.5000000000000004,0,30.0,8496460.499791933,0.0,0.0,0.0,60.0,60.0,0.011283954242923822,0.019502955219144975,0.012788384439237794,0.010448010617633138,0.00749466694008008,0.01401426163586096
2021-08-05,9028632.20664561,9135577.441524869,8959844.978861338,9112230.3125,10247200,0.0,15.770000457763672,4.421999931335449,0.0,6061.47998046875,19692.330078125,0.0,0.0,1.0,0.0,15.770000457763672,4.421999931335449,0.0,-0.587785252292473,-0.8090169943749475,-0.8660254037844385,-0.5000000000000004,0,30.0,8515627.400003055,0.0,0.0,0.0,60.0,60.0,0.0014876436929529156,0.010331431220477357,-0.0037470062557064016,0.01385788984099173,-0.005069299761855092,0.013940538991792473
2021-08-06,9072814.886501811,9166957.267240554,9072814.886501811,9125786.064453125,8925000,0.0,15.770000457763672,4.421999931335449,0.0,6061.47998046875,19692.330078125,0.0,0.0,1.0,0.0,15.770000457763672,4.421999931335449,0.0,-0.9510565162951536,0.30901699437494723,-0.8660254037844385,-0.5000000000000004,0,30.0,8534619.643521816,0.0,0.0,0.0,60.0,60.0,-0.00522687422218882,0.013837304861686774,-0.006547203548742242,0.013919831242637395,-0.0097658550053864,0.01251681680981665
2021-08-09,9132062.306873368,9182773.39395503,9056497.110078659,9078086.728515625,7798900,0.0,15.770000457763672,4.421999931335449,0.0,6061.47998046875,19692.330078125,0.0,0.0,1.0,0.0,15.770000457763672,4.421999931335449,0.0,0.0,1.0,-0.8660254037844385,-0.5000000000000004,0,30.0,8551535.99630675,0.0,0.0,0.0,60.0,60.0,-0.001327266783087912,0.01399297074069377,-0.004562830122344287,0.0125825843958438,0.0028759146629836105,0.016288305328405233
2021-08-10,9083610.47177336,9140598.488108138,9013569.086134538,9066037.685546875,7469900,0.0,15.770000457763672,4.421999931335449,0.0,6061.47998046875,19692.330078125,0.0,0.0,1.0,0.0,15.770000457763672,4.421999931335449,0.0,0.9510565162951535,0.30901699437494745,-0.8660254037844385,-0.5000000000000004,0,30.0,8567550.751061808,0.0,0.0,0.0,60.0,60.0,-0.003239863502464936,0.012599307037564686,0.0042087676035093965,0.01630995298723892,0.005676590090679247,0.008805672821156834
2021-08-11,9090389.252104567,9096915.936783884,8982690.144369546,9036664.9609375,8400300,0.0,15.770000457763672,4.421999931335449,0.0,6061.47998046875,19692.330078125,0.0,0.0,1.0,0.0,15.770000457763672,4.421999931335449,0.0,0.5877852522924732,-0.8090169943749473,-0.8660254037844385,-0.5000000000000004,0,30.0,8582152.742037505,0.0,0.0,0.0,60.0,60.0,0.007472842094335454,0.016362966766056315,0.008945435583404505,0.008834294730223303,0.018335406751340436,0.026586308833559336
2021-08-12,8998755.53780724,9112981.30557004,8965114.657138234,9104194.53125,7170700,0.0,15.770000457763672,4.421999931335449,0.0,6061.47998046875,19692.330078125,0.0,0.0,1.0,0.0,15.770000457763672,4.421999931335449,0.0,-0.587785252292473,-0.8090169943749475,-0.8660254037844385,-0.5000000000000004,0,30.0,8598402.195442531,0.0,0.0,0.0,60.0,60.0,0.0014616706550697914,0.008768767118187089,0.01078199252937069,0.026389107202425124,-0.011581170217814265,0.026471827243956768
2021-08-13,9112230.105991108,9154657.003734697,9074824.442091493,9117501.865234375,7195700,0.0,15.770000457763672,4.421999931335449,0.0,6061.47998046875,19692.330078125,0.0,0.0,1.0,0.0,15.770000457763672,4.421999931335449,0.0,-0.9510565162951536,0.30901699437494723,-0.8660254037844385,-0.5000000000000004,0,30.0,8614560.070293058,0.0,0.0,0.0,60.0,60.0,0.00930671851694968,0.026350591316354272,-0.013023804360233333,0.026433190624900484,-0.021284164354611668,0.01296875246737773
2021-08-16,9100932.938346522,9212147.065070339,8971895.49959345,9202355.888671875,11222100,0.0,15.770000457763672,4.421999931335449,0.0,6061.47998046875,19692.330078125,0.0,0.0,1.0,0.0,15.770000457763672,4.421999931335449,0.0,0.0,1.0,-0.8660254037844385,-0.5000000000000004,0,30.0,8632856.231557865,0.0,0.0,0.0,60.0,60.0,-0.02212461531019523,0.026189452759950674,-0.030308807333127467,0.01284916886953224,-0.031209117080256674,0.01792341541995862
2021-08-17,9112481.277953481,9154908.175140364,8913903.510313738,8998757.3046875,12328700,0.0,15.770000457763672,4.421999931335449,0.0,6061.47998046875,19692.330078125,0.0,0.0,1.0,0.0,15.770000457763672,4.421999931335449,0.0,0.9510565162951535,0.30901699437494745,-0.8660254037844385,-0.5000000000000004,0,30.0,8644245.535175923,0.0,0.0,0.0,60.0,60.0,-0.008369360913536414,0.013139883742557002,-0.009290040338772992,0.01832893607976866,0.0025665685774572686,0.018635772118083017
2021-08-18,8943526.860018205,9034154.231122686,8915911.606311606,8923443.457031248,10042400,0.0,15.770000457763672,4.421999931335449,0.0,6061.47998046875,19692.330078125,0.0,0.0,1.0,0.0,15.770000457763672,4.421999931335449,0.0,0.5877852522924732,-0.8090169943749473,-0.8660254037844385,-0.5000000000000004,0,30.0,8652936.053283293,0.0,0.0,0.0,60.0,60.0,-0.0009284499580254498,0.018483632269222873,0.01102822871736635,0.018793058003180662,0.022225305816148275,0.01853986764461042
2021-08-19,8820514.281522058,8976665.152861824,8811727.505426856,8915158.486328125,12004500,0.0,15.770000457763672,4.421999931335449,0.0,6061.47998046875,19692.330078125,0.0,0.0,1.0,0.0,15.770000457763672,4.421999931335449,0.0,-0.587785252292473,-0.8090169943749475,-0.8660254037844385,-0.5000000000000004,0,30.0,8661098.17994738,0.0,0.0,0.0,60.0,60.0,0.011967790169672489,0.018810522632128897,0.02317527285528344,0.01855709698052306,0.02925755965527766,0.01723359435069331
2021-08-20,8902104.390319519,9037417.98470527,8869719.194229178,9021853.232421875,8697700,0.0,15.770000457763672,4.421999931335449,0.0,6061.47998046875,19692.330078125,0.0,0.0,1.0,0.0,15.770000457763672,4.421999931335449,0.0,-0.9510565162951536,0.30901699437494723,-0.8660254037844385,-0.5000000000000004,0,30.0,8672327.304774016,0.0,0.0,0.0,60.0,60.0,0.011074940126040808,0.018337636000659338,0.017085296245156447,0.017029785451771962,0.025099560472506378,0.015193231679000765
2021-08-23,9023610.49731572,9180514.473570885,9015075.012943361,9121769.716796875,10942000,0.0,15.770000457763672,4.421999931335449,0.0,6061.47998046875,19692.330078125,0.0,0.0,1.0,0.0,15.770000457763672,4.421999931335449,0.0,0.0,1.0,-0.8660254037844385,-0.5000000000000004,0,30.0,8686316.977024948,0.0,0.0,0.0,60.0,60.0,0.005944520906003648,0.016843247494245112,0.013870999853598645,0.015026810650758265,0.0028347395954605274,0.014614001722288378
2021-08-24,9129550.545252355,9237500.15616517,9083859.93123965,9175994.267578125,9235100,0.0,15.770000457763672,4.421999931335449,0.0,6061.47998046875,19692.330078125,0.0,0.0,1.0,0.0,15.770000457763672,4.421999931335449,0.0,0.9510565162951535,0.30901699437494745,-0.8660254037844385,-0.5000000000000004,0,30.0,8701559.029444361,0.0,0.0,0.0,60.0,60.0,0.007879638273148519,0.014938011330112293,-0.0030914043925029753,0.014527641851586687,0.01947974040913436,0.02642883798070859
2021-08-25,9178255.630009197,9310305.502386522,9173234.396052394,9248297.783203125,9684500,0.0,15.770000457763672,4.421999931335449,0.0,6061.47998046875,19692.330078125,0.0,0.0,1.0,0.0,15.770000457763672,4.421999931335449,0.0,0.5877852522924732,-0.8090169943749473,-0.8660254037844385,-0.5000000000000004,0,30.0,8718577.218576835,0.0,0.0,0.0,60.0,60.0,-0.010885270670264496,0.014414064239334804,0.011509412131651839,0.026222216400750453,0.03330706466904695,0.029778226374532518
2021-08-26,9248046.104463583,9274656.957828473,9141351.399476886,9147627.558593752,7888700,0.0,15.770000457763672,4.421999931335449,0.0,6061.47998046875,19692.330078125,0.0,0.0,1.0,0.0,15.770000457763672,4.421999931335449,0.0,-0.587785252292473,-0.8090169943749475,-0.8660254037844385,-0.5000000000000004,0,30.0,8731932.15232455,0.0,0.0,0.0,60.0,60.0,0.022641137714218336,0.02651079356438226,0.044678674807782884,0.03010593765468588,0.04116578160503262,0.010867835202878788
2021-08-27,9165702.383177869,9382606.030986583,9140095.16517685,9354740.253906252,11219100,0.0,15.770000457763672,4.421999931335449,0.0,6061.47998046875,19692.330078125,0.0,0.0,1.0,0.0,15.770000457763672,4.421999931335449,0.0,-0.9510565162951536,0.30901699437494723,-0.8660254037844385,-0.5000000000000004,0,30.0,8751318.131447261,0.0,0.0,0.0,60.0,60.0,0.02154962897622356,0.029439396230409733,0.018114510758114134,0.010627222788211219,0.025279741981411412,0.01481359270385477
2021-08-30,9352983.717871085,9577167.947645122,9301770.042677812,9556331.435546875,13547300,0.0,15.770000457763672,4.421999931335449,0.0,6061.47998046875,19692.330078125,0.0,0.0,1.0,0.0,15.770000457763672,4.421999931335449,0.0,0.0,1.0,-0.8660254037844385,-0.5000000000000004,0,30.0,8776375.562567923,0.0,0.0,0.0,60.0,60.0,-0.0033626542662954476,0.010403041112022728,0.0036514261269186637,0.014501099392205402,-0.014133352213431871,0.020201761226391085
2021-08-31,9538506.623069441,9609050.587965673,9509635.679161564,9524196.796875,12345400,0.0,15.770000457763672,4.421999931335449,0.0,6061.47998046875,19692.330078125,0.0,0.0,1.0,0.0,15.770000457763672,4.421999931335449,0.0,0.9510565162951535,0.30901699437494745,-0.8660254037844385,-0.5000000000000004,0,30.0,8799652.791619645,0.0,0.0,0.0,60.0,60.0,0.007037745899488129,0.014550026099543744,-0.01080703828051642,0.02026992196596742,-0.008223866466298526,0.0106753611771737
2021-09-01,9529468.48509572,9648464.212048259,9509886.900076536,9591225.673828125,11567200,0.0,15.770000457763672,4.421999931335449,0.0,6061.47998046875,19692.330078125,0.0,0.0,1.0,0.0,15.770000457763672,4.421999931335449,0.0,0.5877852522924732,-0.8090169943749473,-1.0,-1.8369701987210297e-16,0,30.0,8824291.866367724,0.0,0.0,0.0,60.0,60.0,-0.017720074796268487,0.020128264356031943,-0.015154955638882186,0.010600755751849647,0.0003402462852224282,0.0256772608767779
2021-09-02,9577419.315171167,9583695.474617545,9390640.748756371,9421268.4375,14832900,0.0,15.770000457763672,4.421999931335449,0.0,6061.47998046875,19692.330078125,0.0,0.0,1.0,0.0,15.770000457763672,4.421999931335449,0.0,-0.587785252292473,-0.8090169943749475,-1.0,-1.8369701987210297e-16,0,30.0,8842873.794437237,0.0,0.0,0.0,60.0,60.0,0.0026113932409381965,0.010791990633068243,0.01838612458433891,0.026140471995752396,0.006102012860927464,0.016201198744239788
2021-09-03,9407962.826739062,9468465.094558757,9366790.853829635,9445871.074218752,7509600,0.0,15.770000457763672,4.421999931335449,0.0,6061.47998046875,19692.330078125,0.0,0.0,1.0,0.0,15.770000457763672,4.421999931335449,0.0,-0.9510565162951536,0.30901699437494723,-1.0,-1.8369701987210297e-16,0,30.0,8861643.127474472,0.0,0.0,0.0,60.0,60.0,0.01573364461021029,0.02607238674124119,0.003481527981350632,0.016159001237627535,0.00462431399760936,0.008664165120940464
2021-09-07,9436330.16145176,9614070.63704682,9367794.233291885,9594489.052734375,10793800,0.0,15.770000457763672,4.421999931335449,0.0,6061.47998046875,19692.330078125,0.0,0.0,1.0,0.0,15.770000457763672,4.421999931335449,0.0,0.9510565162951535,0.30901699437494745,-1.0,-1.8369701987210297e-16,0,30.0,8884454.224136738,0.0,0.0,0.0,60.0,60.0,-0.012062332181151122,0.01590869941482403,-0.010937247842040474,0.00852995779643132,-0.009131741570571743,0.014469619541663325
2021-09-08,9543778.050822437,9561602.127000812,9408966.284622042,9478757.138671875,11067200,0.0,15.770000457763672,4.421999931335449,0.0,6061.47998046875,19692.330078125,0.0,0.0,1.0,0.0,15.770000457763672,4.421999931335449,0.0,0.5877852522924732,-0.8090169943749473,-1.0,-1.8369701987210297e-16,0,30.0,8902952.930021357,0.0,0.0,0.0,60.0,60.0,0.0011388211784601643,0.0086341052419467,0.0029663719747112026,0.014646287931918916,-0.0028073341972161226,0.019598999891538214
2021-09-09,9480514.447459068,9535492.891633503,9453652.304935357,9489551.748046875,9098900,0.0,15.770000457763672,4.421999931335449,0.0,6061.47998046875,19692.330078125,0.0,0.0,1.0,0.0,15.770000457763672,4.421999931335449,0.0,-0.587785252292473,-0.8090169943749475,-1.0,-1.8369701987210297e-16,0,30.0,8921211.83258017,0.0,0.0,0.0,60.0,60.0,0.0018254719101790423,0.014629627402400083,-0.003941666522362193,0.019576705524682228,-0.0038888226307786725,0.009206378912934986
2021-09-10,9573903.607218822,9634908.454895964,9496079.848606244,9506874.658203125,11549600,0.0,15.770000457763672,4.421999931335449,0.0,6061.47998046875,19692.330078125,0.0,0.0,1.0,0.0,15.770000457763672,4.421999931335449,0.0,-0.9510565162951536,0.30901699437494723,-1.0,-1.8369701987210297e-16,0,30.0,8939441.600756928,0.0,0.0,0.0,60.0,60.0,-0.005756629866422783,0.019541033916172398,-0.0057038822641056214,0.009189603549789163,-0.012596127433338189,0.02611630370065922
2021-09-13,9581937.643557152,9583695.152014835,9397920.991882088,9452147.099609375,13026300,0.0,15.770000457763672,4.421999931335449,0.0,6061.47998046875,19692.330078125,0.0,0.0,1.0,0.0,15.770000457763672,4.421999931335449,0.0,0.0,1.0,-1.0,-1.8369701987210297e-16,0,30.0,8955400.445980007,0.0,0.0,0.0,60.0,60.0,5.3053008852425054e-05,0.009242810991593069,-0.00687909798784629,0.02626751606817401,-0.009163234068977236,0.010225506946300153
2021-09-14,9474489.475196559,9504364.053333553,9416999.644227128,9452648.564453125,8711600,0.0,15.770000457763672,4.421999931335449,0.0,6061.47998046875,19692.330078125,0.0,0.0,1.0,0.0,15.770000457763672,4.421999931335449,0.0,0.9510565162951535,0.30901699437494745,-1.0,-1.8369701987210297e-16,0,30.0,8970878.153509844,0.0,0.0,0.0,60.0,60.0,-0.006931783244740869,0.026266122571340714,-0.00921579815200872,0.010224964481169017,-0.0313653153095432,0.026080279848421574
2021-09-15,9464446.78725212,9478505.320658756,9230220.894841023,9387124.853515625,17940300,0.0,15.770000457763672,4.421999931335449,0.0,6061.47998046875,19692.330078125,0.0,0.0,1.0,0.0,15.770000457763672,4.421999931335449,0.0,0.5877852522924732,-0.8090169943749473,-1.0,-1.8369701987210297e-16,0,30.0,8983834.551822081,0.0,0.0,0.0,60.0,60.0,-0.0022999577156246316,0.010296336453680856,-0.02460408222975477,0.026262324589982358,-0.048726969089669586,0.030033191513929018
2021-09-16,9358756.887789924,9378087.180501767,9281434.18467726,9365534.86328125,11934200,0.0,15.770000457763672,4.421999931335449,0.0,6061.47998046875,19692.330078125,0.0,0.0,1.0,0.0,15.770000457763672,4.421999931335449,0.0,-0.587785252292473,-0.8090169943749475,-1.0,-1.8369701987210297e-16,0,30.0,8995715.634053124,0.0,0.0,0.0,60.0,60.0,-0.022355541313861922,0.02632286606889487,-0.04653403769307631,0.03010242582045379,-0.041762640212263474,0.013000606749351891
2021-09-17,9324113.344987545,9324113.344987545,9077585.625117827,9156163.261718752,26299000,0.0,15.770000457763672,4.421999931335449,0.0,6061.47998046875,19692.330078125,0.0,0.0,1.0,0.0,15.770000457763672,4.421999931335449,0.0,-0.9510565162951536,0.30901699437494723,-1.0,-1.8369701987210297e-16,0,30.0,9000709.843910547,0.0,0.0,0.0,60.0,60.0,-0.024731379761215044,0.03079077015473356,-0.0198508759764085,0.013297888239272056,-0.05897688975334361,0.025087718684130105
2021-09-20,9020094.781349197,9063526.074418005,8781600.755927207,8929718.7109375,19822800,0.0,15.770000457763672,4.421999931335449,0.0,6061.47998046875,19692.330078125,0.0,0.0,1.0,0.0,15.770000457763672,4.421999931335449,0.0,0.0,1.0,-1.0,-1.8369701987210297e-16,0,30.0,8998500.122138765,0.0,0.0,0.0,60.0,60.0,0.0050042661924379365,0.013635103153443202,-0.0351139258266547,0.025723906381800353,-0.027382423978316892,0.01875179920322503
2021-09-21,9000011.85286717,9038673.206166511,8916915.570411647,8974405.400390625,11751900,0.0,15.770000457763672,4.421999931335449,0.0,6061.47998046875,19692.330078125,0.0,0.0,1.0,0.0,15.770000457763672,4.421999931335449,0.0,0.9510565162951535,0.30901699437494745,-1.0,-1.8369701987210297e-16,0,30.0,8997750.132259717,0.0,0.0,0.0,60.0,60.0,-0.039918429571532604,0.025595818094641547,-0.03222542556307262,0.018658427465455596,-0.012644069746120552,0.033512395677182984
2021-09-22,8717082.34958896,8782605.076660171,8552897.828524204,8616161.23046875,43692900,0.0,15.770000457763672,4.421999931335449,0.0,6061.47998046875,19692.330078125,0.0,0.0,1.0,0.0,15.770000457763672,4.421999931335449,0.0,0.5877852522924732,-0.8090169943749473,-1.0,-1.8369701987210297e-16,0,30.0,8985872.517847255,0.0,0.0,0.0,60.0,60.0,0.008012864995446931,0.01943421063392423,0.028408377647786726,0.034905779581027675,0.030214831455845075,0.0235133252760286
2021-09-23,8670138.429393286,8778340.136713091,8610891.84450431,8685201.3671875,21806300,0.0,15.770000457763672,4.421999931335449,0.0,6061.47998046875,19692.330078125,0.0,0.0,1.0,0.0,15.770000457763672,4.421999931335449,0.0,-0.587785252292473,-0.8090169943749475,-1.0,-1.8369701987210297e-16,0,30.0,8976513.608361874,0.0,0.0,0.0,60.0,60.0,0.020233385267788142,0.03462830762699179,0.022025479268559165,0.02332641387085353,-0.015348852082737448,0.03087059221011343
2021-09-24,8616915.292177133,8895828.205482364,8595074.380737025,8860932.392578125,18801900,0.0,15.770000457763672,4.421999931335449,0.0,6061.47998046875,19692.330078125,0.0,0.0,1.0,0.0,15.770000457763672,4.421999931335449,0.0,-0.9510565162951536,0.30901699437494723,-1.0,-1.8369701987210297e-16,0,30.0,8972915.943157358,0.0,0.0,0.0,60.0,60.0,0.0017565529874330062,0.02286380176113417,-0.03487656634681295,0.03025836309209838,-0.0378228738112359,0.017990727268036626
2021-09-27,8781852.885478519,8915911.553257145,8713316.951614426,8876497.08984375,15205800,0.0,15.770000457763672,4.421999931335449,0.0,6061.47998046875,19692.330078125,0.0,0.0,1.0,0.0,15.770000457763672,4.421999931335449,0.0,0.0,1.0,-1.0,-1.8369701987210297e-16,0,30.0,8969914.739620319,0.0,0.0,0.0,60.0,60.0,-0.036568884151542476,0.030205305871832885,-0.039510025345614506,0.017959181014972927,-0.040132323541523365,0.013151179010343211
2021-09-28,8735659.602504916,8776580.278875636,8508462.969206471,8551893.49609375,21710300,0.0,15.770000457763672,4.421999931335449,0.0,6061.47998046875,19692.330078125,0.0,0.0,1.0,0.0,15.770000457763672,4.421999931335449,0.0,0.9510565162951535,0.30901699437494745,-1.0,-1.8369701987210297e-16,1,30.0,8956903.105572471,0.0,0.0,0.0,60.0,60.0,-0.003052777874505209,0.018640856330612646,-0.0036986965973615123,0.013650357346784946,0.006928199999530897,0.018728829832161942
2021-09-29,8614657.10540069,8666875.185893454,8507460.56787807,8525786.46484375,14452200,0.0,15.770000457763672,4.421999931335449,0.0,6061.47998046875,19692.330078125,0.0,0.0,1.0,0.0,15.770000457763672,4.421999931335449,0.0,0.5877852522924732,-0.8090169943749473,-1.0,-1.8369701987210297e-16,1,30.0,8943483.854642123,0.0,0.0,0.0,60.0,60.0,-0.0006478966072839867,0.013692156459077481,0.010011540884538128,0.01878617986640458,-0.03939817644251555,0.038985863760881555
2021-09-30,8546873.489141308,8605868.769844558,8489132.367631232,8520262.63671875,16547100,0.0,15.770000457763672,4.421999931335449,0.0,6061.47998046875,19692.330078125,0.0,0.0,1.0,0.0,15.770000457763672,4.421999931335449,0.0,-0.587785252292473,-0.8090169943749475,-1.0,-1.8369701987210297e-16,1,30.0,8930310.362399371,0.0,0.0,0.0,60.0,60.0,0.010666348182621745,0.018798359259591373,-0.03877540228681927,0.039011138945450594,-0.018945786421677824,0.026577061675251843
2021-10-01,8575995.616058031,8661602.529529532,8501435.57149842,8611142.724609375,14905300,0.0,15.770000457763672,4.421999931335449,0.0,6061.47998046875,19692.330078125,0.0,0.0,1.0,0.0,15.770000457763672,4.421999931335449,0.0,-0.9510565162951536,0.30901699437494723,-0.8660254037844386,0.5000000000000001,0,30.0,8920375.71776791,0.0,0.0,0.0,60.0,60.0,-0.04891995321536833,0.0385994240488964,-0.029299614712162973,0.026296573268757454,-0.0273171361032308,0.025013892904981516
2021-10-04,8423358.843638271,8433651.83677068,8101266.687197913,8189886.025390625,42885000,0.0,15.770000457763672,4.421999931335449,0.0,6061.47998046875,19692.330078125,0.0,0.0,1.0,0.0,15.770000457763672,4.421999931335449,0.0,0.0,1.0,-0.8660254037844386,0.5000000000000001,0,30.0,8897637.96292859,0.0,0.0,0.0,60.0,60.0,0.020629534358897455,0.027649169339278766,0.02271398415430053,0.02630051275867615,0.009165154683827833,0.030224025288850213
2021-10-05,8248881.130016397,8414571.884262348,8188128.3386769295,8358839.560546875,35377900,0.0,15.770000457763672,4.421999931335449,0.0,6061.47998046875,19692.330078125,0.0,0.0,1.0,0.0,15.770000457763672,4.421999931335449,0.0,0.9510565162951535,0.30901699437494745,-0.8660254037844386,0.5000000000000001,0,30.0,8880866.930963304,0.0,0.0,0.0,60.0,60.0,0.002042317731587506,0.0257689121010952,-0.011232655228099886,0.029613120404001693,-0.00873984251965597,0.014085783155876781
2021-10-06,8278002.275314103,8394488.151928447,8179089.950025558,8375910.966796875,26443000,0.0,15.770000457763672,4.421999931335449,0.0,6061.47998046875,19692.330078125,0.0,0.0,1.0,0.0,15.770000457763672,4.421999931335449,0.0,0.5877852522924732,-0.8090169943749473,-0.8660254037844386,0.5000000000000001,0,30.0,8865149.303407874,0.0,0.0,0.0,60.0,60.0,-0.013247916504902837,0.029552764269516633,-0.010760184535571324,0.01405707414409805,-0.02454748266927957,0.01543577914315095
2021-10-07,8460261.61862186,8506454.053030942,8258922.730686734,8264947.59765625,28307500,0.0,15.770000457763672,4.421999931335449,0.0,6061.47998046875,19692.330078125,0.0,0.0,1.0,0.0,15.770000457763672,4.421999931335449,0.0,-0.587785252292473,-0.8090169943749475,-0.8660254037844386,0.5000000000000001,0,30.0,8846466.987446502,0.0,0.0,0.0,60.0,60.0,0.0025211317117465938,0.01424580133067223,-0.011451271655138977,0.015643016519891285,-0.016554395453916654,0.021292780448338277
2021-10-08,8322437.938492453,8369885.301077169,8252144.499592542,8285784.619140625,15946100,0.0,15.770000457763672,4.421999931335449,0.0,6061.47998046875,19692.330078125,0.0,0.0,1.0,0.0,15.770000457763672,4.421999931335449,0.0,-0.9510565162951536,0.30901699437494723,-0.8660254037844386,0.5000000000000001,0,30.0,8829014.779200038,0.0,0.0,0.0,60.0,60.0,-0.013937265684393609,0.015603677593490467,-0.019027556190354705,0.021239233543119528,-0.016694327915452948,0.013149512859778363
2021-10-11,8225031.35571968,8296077.13280434,8166788.420998167,8170303.4375,14708200,0.0,15.770000457763672,4.421999931335449,0.0,6061.47998046875,19692.330078125,0.0,0.0,1.0,0.0,15.770000457763672,4.421999931335449,0.0,0.0,1.0,-0.8660254037844386,0.5000000000000001,0,30.0,8808511.249644807,0.0,0.0,0.0,60.0,60.0,-0.005162237988330529,0.021539434362521547,-0.0027960312616143275,0.013335371475025884,0.009463977078039214,0.010508475825200219
2021-10-12,8109549.204292852,8143440.610552108,7967456.8959381925,8128126.38671875,31658700,0.0,15.770000457763672,4.421999931335449,0.0,6061.47998046875,19692.330078125,0.0,0.0,1.0,0.0,15.770000457763672,4.421999931335449,0.0,0.9510565162951535,0.30901699437494745,-0.8660254037844386,0.5000000000000001,0,30.0,8787333.094263526,0.0,0.0,0.0,60.0,60.0,0.0023784850325056775,0.01340456905059607,0.014702110861567976,0.010563004568655441,0.0030580793033361435,0.02026129558287177
2021-10-13,8208463.0970149925,8209216.205471105,8100262.1740683615,8147459.013671875,14761500,0.0,15.770000457763672,4.421999931335449,0.0,6061.47998046875,19692.330078125,0.0,0.0,1.0,0.0,15.770000457763672,4.421999931335449,0.0,0.5877852522924732,-0.8090169943749473,-0.8660254037844386,0.5000000000000001,0,30.0,8767415.907033721,0.0,0.0,0.0,60.0,60.0,0.01229438382115979,0.01053794023553179,0.0006779817015011329,0.02021321874462891,0.03327782279243808,0.025852019335024318
2021-10-14,8243358.876234051,8297584.98829117,8211727.552133651,8247627.001953125,14302200,0.0,15.770000457763672,4.421999931335449,0.0,6061.47998046875,19692.330078125,0.0,0.0,1.0,0.0,15.770000457763672,4.421999931335449,0.0,-0.587785252292473,-0.8090169943749475,-0.8660254037844386,0.5000000000000001,0,30.0,8751236.578543197,0.0,0.0,0.0,60.0,60.0,-0.01147532012951571,0.019967727834593954,0.020728593684448807,0.02553804481008713,0.03488252992466743,0.01576718162087163
2021-10-15,8251392.598064914,8261183.775060675,8096497.403804427,8152982.841796875,21596400,0.0,15.770000457763672,4.421999931335449,0.0,6061.47998046875,19692.330078125,0.0,0.0,1.0,0.0,15.770000457763672,4.421999931335449,0.0,-0.9510565162951536,0.30901699437494723,-0.8660254037844386,0.5000000000000001,0,30.0,8732614.896485552,0.0,0.0,0.0,60.0,60.0,0.032577753969869366,0.025834504014035444,0.046895996628285405,0.015950215449286945,0.04932864253191996,0.013948757223951266
2021-10-18,8258170.482111259,8432396.720690424,8221768.45273766,8418588.7109375,21585000,0.0,15.770000457763672,4.421999931335449,0.0,6061.47998046875,19692.330078125,0.0,0.0,1.0,0.0,15.770000457763672,4.421999931335449,0.0,0.0,1.0,-0.8660254037844386,0.5000000000000001,0,30.0,8722840.288445737,0.0,0.0,0.0,60.0,60.0,0.013866503130992148,0.015446987297532242,0.016222399231098854,0.013508674935445386,0.019502673888922083,0.013449066776794923
2021-10-19,8526789.613202991,8597333.58030533,8467291.74742433,8535325.09765625,18786300,0.0,15.770000457763672,4.421999931335449,0.0,6061.47998046875,19692.330078125,0.0,0.0,1.0,0.0,15.770000457763672,4.421999931335449,0.0,0.9510565162951535,0.30901699437494745,-0.8660254037844386,0.5000000000000001,0,30.0,8717003.553880816,0.0,0.0,0.0,60.0,60.0,0.0023236748554482257,0.013323918774047965,0.00555908567895722,0.01326512586742132,-0.045236638282064194,0.025059618793761847
2021-10-20,8622188.137829643,8635493.565185873,8521769.586874608,8555158.41796875,13639500,0.0,15.770000457763672,4.421999931335449,0.0,6061.47998046875,19692.330078125,0.0,0.0,1.0,0.0,15.770000457763672,4.421999931335449,0.0,0.5877852522924732,-0.8090169943749473,-0.8660254037844386,0.5000000000000001,0,30.0,8711965.84416266,0.0,0.0,0.0,60.0,60.0,0.003227910209719026,0.013234373486523076,-0.04745005463865892,0.02500152338252996,-0.03547752420414135,0.028874920317469556
2021-10-21,8542606.127430102,8593568.511563485,8480346.349823715,8582773.701171875,16354400,0.0,15.770000457763672,4.421999931335449,0.0,6061.47998046875,19692.330078125,0.0,0.0,1.0,0.0,15.770000457763672,4.421999931335449,0.0,-0.587785252292473,-0.8090169943749475,-0.8660254037844386,0.5000000000000001,0,30.0,8707944.51531279,0.0,0.0,0.0,60.0,60.0,-0.05051490726347915,0.024921080372757507,-0.03858089873692732,0.02878201455881886,-0.07625483224154435,0.06028426751292513
2021-10-22,8192898.272058297,8275241.4491034085,8061349.455875315,8149215.68359375,35224500,0.0,15.770000457763672,4.421999931335449,0.0,6061.47998046875,19692.330078125,0.0,0.0,1.0,0.0,15.770000457763672,4.421999931335449,0.0,-0.9510565162951536,0.30901699437494723,-0.8660254037844386,0.5000000000000001,0,30.0,8690553.11427066,0.0,0.0,0.0,60.0,60.0,0.012568926692842227,0.030313287463909433,-0.027109351347349635,0.06349153659609254,-0.038168863226228374,0.022149664321906997
2021-10-25,8041014.32174388,8273483.488096167,8026453.970473991,8251642.578125,38409000,0.0,15.770000457763672,4.421999931335449,0.0,6061.47998046875,19692.330078125,0.0,0.0,1.0,0.0,15.770000457763672,4.421999931335449,0.0,0.0,1.0,-0.8660254037844386,0.5000000000000001,0,30.0,8676891.264868258,0.0,0.0,0.0,60.0,60.0,-0.039185755156229546,0.06270342188305407,-0.0501079863123843,0.021874722537901844,-0.03580882215449055,0.05296785064377646
2021-10-26,8240848.78461362,8289802.369447249,7772396.143642905,7928295.732421875,65654000,0.0,15.770000457763672,4.421999931335449,0.0,6061.47998046875,19692.330078125,0.0,0.0,1.0,0.0,15.770000457763672,4.421999931335449,0.0,0.9510565162951535,0.30901699437494745,-0.8660254037844386,0.5000000000000001,0,30.0,8653589.934448157,0.0,0.0,0.0,60.0,60.0,-0.011367682374370625,0.022766859104445,0.003514657510399519,0.05512808633721818,0.024571561410366406,0.02026532617705637
2021-10-27,7887625.547713851,8014654.942998243,7834152.551119821,7838169.384765625,29971800,0.0,15.770000457763672,4.421999931335449,0.0,6061.47998046875,19692.330078125,0.0,0.0,1.0,0.0,15.770000457763672,4.421999931335449,0.0,0.5877852522924732,-0.8090169943749473,-0.8660254037844386,0.5000000000000001,0,30.0,8628208.559812644,0.0,0.0,0.0,60.0,60.0,0.01505346286930276,0.05576197070880483,0.03635248731404139,0.020498344850517367,0.05688309528039524,0.02386142099246759
2021-10-28,7857499.182282596,8172060.21692975,7734988.445285798,7956160.9765625,50806800,0.0,15.770000457763672,4.421999931335449,0.0,6061.47998046875,19692.330078125,0.0,0.0,1.0,0.0,15.770000457763672,4.421999931335449,0.0,-0.587785252292473,-0.8090169943749475,-0.8660254037844386,0.5000000000000001,0,30.0,8607289.916678127,0.0,0.0,0.0,60.0,60.0,0.02098315529561527,0.020194349953325277,0.04120928989577608,0.02350755094713662,0.035214019553959953,0.034677590902378416
2021-10-29,8038252.555203145,8184110.412615906,8023440.913570213,8123106.337890625,37059400,0.0,15.770000457763672,4.421999931335449,0.0,6061.47998046875,19692.330078125,0.0,0.0,1.0,0.0,15.770000457763672,4.421999931335449,0.0,-0.9510565162951536,0.30901699437494723,-0.8660254037844386,0.5000000000000001,0,30.0,8592218.865537275,0.0,0.0,0.0,60.0,60.0,0.019810448874942054,0.02302442584405837,0.013938392797699272,0.03396490012838446,0.024878834470758483,0.027660113797359998
2021-11-01,8185116.385720501,8371141.845183779,8184111.985683615,8284028.720703125,31518900,0.0,15.770000457763672,4.421999931335449,0.0,6061.47998046875,19692.330078125,0.0,0.0,1.0,0.0,15.770000457763672,4.421999931335449,0.0,0.0,1.0,-0.5000000000000004,0.8660254037844384,0,30.0,8582625.914356375,0.0,0.0,0.0,60.0,60.0,-0.00575798775519593,0.033305110931011385,0.004969929070061881,0.027122798974921973,0.01778878108778361,0.014000831065950596
2021-11-02,8319175.150718602,8404782.059136966,8128881.563638264,8236329.384765625,28353000,0.0,15.770000457763672,4.421999931335449,0.0,6061.47998046875,19692.330078125,0.0,0.0,1.0,0.0,15.770000457763672,4.421999931335449,0.0,0.9510565162951535,0.30901699437494745,-0.5000000000000004,0.8660254037844384,0,30.0,8571846.8360563,0.0,0.0,0.0,60.0,60.0,0.010790045776718158,0.027279876167859773,0.023683136050362163,0.014081914557542641,0.039776877956820895,0.02179344597274783
2021-11-03,8221517.480519077,8338505.1830741875,8113819.137380077,8325199.755859375,20786500,0.0,15.770000457763672,4.421999931335449,0.0,6061.47998046875,19692.330078125,0.0,0.0,1.0,0.0,15.770000457763672,4.421999931335449,0.0,0.5877852522924732,-0.8090169943749473,-0.5000000000000004,0.8660254037844384,0,30.0,8564169.519182608,0.0,0.0,0.0,60.0,60.0,0.012755458294740734,0.013931592041670455,0.028677401702970354,0.021560803911559262,0.021108325390864453,0.019450006669550206
2021-11-04,8385199.05945072,8467039.64543715,8351056.358773102,8431391.494140625,22495300,0.0,15.770000457763672,4.421999931335449,0.0,6061.47998046875,19692.330078125,0.0,0.0,1.0,0.0,15.770000457763672,4.421999931335449,0.0,-0.587785252292473,-0.8090169943749475,-0.5000000000000004,0.8660254037844384,0,30.0,8560036.573553182,0.0,0.0,0.0,60.0,60.0,0.01572140962344325,0.02128924977394143,0.008247664357384088,0.019205037613225777,-0.001429160828494204,0.020366225310856485
2021-11-05,8543358.867517412,8706037.189396933,8526539.189936288,8563944.853515625,26872800,0.0,15.770000457763672,4.421999931335449,0.0,6061.47998046875,19692.330078125,0.0,0.0,1.0,0.0,15.770000457763672,4.421999931335449,0.0,-0.9510565162951536,0.30901699437494723,-0.5000000000000004,0.8660254037844384,0,30.0,8560158.225525217,0.0,0.0,0.0,60.0,60.0,-0.007358066094944177,0.018907780648579252,-0.016885112678973323,0.020050995398833645,-0.039545044698907,0.02251338875700221
2021-11-08,8646538.113654805,8655826.70536813,8493901.514591327,8500930.78125,18342500,0.0,15.770000457763672,4.421999931335449,0.0,6061.47998046875,19692.330078125,0.0,0.0,1.0,0.0,15.770000457763672,4.421999931335449,0.0,0.0,1.0,-0.5000000000000004,0.8660254037844384,0,30.0,8558314.668905951,0.0,0.0,0.0,60.0,60.0,-0.00959766685107662,0.020199625578936585,-0.0324255680770398,0.022680271695186684,-0.03213025804325067,0.016124246897467054
2021-11-09,8535576.267320774,8568463.279295426,8396747.660441719,8419341.6796875,17556700,0.0,15.770000457763672,4.421999931335449,0.0,6061.47998046875,19692.330078125,0.0,0.0,1.0,0.0,15.770000457763672,4.421999931335449,0.0,0.9510565162951535,0.30901699437494745,-0.5000000000000004,0.8660254037844384,0,30.0,8553988.894304192,0.0,0.0,0.0,60.0,60.0,-0.02304911899125204,0.022900058830713933,-0.022750947203984323,0.016280501729232608,0.01645937588081632,0.0360198746934756
2021-11-10,8347040.142655696,8364613.694233353,8171810.274452628,8225283.271484375,21872600,0.0,15.770000457763672,4.421999931335449,0.0,6061.47998046875,19692.330078125,0.0,0.0,1.0,0.0,15.770000457763672,4.421999931335449,0.0,0.5877852522924732,-0.8090169943749473,-0.5000000000000004,0.8660254037844384,0,30.0,8543757.363395588,0.0,0.0,0.0,60.0,60.0,0.00030520652886851385,0.016664606220961917,0.040440615429174875,0.0368696885316111,0.06079847242912976,0.03189470793806013
2021-11-11,8280011.756881558,8346287.601754753,8209216.4949796,8227793.681640625,12376600,0.0,15.770000457763672,4.421999931335449,0.0,6061.47998046875,19692.330078125,0.0,0.0,1.0,0.0,15.770000457763672,4.421999931335449,0.0,-0.587785252292473,-0.8090169943749475,-0.5000000000000004,0.8660254037844384,0,30.0,8533922.447436016,0.0,0.0,0.0,60.0,60.0,0.04012316304898495,0.03685843909535529,0.06047480859384633,0.03188497643507932,0.04643921684308516,0.01763592706630235
2021-11-12,8289047.615568045,8582269.547807,8279005.9155031005,8557918.7890625,25414300,0.0,15.770000457763672,4.421999931335449,0.0,6061.47998046875,19692.330078125,0.0,0.0,1.0,0.0,15.770000457763672,4.421999931335449,0.0,-0.9510565162951536,0.30901699437494723,-0.5000000000000004,0.8660254037844384,0,30.0,8534669.375063656,0.0,0.0,0.0,60.0,60.0,0.019566572755867862,0.03065500083818217,0.006072409516951362,0.01695561419342392,-0.0003520302726201762,0.021121129530122167
2021-11-15,8644530.964610869,8878255.083306458,8615912.075654652,8725367.9296875,25076600,0.0,15.770000457763672,4.421999931335449,0.0,6061.47998046875,19692.330078125,0.0,0.0,1.0,0.0,15.770000457763672,4.421999931335449,0.0,0.0,1.0,-0.5000000000000004,0.8660254037844384,0,30.0,8540605.197332596,0.0,0.0,0.0,60.0,60.0,-0.013235195817024531,0.016630217826378163,-0.0195363437373672,0.02071579246957085,-0.025520864832441544,0.020600768036121736
2021-11-16,8631726.88788096,8702522.147151822,8557417.377865825,8609885.9765625,18181100,0.0,15.770000457763672,4.421999931335449,0.0,6061.47998046875,19692.330078125,0.0,0.0,1.0,0.0,15.770000457763672,4.421999931335449,0.0,0.9510565162951535,0.30901699437494745,-0.5000000000000004,0.8660254037844384,0,30.0,8542761.681386571,0.0,0.0,0.0,60.0,60.0,-0.006385663426210171,0.020993647505215974,-0.01245045320155023,0.020877080281738285,0.006822843695016449,0.03557269451964704
2021-11-17,8642019.256158547,8718839.377513884,8538086.466261828,8554906.142578125,13602800,0.0,15.770000457763672,4.421999931335449,0.0,6061.47998046875,19692.330078125,0.0,0.0,1.0,0.0,15.770000457763672,4.421999931335449,0.0,0.5877852522924732,-0.8090169943749473,-0.5000000000000004,0.8660254037844384,0,30.0,8543139.698741382,0.0,0.0,0.0,60.0,60.0,-0.00610376637303045,0.02101125105916572,0.013293394262780651,0.03580130963318208,0.0007044888438347892,0.0390878865721927
2021-11-18,8528546.737863725,8597333.193448294,8417583.912698986,8502688.994140625,17487200,0.0,15.770000457763672,4.421999931335449,0.0,6061.47998046875,19692.330078125,0.0,0.0,1.0,0.0,15.770000457763672,4.421999931335449,0.0,-0.587785252292473,-0.8090169943749475,-0.5000000000000004,0.8660254037844384,0,30.0,8541880.600613255,0.0,0.0,0.0,60.0,60.0,0.01951628347058539,0.03602117446660843,0.006850066421944529,0.03932793509997665,-0.004251530708025211,0.02332514997728788
2021-11-19,8590806.129698558,8839341.85505219,8533065.01135894,8668629.8828125,26488500,0.0,15.770000457763672,4.421999931335449,0.0,6061.47998046875,19692.330078125,0.0,0.0,1.0,0.0,15.770000457763672,4.421999931335449,0.0,-0.9510565162951536,0.30901699437494723,-0.5000000000000004,0.8660254037844384,0,30.0,8545825.891196785,0.0,0.0,0.0,60.0,60.0,-0.01242375159082616,0.038575092656782786,-0.02331283429598733,0.022878643877943364,-0.012279042033409574,0.025977418231677353
2021-11-22,8762773.719460838,8882773.860263368,8548380.65932652,8560932.978515625,27116800,0.0,15.770000457763672,4.421999931335449,0.0,6061.47998046875,19692.330078125,0.0,0.0,1.0,0.0,15.770000457763672,4.421999931335449,0.0,0.0,1.0,-0.5000000000000004,0.8660254037844384,0,30.0,8546296.125412786,0.0,0.0,0.0,60.0,60.0,-0.011026067832941227,0.023166458199857652,0.00014653000985968536,0.02630421526795808,-0.023137232743815888,0.017154938864403637
2021-11-23,8508715.160668647,8570723.649995737,8372397.153997172,8466539.550781248,17225000,0.0,15.770000457763672,4.421999931335449,0.0,6061.47998046875,19692.330078125,0.0,0.0,1.0,0.0,15.770000457763672,4.421999931335449,0.0,0.9510565162951535,0.30901699437494745,-0.5000000000000004,0.8660254037844384,0,30.0,8543813.564112172,0.0,0.0,0.0,60.0,60.0,0.011297161107491783,0.026597480896508343,-0.012246192257399993,0.017346199233799223,0.002312574321030623,0.01589329741029183
2021-11-24,8435158.010503717,8580262.781348623,8355074.157387187,8562187.412109375,13566200,0.0,15.770000457763672,4.421999931335449,0.0,6061.47998046875,19692.330078125,0.0,0.0,1.0,0.0,15.770000457763672,4.421999931335449,0.0,0.5877852522924732,-0.8090169943749473,-0.5000000000000004,0.8660254037844384,0,30.0,8544385.481903175,0.0,0.0,0.0,60.0,60.0,-0.023280351483543155,0.017152425519323174,-0.008884220318211868,0.015715754005367483,-0.04867183158834091,0.03629861209474897
2021-11-26,8430136.92397991,8479091.273313718,8332228.991445025,8362856.6796875,14750700,0.0,15.770000457763672,4.421999931335449,0.0,6061.47998046875,19692.330078125,0.0,0.0,1.0,0.0,15.770000457763672,4.421999931335449,0.0,-0.9510565162951536,0.30901699437494723,-0.5000000000000004,0.8660254037844384,0,30.0,8538735.084034292,0.0,0.0,0.0,60.0,60.0,0.014739266469347293,0.016090342842225196,-0.025996692237496167,0.037163798383582296,-0.0676033186850574,0.06066879778436989
2021-11-29,8457500.169535737,8552395.651522966,8417834.420406401,8486119.052734375,16650900,0.0,15.770000457763672,4.421999931335449,0.0,6061.47998046875,19692.330078125,0.0,0.0,1.0,0.0,15.770000457763672,4.421999931335449,0.0,0.0,1.0,-0.5000000000000004,0.8660254037844384,0,30.0,8537097.31907635,0.0,0.0,0.0,60.0,60.0,-0.04014426173590276,0.03662398767014198,-0.0811465446103263,0.059787572817063685,-0.08176765082121569,0.021891534710527773
2021-11-30,8410053.1491205,8430387.843205372,8119592.323650671,8145450.068359375,25390000,0.0,15.770000457763672,4.421999931335449,0.0,6061.47998046875,19692.330078125,0.0,0.0,1.0,0.0,15.770000457763672,4.421999931335449,0.0,0.9510565162951535,0.30901699437494745,-0.5000000000000004,0.8660254037844384,0,30.0,8524906.621160677,0.0,0.0,0.0,60.0,60.0,-0.0427171305435714,0.06228808187904334,-0.04336421341876747,0.022807109274690273,-0.05430561576442395,0.04391912767629263
2021-12-01,8291810.140809906,8297081.899663198,7789717.43886357,7797499.814453125,30329600,0.0,15.770000457763672,4.421999931335449,0.0,6061.47998046875,19692.330078125,0.0,0.0,1.0,0.0,15.770000457763672,4.421999931335449,0.0,0.5877852522924732,-0.8090169943749473,-2.4492935982947064e-16,1.0,0,30.0,8502264.826468788,0.0,0.0,0.0,60.0,60.0,-0.0006759578551358599,0.023824837989256796,-0.012105601792950508,0.04587894453938271,0.02340622801368419,0.04430138077825865
2021-12-02,7817584.196862231,7897919.345705457,7712145.175904851,7792229.033203125,24396200,0.0,15.770000457763672,4.421999931335449,0.0,6061.47998046875,19692.330078125,0.0,0.0,1.0,0.0,15.770000457763672,4.421999931335449,0.0,-0.587785252292473,-0.8090169943749475,-2.4492935982947064e-16,1.0,0,30.0,8480163.734608265,0.0,0.0,0.0,60.0,60.0,-0.011437375121370073,0.04590997774947158,0.02409847542257874,0.04433134690042475,0.04001413026356502,0.017848540045460718
2021-12-03,7876077.695793201,7876579.512703375,7518838.451170233,7703106.38671875,27471000,0.0,15.770000457763672,4.421999931335449,0.0,6061.47998046875,19692.330078125,0.0,0.0,1.0,0.0,15.770000457763672,4.421999931335449,0.0,-0.9510565162951536,0.30901699437494723,-2.4492935982947064e-16,1.0,0,30.0,8455976.480966285,0.0,0.0,0.0,60.0,60.0,0.035946989750205965,0.04484424737974238,0.05204678397714258,0.018055042337507005,0.07730421062604646,0.03154736491247692
2021-12-06,7735490.983476822,8035993.482576742,7690553.474178253,7980009.873046875,21758300,0.0,15.770000457763672,4.421999931335449,0.0,6061.47998046875,19692.330078125,0.0,0.0,1.0,0.0,15.770000457763672,4.421999931335449,0.0,0.0,1.0,-2.4492935982947064e-16,1.0,0,30.0,8441161.197252506,0.0,0.0,0.0,60.0,60.0,0.015541137129824282,0.017428538830795336,0.0399221401143439,0.03045268264168982,0.037594155055986206,0.02557651252093538
2021-12-07,8072898.794173441,8197668.878285178,8058588.96634265,8104028.300781248,18794000,0.0,15.770000457763672,4.421999931335449,0.0,6061.47998046875,19692.330078125,0.0,0.0,1.0,0.0,15.770000457763672,4.421999931335449,0.0,0.9510565162951535,0.30901699437494745,-2.4492935982947064e-16,1.0,0,30.0,8430667.352879047,0.0,0.0,0.0,60.0,60.0,0.02400789302679209,0.029986655910125705,0.021715533836954473,0.025185107314530913,0.021498578413630558,0.026826933828359455
2021-12-08,8159007.221521097,8353568.162957369,8110555.454815921,8298588.9453125,19937700,0.0,15.770000457763672,4.421999931335449,0.0,6061.47998046875,19692.330078125,0.0,0.0,1.0,0.0,15.770000457763672,4.421999931335449,0.0,0.5877852522924732,-0.8090169943749473,-2.4492935982947064e-16,1.0,0,30.0,8426556.184053326,0.0,0.0,0.0,60.0,60.0,-0.0022386147660071183,0.02459464178551207,-0.0024504836635042206,0.026197975631870988,0.011888829349503915,0.03478944625328124
2021-12-09,8272982.333811856,8438421.80055212,8234320.978116949,8280011.6015625,16879200,0.0,15.770000457763672,4.421999931335449,0.0,6061.47998046875,19692.330078125,0.0,0.0,1.0,0.0,15.770000457763672,4.421999931335449,0.0,-0.587785252292473,-0.8090169943749475,-2.4492935982947064e-16,1.0,0,30.0,8421994.730518153,0.0,0.0,0.0,60.0,60.0,-0.00021234425448065944,0.026256754389955766,0.014159140977577415,0.03486750115622333,0.011885315095021026,0.024407309741238635
2021-12-10,8348797.351709292,8410805.830785286,8193399.599817075,8278253.388671875,14528000,0.0,15.770000457763672,4.421999931335449,0.0,6061.47998046875,19692.330078125,0.0,0.0,1.0,0.0,15.770000457763672,4.421999931335449,0.0,-0.9510565162951536,0.30901699437494723,-2.4492935982947064e-16,1.0,0,30.0,8417520.532695409,0.0,0.0,0.0,60.0,60.0,0.01437453758252454,0.03487490664227437,0.012100228763557529,0.024412493593990864,0.03611839863086661,0.05498097466832199
2021-12-13,8308379.593272519,8562940.204003777,8274236.889912754,8397249.453125,22948700,0.0,15.770000457763672,4.421999931335449,0.0,6061.47998046875,19692.330078125,0.0,0.0,1.0,0.0,15.770000457763672,4.421999931335449,0.0,0.0,1.0,-2.4492935982947064e-16,1.0,0,30.0,8416889.560290994,0.0,0.0,0.0,60.0,60.0,-0.0022420799563711304,0.02406654809393299,0.02143573230866227,0.05420184816483429,0.0012256838509239164,0.03204879291935373
2021-12-14,8235576.688274749,8427627.79351346,8225534.985693075,8378422.1484375,20461000,0.0,15.770000457763672,4.421999931335449,0.0,6061.47998046875,19692.330078125,0.0,0.0,1.0,0.0,15.770000457763672,4.421999931335449,0.0,0.9510565162951535,0.30901699437494745,-2.4492935982947064e-16,1.0,0,30.0,8415692.19557914,0.0,0.0,0.0,60.0,60.0,0.023731019107318178,0.05432364612296359,0.003475556282372995,0.032120810344409334,0.00014981401699353195,0.01905670632337078
2021-12-15,8347040.77875726,8588547.271864034,8133400.832003515,8577250.644531248,24681300,0.0,15.770000457763672,4.421999931335449,0.0,6061.47998046875,19692.330078125,0.0,0.0,1.0,0.0,15.770000457763672,4.421999931335449,0.0,0.5877852522924732,-0.8090169943749473,-2.4492935982947064e-16,1.0,0,30.0,8420720.981669925,0.0,0.0,0.0,60.0,60.0,-0.019785922714940996,0.03137622065258735,-0.023034571240097022,0.01861495448285626,-0.04744494755912406,0.021571134804184933
2021-12-16,8509969.16256938,8647542.06742844,8378420.35861308,8407541.826171875,22635000,0.0,15.770000457763672,4.421999931335449,0.0,6061.47998046875,19692.330078125,0.0,0.0,1.0,0.0,15.770000457763672,4.421999931335449,0.0,-0.587785252292473,-0.8090169943749475,-2.4492935982947064e-16,1.0,0,30.0,8420310.75766563,0.0,0.0,0.0,60.0,60.0,-0.003314223495089915,0.018990703066022987,-0.02821733077002062,0.022006554796612825,-0.0020900401059766043,0.036578086661256566
2021-12-17,8354823.240863132,8463024.169623392,8303359.039287393,8379677.353515625,40012600,0.0,15.770000457763672,4.421999931335449,0.0,6061.47998046875,19692.330078125,0.0,0.0,1.0,0.0,15.770000457763672,4.421999931335449,0.0,-0.9510565162951536,0.30901699437494723,-2.4492935982947064e-16,1.0,0,30.0,8419045.97269811,0.0,0.0,0.0,60.0,60.0,-0.0249859161853987,0.022079731963050055,0.0012282540977018547,0.03669971772801392,-0.01000639030934124,0.018724345080944116
2021-12-20,8279006.165565058,8282018.599062269,8096997.569159803,8170303.4375,17901800,0.0,15.770000457763672,4.421999931335449,0.0,6061.47998046875,19692.330078125,0.0,0.0,1.0,0.0,15.770000457763672,4.421999931335449,0.0,0.0,1.0,-2.4492935982947064e-16,1.0,0,30.0,8411303.431164043,0.0,0.0,0.0,60.0,60.0,0.026885940129748088,0.03764019242104851,0.01536339435985605,0.019204179090098708,0.03008148536481429,0.02553396466257473
2021-12-21,8194404.3959991075,8435157.765280567,8127625.971754713,8389969.7265625,16116800,0.0,15.770000457763672,4.421999931335449,0.0,6061.47998046875,19692.330078125,0.0,0.0,1.0,0.0,15.770000457763672,4.421999931335449,0.0,0.9510565162951535,0.30901699437494745,-2.4492935982947064e-16,1.0,0,30.0,8410639.382718042,0.0,0.0,0.0,60.0,60.0,-0.011220862336898051,0.01870137504041806,0.003111879430993516,0.024865434090322134,0.03584665888129764,0.029503244263454735
2021-12-22,8379926.9464965975,8397751.789153442,8240847.818719243,8295827.03125,16764600,0.0,15.770000457763672,4.421999931335449,0.0,6061.47998046875,19692.330078125,0.0,0.0,1.0,0.0,15.770000457763672,4.421999931335449,0.0,0.5877852522924732,-0.8090169943749473,-2.4492935982947064e-16,1.0,0,30.0,8407065.649744881,0.0,0.0,0.0,60.0,60.0,0.01449539257246651,0.02514761198247926,0.047601652811401246,0.029838052947985153,0.04772282748595006,0.022726522628335164
2021-12-23,8287040.864406663,8451978.514114486,8243358.274858848,8416078.300781248,13987700,0.0,15.770000457763672,4.421999931335449,0.0,6061.47998046875,19692.330078125,0.0,0.0,1.0,0.0,15.770000457763672,4.421999931335449,0.0,-0.587785252292473,-0.8090169943749475,-2.4492935982947064e-16,1.0,0,30.0,8407346.18409308,0.0,0.0,0.0,60.0,60.0,0.032633228776906366,0.029411718541495286,0.03275267207397404,0.022401799746677296,0.02296858852123354,0.02401261034455565
2021-12-27,8506705.477239149,8733149.002590006,8485617.676384242,8690722.109375,17795000,0.0,15.770000457763672,4.421999931335449,0.0,6061.47998046875,19692.330078125,0.0,0.0,1.0,0.0,15.770000457763672,4.421999931335449,0.0,0.0,1.0,-2.4492935982947064e-16,1.0,0,30.0,8416166.749781623,0.0,0.0,0.0,60.0,60.0,0.00011566865537451788,0.021693859080257293,-0.009359218729693626,0.0232537649141866,-0.005257198087942976,0.011583600068632138
2021-12-28,8702020.346503993,8854656.200622316,8666120.899875859,8691727.353515625,16637600,0.0,15.770000457763672,4.421999931335449,0.0,6061.47998046875,19692.330078125,0.0,0.0,1.0,0.0,15.770000457763672,4.421999931335449,0.0,0.9510565162951535,0.30901699437494745,-2.4492935982947064e-16,1.0,0,30.0,8424744.050072718,0.0,0.0,0.0,60.0,60.0,-0.009473791564336599,0.02325107549354825,-0.005372245342922337,0.011582260364149619,-0.028507827678784375,0.020709415174911927
2021-12-29,8709049.173589798,8778840.029477013,8576748.020611083,8609383.740234375,10747000,0.0,15.770000457763672,4.421999931335449,0.0,6061.47998046875,19692.330078125,0.0,0.0,1.0,0.0,15.770000457763672,4.421999931335449,0.0,0.5877852522924732,-0.8090169943749473,-2.4492935982947064e-16,1.0,1,30.0,8430491.279708274,0.0,0.0,0.0,60.0,60.0,0.004140775061259438,0.011693037766705302,-0.019216085301274565,0.020907488361785274,-0.012830138971217809,0.011343046602880501
2021-12-30,8635995.959272556,8717084.220395623,8616414.371173004,8645033.26171875,10593300,0.0,15.770000457763672,4.421999931335449,0.0,6061.47998046875,19692.330078125,0.0,0.0,1.0,0.0,15.770000457763672,4.421999931335449,0.0,-0.587785252292473,-0.8090169943749475,-2.4492935982947064e-16,1.0,1,30.0,8437169.269884719,0.0,0.0,0.0,60.0,60.0,-0.023260543683338696,0.02082127215729266,-0.0169009310785551,0.011296271284460585,-0.022737863914784905,0.03258218405371373
2021-12-31,8611392.593193166,8621936.878180852,8441936.287829759,8443945.087890625,12870500,0.0,15.770000457763672,4.421999931335449,0.0,6061.47998046875,19692.330078125,0.0,0.0,1.0,0.0,15.770000457763672,4.421999931335449,0.0,-0.9510565162951536,0.30901699437494723,-2.4492935982947064e-16,1.0,1,30.0,8437380.178936908,0.0,0.0,0.0,60.0,60.0,0.006511063481315731,0.011565286127642935,0.0005351271162166906,0.03335811187210861,-0.0362123086911423,0.035439311922809136
2022-01-03,8492898.516451117,8562689.377699612,8465032.736712052,8498924.150390625,14537900,0.0,15.770000457763672,4.421999931335449,0.0,6061.47998046875,19692.330078125,0.0,0.0,1.0,0.0,15.770000457763672,4.421999931335449,0.0,0.0,1.0,0.49999999999999994,0.8660254037844387,0,30.0,8439295.841470348,0.0,0.0,0.0,60.0,60.0,-0.005937278368733971,0.033142320121876984,-0.04244699707987971,0.03521005700645933,-0.017959615759408958,0.048591038692660626
2022-01-04,8534321.869677115,8613150.033454657,8331475.968570859,8448463.671875,15998000,0.0,15.770000457763672,4.421999931335449,0.0,6061.47998046875,19692.330078125,0.0,0.0,1.0,0.0,15.770000457763672,4.421999931335449,0.0,0.9510565162951535,0.30901699437494745,0.49999999999999994,0.8660254037844387,0,30.0,8439581.20604472,0.0,0.0,0.0,60.0,60.0,-0.03672778177541248,0.03542035752902926,-0.012094143688384393,0.048881260342327586,-0.014084935329634405,0.02412859129240815
2022-01-05,8360345.761656179,8429132.986556066,8129885.382727238,8138170.341796875,20564500,0.0,15.770000457763672,4.421999931335449,0.0,6061.47998046875,19692.330078125,0.0,0.0,1.0,0.0,15.770000457763672,4.421999931335449,0.0,0.5877852522924732,-0.8090169943749473,0.49999999999999994,0.8660254037844387,0,30.0,8430199.271694817,0.0,0.0,0.0,60.0,60.0,0.025572872985406433,0.05074501207189481,0.02350617615393417,0.025048569693912375,0.012030752175833326,0.039824794784868486
2022-01-06,8104278.455249982,8514739.39076086,8101767.838523241,8346286.738281248,27962800,0.0,15.770000457763672,4.421999931335449,0.0,6061.47998046875,19692.330078125,0.0,0.0,1.0,0.0,15.770000457763672,4.421999931335449,0.0,-0.587785252292473,-0.8090169943749475,0.49999999999999994,0.8660254037844387,0,30.0,8427587.348990621,0.0,0.0,0.0,60.0,60.0,-0.0020151633159486565,0.024423978396578366,-0.013204445209390602,0.03883175524030771,0.00574507800450326,0.028123703547703573
2022-01-07,8353316.552556316,8460262.549832392,8256413.022844963,8329467.607421875,14722000,0.0,15.770000457763672,4.421999931335449,0.0,6061.47998046875,19692.330078125,0.0,0.0,1.0,0.0,15.770000457763672,4.421999931335449,0.0,-0.9510565162951536,0.30901699437494723,0.49999999999999994,0.8660254037844387,0,30.0,8424533.202365465,0.0,0.0,0.0,60.0,60.0,-0.011211875653962788,0.03891016557859919,0.007775911051150275,0.028180491841087122,0.0044303446328900625,0.019108457420730494
2022-01-10,8166789.607312396,8242856.628697049,7918755.664910685,8236078.65234375,24942400,0.0,15.770000457763672,4.421999931335449,0.0,6061.47998046875,19692.330078125,0.0,0.0,1.0,0.0,15.770000457763672,4.421999931335449,0.0,0.0,1.0,0.49999999999999994,0.8660254037844387,0,30.0,8418667.228620104,0.0,0.0,0.0,60.0,60.0,0.019203089355134772,0.028500030640765513,0.01581958753519443,0.019325128356864528,-0.004846554197384061,0.03008502609777074
2022-01-11,8203692.71610565,8400764.25699971,8166035.763048159,8394236.806640625,16226800,0.0,15.770000457763672,4.421999931335449,0.0,6061.47998046875,19692.330078125,0.0,0.0,1.0,0.0,15.770000457763672,4.421999931335449,0.0,0.9510565162951535,0.30901699437494745,0.49999999999999994,0.8660254037844387,0,30.0,8417906.789490866,0.0,0.0,0.0,60.0,60.0,-0.0033197523195118385,0.018961018229538364,-0.023596517518147838,0.029518185739415285,-0.0073869796705724146,0.03445291229723396
2022-01-12,8414570.484594073,8444445.058371922,8285281.781258147,8366370.019531248,14104900,0.0,15.770000457763672,4.421999931335449,0.0,6061.47998046875,19692.330078125,0.0,0.0,1.0,0.0,15.770000457763672,4.421999931335449,0.0,0.5877852522924732,-0.8090169943749473,0.49999999999999994,0.8660254037844387,0,30.0,8416302.6184084,0.0,0.0,0.0,60.0,60.0,-0.02034430324652751,0.029616505201252977,-0.004080774511711234,0.034567668394566944,-0.045339992309472506,0.019714267575296415
2022-01-13,8409551.462344822,8425869.322943728,8178086.681744674,8196162.050781248,14797100,0.0,15.770000457763672,4.421999931335449,0.0,6061.47998046875,19692.330078125,0.0,0.0,1.0,0.0,15.770000457763672,4.421999931335449,0.0,-0.587785252292473,-0.8090169943749475,0.49999999999999994,0.8660254037844387,0,30.0,8409450.362573553,0.0,0.0,0.0,60.0,60.0,0.01660127000609781,0.03528552787384627,-0.025514769266160954,0.020123669612322433,-0.02110395386396255,0.023799372585801615
2022-01-14,8078421.241239873,8353066.027451546,8063860.122950143,8332228.75,16868500,0.0,15.770000457763672,4.421999931335449,0.0,6061.47998046875,19692.330078125,0.0,0.0,1.0,0.0,15.770000457763672,4.421999931335449,0.0,-0.9510565162951536,0.30901699437494723,0.49999999999999994,0.8660254037844387,0,30.0,8407046.706350455,0.0,0.0,0.0,60.0,60.0,-0.04142827725565024,0.019795046697316958,-0.037089491212060156,0.02341072482199325,-0.04621871925998791,0.0356733856400164
2022-01-18,8116077.049059479,8139172.882476208,7974236.025277231,7987038.8671875,22645600,0.0,15.770000457763672,4.421999931335449,0.0,6061.47998046875,19692.330078125,0.0,0.0,1.0,0.0,15.770000457763672,4.421999931335449,0.0,0.9510565162951535,0.30901699437494745,0.49999999999999994,0.8660254037844387,0,30.0,8393973.236078223,0.0,0.0,0.0,60.0,60.0,0.00452630297831895,0.024422507222484454,-0.0049974789477649564,0.03721514498454537,-0.047084659059077626,0.047996194025289686
2022-01-19,8022939.333474479,8211726.688818207,8016663.174398056,8023190.625,20814700,0.0,15.770000457763672,4.421999931335449,0.0,6061.47998046875,19692.330078125,0.0,0.0,1.0,0.0,15.770000457763672,4.421999931335449,0.0,0.5877852522924732,-0.8090169943749473,0.49999999999999994,0.8660254037844387,0,30.0,8382431.986150478,0.0,0.0,0.0,60.0,60.0,-0.009480868642112065,0.03704745696972416,-0.05137840779716299,0.04777992759670486,-0.034043643650573864,0.06420723128056267
2022-01-20,8131391.751801087,8229802.265706239,7932563.456266657,7947123.80859375,16925000,0.0,15.770000457763672,4.421999931335449,0.0,6061.47998046875,19692.330078125,0.0,0.0,1.0,0.0,15.770000457763672,4.421999931335449,0.0,-0.587785252292473,-0.8090169943749475,0.49999999999999994,0.8660254037844387,0,30.0,8368882.266388368,0.0,0.0,0.0,60.0,60.0,-0.04229856630594728,0.048237258710191765,-0.024797880455664754,0.06482179823477204,-0.051838535019913444,0.02732507075572206
2022-01-21,7903189.392720359,7991055.607545296,7607708.1403882345,7610971.865234375,28710700,0.0,15.770000457763672,4.421999931335449,0.0,6061.47998046875,19692.330078125,0.0,0.0,1.0,0.0,15.770000457763672,4.421999931335449,0.0,-0.9510565162951536,0.30901699437494723,0.49999999999999994,0.8660254037844387,0,30.0,8345290.994572467,0.0,0.0,0.0,60.0,60.0,0.018273634386009797,0.06768476683254085,-0.00996131819200534,0.028531930510246398,-0.028168862751195827,0.05495268654649339
2022-01-24,7477164.711071173,7770637.967859884,7255491.111792467,7750051.982421875,38878100,0.0,15.770000457763672,4.421999931335449,0.0,6061.47998046875,19692.330078125,0.0,0.0,1.0,0.0,15.770000457763672,4.421999931335449,0.0,0.0,1.0,0.49999999999999994,0.8660254037844387,0,30.0,8326763.1510309465,0.0,0.0,0.0,60.0,60.0,-0.027728256555557402,0.02801990501055283,-0.04560905396044074,0.053966522053404936,-0.045576701606876935,0.024132621991280842
2022-01-25,7530136.085073698,7687793.1729139285,7470637.452539621,7535156.552734375,25108500,0.0,15.770000457763672,4.421999931335449,0.0,6061.47998046875,19692.330078125,0.0,0.0,1.0,0.0,15.770000457763672,4.421999931335449,0.0,0.9510565162951535,0.30901699437494745,0.49999999999999994,0.8660254037844387,0,30.0,8302123.026811461,0.0,0.0,0.0,60.0,60.0,-0.018390740577873304,0.055505595444149285,-0.018357465566250335,0.024820861198523378,0.0051974544308954285,0.029551876852374113
2022-01-26,7707374.977104559,7719927.295810695,7301683.94458629,7396579.443359375,28348800,0.0,15.770000457763672,4.421999931335449,0.0,6061.47998046875,19692.330078125,0.0,0.0,1.0,0.0,15.770000457763672,4.421999931335449,0.0,0.5877852522924732,-0.8090169943749473,0.49999999999999994,0.8660254037844387,0,30.0,8273936.416908978,0.0,0.0,0.0,60.0,60.0,3.389842883364744e-05,0.025285887393865274,0.02403012683749041,0.03010554002900431,0.06323183448388077,0.049112448008869394
2022-01-27,7474905.224488138,7574319.366609017,7387290.2917044535,7396830.175781248,21629900,0.0,15.770000457763672,4.421999931335449,0.0,6061.47998046875,19692.330078125,0.0,0.0,1.0,0.0,15.770000457763672,4.421999931335449,0.0,-0.587785252292473,-0.8090169943749475,0.49999999999999994,0.8660254037844387,0,30.0,8246634.968460241,0.0,0.0,0.0,60.0,60.0,0.02399541500178899,0.03010451953309135,0.06319579381692784,0.04911078323047909,0.08267713414665973,0.025590579444693794
2022-01-28,7421433.030668348,7579090.128101001,7356412.1095912345,7574320.185546875,21871600,0.0,15.770000457763672,4.421999931335449,0.0,6061.47998046875,19692.330078125,0.0,0.0,1.0,0.0,15.770000457763672,4.421999931335449,0.0,-0.9510565162951536,0.30901699437494723,0.49999999999999994,0.8660254037844387,0,30.0,8225708.008274172,0.0,0.0,0.0,60.0,60.0,0.03828179134480828,0.04795996399104315,0.05730662294495548,0.024990912136700422,0.07056440955064208,0.036889743361188596
2022-01-31,7548461.972043022,7877584.15726203,7514320.033906571,7864278.73046875,21579500,0.0,15.770000457763672,4.421999931335449,0.0,6061.47998046875,19692.330078125,0.0,0.0,1.0,0.0,15.770000457763672,4.421999931335449,0.0,0.0,1.0,0.49999999999999994,0.8660254037844387,0,30.0,8214457.897018343,0.0,0.0,0.0,60.0,60.0,0.018323379797988915,0.024069488981725833,0.031092347448394096,0.03552960638306879,-0.24101390878952872,0.03910489498712107
2022-02-01,7896914.251179997,8024948.048206127,7835658.877953889,8008378.896484375,18023800,0.0,15.770000457763672,4.421999931335449,0.0,6061.47998046875,19692.330078125,0.0,0.0,1.0,0.0,15.770000457763672,4.421999931335449,0.0,0.9510565162951535,0.30901699437494745,0.8660254037844386,0.5000000000000001,0,30.0,8208043.331774558,0.0,0.0,0.0,60.0,60.0,0.012539206998211355,0.03489029819792316,-0.25467085773771,0.03840125422130497,-0.2567710976013539,0.03918495686651787
2022-02-02,8229802.14940252,8234320.800116099,7954906.072335805,8108797.6171875,58458300,0.0,15.770000457763672,4.421999931335449,0.0,6061.47998046875,19692.330078125,0.0,0.0,1.0,0.0,15.770000457763672,4.421999931335449,0.0,0.5877852522924732,-0.8090169943749473,0.8660254037844386,0.5000000000000001,0,30.0,8204954.137292174,0.0,0.0,0.0,60.0,60.0,-0.26390095602134384,0.03792569606776008,-0.2659751866774291,0.03869969340020538,-0.3036842461793968,0.04424150953733901
2022-02-03,6141849.1021790635,6225949.786799876,5918417.992895446,5968878.173828124,188119900,0.0,15.770000457763672,4.421999931335449,0.0,6061.47998046875,19692.330078125,0.0,0.0,1.0,0.0,15.770000457763672,4.421999931335449,0.0,-0.587785252292473,-0.8090169943749475,0.8660254037844386,0.5000000000000001,0,30.0,8135352.406302915,0.0,0.0,0.0,60.0,60.0,-0.002817868971645373,0.05257403024330991,-0.05404611034817014,0.060102658601770755,-0.07394018902980841,0.04046101047621685
2022-02-04,5898836.946123447,6090636.369172725,5776828.387543253,5952058.6572265625,89342200,0.0,15.770000457763672,4.421999931335449,0.0,6061.47998046875,19692.330078125,0.0,0.0,1.0,0.0,15.770000457763672,4.421999931335449,0.0,-0.9510565162951536,0.30901699437494723,0.8660254037844386,0.5000000000000001,0,30.0,8067393.61300757,0.0,0.0,0.0,60.0,60.0,-0.051373003769827986,0.06027249860543455,-0.07132329977154463,0.040575346486093775,-0.021468752047534116,0.04707067835963818
2022-02-07,5967371.637104149,5982434.571265601,5623689.124148448,5646283.525390625,88613800,0.0,15.770000457763672,4.421999931335449,0.0,6061.47998046875,19692.330078125,0.0,0.0,1.0,0.0,15.770000457763672,4.421999931335449,0.0,0.0,1.0,0.8660254037844386,0.5000000000000001,0,30.0,7992032.374942723,0.0,0.0,0.0,60.0,60.0,-0.021030706569598785,0.0427727090282477,0.031523719903748124,0.04961979634429156,0.014050121011481915,0.03690366479037245
2022-02-08,5544358.635429781,5667873.390152065,5426366.547829543,5527538.193359375,94729700,0.0,15.770000457763672,4.421999931335449,0.0,6061.47998046875,19692.330078125,0.0,0.0,1.0,0.0,15.770000457763672,4.421999931335449,0.0,0.9510565162951535,0.30901699437494745,0.8660254037844386,0.5000000000000001,0,30.0,7915320.731933321,0.0,0.0,0.0,60.0,60.0,0.05368342687153262,0.050685753554556436,0.035834451413847876,0.03769644772111136,-0.002861206767688963,0.05291123067015224
2022-02-09,5628459.153918622,5858668.613499179,5578501.174867167,5824275.385742187,86563300,0.0,15.770000457763672,4.421999931335449,0.0,6061.47998046875,19692.330078125,0.0,0.0,1.0,0.0,15.770000457763672,4.421999931335449,0.0,0.5877852522924732,-0.8090169943749473,0.8660254037844386,0.5000000000000001,0,30.0,7850233.329693877,0.0,0.0,0.0,60.0,60.0,-0.016939599696162756,0.035775876093102295,-0.05366377813031279,0.05021549102964423,-0.06163781276241582,0.026810353844272477
2022-02-10,5730635.342753005,5899589.435060197,5691220.8805277785,5725614.4921875,49310400,0.0,15.770000457763672,4.421999931335449,0.0,6061.47998046875,19692.330078125,0.0,0.0,1.0,0.0,15.770000457763672,4.421999931335449,0.0,-0.587785252292473,-0.8090169943749475,0.8660254037844386,0.5000000000000001,0,30.0,7784100.894481907,0.0,0.0,0.0,60.0,60.0,-0.037356990905950016,0.051080778977694544,-0.045468430070459614,0.027272336304042077,-0.03099936185888765,0.026702309220330886
2022-02-11,5735405.156412587,5784610.027145428,5492141.178758513,5511722.763671876,46156900,0.0,15.770000457763672,4.421999931335449,0.0,6061.47998046875,19692.330078125,0.0,0.0,1.0,0.0,15.770000457763672,4.421999931335449,0.0,-0.9510565162951536,0.30901699437494723,0.8660254037844386,0.5000000000000001,0,30.0,7713369.195760233,0.0,0.0,0.0,60.0,60.0,-0.008426217287074397,0.02833068546325212,0.006604347600306761,0.027738537513985185,-0.013709863333179065,0.023229361193298506
2022-02-14,5505698.273828922,5548125.1746907085,5391974.290712474,5465279.7900390625,38184000,0.0,15.770000457763672,4.421999931335449,0.0,6061.47998046875,19692.330078125,0.0,0.0,1.0,0.0,15.770000457763672,4.421999931335449,0.0,0.0,1.0,0.8660254037844386,0.5000000000000001,0,30.0,7643393.525607056,0.0,0.0,0.0,60.0,60.0,0.015158291949044719,0.027974254662212945,-0.005328545528552319,0.023426760164779112,-0.045888759906943674,0.04749654041508363
2022-02-15,5534818.67134653,5551889.638541408,5399002.509894609,5548124.096679688,42685500,0.0,15.770000457763672,4.421999931335449,0.0,6061.47998046875,19692.330078125,0.0,0.0,1.0,0.0,15.770000457763672,4.421999931335449,0.0,0.9510565162951535,0.30901699437494745,0.8660254037844386,0.5000000000000001,0,30.0,7578174.641488155,0.0,0.0,0.0,60.0,60.0,-0.02018092906305627,0.023076952974300294,-0.060135500384655885,0.046787324490935346,-0.06714927395113078,0.025203653881434137
2022-02-16,5332475.909998106,5459254.400439415,5331220.601564756,5436157.7978515625,45817500,0.0,15.770000457763672,4.421999931335449,0.0,6061.47998046875,19692.330078125,0.0,0.0,1.0,0.0,15.770000457763672,4.421999931335449,0.0,0.5877852522924732,-0.8090169943749473,0.8660254037844386,0.5000000000000001,0,30.0,7511500.663250719,0.0,0.0,0.0,60.0,60.0,-0.04077749913909452,0.047750983705793115,-0.04793573250535063,0.02572276313966144,-0.0667775134727334,0.03426617715017643
2022-02-17,5372895.093063842,5460259.131915904,5200677.2494885735,5214484.877929688,38747500,0.0,15.770000457763672,4.421999931335449,0.0,6061.47998046875,19692.330078125,0.0,0.0,1.0,0.0,15.770000457763672,4.421999931335449,0.0,-0.587785252292473,-0.8090169943749475,0.8660254037844386,0.5000000000000001,0,30.0,7440002.074928916,0.0,0.0,0.0,60.0,60.0,-0.007462536960748487,0.026816263293005717,-0.027105300710006056,0.03572286629996942,-0.04458162885391017,0.04280004468109338
2022-02-18,5256659.454777685,5290801.773359026,5150968.773935067,5175571.591796874,37128400,0.0,15.770000457763672,4.421999931335449,0.0,6061.47998046875,19692.330078125,0.0,0.0,1.0,0.0,15.770000457763672,4.421999931335449,0.0,-0.9510565162951536,0.30901699437494723,0.8660254037844386,0.5000000000000001,0,30.0,7369517.760484306,0.0,0.0,0.0,60.0,60.0,-0.01979045071921962,0.03599145385463068,-0.03739817717257665,0.04312184302850922,0.006984851807138941,0.08794142458299517
2022-02-22,5079671.7644752525,5208709.573319611,5022433.2272021165,5073144.697265625,39852400,0.0,15.770000457763672,4.421999931335449,0.0,6061.47998046875,19692.330078125,0.0,0.0,1.0,0.0,15.770000457763672,4.421999931335449,0.0,0.9510565162951535,0.30901699437494745,0.8660254037844386,0.5000000000000001,0,30.0,7298039.177999334,0.0,0.0,0.0,60.0,60.0,-0.017963226808264152,0.0439924739155515,0.027315896428477652,0.08971696373241964,0.04156772467872064,0.04028115121780772
2022-02-23,5125362.280226994,5195153.133611121,4971972.947846845,4982014.6484375,44481400,0.0,15.770000457763672,4.421999931335449,0.0,6061.47998046875,19692.330078125,0.0,0.0,1.0,0.0,15.770000457763672,4.421999931335449,0.0,0.5877852522924732,-0.8090169943749473,0.8660254037844386,0.5000000000000001,0,30.0,7225948.909643083,0.0,0.0,0.0,60.0,60.0,0.04610736020564616,0.09135804908896525,0.060619880143084816,0.0410179662487477,0.06339137773510693,0.03184677585465441
2022-02-24,4796491.329851971,5230550.6679577995,4775403.5291439025,5211722.192382813,49957200,0.0,15.770000457763672,4.421999931335449,0.0,6061.47998046875,19692.330078125,0.0,0.0,1.0,0.0,15.770000457763672,4.421999931335449,0.0,-0.587785252292473,-0.8090169943749475,0.8660254037844386,0.5000000000000001,0,30.0,7163252.620064018,0.0,0.0,0.0,60.0,60.0,0.0138728781475983,0.039210092394995,0.016522221510861978,0.03044312378071205,-0.01979765219106524,0.04590558221984446
2022-02-25,5144944.26174042,5305111.965071481,5100759.856371105,5284023.779296874,37627600,0.0,15.770000457763672,4.421999931335449,0.0,6061.47998046875,19692.330078125,0.0,0.0,1.0,0.0,15.770000457763672,4.421999931335449,0.0,-0.9510565162951536,0.30901699437494723,0.8660254037844386,0.5000000000000001,0,30.0,7104758.372829366,0.0,0.0,0.0,60.0,60.0,0.002613092252851437,0.03002656884986737,-0.03320981462703831,0.04527745362290043,-0.011259912704687186,0.03387490530294572
2022-02-28,5213730.735223091,5351053.127807196,5192392.023993802,5297831.4208984375,34239800,0.0,15.770000457763672,4.421999931335449,0.0,6061.47998046875,19692.330078125,0.0,0.0,1.0,0.0,15.770000457763672,4.421999931335449,0.0,0.0,1.0,0.8660254037844386,0.5000000000000001,0,30.0,7048514.646909292,0.0,0.0,0.0,60.0,60.0,-0.03572954228973451,0.04515944781965983,-0.013836847997233169,0.0337866177538431,-0.03819369635852302,0.03629817098006745
2022-03-01,5268709.640388247,5315906.476908494,5076659.3352990765,5108542.3291015625,27094900,0.0,15.770000457763672,4.421999931335449,0.0,6061.47998046875,19692.330078125,0.0,0.0,1.0,0.0,15.770000457763672,4.421999931335449,0.0,0.9510565162951535,0.30901699437494745,1.0,6.123233995736766e-17,0,30.0,6988129.653914024,0.0,0.0,0.0,60.0,60.0,0.022703894034550465,0.03503852833371254,-0.002555459465843052,0.03764314325906059,-0.016856004846485546,0.034891174904569264
2022-03-02,5140927.64385169,5250634.787300102,5071638.982157907,5224526.1328125,29452100,0.0,15.770000457763672,4.421999931335449,0.0,6061.47998046875,19692.330078125,0.0,0.0,1.0,0.0,15.770000457763672,4.421999931335449,0.0,0.5877852522924732,-0.8090169943749473,1.0,6.123233995736766e-17,0,30.0,6933234.444693467,0.0,0.0,0.0,60.0,60.0,-0.024698599123100795,0.03680747035249763,-0.03868167424783418,0.03411659533916913,-0.09917832784311502,0.06539810864693786
2022-03-03,5247370.770429942,5248876.9871978415,5056575.396458496,5095487.65625,27263500,0.0,15.770000457763672,4.421999931335449,0.0,6061.47998046875,19692.330078125,0.0,0.0,1.0,0.0,15.770000457763672,4.421999931335449,0.0,-0.587785252292473,-0.8090169943749475,1.0,6.123233995736766e-17,0,30.0,6876031.398068225,0.0,0.0,0.0,60.0,60.0,-0.014337183471859185,0.03498056632390223,-0.07636585844442452,0.06705425480588671,-0.062472292810786846,0.052175181754700595
2022-03-04,5080424.354607179,5168792.768233794,4990549.7243217155,5022432.71484375,32130900,0.0,15.770000457763672,4.421999931335449,0.0,6061.47998046875,19692.330078125,0.0,0.0,1.0,0.0,15.770000457763672,4.421999931335449,0.0,-0.9510565162951536,0.30901699437494723,1.0,6.123233995736766e-17,0,30.0,6818334.9338068,0.0,0.0,0.0,60.0,60.0,-0.06293092722220431,0.06802960777406206,-0.04883526955848537,0.052934107769714155,-0.0077974344440706654,0.02589227789562078
2022-03-07,5040759.935543756,5043270.552490653,4701596.424828215,4706366.3671875,38560600,0.0,15.770000457763672,4.421999931335449,0.0,6061.47998046875,19692.330078125,0.0,0.0,1.0,0.0,15.770000457763672,4.421999931335449,0.0,0.0,1.0,1.0,6.123233995736766e-17,0,30.0,6752596.26015106,0.0,0.0,0.0,60.0,60.0,0.015042282445556065,0.056489013785076925,0.058836103313813316,0.02763113056209095,0.04128660987042806,0.027791066815873317
2022-03-08,4715905.871317649,4938081.662798618,4672223.668204941,4777160.859375,37508100,0.0,15.770000457763672,4.421999931335449,0.0,6061.47998046875,19692.330078125,0.0,0.0,1.0,0.0,15.770000457763672,4.421999931335449,0.0,0.9510565162951535,0.30901699437494745,1.0,6.123233995736766e-17,0,30.0,6691107.417375579,0.0,0.0,0.0,60.0,60.0,0.04314482423603494,0.02722165474281413,0.02585540314797641,0.027379220842816417,-0.014083677962226026,0.03620789315593613
2022-03-09,4913981.962274171,4998333.560972141,4868291.33740735,4983270.625,31894700,0.0,15.770000457763672,4.421999931335449,0.0,6061.47998046875,19692.330078125,0.0,0.0,1.0,0.0,15.770000457763672,4.421999931335449,0.0,0.5877852522924732,-0.8090169943749473,1.0,6.123233995736766e-17,0,30.0,6637948.0440185405,0.0,0.0,0.0,60.0,60.0,-0.01657432475947981,0.026246806969365984,-0.05486151190959821,0.034710322396943875,-0.05979855799241036,0.03259438446127732
2022-03-10,4891387.303269637,4927538.041264708,4796743.099094221,4900676.279296874,24853000,0.0,15.770000457763672,4.421999931335449,0.0,6061.47998046875,19692.330078125,0.0,0.0,1.0,0.0,15.770000457763672,4.421999931335449,0.0,-0.587785252292473,-0.8090169943749475,1.0,6.123233995736766e-17,0,30.0,6583872.456248226,0.0,0.0,0.0,60.0,60.0,-0.038932466493468716,0.035295318467717086,-0.04395271988639002,0.03314371922749077,-0.016290242116635427,0.03263149713211536
2022-03-11,4836157.155078012,4859253.374666366,4686282.444681396,4709880.864257812,34694500,0.0,15.770000457763672,4.421999931335449,0.0,6061.47998046875,19692.330078125,0.0,0.0,1.0,0.0,15.770000457763672,4.421999931335449,0.0,-0.9510565162951536,0.30901699437494723,1.0,6.123233995736766e-17,0,30.0,6525541.227438008,0.0,0.0,0.0,60.0,60.0,-0.005223621876606847,0.03448635821310421,0.023559451950500646,0.0339533862027955,0.08538983755748135,0.04909115007430193
2022-03-14,4695319.928473076,4827370.172780406,4664943.534154566,4685278.2275390625,31010500,0.0,15.770000457763672,4.421999931335449,0.0,6061.47998046875,19692.330078125,0.0,0.0,1.0,0.0,15.770000457763672,4.421999931335449,0.0,0.0,1.0,1.0,6.123233995736766e-17,0,30.0,6468259.859380178,0.0,0.0,0.0,60.0,60.0,0.028934215226748387,0.034131677178389816,0.09108927536561226,0.04934893022581665,0.11364747266600522,0.03713226022401881
2022-03-15,4789964.482074487,4827119.234984062,4667202.83103076,4820843.076171876,31721700,0.0,15.770000457763672,4.421999931335449,0.0,6061.47998046875,19692.330078125,0.0,0.0,1.0,0.0,15.770000457763672,4.421999931335449,0.0,0.9510565162951535,0.30901699437494745,1.0,6.123233995736766e-17,0,30.0,6416981.163286856,0.0,0.0,0.0,60.0,60.0,0.06040722450381985,0.047961210246022894,0.0823310724686013,0.036088079951579706,0.12737596036608032,0.05624122824837069
2022-03-16,4887872.241753873,5114567.059772435,4883353.5914330715,5112056.826171876,40640300,0.0,15.770000457763672,4.421999931335449,0.0,6061.47998046875,19692.330078125,0.0,0.0,1.0,0.0,15.770000457763672,4.421999931335449,0.0,0.5877852522924732,-0.8090169943749473,1.0,6.123233995736766e-17,0,30.0,6376363.136816722,0.0,0.0,0.0,60.0,60.0,0.0206749326656464,0.03403228412411642,0.06315379065207342,0.05303738691019084,0.038599445448949075,0.03476895259595947
2022-03-17,5063605.783410233,5222769.108194916,5048794.1378280055,5217748.2568359375,29499700,0.0,15.770000457763672,4.421999931335449,0.0,6061.47998046875,19692.330078125,0.0,0.0,1.0,0.0,15.770000457763672,4.421999931335449,0.0,-0.587785252292473,-0.8090169943749475,1.0,6.123233995736766e-17,0,30.0,6340299.2451984575,0.0,0.0,0.0,60.0,60.0,0.04161840036130513,0.05196305426221815,0.01756143137217068,0.034064667881237284,0.04238822159466494,0.04464979276277255
2022-03-18,5189128.000533659,5442684.96836679,5171554.83257023,5434902.5927734375,52128000,0.0,15.770000457763672,4.421999931335449,0.0,6061.47998046875,19692.330078125,0.0,0.0,1.0,0.0,15.770000457763672,4.421999931335449,0.0,-0.9510565162951536,0.30901699437494723,1.0,6.123233995736766e-17,0,30.0,6312117.208778265,0.0,0.0,0.0,60.0,60.0,-0.02309576038671152,0.03270359650849227,0.0007390626289750462,0.0428657872665123,-0.013995985228399848,0.021432858066306383
2022-03-21,5384944.1980795525,5390216.339969517,5212475.478512496,5309379.384765625,30142300,0.0,15.770000457763672,4.421999931335449,0.0,6061.47998046875,19692.330078125,0.0,0.0,1.0,0.0,15.770000457763672,4.421999931335449,0.0,0.0,1.0,1.0,6.123233995736766e-17,0,30.0,6280905.260069884,0.0,0.0,0.0,60.0,60.0,0.02439832078640756,0.043879211009956204,0.009314910089768733,0.021939569097162142,0.038205218779165454,0.027802757900211663
2022-03-22,5306366.876543823,5509463.6762749115,5276492.297918869,5438919.326171876,31998800,0.0,15.770000457763672,4.421999931335449,0.0,6061.47998046875,19692.330078125,0.0,0.0,1.0,0.0,15.770000457763672,4.421999931335449,0.0,0.9510565162951535,0.30901699437494745,1.0,6.123233995736766e-17,0,30.0,6254696.991913769,0.0,0.0,0.0,60.0,60.0,-0.014724165776706497,0.021417029540149603,0.013478056057490065,0.027140573482069073,0.02386332027459503,0.030510039439497892
2022-03-23,5355572.0511015365,5442685.16878483,5326199.672909716,5358835.776367188,23717300,0.0,15.770000457763672,4.421999931335449,0.0,6061.47998046875,19692.330078125,0.0,0.0,1.0,0.0,15.770000457763672,4.421999931335449,0.0,0.5877852522924732,-0.8090169943749473,1.0,6.123233995736766e-17,0,30.0,6226811.762455112,0.0,0.0,0.0,60.0,60.0,0.028623681668219096,0.02754616782361699,0.03916414542098313,0.0309659877769654,0.04745616502065555,0.02108123270179691
2022-03-24,5397497.009619353,5539840.256881817,5392224.867246804,5512225.385742187,31502300,0.0,15.770000457763672,4.421999931335449,0.0,6061.47998046875,19692.330078125,0.0,0.0,1.0,0.0,15.770000457763672,4.421999931335449,0.0,-0.587785252292473,-0.8090169943749475,1.0,6.123233995736766e-17,0,30.0,6204569.025815919,0.0,0.0,0.0,60.0,60.0,0.010247152520997312,0.0301042921029631,0.018308428716995877,0.020494601745516323,0.0468642898725614,0.025504421810111304
2022-03-25,5535822.608261594,5661094.867626466,5495153.224476715,5568710.0,40039000,0.0,15.770000457763672,4.421999931335449,0.0,6061.47998046875,19692.330078125,0.0,0.0,1.0,0.0,15.770000457763672,4.421999931335449,0.0,-0.9510565162951536,0.30901699437494723,1.0,6.123233995736766e-17,0,30.0,6184776.814108866,0.0,0.0,0.0,60.0,60.0,0.007979508950737693,0.02028672062511986,0.03624572191090935,0.02524572501537559,0.027184291433181844,0.02001617277147233
2022-03-28,5576493.016593337,5624442.581077023,5511471.717064712,5613145.5712890625,26224100,0.0,15.770000457763672,4.421999931335449,0.0,6061.47998046875,19692.330078125,0.0,0.0,1.0,0.0,15.770000457763672,4.421999931335449,0.0,0.0,1.0,1.0,6.123233995736766e-17,0,30.0,6166983.803210362,0.0,0.0,0.0,60.0,60.0,0.02804244799539183,0.0250458712614657,0.01905275088621145,0.019857717933480894,-0.005501133315928374,0.02786354941682903
2022-03-29,5675405.507756467,5796409.659697109,5655823.538346737,5770551.9140625,31417900,0.0,15.770000457763672,4.421999931335449,0.0,6061.47998046875,19692.330078125,0.0,0.0,1.0,0.0,15.770000457763672,4.421999931335449,0.0,0.9510565162951535,0.30901699437494745,1.0,6.123233995736766e-17,1,30.0,6154644.175149923,0.0,0.0,0.0,60.0,60.0,-0.008744480470344037,0.019316048643907655,-0.03262859561560688,0.027103500902283684,-0.021795958824589522,0.019925177576672518
2022-03-30,5746702.288275394,5802936.427455253,5691472.165981027,5720091.435546874,25588000,0.0,15.770000457763672,4.421999931335449,0.0,6061.47998046875,19692.330078125,0.0,0.0,1.0,0.0,15.770000457763672,4.421999931335449,0.0,0.5877852522924732,-0.8090169943749473,1.0,6.123233995736766e-17,1,30.0,6141117.969700426,0.0,0.0,0.0,60.0,60.0,-0.02409481175610068,0.02734259771400225,-0.013166613549287798,0.02010094994086578,0.026508696526501244,0.03726138139738004
2022-03-31,5735154.051384749,5736158.451347821,5579756.292338354,5582266.909179688,24192300,0.0,15.770000457763672,4.421999931335449,0.0,6061.47998046875,19692.330078125,0.0,0.0,1.0,0.0,15.770000457763672,4.421999931335449,0.0,-0.587785252292473,-0.8090169943749475,1.0,6.123233995736766e-17,1,30.0,6123722.764075493,0.0,0.0,0.0,60.0,60.0,0.011198012202883887,0.020597236476462024,0.0518528940026037,0.03818135393298845,0.04263352989673407,0.026263699501981708
2022-04-01,5637245.735209728,5705781.279912718,5590802.008309615,5644777.2021484375,19544800,0.0,15.770000457763672,4.421999931335449,0.0,6061.47998046875,19692.330078125,0.0,0.0,1.0,0.0,15.770000457763672,4.421999931335449,0.0,-0.9510565162951536,0.30901699437494723,0.8660254037844387,-0.4999999999999998,0,30.0,6108814.755267017,0.0,0.0,0.0,60.0,60.0,0.040204669420931316,0.037758533415043795,0.031087400602546927,0.025972855153034297,-0.006893338041236613,0.03371137578683887
2022-04-04,5673145.830511628,5883271.905224283,5670133.396616484,5871723.603515625,28054800,0.0,15.770000457763672,4.421999931335449,0.0,6061.47998046875,19692.330078125,0.0,0.0,1.0,0.0,15.770000457763672,4.421999931335449,0.0,0.0,1.0,0.8660254037844387,-0.4999999999999998,0,30.0,6101434.883190323,0.0,0.0,0.0,60.0,60.0,-0.008764879726467535,0.02496898535121271,-0.045277635110393025,0.032408406516388315,-0.046774230210369305,0.029757604164072846
2022-04-05,5876493.174250335,5946284.030894096,5799673.050251544,5820258.65234375,29727200,0.0,15.770000457763672,4.421999931335449,0.0,6061.47998046875,19692.330078125,0.0,0.0,1.0,0.0,15.770000457763672,4.421999931335449,0.0,0.9510565162951535,0.30901699437494745,0.8660254037844387,-0.4999999999999998,0,30.0,6092682.786794797,0.0,0.0,0.0,60.0,60.0,-0.036835615120103644,0.032694974031433816,-0.038345443685866426,0.030020732271735084,-0.04101953889553251,0.021997958730290874
2022-04-06,5696493.604889743,5748711.298854465,5558418.093359858,5605865.8447265625,28995100,0.0,15.770000457763672,4.421999931335449,0.0,6061.47998046875,19692.330078125,0.0,0.0,1.0,0.0,15.770000457763672,4.421999931335449,0.0,0.5877852522924732,-0.8090169943749473,0.8660254037844387,-0.4999999999999998,0,30.0,6077529.767668221,0.0,0.0,0.0,60.0,60.0,-0.0015675710080902232,0.031168856264840582,-0.004343935304408692,0.022839256803535102,-0.030631593977020914,0.02413792365679362
2022-04-07,5621680.686798142,5661597.347259884,5486868.920505622,5597078.251953126,21037200,0.0,15.770000457763672,4.421999931335449,0.0,6061.47998046875,19692.330078125,0.0,0.0,1.0,0.0,15.770000457763672,4.421999931335449,0.0,-0.587785252292473,-0.8090169943749475,0.8660254037844387,-0.4999999999999998,0,30.0,6062574.8834439935,0.0,0.0,0.0,60.0,60.0,-0.0027807232775098147,0.022875115170883704,-0.02910965441925384,0.024175820972847435,-0.03951558846673862,0.0399192370630389
2022-04-08,5582769.634710713,5651807.390616623,5523773.580982747,5581514.326171876,18375700,0.0,15.770000457763672,4.421999931335449,0.0,6061.47998046875,19692.330078125,0.0,0.0,1.0,0.0,15.770000457763672,4.421999931335449,0.0,-0.9510565162951536,0.30901699437494723,0.8660254037844387,-0.4999999999999998,0,30.0,6047601.041748147,0.0,0.0,0.0,60.0,60.0,-0.02640234876754286,0.024243234699899578,-0.03683729952549997,0.04003055094787118,-0.03301409733242511,0.023748473209115856
2022-04-11,5483354.106350619,5538333.316041457,5403019.35425122,5434149.238281249,20516600,0.0,15.770000457763672,4.421999931335449,0.0,6061.47998046875,19692.330078125,0.0,0.0,1.0,0.0,15.770000457763672,4.421999931335449,0.0,0.0,1.0,0.8660254037844387,-0.4999999999999998,0,30.0,6028506.293583316,0.0,0.0,0.0,60.0,60.0,-0.010717929264463317,0.04111611290063954,-0.006791048187629218,0.024392492298079348,-0.02901228293192339,0.0230527843315643
2022-04-12,5529044.834656242,5573981.961817134,5350550.868217038,5375906.411132813,20128800,0.0,15.770000457763672,4.421999931335449,0.0,6061.47998046875,19692.330078125,0.0,0.0,1.0,0.0,15.770000457763672,4.421999931335449,0.0,0.9510565162951535,0.30901699437494745,0.8660254037844387,-0.4999999999999998,0,30.0,6008192.993765194,0.0,0.0,0.0,60.0,60.0,0.003969425094214475,0.02465676172615096,-0.018492555569978256,0.02330253929945827,-0.015737278017687074,0.023722808409898224
2022-04-13,5317664.021190767,5437915.055458867,5305362.612017478,5397245.6689453125,19231800,0.0,15.770000457763672,4.421999931335449,0.0,6061.47998046875,19692.330078125,0.0,0.0,1.0,0.0,15.770000457763672,4.421999931335449,0.0,0.5877852522924732,-0.8090169943749473,0.8660254037844387,-0.4999999999999998,0,30.0,5989176.201828999,0.0,0.0,0.0,60.0,60.0,-0.022373172033685045,0.02321040732617083,-0.01962878810781736,0.0236290148055774,0.010791141441154981,0.043862469134511986
2022-04-14,5394735.166130185,5397245.782934112,5271973.5125184795,5276492.1630859375,18379500,0.0,15.770000457763672,4.421999931335449,0.0,6061.47998046875,19692.330078125,0.0,0.0,1.0,0.0,15.770000457763672,4.421999931335449,0.0,-0.587785252292473,-0.8090169943749475,0.8660254037844387,-0.4999999999999998,0,30.0,5966992.678748644,0.0,0.0,0.0,60.0,60.0,0.002807189663132123,0.024169769210130105,0.03392328496531678,0.044866269909711716,-0.0464363663346323,0.07250930619653867
2022-04-18,5271973.600217708,5356827.393126253,5229295.795305406,5291304.27734375,16580800,0.0,15.770000457763672,4.421999931335449,0.0,6061.47998046875,19692.330078125,0.0,0.0,1.0,0.0,15.770000457763672,4.421999931335449,0.0,0.0,1.0,0.8660254037844387,-0.4999999999999998,0,30.0,5945960.708853359,0.0,0.0,0.0,60.0,60.0,0.031028991039281768,0.0447406743511516,-0.04910570696477212,0.07230632861826246,-0.10770037392459862,0.08250698861347135
2022-04-19,5285027.809131981,5483605.178660032,5246868.65709454,5455488.1103515625,20089900,0.0,15.770000457763672,4.421999931335449,0.0,6061.47998046875,19692.330078125,0.0,0.0,1.0,0.0,15.770000457763672,4.421999931335449,0.0,0.9510565162951535,0.30901699437494745,0.8660254037844387,-0.4999999999999998,0,30.0,5930693.901098922,0.0,0.0,0.0,60.0,60.0,-0.07772303077848253,0.07013025748711232,-0.13455428137286476,0.08002392690267995,-0.15277707758027315,0.04348625280976221
2022-04-20,5362601.246147722,5376408.872393283,4993814.086496448,5031471.0400390625,43036500,0.0,15.770000457763672,4.421999931335449,0.0,6061.47998046875,19692.330078125,0.0,0.0,1.0,0.0,15.770000457763672,4.421999931335449,0.0,0.5877852522924732,-0.8090169943749473,0.8660254037844387,-0.4999999999999998,0,30.0,5902704.034610701,0.0,0.0,0.0,60.0,60.0,-0.06162058957446676,0.0867677818846839,-0.08137907516561192,0.047150969026656296,-0.06700928140221293,0.027542105808996867
2022-04-21,5061094.504699055,5095487.731629327,4658918.149868114,4721428.828125,49954100,0.0,15.770000457763672,4.421999931335449,0.0,6061.47998046875,19692.330078125,0.0,0.0,1.0,0.0,15.770000457763672,4.421999931335449,0.0,-0.587785252292473,-0.8090169943749475,0.8660254037844387,-0.4999999999999998,0,30.0,5865934.801145694,0.0,0.0,0.0,60.0,60.0,-0.021055966671503522,0.05024723315836015,-0.005742551219556831,0.029350714117338913,-0.037858125128269485,0.04088904941434805
2022-04-22,4779169.464581328,4838165.512800945,4600926.777633545,4622014.580078124,36426800,0.0,15.770000457763672,4.421999931335449,0.0,6061.47998046875,19692.330078125,0.0,0.0,1.0,0.0,15.770000457763672,4.421999931335449,0.0,-0.9510565162951536,0.30901699437494723,0.8660254037844387,-0.4999999999999998,0,30.0,5827215.633275959,0.0,0.0,0.0,60.0,60.0,0.015642789506443714,0.029982014413575703,-0.01716355367082338,0.04176852610799584,-0.04975290711988346,0.06631908308824686
2022-04-25,4587369.792247483,4699085.340068093,4560508.032308433,4694315.78125,29281100,0.0,15.770000457763672,4.421999931335449,0.0,6061.47998046875,19692.330078125,0.0,0.0,1.0,0.0,15.770000457763672,4.421999931335449,0.0,0.0,1.0,0.8660254037844387,-0.4999999999999998,0,30.0,5791952.166369258,0.0,0.0,0.0,60.0,60.0,-0.032301064425623,0.04112521305674158,-0.06438848116876458,0.06529764576035135,0.10021933399772304,0.08358739085049793
2022-04-26,4685278.93455773,4699337.471213347,4506282.734553817,4542684.384765625,31747400,0.0,15.770000457763672,4.421999931335449,0.0,6061.47998046875,19692.330078125,0.0,0.0,1.0,0.0,15.770000457763672,4.421999931335449,0.0,0.9510565162951535,0.30901699437494745,0.8660254037844387,-0.4999999999999998,0,30.0,5753066.546430827,0.0,0.0,0.0,60.0,60.0,-0.03315847063952397,0.06747723218440246,0.1369438298954919,0.0863774752432529,0.10787503700172496,0.06952197290964099
2022-04-27,4379001.400208987,4549211.181857034,4242683.412885744,4392055.91796875,71062900,0.0,15.770000457763672,4.421999931335449,0.0,6061.47998046875,19692.330078125,0.0,0.0,1.0,0.0,15.770000457763672,4.421999931335449,0.0,0.5877852522924732,-0.8090169943749473,0.8660254037844387,-0.4999999999999998,0,30.0,5710702.737158002,0.0,0.0,0.0,60.0,60.0,0.17593607159958385,0.08933984796907501,0.14587034519973147,0.07190627501864424,0.206802167717022,0.062246362742989884
2022-04-28,5094233.012107954,5235070.044263871,4842684.436280867,5164776.982421876,100890600,0.0,15.770000457763672,4.421999931335449,0.0,6061.47998046875,19692.330078125,0.0,0.0,1.0,0.0,15.770000457763672,4.421999931335449,0.0,-0.587785252292473,-0.8090169943749475,0.8660254037844387,-0.4999999999999998,0,30.0,5693709.854026077,0.0,0.0,0.0,60.0,60.0,-0.02556748374846181,0.06114811574819089,0.026248107242302823,0.05293345807337841,0.030622605064950133,0.03310162460374063
2022-04-29,5132894.270807731,5334233.184573037,5018416.803838312,5032726.630859375,49193400,0.0,15.770000457763672,4.421999931335449,0.0,6061.47998046875,19692.330078125,0.0,0.0,1.0,0.0,15.770000457763672,4.421999931335449,0.0,-0.9510565162951536,0.30901699437494723,0.8660254037844387,-0.4999999999999998,0,30.0,5673135.608231676,0.0,0.0,0.0,60.0,60.0,0.05317514566333401,0.05432234371345041,0.057664423011626116,0.03397015601560225,0.11443100588294537,0.08649670670105039
2022-05-02,5050300.227290754,5319171.081959175,5045781.576101797,5300342.6025390625,49915300,0.0,15.770000457763672,4.421999931335449,0.0,6061.47998046875,19692.330078125,0.0,0.0,1.0,0.0,15.770000457763672,4.421999931335449,0.0,0.0,1.0,0.49999999999999994,-0.8660254037844387,0,30.0,5661531.78129518,0.0,0.0,0.0,60.0,60.0,0.004262612317407632,0.03225499211169327,0.058163032494495344,0.08212946066684011,-0.013499012236334056,0.06635718024082783
2022-05-03,5283270.537595347,5394986.090505615,5224023.581671446,5322935.908203126,41556300,0.0,15.770000457763672,4.421999931335449,0.0,6061.47998046875,19692.330078125,0.0,0.0,1.0,0.0,15.770000457763672,4.421999931335449,0.0,0.9510565162951535,0.30901699437494745,0.49999999999999994,-0.8660254037844387,0,30.0,5650992.399244619,0.0,0.0,0.0,60.0,60.0,0.05367163878849243,0.0817808605632749,-0.017686234990622097,0.0660755258902887,-0.03895680664525225,0.039428382561533304
2022-05-04,5288291.213555793,5630969.711406884,5195655.432110875,5608626.6015625,41375900,0.0,15.770000457763672,4.421999931335449,0.0,6061.47998046875,19692.330078125,0.0,0.0,1.0,0.0,15.770000457763672,4.421999931335449,0.0,0.5877852522924732,-0.8090169943749473,0.49999999999999994,-0.8660254037844387,0,30.0,5649673.690532751,0.0,0.0,0.0,60.0,60.0,-0.06772306585110474,0.06270978875948686,-0.08791016292347824,0.03741999035569365,-0.1217491371289572,0.031287794433426254
2022-05-05,5491387.856796949,5527287.300053292,5175571.510638469,5228793.212890625,41129200,0.0,15.770000457763672,4.421999931335449,0.0,6061.47998046875,19692.330078125,0.0,0.0,1.0,0.0,15.770000457763672,4.421999931335449,0.0,-0.587785252292473,-0.8090169943749475,0.49999999999999994,-0.8660254037844387,0,30.0,5636573.057878887,0.0,0.0,0.0,60.0,60.0,-0.021653541273980916,0.04013827757076874,-0.05795066819622063,0.03356062269414598,-0.05103698594261222,0.04210680467842268
2022-05-06,5205194.666478199,5256408.333812756,5046533.580473601,5115571.323242187,34747200,0.0,15.770000457763672,4.421999931335449,0.0,6061.47998046875,19692.330078125,0.0,0.0,1.0,0.0,15.770000457763672,4.421999931335449,0.0,-0.9510565162951536,0.30901699437494723,0.49999999999999994,-0.8660254037844387,0,30.0,5620355.977971216,0.0,0.0,0.0,60.0,60.0,-0.037100483779033674,0.03430341306478267,-0.03003378241578527,0.04303874594001517,-0.07375954379072304,0.06085289641515816
2022-05-09,5016910.727092164,5085446.664108653,4909965.107945119,4925781.15234375,36303200,0.0,15.770000457763672,4.421999931335449,0.0,6061.47998046875,19692.330078125,0.0,0.0,1.0,0.0,15.770000457763672,4.421999931335449,0.0,0.0,1.0,0.49999999999999994,-0.8660254037844387,0,30.0,5598736.135463566,0.0,0.0,0.0,60.0,60.0,0.007338981112985351,0.044697027275417835,-0.038071532277389616,0.06319755632860202,-0.025330119455394914,0.06763163097445186
2022-05-10,5008626.00749356,5095237.311899741,4875069.5373806935,4961931.3671875,34452500,0.0,15.770000457763672,4.421999931335449,0.0,6061.47998046875,19692.330078125,0.0,0.0,1.0,0.0,15.770000457763672,4.421999931335449,0.0,0.9510565162951535,0.30901699437494745,0.49999999999999994,-0.8660254037844387,0,30.0,5578914.485887062,0.0,0.0,0.0,60.0,60.0,-0.045079674510562426,0.06273712971851493,-0.03243108941568501,0.0671388998564587,0.004907591623199456,0.04356185273349615
2022-05-11,4928793.2106973445,5037747.238533874,4726449.906696264,4738249.1162109375,31153400,0.0,15.770000457763672,4.421999931335449,0.0,6061.47998046875,19692.330078125,0.0,0.0,1.0,0.0,15.770000457763672,4.421999931335449,0.0,0.5877852522924732,-0.8090169943749473,0.49999999999999994,-0.8660254037844387,0,30.0,5552747.322575875,0.0,0.0,0.0,60.0,60.0,0.013245696795064517,0.0703083786828468,0.052347054303343334,0.045618311361389066,0.05987074815477475,0.05001591074763201
2022-05-12,4696072.954023246,4971973.030119678,4638834.416963455,4801010.52734375,38262200,0.0,15.770000457763672,4.421999931335449,0.0,6061.47998046875,19692.330078125,0.0,0.0,1.0,0.0,15.770000457763672,4.421999931335449,0.0,-0.587785252292473,-0.8090169943749475,0.49999999999999994,-0.8660254037844387,0,30.0,5529348.214919703,0.0,0.0,0.0,60.0,60.0,0.0385902033751122,0.04502196407611851,0.0460155434236603,0.04936207566026116,0.05950644712700234,0.03712615942451873
2022-05-13,4834650.672575012,5018165.493829302,4802014.570338164,4986282.5,24549800,0.0,15.770000457763672,4.421999931335449,0.0,6061.47998046875,19692.330078125,0.0,0.0,1.0,0.0,15.770000457763672,4.421999931335449,0.0,-0.9510565162951536,0.30901699437494723,0.49999999999999994,-0.8660254037844387,0,30.0,5512444.355472649,0.0,0.0,0.0,60.0,60.0,0.007149441641580991,0.047527961942880795,0.020139072835386383,0.0357466874845051,-0.03212162274230602,0.04717548590196263
2022-05-16,4946869.013004093,5155739.4027503105,4918751.557853858,5021931.635742187,27112600,0.0,15.770000457763672,4.421999931335449,0.0,6061.47998046875,19692.330078125,0.0,0.0,1.0,0.0,15.770000457763672,4.421999931335449,0.0,0.0,1.0,0.49999999999999994,-0.8660254037844387,0,30.0,5497176.298875592,0.0,0.0,0.0,60.0,60.0,0.012897421829111307,0.03549293283253037,-0.03899229127295946,0.04684060175327109,-0.04374131693806828,0.02844424612295299
2022-05-17,5074149.287500919,5157999.06917992,4979755.986942963,5086701.6064453125,24872700,0.0,15.770000457763672,4.421999931335449,0.0,6061.47998046875,19692.330078125,0.0,0.0,1.0,0.0,15.770000457763672,4.421999931335449,0.0,0.9510565162951535,0.30901699437494745,0.49999999999999994,-0.8660254037844387,0,30.0,5484399.564280148,0.0,0.0,0.0,60.0,60.0,-0.051228991192777684,0.04624417117054691,-0.05591754658127194,0.028082059949948116,-0.044813101231375975,0.04955091949112669
2022-05-18,5020926.838061344,5046031.47225165,4810801.172469697,4826115.0146484375,23960000,0.0,15.770000457763672,4.421999931335449,0.0,6061.47998046875,19692.330078125,0.0,0.0,1.0,0.0,15.770000457763672,4.421999931335449,0.0,0.5877852522924732,-0.8090169943749473,0.49999999999999994,-0.8660254037844387,0,30.0,5463909.319366074,0.0,0.0,0.0,60.0,60.0,-0.004941714433695255,0.029598353753718058,0.006762316619968869,0.05222642664157836,0.02075524857837889,0.029910527478557315
2022-05-19,4800006.40707991,4902684.278105833,4759839.218646138,4802265.732421876,24446900,0.0,15.770000457763672,4.421999931335449,0.0,6061.47998046875,19692.330078125,0.0,0.0,1.0,0.0,15.770000457763672,4.421999931335449,0.0,-0.587785252292473,-0.8090169943749475,0.49999999999999994,-0.8660254037844387,0,30.0,5443314.518607196,0.0,0.0,0.0,60.0,60.0,0.0117621562710803,0.05248579645950629,0.025824580715339267,0.030059070822705345,-0.052328952244996695,0.039573380187831825
2022-05-20,4894650.558506866,4968458.244313622,4716407.502537265,4858750.732421876,31465600,0.0,15.770000457763672,4.421999931335449,0.0,6061.47998046875,19692.330078125,0.0,0.0,1.0,0.0,15.770000457763672,4.421999931335449,0.0,-0.9510565162951536,0.30901699437494723,0.49999999999999994,-0.8660254037844387,0,30.0,5425118.9599334635,0.0,0.0,0.0,60.0,60.0,0.013898942905798144,0.02970962161056719,-0.06334602269795228,0.03911332316844333,-0.05017041327103786,0.03167298837645676
2022-05-23,4900173.580587408,4945361.998482163,4801010.352721843,4926282.2314453125,25059200,0.0,15.770000457763672,4.421999931335449,0.0,6061.47998046875,19692.330078125,0.0,0.0,1.0,0.0,15.770000457763672,4.421999931335449,0.0,0.0,1.0,0.49999999999999994,-0.8660254037844387,0,30.0,5409591.804169932,0.0,0.0,0.0,60.0,60.0,-0.07618605990688689,0.03857714167878106,-0.06319106714246642,0.03123880205031392,-0.023441774237234016,0.053865403829378586
2022-05-24,4532641.9219665155,4611219.168963857,4421177.281371729,4550968.1982421875,50406300,0.0,15.770000457763672,4.421999931335449,0.0,6061.47998046875,19692.330078125,0.0,0.0,1.0,0.0,15.770000457763672,4.421999931335449,0.0,0.9510565162951535,0.30901699437494745,0.49999999999999994,-0.8660254037844387,0,30.0,5382865.659702,0.0,0.0,0.0,60.0,60.0,0.014066677499054285,0.033815036442473786,0.05709405690970269,0.058307632621293175,0.07640121977092128,0.03050529022915625
2022-05-25,4528876.101044335,4655654.587214521,4501763.431742422,4614985.2001953125,28030200,0.0,15.770000457763672,4.421999931335449,0.0,6061.47998046875,19692.330078125,0.0,0.0,1.0,0.0,15.770000457763672,4.421999931335449,0.0,0.5877852522924732,-0.8090169943749473,0.49999999999999994,-0.8660254037844387,0,30.0,5358964.05257963,0.0,0.0,0.0,60.0,60.0,0.04243052292849701,0.05749881532947576,0.061469865497996434,0.03008213454404205,0.053364572839099185,0.030408594279395285
2022-05-26,4591135.874369349,4840926.921609381,4575570.739835087,4810801.435546874,23056500,0.0,15.770000457763672,4.421999931335449,0.0,6061.47998046875,19692.330078125,0.0,0.0,1.0,0.0,15.770000457763672,4.421999931335449,0.0,-0.587785252292473,-0.8090169943749475,0.49999999999999994,-0.8660254037844387,0,30.0,5341901.543240736,0.0,0.0,0.0,60.0,60.0,0.018264375563382635,0.02885768776180152,0.010488996312085322,0.029170859458305682,-0.015602877141294274,0.07582320313697599
2022-05-27,4804023.135241328,4903688.570287122,4764859.964576084,4898667.7197265625,22562700,0.0,15.770000457763672,4.421999931335449,0.0,6061.47998046875,19692.330078125,0.0,0.0,1.0,0.0,15.770000457763672,4.421999931335449,0.0,-0.9510565162951536,0.30901699437494723,0.49999999999999994,-0.8660254037844387,0,30.0,5328105.12404316,0.0,0.0,0.0,60.0,60.0,-0.0076359140493306304,0.028647628413953012,-0.03325978352717969,0.07446317965805758,0.01911541639476914,0.06769848864256554
2022-05-31,4892642.7104461575,4960676.445555127,4820341.232996974,4861261.9140625,26131100,0.0,15.770000457763672,4.421999931335449,0.0,6061.47998046875,19692.330078125,0.0,0.0,1.0,0.0,15.770000457763672,4.421999931335449,0.0,0.9510565162951535,0.30901699437494745,0.49999999999999994,-0.8660254037844387,0,30.0,5313573.821866423,0.0,0.0,0.0,60.0,60.0,-0.025821036694714514,0.07503614924427966,0.02695717310091126,0.0682194061645343,-0.014769693930343206,0.03527164711983718
2022-06-01,4933312.478402603,5009128.595539804,4644358.221040677,4735739.091796874,36623500,0.0,15.770000457763672,4.421999931335449,0.0,6061.47998046875,19692.330078125,0.0,0.0,1.0,0.0,15.770000457763672,4.421999931335449,0.0,0.5877852522924732,-0.8090169943749473,1.2246467991473532e-16,-1.0,0,30.0,5295587.716700189,0.0,0.0,0.0,60.0,60.0,0.0541771191779331,0.07002759116566541,0.011344263406053524,0.036206537451973136,0.029739054166041713,0.045165411279354646
2022-06-02,4730968.447460991,5044525.48038046,4712893.079392849,4992307.79296875,31951600,0.0,15.770000457763672,4.421999931335449,0.0,6061.47998046875,19692.330078125,0.0,0.0,1.0,0.0,15.770000457763672,4.421999931335449,0.0,-0.587785252292473,-0.8090169943749475,1.2246467991473532e-16,-1.0,0,30.0,5286147.604641877,0.0,0.0,0.0,60.0,60.0,-0.04063155516530414,0.034345781931036094,-0.023182124300846756,0.042844234102306714,-0.01614191346617766,0.025344432943153822
2022-06-03,4920006.597825834,4935822.641542913,4764357.926752997,4789462.5634765625,19465000,0.0,15.770000457763672,4.421999931335449,0.0,6061.47998046875,19692.330078125,0.0,0.0,1.0,0.0,15.770000457763672,4.421999931335449,0.0,-0.9510565162951536,0.30901699437494723,1.2246467991473532e-16,-1.0,0,30.0,5270687.42386697,0.0,0.0,0.0,60.0,60.0,0.018188456122781905,0.04465879019993095,0.025526836775777183,0.026417830479634755,0.030716094349756976,0.039941271514086274
2022-06-06,4870048.42577465,4943604.8246311,4729713.220838376,4876575.4931640625,30574200,0.0,15.770000457763672,4.421999931335449,0.0,6061.47998046875,19692.330078125,0.0,0.0,1.0,0.0,15.770000457763672,4.421999931335449,0.0,0.0,1.0,1.2246467991473532e-16,-1.0,0,30.0,5258420.008524807,0.0,0.0,0.0,60.0,60.0,0.007207291154075265,0.025945914354826537,0.0123038501876949,0.039227778780935044,-0.052767037394779,0.08118406449619646
2022-06-07,4818333.106270186,4933814.597144077,4807287.387053596,4911722.392578124,18828700,0.0,15.770000457763672,4.421999931335449,0.0,6061.47998046875,19692.330078125,0.0,0.0,1.0,0.0,15.770000457763672,4.421999931335449,0.0,0.9510565162951535,0.30901699437494745,1.2246467991473532e-16,-1.0,0,30.0,5247628.445718347,0.0,0.0,0.0,60.0,60.0,0.0050600894953608914,0.03894707586557201,-0.0595451691777714,0.08060313423979922,-0.10263238372459199,0.04129823819648648
2022-06-08,4887119.978488308,5071890.134972922,4880592.9103185525,4936576.1474609375,22267200,0.0,15.770000457763672,4.421999931335449,0.0,6061.47998046875,19692.330078125,0.0,0.0,1.0,0.0,15.770000457763672,4.421999931335449,0.0,0.5877852522924732,-0.8090169943749473,1.2246467991473532e-16,-1.0,0,30.0,5237946.405062911,0.0,0.0,0.0,60.0,60.0,-0.06427999613990293,0.08019732857989607,-0.10715028319752017,0.04109031751248053,-0.16466643563385494,0.04348048681000687
2022-06-09,4877328.680743322,5007119.603675294,4611219.384317691,4619253.051757812,23501600,0.0,15.770000457763672,4.421999931335449,0.0,6061.47998046875,19692.330078125,0.0,0.0,1.0,0.0,15.770000457763672,4.421999931335449,0.0,-0.587785252292473,-0.8090169943749475,1.2246467991473532e-16,-1.0,0,30.0,5218688.504595669,0.0,0.0,0.0,60.0,60.0,-0.04581529397764903,0.04391304807311151,-0.10728256217653881,0.04646741186534236,-0.11016306923396482,0.02929347486026257
2022-06-10,4595151.871985095,4596658.471746102,4393812.990422394,4407620.615234375,27450800,0.0,15.770000457763672,4.421999931335449,0.0,6061.47998046875,19692.330078125,0.0,0.0,1.0,0.0,15.770000457763672,4.421999931335449,0.0,-0.9510565162951536,0.30901699437494723,1.2246467991473532e-16,-1.0,0,30.0,5193442.614039295,0.0,0.0,0.0,60.0,60.0,-0.06441862651008573,0.0486985502618755,-0.0674374414619977,0.030700004595940772,-0.03542727337489929,0.04659115602535329
2022-06-13,4282600.155421514,4332558.523539617,4117913.789473347,4123687.7490234375,31749300,0.0,15.770000457763672,4.421999931335449,0.0,6061.47998046875,19692.330078125,0.0,0.0,1.0,0.0,15.770000457763672,4.421999931335449,0.0,0.0,1.0,1.2246467991473532e-16,-1.0,0,30.0,5160144.644043706,0.0,0.0,0.0,60.0,60.0,-0.0032266727806381673,0.03281382621099364,0.030987527067840855,0.04979914879189881,-0.020638114906182437,0.03330086945717151
2022-06-14,4168122.6976035084,4186198.066225923,4050884.0930810645,4110381.9580078125,27244300,0.0,15.770000457763672,4.421999931335449,0.0,6061.47998046875,19692.330078125,0.0,0.0,1.0,0.0,15.770000457763672,4.421999931335449,0.0,0.9510565162951535,0.30901699437494745,1.2246467991473532e-16,-1.0,0,30.0,5127468.965189379,0.0,0.0,0.0,60.0,60.0,0.03432495524727202,0.049960354507900484,-0.017467805016528597,0.03340866829780541,6.118747815151878e-05,0.036645700034005586
2022-06-15,4197495.432765721,4322014.6068563135,4116658.467071365,4251470.634765625,30008300,0.0,15.770000457763672,4.421999931335449,0.0,6061.47998046875,19692.330078125,0.0,0.0,1.0,0.0,15.770000457763672,4.421999931335449,0.0,0.5877852522924732,-0.8090169943749473,1.2246467991473532e-16,-1.0,0,30.0,5100202.002377105,0.0,0.0,0.0,60.0,60.0,-0.05007397336886136,0.03229997316444765,-0.033126695430962694,0.035429581243396416,-0.07263072454342563,0.06961908512536298
2022-06-16,4110130.9721266776,4144273.2918740483,4006950.9044616814,4038582.607421875,26944100,0.0,15.770000457763672,4.421999931335449,0.0,6061.47998046875,19692.330078125,0.0,0.0,1.0,0.0,15.770000457763672,4.421999931335449,0.0,-0.587785252292473,-0.8090169943749475,1.2246467991473532e-16,-1.0,0,30.0,5067157.262955022,0.0,0.0,0.0,60.0,60.0,0.017840629125618623,0.03729720025573519,-0.02374579761179991,0.07328895426969541,-0.03120526948294889,0.033256610431205064
2022-06-17,4058917.587142951,4164859.187516628,4014231.363258285,4110633.4619140625,31374200,0.0,15.770000457763672,4.421999931335449,0.0,6061.47998046875,19692.330078125,0.0,0.0,1.0,0.0,15.770000457763672,4.421999931335449,0.0,-0.9510565162951536,0.30901699437494723,1.2246467991473532e-16,-1.0,0,30.0,5037383.805625004,0.0,0.0,0.0,60.0,60.0,-0.040857503176252224,0.07200435134197253,-0.04818622602116075,0.032673691223914225,-0.030475224012701443,0.0335898347586151
2022-06-21,4165612.1540060993,4211553.684806922,3915570.1887771934,3942683.2421875,50724900,0.0,15.770000457763672,4.421999931335449,0.0,6061.47998046875,19692.330078125,0.0,0.0,1.0,0.0,15.770000457763672,4.421999931335449,0.0,0.9510565162951535,0.30901699437494745,1.2246467991473532e-16,-1.0,0,30.0,5003309.357629895,0.0,0.0,0.0,60.0,60.0,-0.00764091140698904,0.03406552345674905,0.01082454296200227,0.035020692827030034,0.08347650217707958,0.05698819451857062
2022-06-22,3976072.24523365,4036574.1249303124,3902264.5564610427,3912557.548828125,47267800,0.0,15.770000457763672,4.421999931335449,0.0,6061.47998046875,19692.330078125,0.0,0.0,1.0,0.0,15.770000457763672,4.421999931335449,0.0,0.5877852522924732,-0.8090169943749473,1.2246467991473532e-16,-1.0,0,30.0,4969357.821451018,0.0,0.0,0.0,60.0,60.0,0.018607633649198544,0.035290343213043134,0.09181899438564818,0.05742698905430469,0.08752013963612501,0.023997469846855808
2022-06-23,3923101.5959735136,4010465.6224624757,3872390.1237235484,3985360.986328125,40499200,0.0,15.770000457763672,4.421999931335449,0.0,6061.47998046875,19692.330078125,0.0,0.0,1.0,0.0,15.770000457763672,4.421999931335449,0.0,-0.587785252292473,-0.8090169943749475,1.2246467991473532e-16,-1.0,0,30.0,4938729.218428781,0.0,0.0,0.0,60.0,60.0,0.07187395648525359,0.056377929201816834,0.06765363198785869,0.02355909091401957,0.012157279510476042,0.06733858776609804
2022-06-24,4060172.3828860065,4274063.9735801285,4049377.5740492386,4271804.6484375,68736000,0.0,15.770000457763672,4.421999931335449,0.0,6061.47998046875,19692.330078125,0.0,0.0,1.0,0.0,15.770000457763672,4.421999931335449,0.0,-0.9510565162951536,0.30901699437494723,1.2246467991473532e-16,-1.0,0,30.0,4917970.037940678,0.0,0.0,0.0,60.0,60.0,-0.003937332810318136,0.021979348198058104,-0.055712405934922174,0.06282323342093857,-0.036553723557572484,0.03531967026241827
2022-06-27,4300926.664256764,4311721.47446946,4217829.992667369,4254985.1318359375,29174600,0.0,15.770000457763672,4.421999931335449,0.0,6061.47998046875,19692.330078125,0.0,0.0,1.0,0.0,15.770000457763672,4.421999931335449,0.0,0.0,1.0,1.2246467991473532e-16,-1.0,0,30.0,4897333.486303517,0.0,0.0,0.0,60.0,60.0,-0.051979734639270865,0.06307156717176213,-0.03274531996995642,0.03545928526974126,-0.048616558687184654,0.039766295216089764
2022-06-28,4265276.874222972,4300423.589280104,4032055.008722665,4033812.1337890625,27744500,0.0,15.770000457763672,4.421999931335449,0.0,6061.47998046875,19692.330078125,0.0,0.0,1.0,0.0,15.770000457763672,4.421999931335449,0.0,0.9510565162951535,0.30901699437494745,1.2246467991473532e-16,-1.0,1,30.0,4870454.891003882,0.0,0.0,0.0,60.0,60.0,0.020289033232845078,0.03740350978283014,0.0035475781214513342,0.04194667210089478,-0.004045126478934522,0.03497632674388048
2022-06-29,4106365.6890474823,4175654.3497881144,4024775.6181798363,4115654.2822265625,28595200,0.0,15.770000457763672,4.421999931335449,0.0,6061.47998046875,19692.330078125,0.0,0.0,1.0,0.0,15.770000457763672,4.421999931335449,0.0,0.5877852522924732,-0.8090169943749473,1.2246467991473532e-16,-1.0,1,30.0,4846960.416853163,0.0,0.0,0.0,60.0,60.0,-0.016408541664264947,0.041112538442155275,-0.02385026097426079,0.03428080240464406,0.025924127435705876,0.06850064451301692
2022-06-30,4070716.4157551173,4148038.737593959,3978833.7427012986,4048122.3974609375,35250600,0.0,15.770000457763672,4.421999931335449,0.0,6061.47998046875,19692.330078125,0.0,0.0,1.0,0.0,15.770000457763672,4.421999931335449,0.0,-0.587785252292473,-0.8090169943749475,1.2246467991473532e-16,-1.0,1,30.0,4822095.202147489,0.0,0.0,0.0,60.0,60.0,-0.007565864106412075,0.034852684124207584,0.043038874261473264,0.0696433909958124,0.05283736341370752,0.038015444136718535
2022-07-01,4024524.1209242144,4032306.496764699,3891218.565549863,4017494.853515625,31423900,0.0,15.770000457763672,4.421999931335449,0.0,6061.47998046875,19692.330078125,0.0,0.0,1.0,0.0,15.770000457763672,4.421999931335449,0.0,-0.9510565162951536,0.30901699437494723,-0.4999999999999997,-0.8660254037844388,0,30.0,4797050.624980002,0.0,0.0,0.0,60.0,60.0,0.05099052575647332,0.07017432036747252,0.060863714110088035,0.03830525650197373,0.07598569137090501,0.030869225082328453
2022-07-05,3970047.3456742875,4223855.245274665,3941930.2743493873,4222349.0283203125,28618600,0.0,15.770000457763672,4.421999931335449,0.0,6061.47998046875,19692.330078125,0.0,0.0,1.0,0.0,15.770000457763672,4.421999931335449,0.0,0.9510565162951535,0.30901699437494745,-0.4999999999999997,-0.8660254037844388,0,30.0,4779162.044008969,0.0,0.0,0.0,60.0,60.0,0.009394174458907008,0.03644681427970313,0.02378248423927596,0.0293715540966553,0.01599373070021037,0.02526903810915223
2022-07-06,4222600.0460833125,4307704.753804305,4153813.5829450293,4262014.51171875,23085900,0.0,15.770000457763672,4.421999931335449,0.0,6061.47998046875,19692.330078125,0.0,0.0,1.0,0.0,15.770000457763672,4.421999931335449,0.0,0.5877852522924732,-0.8090169943749473,-0.4999999999999997,-0.8660254037844388,0,30.0,4763064.932814025,0.0,0.0,0.0,60.0,60.0,0.014254401446374416,0.029098200524488,0.00653813585246923,0.02503386560824752,-0.04058442910169621,0.03286800394073332
2022-07-07,4253980.142669507,4336072.40287617,4212055.4499759,4322766.9775390625,24083400,0.0,15.770000457763672,4.421999931335449,0.0,6061.47998046875,19692.330078125,0.0,0.0,1.0,0.0,15.770000457763672,4.421999931335449,0.0,-0.587785252292473,-0.8090169943749475,-0.4999999999999997,-0.8660254037844388,0,30.0,4749359.897592103,0.0,0.0,0.0,60.0,60.0,-0.007607820664028106,0.0246820379310635,-0.05406812183399735,0.032406074742058796,-0.05180324785124309,0.0221267055565493
2022-07-08,4267285.740313273,4328038.910906814,4221344.212400046,4289880.1416015625,19249200,0.0,15.770000457763672,4.421999931335449,0.0,6061.47998046875,19692.330078125,0.0,0.0,1.0,0.0,15.770000457763672,4.421999931335449,0.0,-0.9510565162951536,0.30901699437494723,-0.4999999999999997,-0.8660254037844388,0,30.0,4735057.7956537055,0.0,0.0,0.0,60.0,60.0,-0.04681647249684766,0.03265450435506485,-0.04453423566556818,0.02229633205226858,-0.04324668398568596,0.03142553344378374
2022-07-11,4194231.568252566,4204775.469022141,4064691.5592555064,4089043.0859375,21885600,0.0,15.770000457763672,4.421999931335449,0.0,6061.47998046875,19692.330078125,0.0,0.0,1.0,0.0,15.770000457763672,4.421999931335449,0.0,0.0,1.0,-0.4999999999999997,-0.8660254037844388,0,30.0,4714949.47072403,0.0,0.0,0.0,60.0,60.0,0.0023943309608567783,0.023391436600539495,0.0037451219079632047,0.032969026989065134,-0.02965362999478513,0.03260067545858036
2022-07-12,4137243.6669106274,4165109.8253475395,4069461.233245958,4098833.6083984375,16639700,0.0,15.770000457763672,4.421999931335449,0.0,6061.47998046875,19692.330078125,0.0,0.0,1.0,0.0,15.770000457763672,4.421999931335449,0.0,0.9510565162951535,0.30901699437494745,-0.4999999999999997,-0.8660254037844388,0,30.0,4695771.799120527,0.0,0.0,0.0,60.0,60.0,0.0013475644318654615,0.0328902767810571,-0.03197141081686083,0.03252280509939696,0.008758557090608486,0.031604022785582955
2022-07-13,4020758.567478396,4141762.7130148844,4006950.941155161,4104357.05078125,16555100,0.0,15.770000457763672,4.421999931335449,0.0,6061.47998046875,19692.330078125,0.0,0.0,1.0,0.0,15.770000457763672,4.421999931335449,0.0,0.5877852522924732,-0.8090169943749473,-0.4999999999999997,-0.8660254037844388,0,30.0,4677362.9924030565,0.0,0.0,0.0,60.0,60.0,-0.03327413620627367,0.032479037503675784,0.007401019308363524,0.03156149164202954,0.022875980389761203,0.03700533971794362
2022-07-14,4047369.771780987,4081763.0032833335,3948457.436702533,3967788.115234375,23765200,0.0,15.770000457763672,4.421999931335449,0.0,6061.47998046875,19692.330078125,0.0,0.0,1.0,0.0,15.770000457763672,4.421999931335449,0.0,-0.587785252292473,-0.8090169943749475,-0.4999999999999997,-0.8660254037844388,0,30.0,4655276.247353071,0.0,0.0,0.0,60.0,60.0,0.04207517046768099,0.032647819639553904,0.0580827706167752,0.03827904176756315,0.11217958502112654,0.04416330513214036
2022-07-15,4030298.0987661565,4141762.7440039515,4012223.113249814,4134733.4765625,23342800,0.0,15.770000457763672,4.421999931335449,0.0,6061.47998046875,19692.330078125,0.0,0.0,1.0,0.0,15.770000457763672,4.421999931335449,0.0,-0.9510565162951536,0.30901699437494723,-0.4999999999999997,-0.8660254037844388,0,30.0,4639073.453488751,0.0,0.0,0.0,60.0,60.0,0.015361272010645865,0.03673347456343635,0.06727385561061093,0.042380152971421406,0.11165759111192712,0.041894410997998226
2022-07-18,4186198.1239618105,4310215.089194684,4158331.962206787,4198248.2421875,23574300,0.0,15.770000457763672,4.421999931335449,0.0,6061.47998046875,19692.330078125,0.0,0.0,1.0,0.0,15.770000457763672,4.421999931335449,0.0,0.0,1.0,-0.4999999999999997,-0.8660254037844388,0,30.0,4625352.006511278,0.0,0.0,0.0,60.0,60.0,0.05112720470140285,0.041738989007822885,0.09483946429293356,0.04126059576315904,0.09531770854389535,0.029779408618202115
2022-07-19,4277076.76509467,4430717.399780508,4255486.762547732,4412892.939453125,25933700,0.0,15.770000457763672,4.421999931335449,0.0,6061.47998046875,19692.330078125,0.0,0.0,1.0,0.0,15.770000457763672,4.421999931335449,0.0,0.9510565162951535,0.30901699437494745,-0.4999999999999997,-0.8660254037844388,0,30.0,4618738.850664506,0.0,0.0,0.0,60.0,60.0,0.041586079587720495,0.03925366556836484,0.04204106186657573,0.028330927489086964,-0.03703485819850094,0.04090341788730225
2022-07-20,4455822.120307001,4609211.466366503,4435989.242732212,4596407.8564453125,24784300,0.0,15.770000457763672,4.421999931335449,0.0,6061.47998046875,19692.330078125,0.0,0.0,1.0,0.0,15.770000457763672,4.421999931335449,0.0,0.5877852522924732,-0.8090169943749473,-0.4999999999999997,-0.8660254037844388,0,30.0,4618043.759854639,0.0,0.0,0.0,60.0,60.0,0.0004368167814179388,0.027199794663443355,-0.07548193982905484,0.039270319264916254,-0.08979190652775473,0.03145999219422504
2022-07-21,4534650.044374479,4615486.994402911,4490465.64451816,4598415.644531249,27195800,0.0,15.770000457763672,4.421999931335449,0.0,6061.47998046875,19692.330078125,0.0,0.0,1.0,0.0,15.770000457763672,4.421999931335449,0.0,-0.587785252292473,-0.8090169943749475,-0.4999999999999997,-0.8660254037844388,0,30.0,4617432.800824228,0.0,0.0,0.0,60.0,60.0,-0.07588560850321047,0.039253172820304445,-0.09018932709759166,0.03144625594191684,-0.131134952599439,0.04394826610982809
2022-07-22,4344859.7738216985,4408374.475727225,4227872.071732848,4249462.0751953125,42583900,0.0,15.770000457763672,4.421999931335449,0.0,6061.47998046875,19692.330078125,0.0,0.0,1.0,0.0,15.770000457763672,4.421999931335449,0.0,-0.9510565162951536,0.30901699437494723,-0.4999999999999997,-0.8660254037844388,0,30.0,4605979.07569341,0.0,0.0,0.0,60.0,60.0,-0.015478298710631956,0.034028531782719335,-0.059786260883505,0.047557170967378846,0.0018314634269661748,0.05228328330908206
2022-07-25,4242683.6824215995,4282098.146656779,4137495.1913715345,4183687.6318359375,26166300,0.0,15.770000457763672,4.421999931335449,0.0,6061.47998046875,19692.330078125,0.0,0.0,1.0,0.0,15.770000457763672,4.421999931335449,0.0,0.0,1.0,-0.4999999999999997,-0.8660254037844388,0,30.0,4592834.524276248,0.0,0.0,0.0,60.0,60.0,-0.0450045561360868,0.04830484783128307,0.017581900038291274,0.053105262423987026,-0.0355835012091763,0.039963928877137705
2022-07-26,4165863.3182369736,4167369.5350915724,3965277.1406621165,3995402.626953125,28468400,0.0,15.770000457763672,4.421999931335449,0.0,6061.47998046875,19692.330078125,0.0,0.0,1.0,0.0,15.770000457763672,4.421999931335449,0.0,0.9510565162951535,0.30901699437494745,-0.4999999999999997,-0.8660254037844388,0,30.0,4574238.423391791,0.0,0.0,0.0,60.0,60.0,0.06553586886357611,0.055607869927759075,0.009865026045352531,0.0418472455904539,-0.00031396925688729024,0.03122841359214356
2022-07-27,4081763.241677139,4289629.62595474,4067453.7963661035,4257244.8095703125,43846600,0.0,15.770000457763672,4.421999931335449,0.0,6061.47998046875,19692.330078125,0.0,0.0,1.0,0.0,15.770000457763672,4.421999931335449,0.0,0.5877852522924732,-0.8090169943749473,-0.4999999999999997,-0.8660254037844388,0,30.0,4564371.44901569,0.0,0.0,0.0,60.0,60.0,-0.052246803176694646,0.03927342740238783,-0.06179973855849086,0.02930770751570244,-0.05690552523747785,0.05873336916539618
2022-07-28,4043352.8627612847,4054649.8730462063,3887453.2780833542,4034817.3779296875,73214300,0.0,15.770000457763672,4.421999931335449,0.0,6061.47998046875,19692.330078125,0.0,0.0,1.0,0.0,15.770000457763672,4.421999931335449,0.0,-0.587785252292473,-0.8090169943749475,-0.4999999999999997,-0.8660254037844388,0,30.0,4547888.162847319,0.0,0.0,0.0,60.0,60.0,-0.0100795601785527,0.03092335390050542,-0.0049155434942328696,0.061971164394126706,-0.0032977430622776684,0.02631912998744569
2022-07-29,3958750.5606529373,4020256.849208267,3895486.763506638,3994148.193359375,42065400,0.0,15.770000457763672,4.421999931335449,0.0,6061.47998046875,19692.330078125,0.0,0.0,1.0,0.0,15.770000457763672,4.421999931335449,0.0,-0.9510565162951536,0.30901699437494723,-0.4999999999999997,-0.8660254037844388,0,30.0,4530652.048768889,0.0,0.0,0.0,60.0,60.0,0.00521659769471097,0.06260216670069414,0.0068508708816016305,0.026587116427450364,0.06096779645466442,0.050094184187862885
2022-08-01,3947703.8202597955,4147034.681759392,3896992.350731432,4014984.0576171875,40596700,0.0,15.770000457763672,4.421999931335449,0.0,6061.47998046875,19692.330078125,0.0,0.0,1.0,0.0,15.770000457763672,4.421999931335449,0.0,0.0,1.0,-0.8660254037844385,-0.5000000000000004,0,30.0,4514600.990850306,0.0,0.0,0.0,60.0,60.0,0.0016257920836549866,0.02644914189481479,0.05546187646305195,0.04983421911530825,0.06652921444228328,0.03345208001342116
2022-08-02,3974314.750005024,4072976.165852868,3966783.2828075318,4021511.5869140625,27374500,0.0,15.770000457763672,4.421999931335449,0.0,6061.47998046875,19692.330078125,0.0,0.0,1.0,0.0,15.770000457763672,4.421999931335449,0.0,0.9510565162951535,0.30901699437494745,-0.8660254037844385,-0.5000000000000004,0,30.0,4499252.7305017365,0.0,0.0,0.0,60.0,60.0,0.053748700168156825,0.04975333054437374,0.06479807416261861,0.033397782163568,0.043198780054879496,0.03626941740835214
2022-08-03,4084273.2670800234,4256239.792785472,4056156.197513708,4237662.607421875,31721900,0.0,15.770000457763672,4.421999931335449,0.0,6061.47998046875,19692.330078125,0.0,0.0,1.0,0.0,15.770000457763672,4.421999931335449,0.0,0.5877852522924732,-0.8090169943749473,-0.8660254037844385,-0.5000000000000004,0,30.0,4491110.285578781,0.0,0.0,0.0,60.0,60.0,0.010485777104824455,0.031694257044624016,-0.010011798934218165,0.03441941840835892,0.00859004647662269,0.06149282947031241
2022-08-04,4225110.164031981,4321762.7793292105,4187453.21138119,4282097.79296875,23938200,0.0,15.770000457763672,4.421999931335449,0.0,6061.47998046875,19692.330078125,0.0,0.0,1.0,0.0,15.770000457763672,4.421999931335449,0.0,-0.587785252292473,-0.8090169943749475,-0.8660254037844385,-0.5000000000000004,0,30.0,4484604.410321528,0.0,0.0,0.0,60.0,60.0,-0.020284873378199234,0.034062249254982205,-0.001876058694891564,0.060854720436043654,-0.011959896700565322,0.01717765553322437
2022-08-05,4192223.547531219,4308206.850020215,4162348.967661904,4195235.9814453125,25832700,0.0,15.770000457763672,4.421999931335449,0.0,6061.47998046875,19692.330078125,0.0,0.0,1.0,0.0,15.770000457763672,4.421999931335449,0.0,-0.9510565162951536,0.30901699437494723,-0.8660254037844385,-0.5000000000000004,0,30.0,4475597.317596366,0.0,0.0,0.0,60.0,60.0,0.01878996678022511,0.06211470945220528,0.008497344229377816,0.0175333166411908,0.06720124430947343,0.039076051170268994
2022-08-08,4217578.894548458,4456323.847639548,4195737.983568635,4274064.326171875,27299100,0.0,15.770000457763672,4.421999931335449,0.0,6061.47998046875,19692.330078125,0.0,0.0,1.0,0.0,15.770000457763672,4.421999931335449,0.0,0.0,1.0,-0.8660254037844385,-0.5000000000000004,0,30.0,4469324.25474708,0.0,0.0,0.0,60.0,60.0,-0.010102791435388794,0.017209942395293644,0.04751840821739431,0.03835535531800004,0.0425256761984046,0.03953016528930493
2022-08-09,4241428.247032774,4255988.982126008,4182432.5812788103,4230884.345703125,18655100,0.0,15.770000457763672,4.421999931335449,0.0,6061.47998046875,19692.330078125,0.0,0.0,1.0,0.0,15.770000457763672,4.421999931335449,0.0,0.9510565162951535,0.30901699437494745,-0.8660254037844385,-0.5000000000000004,0,30.0,4461902.400267382,0.0,0.0,0.0,60.0,60.0,0.058209275826058796,0.038746806220028414,0.053165588485805194,0.03993360618384326,0.07102600380045306,0.015130856388936872
2022-08-10,4418165.3899706425,4530884.969694688,4366951.713812377,4477161.0595703125,30262100,0.0,15.770000457763672,4.421999931335449,0.0,6061.47998046875,19692.330078125,0.0,0.0,1.0,0.0,15.770000457763672,4.421999931335449,0.0,0.5877852522924732,-0.8090169943749473,-0.8660254037844385,-0.5000000000000004,0,30.0,4462377.352423486,0.0,0.0,0.0,60.0,60.0,-0.0047662475235027615,0.03773696479145895,0.012111713880403547,0.01429854824994369,0.014298570254979596,0.018167576706413825
2022-08-11,4511554.1220744,4596658.8193578925,4427704.350087197,4455821.8017578125,24079100,0.0,15.770000457763672,4.421999931335449,0.0,6061.47998046875,19692.330078125,0.0,0.0,1.0,0.0,15.770000457763672,4.421999931335449,0.0,-0.587785252292473,-0.8090169943749475,-0.8660254037844385,-0.5000000000000004,0,30.0,4462173.299573148,0.0,0.0,0.0,60.0,60.0,0.016958791200467133,0.014367025047496422,0.019156120590808217,0.01825458256535854,0.011155545763483661,0.022254843270778098
2022-08-12,4539169.529799938,4555487.77431931,4491470.870886275,4531387.1533203125,21274000,0.0,15.770000457763672,4.421999931335449,0.0,6061.47998046875,19692.330078125,0.0,0.0,1.0,0.0,15.770000457763672,4.421999931335449,0.0,-0.9510565162951536,0.30901699437494723,-0.8660254037844385,-0.5000000000000004,0,30.0,4464327.700455745,0.0,0.0,0.0,60.0,60.0,0.0021606867548165346,0.0179501693906495,-0.00570647059369342,0.021883721802048055,-0.031302036376185595,0.021994463619305873
2022-08-15,4492726.292892052,4554985.689368211,4473646.522391498,4541178.0615234375,15878700,0.0,15.770000457763672,4.421999931335449,0.0,6061.47998046875,19692.330078125,0.0,0.0,1.0,0.0,15.770000457763672,4.421999931335449,0.0,0.0,1.0,-0.8660254037844385,-0.5000000000000004,0,30.0,4466719.800833754,0.0,0.0,0.0,60.0,60.0,-0.007850195534994771,0.021836539879559268,-0.03339057655450512,0.021947042934330276,-0.03444089919850147,0.021560028173970062
2022-08-16,4504775.817367917,4543688.078677571,4444524.462836935,4505528.92578125,21156700,0.0,15.770000457763672,4.421999931335449,0.0,6061.47998046875,19692.330078125,0.0,0.0,1.0,0.0,15.770000457763672,4.421999931335449,0.0,0.9510565162951535,0.30901699437494745,-0.8660254037844385,-0.5000000000000004,0,30.0,4467927.801956551,0.0,0.0,0.0,60.0,60.0,-0.025742464398591937,0.022120694713198812,-0.026801097519587924,0.021730617772581055,-0.06413321876865344,0.029364263743722967
2022-08-17,4437495.068711028,4472139.5869990215,4372474.157110328,4389545.5078125,20118100,0.0,15.770000457763672,4.421999931335449,0.0,6061.47998046875,19692.330078125,0.0,0.0,1.0,0.0,15.770000457763672,4.421999931335449,0.0,0.5877852522924732,-0.8090169943749473,-0.8660254037844385,-0.5000000000000004,0,30.0,4465488.017512518,0.0,0.0,0.0,60.0,60.0,-0.0010866050118283086,0.022304798247382063,-0.039405139777916036,0.03014014536269041,-0.06748629990122572,0.018473041642718516
2022-08-18,4376742.138290596,4412390.675361075,4314482.748411615,4384775.8056640625,18844500,0.0,15.770000457763672,4.421999931335449,0.0,6061.47998046875,19692.330078125,0.0,0.0,1.0,0.0,15.770000457763672,4.421999931335449,0.0,-0.587785252292473,-0.8090169943749475,-0.8660254037844385,-0.5000000000000004,0,30.0,4462975.710351038,0.0,0.0,0.0,60.0,60.0,-0.03836021717031982,0.030172931421194232,-0.06647192361474305,0.018493136377390612,-0.07757931541996364,0.024905565096710658
2022-08-19,4272808.993291986,4326031.082379918,4193729.542698304,4216574.853515625,26240800,0.0,15.770000457763672,4.421999931335449,0.0,6061.47998046875,19692.330078125,0.0,0.0,1.0,0.0,15.770000457763672,4.421999931335449,0.0,-0.9510565162951536,0.30901699437494723,-0.8660254037844385,-0.5000000000000004,0,30.0,4455306.057605246,0.0,0.0,0.0,60.0,60.0,-0.029233094289946,0.01923083539968937,-0.04078356464646187,0.025899058609477037,-0.027982896459358506,0.033877127761408096
2022-08-22,4154566.70156301,4154566.70156301,4073478.4446045817,4093311.3232421875,19499700,0.0,15.770000457763672,4.421999931335449,0.0,6061.47998046875,19692.330078125,0.0,0.0,1.0,0.0,15.770000457763672,4.421999931335449,0.0,0.0,1.0,-0.8660254037844385,-0.5000000000000004,0,30.0,4444038.345536272,0.0,0.0,0.0,60.0,60.0,-0.0118982943161494,0.02667896737840845,0.001287845540709951,0.034897283335621275,0.03514246449684263,0.029806807949050614
2022-08-23,4079001.1289517395,4143520.227010318,4034314.90774787,4044607.900390625,18111800,0.0,15.770000457763672,4.421999931335449,0.0,6061.47998046875,19692.330078125,0.0,0.0,1.0,0.0,15.770000457763672,4.421999931335449,0.0,0.9510565162951535,0.30901699437494745,-0.8660254037844385,-0.5000000000000004,0,30.0,4431605.382235294,0.0,0.0,0.0,60.0,60.0,0.01334492166242484,0.03531750136132938,0.047607203329778504,0.030165728666991583,0.004158789737442899,0.05741419752229574
2022-08-24,4031804.833057491,4153813.3835232235,4010967.938495134,4098582.8759765625,20891500,0.0,15.770000457763672,4.421999931335449,0.0,6061.47998046875,19692.330078125,0.0,0.0,1.0,0.0,15.770000457763672,4.421999931335449,0.0,0.5877852522924732,-0.8090169943749473,-0.8660254037844385,-0.5000000000000004,0,30.0,4421239.480864895,0.0,0.0,0.0,60.0,60.0,0.03381107551330626,0.0297684707567328,-0.009065158100276258,0.05665809962130753,-0.025052170846498984,0.024745854155583252
2022-08-25,4146783.529596918,4239670.98788335,4117662.4433957958,4237160.37109375,15550500,0.0,15.770000457763672,4.421999931335449,0.0,6061.47998046875,19692.330078125,0.0,0.0,1.0,0.0,15.770000457763672,4.421999931335449,0.0,-0.587785252292473,-0.8090169943749475,-0.8660254037844385,-0.5000000000000004,0,30.0,4415509.700263351,0.0,0.0,0.0,60.0,60.0,-0.04147395460267601,0.05480508089273056,-0.056938107700750404,0.023936534190540065,-0.06884704867869411,0.034068015686794975
2022-08-26,4229629.5833551865,4290884.965426304,4058667.048533039,4061428.57421875,24023600,0.0,15.770000457763672,4.421999931335449,0.0,6061.47998046875,19692.330078125,0.0,0.0,1.0,0.0,15.770000457763672,4.421999931335449,0.0,-0.9510565162951536,0.30901699437494723,-0.8660254037844385,-0.5000000000000004,0,30.0,4404488.312937515,0.0,0.0,0.0,60.0,60.0,-0.016133263328973257,0.024972231381170242,-0.028557485951956087,0.03554208657175638,0.007108171552725326,0.03523300658230234
2022-08-29,4033310.5194451036,4093310.578327275,3991887.644233788,3995904.4775390625,20052700,0.0,15.770000457763672,4.421999931335449,0.0,6061.47998046875,19692.330078125,0.0,0.0,1.0,0.0,15.770000457763672,4.421999931335449,0.0,0.0,1.0,-0.8660254037844385,-0.5000000000000004,0,30.0,4391770.43453686,0.0,0.0,0.0,60.0,60.0,-0.012627952709348574,0.036124899081368685,0.02362254359806634,0.03581075085586832,0.03888926376409004,0.044040928914590376
2022-08-30,4025528.228788017,4058415.2381490157,3914063.592159128,3945444.384765625,19567900,0.0,15.770000457763672,4.421999931335449,0.0,6061.47998046875,19692.330078125,0.0,0.0,1.0,0.0,15.770000457763672,4.421999931335449,0.0,0.9510565162951535,0.30901699437494745,-0.8660254037844385,-0.5000000000000004,0,30.0,4377877.76444995,0.0,0.0,0.0,60.0,60.0,0.03671412048466053,0.03626875092740676,0.05217609371746125,0.04460418849757664,0.020106978849630287,0.05542117429596432
2022-08-31,4194231.4595945403,4213561.752304814,4070465.412615814,4090297.9052734375,40953000,0.0,15.770000457763672,4.421999931335449,0.0,6061.47998046875,19692.330078125,0.0,0.0,1.0,0.0,15.770000457763672,4.421999931335449,0.0,0.5877852522924732,-0.8090169943749473,-0.8660254037844385,-0.5000000000000004,0,30.0,4368926.344049489,0.0,0.0,0.0,60.0,60.0,0.014914404007126186,0.043024578923188894,-0.016019017496613684,0.053458492752134115,-0.026943968379366124,0.02455042444374185
2022-09-01,4106616.043220785,4201511.52834523,4025528.183300439,4151302.2607421875,30145700,0.0,15.770000457763672,4.421999931335449,0.0,6061.47998046875,19692.330078125,0.0,0.0,1.0,0.0,15.770000457763672,4.421999931335449,0.0,-0.587785252292473,-0.8090169943749475,-1.0,-1.8369701987210297e-16,0,30.0,4362152.418140606,0.0,0.0,0.0,60.0,60.0,-0.030478847656124776,0.05267290772607732,-0.04124325383621061,0.024189650227458462,-0.030055593565311265,0.025096815151369207
2022-09-02,4203771.14238499,4215821.260179381,3997160.0992562515,4024775.3515625,22634200,0.0,15.770000457763672,4.421999931335449,0.0,6061.47998046875,19692.330078125,0.0,0.0,1.0,0.0,15.770000457763672,4.421999931335449,0.0,-0.9510565162951536,0.30901699437494723,-1.0,-1.8369701987210297e-16,0,30.0,4351650.973550353,0.0,0.0,0.0,60.0,60.0,-0.011102806941408385,0.024950100540847963,0.0004365599345514713,0.025885784018941888,0.010853234588044602,0.02800642490473751
2022-09-06,4019252.604000877,4059168.885561084,3958750.335885273,3980089.0478515625,19339800,0.0,15.770000457763672,4.421999931335449,0.0,6061.47998046875,19692.330078125,0.0,0.0,1.0,0.0,15.770000457763672,4.421999931335449,0.0,0.9510565162951535,0.30901699437494745,-1.0,-1.8369701987210297e-16,0,30.0,4340085.466107451,0.0,0.0,0.0,60.0,60.0,0.011668924694051746,0.026176415708976705,0.02220255217991311,0.028320866012487653,0.06692302764401212,0.04112519461827248
2022-09-07,3960507.0943510258,4040842.233101351,3936657.7676260434,4026532.4072265625,16831200,0.0,15.770000457763672,4.421999931335449,0.0,6061.47998046875,19692.330078125,0.0,0.0,1.0,0.0,15.770000457763672,4.421999931335449,0.0,0.5877852522924732,-0.8090169943749473,-1.0,-1.8369701987210297e-16,0,30.0,4330325.5849532895,0.0,0.0,0.0,60.0,60.0,0.010412129135079379,0.027994203756977542,0.05461678381261961,0.04065084299264162,0.05343231143691233,0.025625043033419694
2022-09-08,3984356.8832265134,4072724.924699729,3960005.356057755,4068457.1826171875,22530800,0.0,15.770000457763672,4.421999931335449,0.0,6061.47998046875,19692.330078125,0.0,0.0,1.0,0.0,15.770000457763672,4.421999931335449,0.0,-0.587785252292473,-0.8090169943749475,-1.0,-1.8369701987210297e-16,0,30.0,4322174.478107282,0.0,0.0,0.0,60.0,60.0,0.04374913305462768,0.04023194280876166,0.04257686646998048,0.02536098122194449,-0.05510288194211692,0.05528821427382207
2022-09-09,4098331.4709220603,4256239.44909325,4092557.5124022993,4246448.6572265625,22086800,0.0,15.770000457763672,4.421999931335449,0.0,6061.47998046875,19692.330078125,0.0,0.0,1.0,0.0,15.770000457763672,4.421999931335449,0.0,-0.9510565162951536,0.30901699437494723,-1.0,-1.8369701987210297e-16,0,30.0,4319817.380987149,0.0,0.0,0.0,60.0,60.0,-0.0011231305948168305,0.02429796626294984,-0.09470859602771127,0.05297078821231308,-0.10452254459388936,0.026544431223830024
2022-09-12,4202264.879601967,4302683.420612172,4199503.354401533,4241679.3408203125,23220400,0.0,15.770000457763672,4.421999931335449,0.0,6061.47998046875,19692.330078125,0.0,0.0,1.0,0.0,15.770000457763672,4.421999931335449,0.0,0.0,1.0,-1.0,-1.8369701987210297e-16,0,30.0,4317385.199370521,0.0,0.0,0.0,60.0,60.0,-0.09369069231588399,0.05303034821885147,-0.10351567562140607,0.026574277608046776,-0.114879288216395,0.03255208168150287
2022-09-13,4055403.1882364806,4057662.8968617404,3832725.164385331,3844273.466796875,44444100,0.0,15.770000457763672,4.421999931335449,0.0,6061.47998046875,19692.330078125,0.0,0.0,1.0,0.0,15.770000457763672,4.421999931335449,0.0,0.9510565162951535,0.30901699437494745,-1.0,-1.8369701987210297e-16,0,30.0,4302658.778588536,0.0,0.0,0.0,60.0,60.0,-0.01084065144451377,0.02932142192818453,-0.023378989624032478,0.03591718788002179,-0.04466815587611934,0.028015462182100565
2022-09-14,3849293.673820814,3854565.4325760202,3741845.8682487444,3802599.0380859375,43064200,0.0,15.770000457763672,4.421999931335449,0.0,6061.47998046875,19692.330078125,0.0,0.0,1.0,0.0,15.770000457763672,4.421999931335449,0.0,0.5877852522924732,-0.8090169943749473,-1.0,-1.8369701987210297e-16,0,30.0,4287093.554461221,0.0,0.0,0.0,60.0,60.0,-0.012675751584240703,0.03631082083232926,-0.03419823558358458,0.028322496494637393,-0.022776709427394966,0.022974819469566848
2022-09-15,3760674.396048739,3871134.636717508,3733059.144348382,3754398.2373046875,34606300,0.0,15.770000457763672,4.421999931335449,0.0,6061.47998046875,19692.330078125,0.0,0.0,1.0,0.0,15.770000457763672,4.421999931335449,0.0,-0.587785252292473,-0.8090169943749475,-1.0,-1.8369701987210297e-16,0,30.0,4270512.491577056,0.0,0.0,0.0,60.0,60.0,-0.021798800175199202,0.028686114556674875,-0.01023063888014708,0.02326978143850086,-0.02313591161378994,0.02420592318953141
2022-09-16,3716741.262810241,3730046.6886234577,3622347.590696757,3672556.8603515625,40122800,0.0,15.770000457763672,4.421999931335449,0.0,6061.47998046875,19692.330078125,0.0,0.0,1.0,0.0,15.770000457763672,4.421999931335449,0.0,-0.9510565162951536,0.30901699437494723,-1.0,-1.8369701987210297e-16,0,30.0,4251900.088569246,0.0,0.0,0.0,60.0,60.0,0.011825952878737033,0.023788338679883603,-0.0013669084016971343,0.024745341954054825,-0.02850488222835269,0.051951654082960555
2022-09-19,3646197.4869773225,3730046.879659309,3642682.853244136,3715988.3447265625,22169500,0.0,15.770000457763672,4.421999931335449,0.0,6061.47998046875,19692.330078125,0.0,0.0,1.0,0.0,15.770000457763672,4.421999931335449,0.0,0.0,1.0,-1.0,-1.8369701987210297e-16,0,30.0,4235218.908842624,0.0,0.0,0.0,60.0,60.0,-0.013038666623344929,0.024456124972533144,-0.0398594590229128,0.051344456954433085,-0.03513036538598682,0.025064225170485344
2022-09-20,3659754.4343167506,3736574.572386695,3645695.8970315857,3667536.8115234375,23217400,0.0,15.770000457763672,4.421999931335449,0.0,6061.47998046875,19692.330078125,0.0,0.0,1.0,0.0,15.770000457763672,4.421999931335449,0.0,0.9510565162951535,0.30901699437494745,-1.0,-1.8369701987210297e-16,0,30.0,4217548.821926695,0.0,0.0,0.0,60.0,60.0,-0.027175119726126323,0.05202276443674866,-0.022383550414341324,0.025395346628964702,-0.038880108324364324,0.025532177167589803
2022-09-21,3675067.9719779775,3755654.0291755553,3564858.6255665673,3567871.0595703125,38338600,0.0,15.770000457763672,4.421999931335449,0.0,6061.47998046875,19692.330078125,0.0,0.0,1.0,0.0,15.770000457763672,4.421999931335449,0.0,0.5877852522924732,-0.8090169943749473,-1.0,-1.8369701987210297e-16,0,30.0,4197326.478149437,0.0,0.0,0.0,60.0,60.0,0.004925418139425109,0.02610474623327407,-0.012031958511322991,0.026245399028447833,-0.04045876869195481,0.04256968237560253
2022-09-22,3553561.32125859,3629628.338096684,3536489.969493558,3585444.31640625,34418500,0.0,15.770000457763672,4.421999931335449,0.0,6061.47998046875,19692.330078125,0.0,0.0,1.0,0.0,15.770000457763672,4.421999931335449,0.0,-0.587785252292473,-0.8090169943749475,-1.0,-1.8369701987210297e-16,0,30.0,4178280.587797484,0.0,0.0,0.0,60.0,60.0,-0.01687426384551396,0.0261167630499784,-0.045161746346715693,0.04236103655773621,-0.05895551163194018,0.037109664335491
2022-09-23,3550298.131422421,3580423.6227123253,3486783.4230718515,3524942.5830078125,31710700,0.0,15.770000457763672,4.421999931335449,0.0,6061.47998046875,19692.330078125,0.0,0.0,1.0,0.0,15.770000457763672,4.421999931335449,0.0,-0.9510565162951536,0.30901699437494723,-1.0,-1.8369701987210297e-16,0,30.0,4157944.3126451927,0.0,0.0,0.0,60.0,60.0,-0.02877300579257413,0.04308811680938408,-0.04280352577385247,0.0377466106020641,0.008546216332776286,0.05526666947885332
2022-09-26,3517661.7829230675,3570883.8764061294,3419000.738643117,3423519.3896484375,30497000,0.0,15.770000457763672,4.421999931335449,0.0,6061.47998046875,19692.330078125,0.0,0.0,1.0,0.0,15.770000457763672,4.421999931335449,0.0,0.0,1.0,-1.0,-1.8369701987210297e-16,0,30.0,4135084.066948066,0.0,0.0,0.0,60.0,60.0,-0.01444618000216109,0.0388648697237533,0.03842481968471741,0.05690396767024987,0.0002931781765016001,0.034025068628436045
2022-09-27,3462431.0300890715,3500087.9805972325,3367033.3455218025,3374062.6123046875,30826500,0.0,15.770000457763672,4.421999931335449,0.0,6061.47998046875,19692.330078125,0.0,0.0,1.0,0.0,15.770000457763672,4.421999931335449,0.0,0.9510565162951535,0.30901699437494745,-1.0,-1.8369701987210297e-16,0,30.0,4111395.9582126695,0.0,0.0,0.0,60.0,60.0,0.05364597915818989,0.05773806210844441,0.014955406675502521,0.034523805740523286,0.009523905339663474,0.04084826123951062
2022-09-28,3379585.9620497185,3565611.4059921433,3370799.569325115,3555067.5048828125,32658500,0.0,15.770000457763672,4.421999931335449,0.0,6061.47998046875,19692.330078125,0.0,0.0,1.0,0.0,15.770000457763672,4.421999931335449,0.0,0.5877852522924732,-0.8090169943749473,-1.0,-1.8369701987210297e-16,1,30.0,4094079.27309865,0.0,0.0,0.0,60.0,60.0,-0.036720656888568196,0.032766039470018264,-0.04187561542613937,0.03876848775349224,-0.021184819081668915,0.024856927119806062
2022-09-29,3498581.6818026025,3510631.7984239925,3394146.316240423,3424523.0908203125,38985400,0.0,15.770000457763672,4.421999931335449,0.0,6061.47998046875,19692.330078125,0.0,0.0,1.0,0.0,15.770000457763672,4.421999931335449,0.0,-0.587785252292473,-0.8090169943749475,-1.0,-1.8369701987210297e-16,1,30.0,4073238.179127523,0.0,0.0,0.0,60.0,60.0,-0.005351467956242521,0.0402463605502724,0.016128071174782894,0.02580448475051605,0.02837047355799909,0.02235908974895453
2022-09-30,3415485.8411393724,3539502.80560352,3401678.2145776325,3406196.865234375,33166400,0.0,15.770000457763672,4.421999931335449,0.0,6061.47998046875,19692.330078125,0.0,0.0,1.0,0.0,15.770000457763672,4.421999931335449,0.0,-0.9510565162951536,0.30901699437494723,-1.0,-1.8369701987210297e-16,1,30.0,4052475.3647836004,0.0,0.0,0.0,60.0,60.0,0.021595104641526246,0.02594331959400191,0.03390337433560711,0.022479387470679832,0.024321983474518593,0.040020698437245
2022-10-03,3442850.19282528,3505109.5905703865,3416741.5366955237,3479754.04296875,27723100,0.0,15.770000457763672,4.421999931335449,0.0,6061.47998046875,19692.330078125,0.0,0.0,1.0,0.0,15.770000457763672,4.421999931335449,0.0,0.0,1.0,-0.8660254037844386,0.5000000000000001,0,30.0,4034648.423291409,0.0,0.0,0.0,60.0,60.0,0.012048089931284261,0.022004204374655615,0.0026692363937562105,0.039174716338610596,0.0033185041190865864,0.03499018697811546
2022-10-04,3526950.5749137844,3574649.2317827553,3498080.012647737,3521678.4326171875,34670700,0.0,15.770000457763672,4.421999931335449,0.0,6061.47998046875,19692.330078125,0.0,0.0,1.0,0.0,15.770000457763672,4.421999931335449,0.0,0.9510565162951535,0.30901699437494745,-0.8660254037844386,0.5000000000000001,0,30.0,4018681.345303075,0.0,0.0,0.0,60.0,60.0,-0.00926720146091561,0.03870835460128231,-0.008625663048077482,0.034573640646356256,-0.04868835132952456,0.04170224475435864
2022-10-05,3470465.142958042,3519921.3082963247,3383602.9307348905,3489042.3291015625,27979300,0.0,15.770000457763672,4.421999931335449,0.0,6061.47998046875,19692.330078125,0.0,0.0,1.0,0.0,15.770000457763672,4.421999931335449,0.0,0.5877852522924732,-0.8090169943749473,-0.8660254037844386,0.5000000000000001,0,30.0,4002195.415071096,0.0,0.0,0.0,60.0,60.0,0.0006475392898914108,0.03489703853282932,-0.0397898908027862,0.042092322789607825,-0.03734368040016756,0.030508022183714695
2022-10-06,3457410.2120949547,3551050.3893034733,3429293.1447021435,3491301.62109375,36231100,0.0,15.770000457763672,4.421999931335449,0.0,6061.47998046875,19692.330078125,0.0,0.0,1.0,0.0,15.770000457763672,4.421999931335449,0.0,-0.587785252292473,-0.8090169943749475,-0.8660254037844386,0.5000000000000001,0,30.0,3986292.962295115,0.0,0.0,0.0,60.0,60.0,-0.04041126221264082,0.042065083994988484,-0.037966634802319515,0.030488279824647035,-0.07571726822223018,0.040770878498643234
2022-10-07,3433310.002622278,3471720.066412513,3324858.170469365,3350213.7158203125,33214800,0.0,15.770000457763672,4.421999931335449,0.0,6061.47998046875,19692.330078125,0.0,0.0,1.0,0.0,15.770000457763672,4.421999931335449,0.0,-0.9510565162951536,0.30901699437494723,-0.8660254037844386,0.5000000000000001,0,30.0,3966493.895839249,0.0,0.0,0.0,60.0,60.0,0.002547578263536298,0.03177223598408166,-0.03679285158243804,0.04248786682579625,-0.04458601622938383,0.02562756137317842
2022-10-10,3352723.7807626715,3416991.5793194813,3310547.798543331,3358748.6474609375,24024000,0.0,15.770000457763672,4.421999931335449,0.0,6061.47998046875,19692.330078125,0.0,0.0,1.0,0.0,15.770000457763672,4.421999931335449,0.0,0.0,1.0,-0.8660254037844386,0.5000000000000001,0,30.0,3947576.774069335,0.0,0.0,0.0,60.0,60.0,-0.0392404616986996,0.042379900711931706,-0.0470138230991071,0.025562439059068565,-0.026160078105144032,0.06435461473611002
2022-10-11,3304272.126016387,3330381.162434026,3188037.7282382967,3226949.7998046875,38481400,0.0,15.770000457763672,4.421999931335449,0.0,6061.47998046875,19692.330078125,0.0,0.0,1.0,0.0,15.770000457763672,4.421999931335449,0.0,0.9510565162951535,0.30901699437494745,-0.8660254037844386,0.5000000000000001,0,30.0,3925146.013385932,0.0,0.0,0.0,60.0,60.0,-0.008090850093615957,0.026606490011293563,0.013614627877317492,0.06698306097475143,-0.013847786179552094,0.040998885837828986
2022-10-12,3221427.017738264,3255318.045891912,3169460.238276463,3200841.0327148438,34605200,0.0,15.770000457763672,4.421999931335449,0.0,6061.47998046875,19692.330078125,0.0,0.0,1.0,0.0,15.770000457763672,4.421999931335449,0.0,0.5877852522924732,-0.8090169943749473,-0.8660254037844386,0.5000000000000001,0,30.0,3902600.7683931137,0.0,0.0,0.0,60.0,60.0,0.021882526210169555,0.06752943148177759,-0.005803894526509282,0.04133330743213574,0.05129414736408767,0.03615687036526306
2022-10-13,3101176.284568562,3292222.6186702824,3076071.643467503,3270883.5205078125,34325700,0.0,15.770000457763672,4.421999931335449,0.0,6061.47998046875,19692.330078125,0.0,0.0,1.0,0.0,15.770000457763672,4.421999931335449,0.0,-0.587785252292473,-0.8090169943749475,-0.8660254037844386,0.5000000000000001,0,30.0,3882937.4766861214,0.0,0.0,0.0,60.0,60.0,-0.027093545516781444,0.04044819866470127,0.02878180260405887,0.03538260948580572,0.019264563583390678,0.04942820878820008
2022-10-14,3288707.2911719615,3308539.7849130444,3176238.438466447,3182263.6889648438,23559400,0.0,15.770000457763672,4.421999931335449,0.0,6061.47998046875,19692.330078125,0.0,0.0,1.0,0.0,15.770000457763672,4.421999931335449,0.0,-0.9510565162951536,0.30901699437494723,-0.8660254037844386,0.5000000000000001,0,30.0,3861127.793436966,0.0,0.0,0.0,60.0,60.0,0.057431367490022235,0.03636794608850653,0.04764909194152308,0.05080468791262671,0.051041329723269885,0.0377090477683573
2022-10-17,3271134.3451818624,3383853.922474283,3268121.5281945975,3365025.4443359375,29612200,0.0,15.770000457763672,4.421999931335449,0.0,6061.47998046875,19692.330078125,0.0,0.0,1.0,0.0,15.770000457763672,4.421999931335449,0.0,0.0,1.0,-0.8660254037844386,0.5000000000000001,0,30.0,3845685.7499601524,0.0,0.0,0.0,60.0,60.0,-0.009250979164462374,0.04804537625285273,-0.006042981098546468,0.03566098843640849,-0.0187258361285579,0.040734156257939934
2022-10-18,3441594.3815837726,3460422.8581695175,3298748.9445959744,3333895.6640625,25445000,0.0,15.770000457763672,4.421999931335449,0.0,6061.47998046875,19692.330078125,0.0,0.0,1.0,0.0,15.770000457763672,4.421999931335449,0.0,0.9510565162951535,0.30901699437494745,-0.8660254037844386,0.5000000000000001,0,30.0,3829755.3985482827,0.0,0.0,0.0,60.0,60.0,0.003237952295133711,0.03599396788334363,-0.009563327103876425,0.04111450569346737,-0.021009144250340863,0.035240906300663864
2022-10-19,3336155.174589388,3439335.2473320025,3319335.1138733183,3344690.6591796875,30691000,0.0,15.770000457763672,4.421999931335449,0.0,6061.47998046875,19692.330078125,0.0,0.0,1.0,0.0,15.770000457763672,4.421999931335449,0.0,0.5877852522924732,-0.8090169943749473,-0.8660254037844386,0.5000000000000001,0,30.0,3814656.9197606454,0.0,0.0,0.0,60.0,60.0,-0.012759963246729566,0.04098180855240637,-0.024168838997771024,0.03512716621220551,-0.02634545652283476,0.0668767964691614
2022-10-20,3337158.8642017166,3433560.9513495914,3296489.4790880675,3302012.529296875,26356300,0.0,15.770000457763672,4.421999931335449,0.0,6061.47998046875,19692.330078125,0.0,0.0,1.0,0.0,15.770000457763672,4.421999931335449,0.0,-0.587785252292473,-0.8090169943749475,-0.8660254037844386,0.5000000000000001,0,30.0,3798699.97664189,0.0,0.0,0.0,60.0,60.0,-0.011556334150063187,0.03558118077112025,-0.013761084204793512,0.06774117132556604,0.04546495308378798,0.05899802610453579
2022-10-21,3170966.2987954654,3266614.8942377176,3149125.3895243015,3263853.369140625,46348600,0.0,15.770000457763672,4.421999931335449,0.0,6061.47998046875,19692.330078125,0.0,0.0,1.0,0.0,15.770000457763672,4.421999931335449,0.0,-0.9510565162951536,0.30901699437494723,-0.8660254037844386,0.5000000000000001,0,30.0,3782051.9511257303,0.0,0.0,0.0,60.0,60.0,-0.002230526767384884,0.06853316346290426,0.05768794844248413,0.059687798245745174,-0.0014613714554503306,0.05399587924142947
2022-10-24,3194564.778235876,3350966.5457781656,3127284.3493119003,3256573.2568359375,63563400,0.0,15.770000457763672,4.421999931335449,0.0,6061.47998046875,19692.330078125,0.0,0.0,1.0,0.0,15.770000457763672,4.421999931335449,0.0,0.0,1.0,-0.8660254037844386,0.5000000000000001,0,30.0,3765695.5181072894,0.0,0.0,0.0,60.0,60.0,0.06005242374848635,0.05982123110297829,0.0007708747687405306,0.054116587738940715,-0.24498916594027,0.047178560985937514
2022-10-25,3285694.89707798,3473226.5594889564,3278414.338087995,3452138.3740234375,38433200,0.0,15.770000457763672,4.421999931335449,0.0,6061.47998046875,19692.330078125,0.0,0.0,1.0,0.0,15.770000457763672,4.421999931335449,0.0,0.9510565162951535,0.30901699437494745,-0.8660254037844386,0.5000000000000001,0,30.0,3755935.509794121,0.0,0.0,0.0,60.0,60.0,-0.05592322384407969,0.051050859869342366,-0.28776085300582466,0.044505875302947605,-0.27859788782213124,0.02428911781194698
2022-10-26,3305777.917016245,3402933.1080180136,3226698.4756361637,3259083.6669921875,82791500,0.0,15.770000457763672,4.421999931335449,0.0,6061.47998046875,19692.330078125,0.0,0.0,1.0,0.0,15.770000457763672,4.421999931335449,0.0,0.5877852522924732,-0.8090169943749473,-0.8660254037844386,0.5000000000000001,0,30.0,3740470.1370298415,0.0,0.0,0.0,60.0,60.0,-0.24557073642435995,0.04714222023781377,-0.2358649948839282,0.02572790521428469,-0.2823909483699882,0.051763992200256306
2022-10-27,2459752.2992359977,2573225.1687440686,2419584.728741261,2458748.0908203125,232316600,0.0,15.770000457763672,4.421999931335449,0.0,6061.47998046875,19692.330078125,0.0,0.0,1.0,0.0,15.770000457763672,4.421999931335449,0.0,-0.587785252292473,-0.8090169943749475,-0.8660254037844386,0.5000000000000001,0,30.0,3700574.3219855814,0.0,0.0,0.0,60.0,60.0,0.012865012015084238,0.03410247515101219,-0.0488053866987048,0.06861344687892848,-0.027976312155920637,0.04022865976918399
2022-10-28,2499919.799194943,2531802.603920126,2447953.2082503275,2490379.9145507812,95928300,0.0,15.770000457763672,4.421999931335449,0.0,6061.47998046875,19692.330078125,0.0,0.0,1.0,0.0,15.770000457763672,4.421999931335449,0.0,-0.9510565162951536,0.30901699437494723,-0.8660254037844386,0.5000000000000001,0,30.0,3662904.9283839017,0.0,0.0,0.0,60.0,60.0,-0.060887085625651566,0.06774194593060605,-0.04032257377491152,0.039717691194752096,-0.08729849497531278,0.047580574452539624
2022-10-31,2465777.334028087,2493392.394822665,2324689.2133044987,2338747.939453125,121361400,0.0,15.770000457763672,4.421999931335449,0.0,6061.47998046875,19692.330078125,0.0,0.0,1.0,0.0,15.770000457763672,4.421999931335449,0.0,0.0,1.0,-0.8660254037844386,0.5000000000000001,0,30.0,3621688.252368866,0.0,0.0,0.0,60.0,60.0,0.021897805403347525,0.0422927750080113,-0.02812378463271044,0.05066544578852751,-0.0456202904775241,0.022005105782615796
2022-11-01,2368120.4749186966,2447451.028936244,2348538.888532503,2389961.3867187495,110189600,0.0,15.770000457763672,4.421999931335449,0.0,6061.47998046875,19692.330078125,0.0,0.0,1.0,0.0,15.770000457763672,4.421999931335449,0.0,0.9510565162951535,0.30901699437494745,-0.5000000000000004,0.8660254037844384,0,30.0,3583348.6237712703,0.0,0.0,0.0,60.0,60.0,-0.04894969905167203,0.04957975789812919,-0.06607127985192407,0.021533567903035355,-0.04632346247781525,0.03466389968583886
2022-11-02,2365107.4532880746,2389960.986342896,2271467.279403503,2272973.49609375,71821100,0.0,15.770000457763672,4.421999931335449,0.0,6061.47998046875,19692.330078125,0.0,0.0,1.0,0.0,15.770000457763672,4.421999931335449,0.0,0.5877852522924732,-0.8090169943749473,-0.5000000000000004,0.8660254037844384,0,30.0,3542560.9320193604,0.0,0.0,0.0,60.0,60.0,-0.01800281308273545,0.02264188117238744,0.0027614065956743424,0.03644801925962715,0.06825722261028845,0.04174949282959301
2022-11-03,2261425.9612067454,2270965.6552187228,2219501.259412182,2232053.5791015625,60664000,0.0,15.770000457763672,4.421999931335449,0.0,6061.47998046875,19692.330078125,0.0,0.0,1.0,0.0,15.770000457763672,4.421999931335449,0.0,-0.587785252292473,-0.8090169943749475,-0.5000000000000004,0.8660254037844384,0,30.0,3501769.1245282027,0.0,0.0,0.0,60.0,60.0,0.021144887129049612,0.03711621555052171,0.08784142851143575,0.042514880272371394,0.08502957026552148,0.033854475827160495
2022-11-04,2268203.9981205068,2294312.844545378,2211467.462783131,2279250.1000976562,55638100,0.0,15.770000457763672,4.421999931335449,0.0,6061.47998046875,19692.330078125,0.0,0.0,1.0,0.0,15.770000457763672,4.421999931335449,0.0,-0.9510565162951536,0.30901699437494723,-0.5000000000000004,0.8660254037844384,0,30.0,3463716.1059107813,0.0,0.0,0.0,60.0,60.0,0.06531545349054586,0.041634522983219395,0.06256182050334086,0.03315344987168511,0.11763405714535204,0.04582006223208976
2022-11-07,2379417.300288606,2432136.9960499327,2337241.5053729117,2428120.3540039067,81987300,0.0,15.770000457763672,4.421999931335449,0.0,6061.47998046875,19692.330078125,0.0,0.0,1.0,0.0,15.770000457763672,4.421999931335449,0.0,0.0,1.0,-0.5000000000000004,0.8660254037844384,0,30.0,3431481.397378707,0.0,0.0,0.0,60.0,60.0,-0.0025848052594962586,0.031120781889586405,0.04911090276911154,0.04301079279565373,0.15663772128537584,0.08416045511892147
2022-11-08,2408036.510069077,2455233.345800318,2379668.341861697,2421844.1357421875,52088300,0.0,15.770000457763672,4.421999931335449,0.0,6061.47998046875,19692.330078125,0.0,0.0,1.0,0.0,15.770000457763672,4.421999931335449,0.0,0.9510565162951535,0.30901699437494745,-0.5000000000000004,0.8660254037844384,0,30.0,3400054.6917437636,0.0,0.0,0.0,60.0,60.0,0.051829677652000694,0.043122255428286106,0.15963515232620534,0.08437855725750938,0.1715559423490153,0.06312847769173704
2022-11-09,2553643.695845435,2633476.4488403886,2529041.067411417,2547367.5366210933,107677300,0.0,15.770000457763672,4.421999931335449,0.0,6061.47998046875,19692.330078125,0.0,0.0,1.0,0.0,15.770000457763672,4.421999931335449,0.0,0.5877852522924732,-0.8090169943749473,-0.5000000000000004,0.8660254037844384,0,30.0,3373513.3295724606,0.0,0.0,0.0,60.0,60.0,0.10249328096052472,0.08022074205575529,0.11382666532501683,0.06001777572264242,0.12565294708348998,0.053907497292762264
2022-11-10,2689208.576720452,2830547.60316374,2626195.8890872546,2808455.5932617188,80671000,0.0,15.770000457763672,4.421999931335449,0.0,6061.47998046875,19692.330078125,0.0,0.0,1.0,0.0,15.770000457763672,4.421999931335449,0.0,-0.587785252292473,-0.8090169943749475,-0.5000000000000004,0.8660254037844384,0,30.0,3355924.9304309697,0.0,0.0,0.0,60.0,60.0,0.010279776358018362,0.054438223578426856,0.021006627906872934,0.048895987144517074,0.04657191190709555,0.038705587968107746
2022-11-11,2742179.486371066,2884522.727136484,2731635.393640419,2837325.888671875,59961700,0.0,15.770000457763672,4.421999931335449,0.0,6061.47998046875,19692.330078125,0.0,0.0,1.0,0.0,15.770000457763672,4.421999931335449,0.0,-0.9510565162951536,0.30901699437494723,-0.5000000000000004,0.8660254037844384,0,30.0,3339782.638493854,0.0,0.0,0.0,60.0,60.0,0.010617703927048855,0.04839846178133287,0.03592285661691415,0.0383117517284553,0.0018581338748239753,0.030260115533106487
2022-11-14,2786363.7101168833,2918916.1677370016,2781593.9591529295,2867451.7749023438,53395000,0.0,15.770000457763672,4.421999931335449,0.0,6061.47998046875,19692.330078125,0.0,0.0,1.0,0.0,15.770000457763672,4.421999931335449,0.0,0.0,1.0,-0.5000000000000004,0.8660254037844384,0,30.0,3325080.5236092187,0.0,0.0,0.0,60.0,60.0,0.02503929289140173,0.03790924261427823,-0.008667540671598197,0.02994219813834847,-0.024251450828680302,0.02215022616331321
2022-11-15,2913895.004525451,2980924.33464553,2872221.4096260145,2939250.7397460933,50670500,0.0,15.770000457763672,4.421999931335449,0.0,6061.47998046875,19692.330078125,0.0,0.0,1.0,0.0,15.770000457763672,4.421999931335449,0.0,0.9510565162951535,0.30901699437494745,-0.5000000000000004,0.8660254037844384,0,30.0,3313070.9044089466,0.0,0.0,0.0,60.0,60.0,-0.03288345509948272,0.029210780841277185,-0.04808668707815493,0.021609148368188384,-0.04296202942138934,0.031602297849622256
2022-11-16,2874480.8234813656,2914146.194349769,2828288.385153484,2842598.0200195312,33287800,0.0,15.770000457763672,4.421999931335449,0.0,6061.47998046875,19692.330078125,0.0,0.0,1.0,0.0,15.770000457763672,4.421999931335449,0.0,0.5877852522924732,-0.8090169943749473,-0.5000000000000004,0.8660254037844384,0,30.0,3298426.622339797,0.0,0.0,0.0,60.0,60.0,-0.01572016532943927,0.022343892762594828,-0.010421261403343431,0.032676824749051356,-0.029762528742230204,0.02808442961543154
2022-11-17,2771803.253455908,2820004.113838076,2756489.4085115953,2797911.9091796875,35093800,0.0,15.770000457763672,4.421999931335449,0.0,6061.47998046875,19692.330078125,0.0,0.0,1.0,0.0,15.770000457763672,4.421999931335449,0.0,-0.587785252292473,-0.8090169943749475,-0.5000000000000004,0.8660254037844384,0,30.0,3282847.2364017772,0.0,0.0,0.0,60.0,60.0,0.00538353397016346,0.03319871402220519,-0.01426663730999927,0.028532972663034818,-8.982092478741806e-05,0.029609714376727995
2022-11-18,2856907.676340858,2869962.002891027,2777074.9255588483,2812974.5629882812,33357700,0.0,15.770000457763672,4.421999931335449,0.0,6061.47998046875,19692.330078125,0.0,0.0,1.0,0.0,15.770000457763672,4.421999931335449,0.0,-0.9510565162951536,0.30901699437494723,-0.5000000000000004,0.8660254037844384,0,30.0,3268221.636937139,0.0,0.0,0.0,60.0,60.0,-0.019544950375869077,0.028380186962442915,-0.005444046684688701,0.029451163040041112,0.0016956079913394405,0.017313652171276735
2022-11-21,2799668.707712505,2821007.7999023474,2741175.055884144,2757995.1147460933,24351100,0.0,15.770000457763672,4.421999931335449,0.0,6061.47998046875,19692.330078125,0.0,0.0,1.0,0.0,15.770000457763672,4.421999931335449,0.0,0.0,1.0,-0.5000000000000004,0.8660254037844384,0,30.0,3252339.9541493542,0.0,0.0,0.0,60.0,60.0,0.01438199915089032,0.030038259327984044,0.0216639797768917,0.017658792392281655,0.01410898606759147,0.015565327329384314
2022-11-22,2757995.2286999994,2802179.4401259734,2719334.067643917,2797660.5981445312,29029000,0.0,15.770000457763672,4.421999931335449,0.0,6061.47998046875,19692.330078125,0.0,0.0,1.0,0.0,15.770000457763672,4.421999931335449,0.0,0.9510565162951535,0.30901699437494745,-0.5000000000000004,0.8660254037844384,0,30.0,3238187.272961372,0.0,0.0,0.0,60.0,60.0,0.0071787360502226115,0.01740842444667129,-0.00026914227926696507,0.015344640719584532,-0.02386928013195693,0.03284282082649244
2022-11-23,2804689.9388111867,2828539.266178921,2779836.4030286926,2817744.2651367188,21343100,0.0,15.770000457763672,4.421999931335449,0.0,6061.47998046875,19692.330078125,0.0,0.0,1.0,0.0,15.770000457763672,4.421999931335449,0.0,0.5877852522924732,-0.8090169943749473,-0.5000000000000004,0.8660254037844384,0,30.0,3225100.25731205,0.0,0.0,0.0,60.0,60.0,-0.007394793061951807,0.015235270732343358,-0.03082671930102319,0.03260873135118963,-0.024768388228210075,0.02138276426013304
2022-11-25,2794146.104071694,2830045.7417354067,2787116.645001541,2796907.6293945312,12007600,0.0,15.770000457763672,4.421999931335449,0.0,6061.47998046875,19692.330078125,0.0,0.0,1.0,0.0,15.770000457763672,4.421999931335449,0.0,-0.9510565162951536,0.30901699437494723,-0.5000000000000004,0.8660254037844384,0,30.0,3211772.021336681,0.0,0.0,0.0,60.0,60.0,-0.02360649135757944,0.03285166259784173,-0.017503026424626252,0.021542063360813712,0.060048402106412394,0.07880805998534239
2022-11-28,2781091.7289259974,2812723.6260022996,2720840.560244101,2730882.4536132812,23309400,0.0,15.770000457763672,4.421999931335449,0.0,6061.47998046875,19692.330078125,0.0,0.0,1.0,0.0,15.770000457763672,4.421999931335449,0.0,0.0,1.0,-0.5000000000000004,0.8660254037844384,0,30.0,3196803.5019862144,0.0,0.0,0.0,60.0,60.0,0.006251029814238991,0.02206289080185082,0.08567743714345843,0.08071342065241427,0.10718882200692459,0.02573998314903218
2022-11-29,2749961.69798663,2785108.2247450035,2724857.0633782432,2747953.28125,23899200,0.0,15.770000457763672,4.421999931335449,0.0,6061.47998046875,19692.330078125,0.0,0.0,1.0,0.0,15.770000457763672,4.421999931335449,0.0,0.9510565162951535,0.30901699437494745,-0.5000000000000004,0.8660254037844384,0,30.0,3182832.2627132186,0.0,0.0,0.0,60.0,60.0,0.0789329948252397,0.08021201296789186,0.1003107467242239,0.025580081298186556,0.12817477674861535,0.05874292885475462
2022-11-30,2749208.732795957,2966363.871776426,2745945.00754564,2964857.4633789067,43348600,0.0,15.770000457763672,4.421999931335449,0.0,6061.47998046875,19692.330078125,0.0,0.0,1.0,0.0,15.770000457763672,4.421999931335449,0.0,0.5877852522924732,-0.8090169943749473,-0.5000000000000004,0.8660254037844384,0,30.0,3176047.4201615364,0.0,0.0,0.0,60.0,60.0,0.01981379010699998,0.02370868387645323,0.045639332710694966,0.0544453910822048,0.036663792868474356,0.02811176564060794
2022-12-01,2992472.639223081,3042681.912978724,2972389.0446407306,3023602.5268554688,36551400,0.0,15.770000457763672,4.421999931335449,0.0,6061.47998046875,19692.330078125,0.0,0.0,1.0,0.0,15.770000457763672,4.421999931335449,0.0,-0.587785252292473,-0.8090169943749475,-2.4492935982947064e-16,1.0,0,30.0,3171302.309249411,0.0,0.0,0.0,60.0,60.0,0.025323782492669904,0.053387580762653083,0.016522626900060313,0.027565586887836085,-0.052474340275330184,0.05654271383787078
2022-12-02,2958079.433304676,3113979.2065980514,2952556.382501393,3100171.5795898438,39950500,0.0,15.770000457763672,4.421999931335449,0.0,6061.47998046875,19692.330078125,0.0,0.0,1.0,0.0,15.770000457763672,4.421999931335449,0.0,-0.9510565162951536,0.30901699437494723,-2.4492935982947064e-16,1.0,0,30.0,3169088.2422893755,0.0,0.0,0.0,60.0,60.0,-0.008583781770099058,0.02688476299732485,-0.07587663925912717,0.0551462033782241,-0.07741529212661025,0.02429346191702261
2022-12-05,3056489.22432495,3129794.710472218,3046447.332303903,3073560.3833007812,35474900,0.0,15.770000457763672,4.421999931335449,0.0,6061.47998046875,19692.330078125,0.0,0.0,1.0,0.0,15.770000457763672,4.421999931335449,0.0,0.0,1.0,-2.4492935982947064e-16,1.0,0,30.0,3166114.772491416,0.0,0.0,0.0,60.0,60.0,-0.06787548584707889,0.05562366477793101,-0.06942746052652303,0.02450379716442077,-0.05799228367627219,0.02246181547525745
2022-12-06,3010296.836803877,3026363.7876785006,2855401.095243049,2864940.9790039067,43689200,0.0,15.770000457763672,4.421999931335449,0.0,6061.47998046875,19692.330078125,0.0,0.0,1.0,0.0,15.770000457763672,4.421999931335449,0.0,0.9510565162951535,0.30901699437494745,-2.4492935982947064e-16,1.0,0,30.0,3156740.2173788706,0.0,0.0,0.0,60.0,60.0,-0.0016649864432055237,0.02628811579608426,0.010602877642144378,0.02409744099013412,0.015597635008339241,0.032159114855866075
2022-12-07,2855903.1494029546,2909124.8496332713,2833810.9494282696,2860170.8911132812,29461100,0.0,15.770000457763672,4.421999931335449,0.0,6061.47998046875,19692.330078125,0.0,0.0,1.0,0.0,15.770000457763672,4.421999931335449,0.0,0.5877852522924732,-0.8090169943749473,-2.4492935982947064e-16,1.0,0,30.0,3147508.98427066,0.0,0.0,0.0,60.0,60.0,0.012288323978183295,0.024137629816549787,0.017291411417138188,0.032212748645659484,0.006846447300819053,0.02264550342916561
2022-12-08,2921928.449439335,2945777.776052497,2876740.029870733,2895317.5976562505,30619400,0.0,15.770000457763672,4.421999931335449,0.0,6061.47998046875,19692.330078125,0.0,0.0,1.0,0.0,15.770000457763672,4.421999931335449,0.0,-0.587785252292473,-0.8090169943749475,-2.4492935982947064e-16,1.0,0,30.0,3139659.091272503,0.0,0.0,0.0,60.0,60.0,0.00494235418945988,0.03182171312523578,-0.00537581689767818,0.022370606172924367,0.041793146026638466,0.040405824502623436
2022-12-09,2894564.5397734623,2950798.8694700976,2858664.9034710336,2909627.2827148438,26033400,0.0,15.770000457763672,4.421999931335449,0.0,6061.47998046875,19692.330078125,0.0,0.0,1.0,0.0,15.770000457763672,4.421999931335449,0.0,-0.9510565162951536,0.30901699437494723,-2.4492935982947064e-16,1.0,0,30.0,3132498.953459743,0.0,0.0,0.0,60.0,60.0,-0.010267425832062,0.022260586470123914,0.03666955789409506,0.04020710674018005,0.0490941023269133,0.04098360996907055
2022-12-12,2891552.1104796273,2905108.6375052994,2840338.627782594,2879752.900390625,24747100,0.0,15.770000457763672,4.421999931335449,0.0,6061.47998046875,19692.330078125,0.0,0.0,1.0,0.0,15.770000457763672,4.421999931335449,0.0,0.0,1.0,-2.4492935982947064e-16,1.0,0,30.0,3124631.7955090525,0.0,0.0,0.0,60.0,60.0,0.0474239051550028,0.04062421283242285,0.05997734105991224,0.0414087714588208,0.012553368930033651,0.04027543313726286
2022-12-13,3066029.1004197127,3095401.6698624706,2978413.975132215,3016322.028808594,44701100,0.0,15.770000457763672,4.421999931335449,0.0,6061.47998046875,19692.330078125,0.0,0.0,1.0,0.0,15.770000457763672,4.421999931335449,0.0,0.9510565162951535,0.30901699437494745,-2.4492935982947064e-16,1.0,0,30.0,3121260.466731064,0.0,0.0,0.0,60.0,60.0,0.011985057666839986,0.03953391865034141,-0.03329171317682389,0.03845189415578854,-0.005992560804657365,0.03736993441475112
2022-12-14,2997242.695644724,3116489.725354876,2997242.695644724,3052472.822265625,36922000,0.0,15.770000457763672,4.421999931335449,0.0,6061.47998046875,19692.330078125,0.0,0.0,1.0,0.0,15.770000457763672,4.421999931335449,0.0,0.5877852522924732,-0.8090169943749473,-2.4492935982947064e-16,1.0,0,30.0,3119119.332349363,0.0,0.0,0.0,60.0,60.0,-0.044740552739040186,0.0379965038658184,-0.017764707428531857,0.036927357900825686,-0.05847511880712416,0.02853854290059088
2022-12-15,2970631.614954036,2978162.8908115844,2862179.595420063,2915903.500976563,34531000,0.0,15.770000457763672,4.421999931335449,0.0,6061.47998046875,19692.330078125,0.0,0.0,1.0,0.0,15.770000457763672,4.421999931335449,0.0,-0.587785252292473,-0.8090169943749475,-2.4492935982947064e-16,1.0,0,30.0,3112793.8881967156,0.0,0.0,0.0,60.0,60.0,0.02823928660203976,0.038656888457589675,-0.014377838510224053,0.029875174731242057,0.008092916673887125,0.04192856287094322
2022-12-16,3018330.3200563947,3095652.4495157935,2982932.6931254473,2998246.5356445312,67064000,0.0,15.770000457763672,4.421999931335449,0.0,6061.47998046875,19692.330078125,0.0,0.0,1.0,0.0,15.770000457763672,4.421999931335449,0.0,-0.9510565162951536,0.30901699437494723,-2.4492935982947064e-16,1.0,0,30.0,3109228.403773048,0.0,0.0,0.0,60.0,60.0,-0.0414466998757634,0.029054690985372424,-0.0195930754549645,0.04077704812223428,0.0027631433447672,0.03952100472412987
2022-12-19,2932974.9737340636,2957326.5038224375,2870213.377231322,2873979.111328125,29769900,0.0,15.770000457763672,4.421999931335449,0.0,6061.47998046875,19692.330078125,0.0,0.0,1.0,0.0,15.770000457763672,4.421999931335449,0.0,0.0,1.0,-2.4492935982947064e-16,1.0,0,30.0,3101905.8627522145,0.0,0.0,0.0,60.0,60.0,0.02279854904048266,0.042540198982100666,0.04612142404058349,0.041229845767582894,0.02306067846557799,0.037037079873709224
2022-12-20,2843351.05708805,2945526.915434822,2823267.2721685227,2939501.665039062,28742500,0.0,15.770000457763672,4.421999931335449,0.0,6061.47998046875,19692.330078125,0.0,0.0,1.0,0.0,15.770000457763672,4.421999931335449,0.0,0.9510565162951535,0.30901699437494745,-2.4492935982947064e-16,1.0,0,30.0,3096850.751268772,0.0,0.0,0.0,60.0,60.0,0.0228029996933225,0.040310817615318115,0.00025628646554225383,0.03621150998743085,0.008113441601789256,0.022546754065426354
2022-12-21,2929710.807789879,3021091.663240383,2902597.9477410694,3006531.1206054688,20392800,0.0,15.770000457763672,4.421999931335449,0.0,6061.47998046875,19692.330078125,0.0,0.0,1.0,0.0,15.770000457763672,4.421999931335449,0.0,0.5877852522924732,-0.8090169943749473,-2.4492935982947064e-16,1.0,0,30.0,3094039.3965835143,0.0,0.0,0.0,60.0,60.0,-0.02204404292375038,0.03540418829265119,-0.014362060040826793,0.022044082850936866,-0.02404804682590952,0.021292548524316886
2022-12-22,2942263.2448339215,2977911.9733040384,2871468.179402407,2940255.0195312505,23618100,0.0,15.770000457763672,4.421999931335449,0.0,6061.47998046875,19692.330078125,0.0,0.0,1.0,0.0,15.770000457763672,4.421999931335449,0.0,-0.587785252292473,-0.8090169943749475,-2.4492935982947064e-16,1.0,0,30.0,3089252.5919235507,0.0,0.0,0.0,60.0,60.0,0.007855141969675263,0.022540977118070894,-0.0020491760264444003,0.02177250250407416,-0.012807432161181275,0.022540976601360615
2022-12-23,2912890.7701275866,2966865.7737161443,2900589.5525995973,2963351.1401367188,17796600,0.0,15.770000457763672,4.421999931335449,0.0,6061.47998046875,19692.330078125,0.0,0.0,1.0,0.0,15.770000457763672,4.421999931335449,0.0,-0.9510565162951536,0.30901699437494723,-2.4492935982947064e-16,1.0,0,30.0,3085333.6915276763,0.0,0.0,0.0,60.0,60.0,-0.009827124537722175,0.021602809369532648,-0.020501531688844866,0.022365294041471324,0.018807291889381,0.044561187731185226
2022-12-27,2960589.865039036,2977409.9259517905,2913393.2161764298,2934229.919433594,21392300,0.0,15.770000457763672,4.421999931335449,0.0,6061.47998046875,19692.330078125,0.0,0.0,1.0,0.0,15.770000457763672,4.421999931335449,0.0,0.9510565162951535,0.30901699437494745,-2.4492935982947064e-16,1.0,0,30.0,3080630.3253323426,0.0,0.0,0.0,60.0,60.0,-0.010780346963290803,0.02258726187690178,0.028918603141632967,0.04500344216193675,0.029603064398713474,0.022929504826066406
2022-12-28,2918413.7535768966,2966112.5973183345,2899836.3777210475,2902597.9028320312,19612500,0.0,15.770000457763672,4.421999931335449,0.0,6061.47998046875,19692.330078125,0.0,0.0,1.0,0.0,15.770000457763672,4.421999931335449,0.0,0.5877852522924732,-0.8090169943749473,-2.4492935982947064e-16,1.0,1,30.0,3075088.758328046,0.0,0.0,0.0,60.0,60.0,0.040131582488333935,0.04549388199454495,0.04082350288738722,0.023179386656621056,0.07887912483531773,0.03537453885173762
2022-12-29,2922179.8342283936,3038414.236540345,2906363.790071291,3019083.75,22366200,0.0,15.770000457763672,4.421999931335449,0.0,6061.47998046875,19692.330078125,0.0,0.0,1.0,0.0,15.770000457763672,4.421999931335449,0.0,-0.587785252292473,-0.8090169943749475,-2.4492935982947064e-16,1.0,1,30.0,3073345.5055998783,0.0,0.0,0.0,60.0,60.0,0.0006652239108036503,0.022285052244225105,0.03725253900500457,0.03400967670562429,0.059121878884146294,0.026609050699698156
2022-12-30,2966364.188431939,3023100.53375486,2955820.094656419,3021092.1166992188,19583800,0.0,15.770000457763672,4.421999931335449,0.0,6061.47998046875,19692.330078125,0.0,0.0,1.0,0.0,15.770000457763672,4.421999931335449,0.0,-0.9510565162951536,0.30901699437494723,-2.4492935982947064e-16,1.0,1,30.0,3071719.028513694,0.0,0.0,0.0,60.0,60.0,0.03656299251732786,0.03398706769553512,0.05841779405991759,0.026591361490214044,0.05484458453826195,0.033072986503551866
2023-01-03,3083351.4293247233,3172472.9649943397,3069794.902709636,3131552.2851562505,35528500,0.0,15.770000457763672,4.421999931335449,0.0,6061.47998046875,19692.330078125,0.0,0.0,1.0,0.0,15.770000457763672,4.421999931335449,0.0,0.9510565162951535,0.30901699437494745,0.49999999999999994,0.8660254037844387,0,30.0,3073581.442090465,0.0,0.0,0.0,60.0,60.0,0.021083910674366844,0.025653396544320025,0.017636740027286362,0.031906393284630984,0.04232807752210682,0.03439154176213812
2023-01-04,3197828.5622723633,3239753.4512364217,3159418.498666037,3197577.653808594,32397100,0.0,15.770000457763672,4.421999931335449,0.0,6061.47998046875,19692.330078125,0.0,0.0,1.0,0.0,15.770000457763672,4.421999931335449,0.0,0.5877852522924732,-0.8090169943749473,0.49999999999999994,0.8660254037844387,0,30.0,3077441.0385946566,0.0,0.0,0.0,60.0,60.0,-0.003375991542951474,0.031247572262262616,0.02080550542972461,0.03368140600650978,0.016487469292922944,0.028813679739614996
2023-01-05,3166447.7726280265,3226448.0308283716,3126531.4920267914,3186782.658691406,25447100,0.0,15.770000457763672,4.421999931335449,0.0,6061.47998046875,19692.330078125,0.0,0.0,1.0,0.0,15.770000457763672,4.421999931335449,0.0,-0.587785252292473,-0.8090169943749475,0.49999999999999994,0.8660254037844387,0,30.0,3080844.4855938875,0.0,0.0,0.0,60.0,60.0,0.024263410039773524,0.03379549932642562,0.019930746868748017,0.028911283989860634,0.047660323758661104,0.04955097468540504
2023-01-06,3237744.928689584,3271887.248899733,3164188.337704463,3264104.873046875,27584500,0.0,15.770000457763672,4.421999931335449,0.0,6061.47998046875,19692.330078125,0.0,0.0,1.0,0.0,15.770000457763672,4.421999931335449,0.0,-0.9510565162951536,0.30901699437494723,0.49999999999999994,0.8660254037844387,0,30.0,3086548.7820475423,0.0,0.0,0.0,60.0,60.0,-0.00423002826085261,0.028226414910924105,0.022842672587492948,0.04837717934635673,0.022073576540065202,0.02699592332997177
2023-01-09,3292724.5180645613,3337661.6529826447,3245527.6745232544,3250297.6171875,26649100,0.0,15.770000457763672,4.421999931335449,0.0,6061.47998046875,19692.330078125,0.0,0.0,1.0,0.0,15.770000457763672,4.421999931335449,0.0,0.0,1.0,0.49999999999999994,0.8660254037844387,0,30.0,3091645.7476960435,0.0,0.0,0.0,60.0,60.0,0.027187705611429646,0.048582685478920674,0.026415342445984424,0.027110601942356666,0.055920137553749735,0.0457248553425503
2023-01-10,3195067.0087402645,3349962.761784866,3192054.5749361604,3338665.751953125,28684400,0.0,15.770000457763672,4.421999931335449,0.0,6061.47998046875,19692.330078125,0.0,0.0,1.0,0.0,15.770000457763672,4.421999931335449,0.0,0.9510565162951535,0.30901699437494745,0.49999999999999994,0.8660254037844387,0,30.0,3099334.6724759657,0.0,0.0,0.0,60.0,60.0,-0.0007519201809229947,0.02639303585338298,0.027971939096776102,0.044514605356703284,0.030002285338226593,0.019174398108131697
2023-01-11,3287703.5741355834,3360255.9629221573,3272138.4380283966,3336155.341796875,25423000,0.0,15.770000457763672,4.421999931335449,0.0,6061.47998046875,19692.330078125,0.0,0.0,1.0,0.0,15.770000457763672,4.421999931335449,0.0,0.5877852522924732,-0.8090169943749473,0.49999999999999994,0.8660254037844387,0,30.0,3106706.125319292,0.0,0.0,0.0,60.0,60.0,0.02874547357939363,0.04454810197359905,0.03077734762794632,0.01918882657408098,0.01858668146047032,0.018812549439782066
2023-01-12,3349962.4460104373,3456405.8497629524,3307786.461396818,3432054.70703125,30757700,0.0,15.770000457763672,4.421999931335449,0.0,6061.47998046875,19692.330078125,0.0,0.0,1.0,0.0,15.770000457763672,4.421999931335449,0.0,-0.587785252292473,-0.8090169943749475,0.49999999999999994,0.8660254037844387,0,30.0,3116833.162518409,0.0,0.0,0.0,60.0,60.0,0.0019750988954372103,0.01865264739130838,-0.009874932507432613,0.01828688429055839,-0.0269915196516327,0.0325506286956299
2023-01-13,3388373.16783689,3449126.348452635,3385109.442174701,3438833.3544921875,22423800,0.0,15.770000457763672,4.421999931335449,0.0,6061.47998046875,19692.330078125,0.0,0.0,1.0,0.0,15.770000457763672,4.421999931335449,0.0,-0.9510565162951536,0.30901699437494723,0.49999999999999994,0.8660254037844387,0,30.0,3126855.9752968843,0.0,0.0,0.0,60.0,60.0,-0.011826672554969804,0.018250837082396144,-0.028909519387260513,0.032486464715054536,-0.0060594408273208,0.03876476077264433
2023-01-17,3418748.9998794906,3433058.825657176,3370297.238350829,3398163.3984375,21147600,0.0,15.770000457763672,4.421999931335449,0.0,6061.47998046875,19692.330078125,0.0,0.0,1.0,0.0,15.770000457763672,4.421999931335449,0.0,0.9510565162951535,0.30901699437494745,0.49999999999999994,0.8660254037844387,0,30.0,3135300.887987403,0.0,0.0,0.0,60.0,60.0,-0.017287298045636623,0.032875269765730124,0.0058362552069285865,0.03922870583126595,0.029624778759454656,0.03937649528847815
2023-01-18,3409460.091350046,3445610.823576537,3333895.285144874,3339418.3349609375,20215500,0.0,15.770000457763672,4.421999931335449,0.0,6061.47998046875,19692.330078125,0.0,0.0,1.0,0.0,15.770000457763672,4.421999931335449,0.0,0.5877852522924732,-0.8090169943749473,0.49999999999999994,0.8660254037844387,0,30.0,3141654.396484698,0.0,0.0,0.0,60.0,60.0,0.023530329064210116,0.03991879391937249,0.04773732619085436,0.04006918320091763,0.07705629755836955,0.03834003694420639
2023-01-19,3326113.273079835,3450632.049810877,3317326.4974869974,3417995.947265625,28625200,0.0,15.770000457763672,4.421999931335449,0.0,6061.47998046875,19692.330078125,0.0,0.0,1.0,0.0,15.770000457763672,4.421999931335449,0.0,-0.587785252292473,-0.8090169943749475,0.49999999999999994,0.8660254037844387,0,30.0,3150256.005103044,0.0,0.0,0.0,60.0,60.0,0.02365049323821809,0.03914801746769141,0.052295439592002106,0.03745862321369586,0.05134056290437803,0.0267352174346965
2023-01-20,3411469.2052764595,3513143.06468042,3379335.2996323667,3498833.2373046875,28688600,0.0,15.770000457763672,4.421999931335449,0.0,6061.47998046875,19692.330078125,0.0,0.0,1.0,0.0,15.770000457763672,4.421999931335449,0.0,-0.9510565162951536,0.30901699437494723,0.49999999999999994,0.8660254037844387,0,30.0,3161106.0742156757,0.0,0.0,0.0,60.0,60.0,0.027983131491656425,0.03659317653938619,0.027050316342412065,0.026117525084291476,0.015283020261635851,0.02052091913517924
2023-01-23,3496824.814072393,3609042.5751528987,3481009.152818336,3596741.5478515625,27470100,0.0,15.770000457763672,4.421999931335449,0.0,6061.47998046875,19692.330078125,0.0,0.0,1.0,0.0,15.770000457763672,4.421999931335449,0.0,0.0,1.0,0.49999999999999994,0.8660254037844387,0,30.0,3174665.9816342103,0.0,0.0,0.0,60.0,60.0,-0.0009074226226755272,0.025406569703525776,-0.01235439652749171,0.019962311157190226,0.02812870708309797,0.02938501684904551
2023-01-24,3557076.135575359,3640172.4241039404,3548791.5592628825,3593477.783203125,21970200,0.0,15.770000457763672,4.421999931335449,0.0,6061.47998046875,19692.330078125,0.0,0.0,1.0,0.0,15.770000457763672,4.421999931335449,0.0,0.9510565162951535,0.30901699437494745,0.49999999999999994,0.8660254037844387,0,30.0,3187702.2231681375,0.0,0.0,0.0,60.0,60.0,-0.011457370582078737,0.019980441862146994,0.029062501677266993,0.029411705696165687,0.0600809381960658,0.04051978683317292
2023-01-25,3545276.7091623126,3594230.67250874,3522431.398578533,3552305.9765625,26622000,0.0,15.770000457763672,4.421999931335449,0.0,6061.47998046875,19692.330078125,0.0,0.0,1.0,0.0,15.770000457763672,4.421999931335449,0.0,0.5877852522924732,-0.8090169943749473,0.49999999999999994,0.8660254037844387,0,30.0,3199051.1454659807,0.0,0.0,0.0,60.0,60.0,0.04098950419892853,0.029752592170439872,0.07236744946474194,0.040989417782652415,0.03929323176330674,0.02946995066910364
2023-01-26,3625109.5575938164,3703184.996743697,3597494.685758417,3697913.2373046875,25482100,0.0,15.770000457763672,4.421999931335449,0.0,6061.47998046875,19692.330078125,0.0,0.0,1.0,0.0,15.770000457763672,4.421999931335449,0.0,-0.587785252292473,-0.8090169943749475,0.49999999999999994,0.8660254037844387,0,30.0,3214579.0907076565,0.0,0.0,0.0,60.0,60.0,0.03014242231957915,0.03937543809742343,-0.0016294808245229302,0.028309556004391816,0.011337310249873545,0.01602172685710697
2023-01-27,3721511.080833732,3845778.9424793925,3700171.988714259,3809377.2998046875,35771900,0.0,15.770000457763672,4.421999931335449,0.0,6061.47998046875,19692.330078125,0.0,0.0,1.0,0.0,15.770000457763672,4.421999931335449,0.0,-0.9510565162951536,0.30901699437494723,0.49999999999999994,0.8660254037844387,0,30.0,3233093.213491898,0.0,0.0,0.0,60.0,60.0,-0.030842243223573935,0.027481205890586453,-0.01825486618380592,0.015552924052026448,0.009094472565247412,0.04296826333756601
2023-01-30,3750883.6040188964,3793812.3153143604,3689126.0334235015,3691887.55859375,28040100,0.0,15.770000457763672,4.421999931335449,0.0,6061.47998046875,19692.330078125,0.0,0.0,1.0,0.0,15.770000457763672,4.421999931335449,0.0,0.0,1.0,0.49999999999999994,0.8660254037844387,0,30.0,3247373.980831172,0.0,0.0,0.0,60.0,60.0,0.012987954697525866,0.016047876564242714,0.04120765222130323,0.044335675009696394,0.28362589474643285,0.11559908733801336
2023-01-31,3714230.7911704574,3762682.9374742666,3703435.9816448907,3739837.626953125,29842100,0.0,15.770000457763672,4.421999931335449,0.0,6061.47998046875,19692.330078125,0.0,0.0,1.0,0.0,15.770000457763672,4.421999931335449,0.0,0.9510565162951535,0.30901699437494745,0.49999999999999994,0.8660254037844387,0,30.0,3262702.76338571,0.0,0.0,0.0,60.0,60.0,0.027857880632157814,0.04376722823218056,0.26716797449947804,0.11411694166939111,0.25213121497355284,0.09317314904568516
2023-02-01,3716239.0773156527,3855569.8777631638,3691887.55079301,3844021.5771484375,55661000,0.0,15.770000457763672,4.421999931335449,0.0,6061.47998046875,19692.330078125,0.0,0.0,1.0,0.0,15.770000457763672,4.421999931335449,0.0,0.5877852522924732,-0.8090169943749473,0.8660254037844386,0.5000000000000001,0,30.0,3280797.3166815774,0.0,0.0,0.0,60.0,60.0,0.23282410766762682,0.11102404702020321,0.21819488721870908,0.09064789092085512,0.2151255245597682,0.033829632376471956
2023-02-02,4603688.491540606,4949630.361452938,4522851.529124934,4739002.470703126,150475700,0.0,15.770000457763672,4.421999931335449,0.0,6061.47998046875,19692.330078125,0.0,0.0,1.0,0.0,15.770000457763672,4.421999931335449,0.0,-0.587785252292473,-0.8090169943749475,0.8660254037844386,0.5000000000000001,0,30.0,3326186.4736313834,0.0,0.0,0.0,60.0,60.0,-0.011866429572499745,0.07352864886163799,-0.014356129960292945,0.02744076155395278,0.015097578315227924,0.049690118378851324
2023-02-03,4605947.311541675,4939839.026220681,4591386.577597916,4682767.431640625,76809700,0.0,15.770000457763672,4.421999931335449,0.0,6061.47998046875,19692.330078125,0.0,0.0,1.0,0.0,15.770000457763672,4.421999931335449,0.0,-0.9510565162951536,0.30901699437494723,0.8660254037844386,0.5000000000000001,0,30.0,3368412.40175157,0.0,0.0,0.0,60.0,60.0,-0.002519599032260456,0.027770295813430334,0.027287816844500202,0.05028684366765688,-0.016619287408265526,0.04240606960933149
2023-02-06,4682767.945478876,4787454.236617212,4657412.399815055,4670968.7353515625,42483800,0.0,15.770000457763672,4.421999931335449,0.0,6061.47998046875,19692.330078125,0.0,0.0,1.0,0.0,15.770000457763672,4.421999931335449,0.0,0.0,1.0,0.8660254037844386,0.5000000000000001,0,30.0,3408956.7200175445,0.0,0.0,0.0,60.0,60.0,0.02988270831972436,0.050413866396642366,-0.01413530367346143,0.042513185791109076,-0.04374928720626395,0.05041379190805249
2023-02-07,4658918.108083033,4864776.033998832,4629294.440231925,4810549.931640625,47080700,0.0,15.770000457763672,4.421999931335449,0.0,6061.47998046875,19692.330078125,0.0,0.0,1.0,0.0,15.770000457763672,4.421999931335449,0.0,0.9510565162951535,0.30901699437494745,0.8660254037844386,0.5000000000000001,0,30.0,3452583.732366729,0.0,0.0,0.0,60.0,60.0,-0.042740801100546795,0.04127963839733774,-0.0714955158788135,0.04895100335289993,-0.0911699674457982,0.028911354895475482
2023-02-08,4769880.815368229,4790717.709108588,4592139.9474381255,4604943.173828124,36139100,0.0,15.770000457763672,4.421999931335449,0.0,6061.47998046875,19692.330078125,0.0,0.0,1.0,0.0,15.770000457763672,4.421999931335449,0.0,0.5877852522924732,-0.8090169943749473,0.8660254037844386,0.5000000000000001,0,30.0,3488452.912644163,0.0,0.0,0.0,60.0,60.0,-0.030038588097482454,0.051136623611638496,-0.050591487029771766,0.03020222206139616,-0.021806639337409683,0.028239617960002225
2023-02-09,4672726.430790293,4685780.56684662,4450299.3210135875,4466617.1826171875,37118800,0.0,15.770000457763672,4.421999931335449,0.0,6061.47998046875,19692.330078125,0.0,0.0,1.0,0.0,15.770000457763672,4.421999931335449,0.0,-0.587785252292473,-0.8090169943749475,0.8660254037844386,0.5000000000000001,0,30.0,3518899.966990428,0.0,0.0,0.0,60.0,60.0,-0.021189398547284584,0.031137550103314343,0.008486882734774293,0.0291141664126741,0.008767988271465214,0.03164337777028344
2023-02-10,4427202.757195629,4490968.364739896,4351888.848423828,4371972.2509765625,33433600,0.0,15.770000457763672,4.421999931335449,0.0,6061.47998046875,19692.330078125,0.0,0.0,1.0,0.0,15.770000457763672,4.421999931335449,0.0,-0.9510565162951536,0.30901699437494723,0.8660254037844386,0.5000000000000001,0,30.0,3545453.3169635716,0.0,0.0,0.0,60.0,60.0,0.03031871665265416,0.029744433059331297,0.03060590759263143,0.03232839705998227,0.01728404189793772,0.01642262881343162
2023-02-13,4474148.442575041,4543939.302880044,4413897.466923618,4504524.8388671875,31463200,0.0,15.770000457763672,4.421999931335449,0.0,6061.47998046875,19692.330078125,0.0,0.0,1.0,0.0,15.770000457763672,4.421999931335449,0.0,0.0,1.0,0.8660254037844386,0.5000000000000001,0,30.0,3575306.076510963,0.0,0.0,0.0,60.0,60.0,0.00027873990381375275,0.03137708413665649,-0.012651109354845145,0.015939367642263353,-0.038956620449506846,0.022627281279247857
2023-02-14,4447537.867316861,4556742.815411705,4415403.96054691,4505780.4296875,24034600,0.0,15.770000457763672,4.421999931335449,0.0,6061.47998046875,19692.330078125,0.0,0.0,1.0,0.0,15.770000457763672,4.421999931335449,0.0,0.9510565162951535,0.30901699437494745,0.8660254037844386,0.5000000000000001,0,30.0,3604268.6997314505,0.0,0.0,0.0,60.0,60.0,-0.012926246198036985,0.01593492594253885,-0.0392244269403281,0.022620975910598366,-0.03677296981510183,0.019389321234493027
2023-02-15,4428960.033172955,4473395.348118191,4401596.070657779,4447537.6025390625,25308900,0.0,15.770000457763672,4.421999931335449,0.0,6061.47998046875,19692.330078125,0.0,0.0,1.0,0.0,15.770000457763672,4.421999931335449,0.0,0.5877852522924732,-0.8090169943749473,0.8660254037844386,0.5000000000000001,0,30.0,3630516.902513389,0.0,0.0,0.0,60.0,60.0,-0.026642569150478426,0.022917209401494044,-0.02415900891419024,0.019643234520024647,-0.028674691250573838,0.03550458859643135
2023-02-16,4336826.150789114,4414650.68067237,4312725.530113963,4329043.7744140625,25827500,0.0,15.770000457763672,4.421999931335449,0.0,6061.47998046875,19692.330078125,0.0,0.0,1.0,0.0,15.770000457763672,4.421999931335449,0.0,-0.587785252292473,-0.8090169943749475,0.8660254037844386,0.5000000000000001,0,30.0,3652259.7592951776,0.0,0.0,0.0,60.0,60.0,0.0025515398121742352,0.020180905695537283,-0.002087744990369909,0.036476413978207216,-0.00765479764778949,0.017803249090219832
2023-02-17,4273311.079677493,4347620.586139873,4260256.56197657,4340089.501953125,24171300,0.0,15.770000457763672,4.421999931335449,0.0,6061.47998046875,19692.330078125,0.0,0.0,1.0,0.0,15.770000457763672,4.421999931335449,0.0,-0.9510565162951536,0.30901699437494723,0.8660254037844386,0.5000000000000001,0,30.0,3673669.649431792,0.0,0.0,0.0,60.0,60.0,-0.00462747760919434,0.03638357982577234,-0.010180361861372094,0.01775793900187439,-0.004858918148795647,0.02493057312610799
2023-02-21,4375989.066320761,4472892.977189166,4314984.9843438575,4320005.8349609375,34592600,0.0,15.770000457763672,4.421999931335449,0.0,6061.47998046875,19692.330078125,0.0,0.0,1.0,0.0,15.770000457763672,4.421999931335449,0.0,0.9510565162951535,0.30901699437494745,0.8660254037844386,0.5000000000000001,0,30.0,3693787.9808520414,0.0,0.0,0.0,60.0,60.0,-0.005578699559477659,0.017840495495315894,-0.00023251650451974046,0.025046475128956476,-0.009820964970281372,0.01778241352553079
2023-02-22,4294650.8947813725,4337077.41407321,4260006.369434851,4295905.8203125,22433200,0.0,15.770000457763672,4.421999931335449,0.0,6061.47998046875,19692.330078125,0.0,0.0,1.0,0.0,15.770000457763672,4.421999931335449,0.0,0.5877852522924732,-0.8090169943749473,0.8660254037844386,0.5000000000000001,0,30.0,3712529.939788462,0.0,0.0,0.0,60.0,60.0,0.0053761751207356415,0.025186985755294107,-0.004266064502967119,0.0178821727950249,-0.009233501976523086,0.02372602171997844
2023-02-23,4317997.345424709,4360424.241097694,4252223.322395398,4319001.3623046875,20017800,0.0,15.770000457763672,4.421999931335449,0.0,6061.47998046875,19692.330078125,0.0,0.0,1.0,0.0,15.770000457763672,4.421999931335449,0.0,-0.587785252292473,-0.8090169943749475,0.8660254037844386,0.5000000000000001,0,30.0,3731407.411525717,0.0,0.0,0.0,60.0,60.0,-0.009590678456792378,0.01778654919177633,-0.014531552923963263,0.02359914856459492,0.01685663354441227,0.03301562630758083
2023-02-24,4233646.092941548,4285863.78540613,4209043.655216149,4277579.208984375,19791300,0.0,15.770000457763672,4.421999931335449,0.0,6061.47998046875,19692.330078125,0.0,0.0,1.0,0.0,15.770000457763672,4.421999931335449,0.0,-0.9510565162951536,0.30901699437494723,0.8660254037844386,0.5000000000000001,0,30.0,3748407.9531628387,0.0,0.0,0.0,60.0,60.0,-0.004988719673470212,0.02382767210613878,0.026703415876574887,0.033335334784750904,0.0177825884566432,0.028170681479644268
2023-02-27,4314984.7013018085,4346114.202925571,4244189.448125855,4256239.5654296875,19277000,0.0,15.770000457763672,4.421999931335449,0.0,6061.47998046875,19692.330078125,0.0,0.0,1.0,0.0,15.770000457763672,4.421999931335449,0.0,0.0,1.0,0.8660254037844386,0.5000000000000001,0,30.0,3764215.0902379504,0.0,0.0,0.0,60.0,60.0,0.03185103141709588,0.03350246921201873,0.0228854773612623,0.028311921720525202,0.029432756169465783,0.021115975349857853
2023-02-28,4315486.87580999,4457328.302357519,4314733.767357735,4391805.185546875,46051100,0.0,15.770000457763672,4.421999931335449,0.0,6061.47998046875,19692.330078125,0.0,0.0,1.0,0.0,15.770000457763672,4.421999931335449,0.0,0.9510565162951535,0.30901699437494745,0.8660254037844386,0.5000000000000001,0,30.0,3783749.9171843235,0.0,0.0,0.0,60.0,60.0,-0.008688806603721382,0.027437993332858266,-0.0023436282699731883,0.0204641704150435,0.05893448222617546,0.054704424252169384
2023-03-01,4383018.015847307,4464859.3689275775,4344357.04752733,4353645.6396484375,30998400,0.0,15.770000457763672,4.421999931335449,0.0,6061.47998046875,19692.330078125,0.0,0.0,1.0,0.0,15.770000457763672,4.421999931335449,0.0,0.5877852522924732,-0.8090169943749473,1.0,6.123233995736766e-17,0,30.0,3801488.907010692,0.0,0.0,0.0,60.0,60.0,0.006400793591373982,0.020643538125431925,0.06821600450027834,0.055183906543766,0.06619773704896321,0.028947092330735415
2023-03-02,4327537.608441265,4393562.545704198,4303687.895957495,4381512.4267578125,17352000,0.0,15.770000457763672,4.421999931335449,0.0,6061.47998046875,19692.330078125,0.0,0.0,1.0,0.0,15.770000457763672,4.421999931335449,0.0,-0.587785252292473,-0.8090169943749475,1.0,6.123233995736766e-17,0,30.0,3819543.142040499,0.0,0.0,0.0,60.0,60.0,0.06142206097464885,0.05483293226234494,0.05941662987387151,0.028762986391770197,0.05718194627797041,0.03638345895209986
2023-03-03,4491721.553864401,4685027.179904322,4444776.005801288,4650633.9501953125,45877700,0.0,15.770000457763672,4.421999931335449,0.0,6061.47998046875,19692.330078125,0.0,0.0,1.0,0.0,15.770000457763672,4.421999931335449,0.0,-0.9510565162951536,0.30901699437494723,1.0,6.123233995736766e-17,0,30.0,3845412.280567987,0.0,0.0,0.0,60.0,60.0,-0.0018893814011514453,0.027098538318827328,-0.003994748981178098,0.034278031604780115,-0.0015114885321209353,0.021160583396422135
2023-03-06,4719671.655170171,4761345.44363579,4635320.061329583,4641847.12890625,33209400,0.0,15.770000457763672,4.421999931335449,0.0,6061.47998046875,19692.330078125,0.0,0.0,1.0,0.0,15.770000457763672,4.421999931335449,0.0,0.0,1.0,1.0,6.123233995736766e-17,0,30.0,3870202.6924190386,0.0,0.0,0.0,60.0,60.0,-0.002109352952263123,0.03434291847621033,0.0003786082043300945,0.021200639490367754,-0.01736071522713002,0.04667382199239305
2023-03-07,4744775.778393849,4778918.095613938,4619503.5180868795,4632055.8349609375,36701500,0.0,15.770000457763672,4.421999931335449,0.0,6061.47998046875,19692.330078125,0.0,0.0,1.0,0.0,15.770000457763672,4.421999931335449,0.0,0.9510565162951535,0.30901699437494745,1.0,6.123233995736766e-17,0,30.0,3893916.688878433,0.0,0.0,0.0,60.0,60.0,0.002493220238063018,0.021245453650748126,-0.015283600783300363,0.0467724816646771,-0.027098728240326476,0.03235597993295948
2023-03-08,4590884.681273121,4650884.7462327,4552474.61868336,4643604.5703125,19432400,0.0,15.770000457763672,4.421999931335449,0.0,6061.47998046875,19692.330078125,0.0,0.0,1.0,0.0,15.770000457763672,4.421999931335449,0.0,0.5877852522924732,-0.8090169943749473,1.0,6.123233995736766e-17,0,30.0,3917252.020549655,0.0,0.0,0.0,60.0,60.0,-0.017732609719935965,0.04665615758834758,-0.029518352723983777,0.03227550997828781,-0.02200363113659759,0.04844023993238972
2023-03-09,4678249.037613812,4743018.660921758,4526365.914311287,4561261.3427734375,26582800,0.0,15.770000457763672,4.421999931335449,0.0,6061.47998046875,19692.330078125,0.0,0.0,1.0,0.0,15.770000457763672,4.421999931335449,0.0,-0.587785252292473,-0.8090169943749475,1.0,6.123233995736766e-17,0,30.0,3937297.924325909,0.0,0.0,0.0,60.0,60.0,-0.011998507861171553,0.032858171102560396,-0.0043481250206665965,0.04931471859060539,0.06786288661546228,0.0427101651685755
2023-03-10,4544189.966212658,4638583.641525264,4488708.93588092,4506533.0126953125,25665000,0.0,15.770000457763672,4.421999931335449,0.0,6061.47998046875,19692.330078125,0.0,0.0,1.0,0.0,15.770000457763672,4.421999931335449,0.0,-0.9510565162951536,0.30901699437494723,1.0,6.123233995736766e-17,0,30.0,3955016.3507737103,0.0,0.0,0.0,60.0,60.0,0.0077432907757491185,0.049913607401390406,0.08083124885140573,0.04322884682705935,0.10160998784619284,0.03866081418523465
2023-03-13,4467621.101617305,4613729.881016069,4388792.56147899,4541428.408203125,24728000,0.0,15.770000457763672,4.421999931335449,0.0,6061.47998046875,19692.330078125,0.0,0.0,1.0,0.0,15.770000457763672,4.421999931335449,0.0,0.0,1.0,1.0,6.123233995736766e-17,0,30.0,3973269.4400859494,0.0,0.0,0.0,60.0,60.0,0.07252636533992139,0.04289668531931608,0.09314544480686765,0.03836375249442148,0.13283576917176962,0.05345493683268653
2023-03-14,4709127.78298377,4878333.171700572,4683520.94637368,4870801.7041015625,41642600,0.0,15.770000457763672,4.421999931335449,0.0,6061.47998046875,19692.330078125,0.0,0.0,1.0,0.0,15.770000457763672,4.421999931335449,0.0,0.9510565162951535,0.30901699437494745,1.0,6.123233995736766e-17,0,30.0,4001206.6838177852,0.0,0.0,0.0,60.0,60.0,0.019224776316255264,0.03576951927168956,0.056231162030906404,0.04984020771903801,0.008194999149052019,0.03334708274039005
2023-03-15,4843939.447727952,4965194.885779709,4790968.650356269,4964441.77734375,42123600,0.0,15.770000457763672,4.421999931335449,0.0,6061.47998046875,19692.330078125,0.0,0.0,1.0,0.0,15.770000457763672,4.421999931335449,0.0,0.5877852522924732,-0.8090169943749473,1.0,6.123233995736766e-17,0,30.0,4031189.041731578,0.0,0.0,0.0,60.0,60.0,0.03630836550932552,0.04890011396619846,-0.01082173179410703,0.03271808487713095,0.00030350018228640424,0.028925419911708095
2023-03-16,4977244.678457944,5165529.4364661835,4922767.667775517,5144692.5439453125,50447100,0.0,15.770000457763672,4.421999931335449,0.0,6061.47998046875,19692.330078125,0.0,0.0,1.0,0.0,15.770000457763672,4.421999931335449,0.0,-0.587785252292473,-0.8090169943749475,1.0,6.123233995736766e-17,0,30.0,4065848.7637101705,0.0,0.0,0.0,60.0,60.0,-0.045478835134433196,0.03157176566943049,-0.03474338963706369,0.027911981485831013,-0.013516554202415558,0.027326440529338962
2023-03-17,5034985.792941886,5068625.913633962,4906198.8861952545,4910717.919921876,50141100,0.0,15.770000457763672,4.421999931335449,0.0,6061.47998046875,19692.330078125,0.0,0.0,1.0,0.0,15.770000457763672,4.421999931335449,0.0,-0.9510565162951536,0.30901699437494723,1.0,6.123233995736766e-17,0,30.0,4092146.777146472,0.0,0.0,0.0,60.0,60.0,0.01124694338116794,0.02924186755959685,0.033485146383861644,0.028628428090630736,0.021471308825920406,0.03936402610870391
2023-03-20,4982768.548175257,5004860.752662897,4861262.189626003,4965948.486328124,25186300,0.0,15.770000457763672,4.421999931335449,0.0,6061.47998046875,19692.330078125,0.0,0.0,1.0,0.0,15.770000457763672,4.421999931335449,0.0,0.0,1.0,1.0,6.123233995736766e-17,0,30.0,4119345.3663241845,0.0,0.0,0.0,60.0,60.0,0.02199087290028177,0.028310026821846086,0.010110651519565196,0.038926225059418035,0.03270818526070512,0.028967247320223415
2023-03-21,5101262.684928594,5110049.4620062355,4969463.32716238,5075154.0283203125,31827000,0.0,15.770000457763672,4.421999931335449,0.0,6061.47998046875,19692.330078125,0.0,0.0,1.0,0.0,15.770000457763672,4.421999931335449,0.0,0.9510565162951535,0.30901699437494745,1.0,6.123233995736766e-17,0,30.0,4149096.5637148125,0.0,0.0,0.0,60.0,60.0,-0.011624586574831144,0.038088622992248744,0.01048670065908608,0.028343939352430812,0.019044216874017385,0.019934697633883808
2023-03-22,5083688.995801981,5205948.455490156,5012642.827077871,5016157.4609375,28477800,0.0,15.770000457763672,4.421999931335449,0.0,6061.47998046875,19692.330078125,0.0,0.0,1.0,0.0,15.770000457763672,4.421999931335449,0.0,0.5877852522924732,-0.8090169943749473,1.0,6.123233995736766e-17,0,30.0,4176085.333464078,0.0,0.0,0.0,60.0,60.0,0.022371344869143994,0.028677301122056662,0.03102950865862519,0.020169155730817952,0.01516443667105714,0.02252139640847723
2023-03-23,5092224.907786228,5218752.5034836475,5074902.645500692,5128375.6494140625,27389700,0.0,15.770000457763672,4.421999931335449,0.0,6061.47998046875,19692.330078125,0.0,0.0,1.0,0.0,15.770000457763672,4.421999931335449,0.0,-0.587785252292473,-0.8090169943749475,1.0,6.123233995736766e-17,0,30.0,4205727.01625009,0.0,0.0,0.0,60.0,60.0,0.008468707415297694,0.019727817912775576,-0.007049207936289806,0.022028587285336916,-0.017623095057949983,0.01532212787250084
2023-03-24,5150969.46669266,5211220.828033389,5110049.167033436,5171806.3623046875,27716400,0.0,15.770000457763672,4.421999931335449,0.0,6061.47998046875,19692.330078125,0.0,0.0,1.0,0.0,15.770000457763672,4.421999931335449,0.0,-0.9510565162951536,0.30901699437494723,1.0,6.123233995736766e-17,0,30.0,4235797.9064421225,0.0,0.0,0.0,60.0,60.0,-0.015387602250306677,0.021843600226125134,-0.02587269419605581,0.015193458914329041,-0.003203823674612343,0.015436180451176692
2023-03-27,5141680.830427131,5168040.776852932,5055069.906227818,5092224.6630859375,18527200,0.0,15.770000457763672,4.421999931335449,0.0,6061.47998046875,19692.330078125,0.0,0.0,1.0,0.0,15.770000457763672,4.421999931335449,0.0,0.0,1.0,1.0,6.123233995736766e-17,0,30.0,4262455.670177297,0.0,0.0,0.0,60.0,60.0,-0.010648953811380544,0.01543090352005856,0.01237418765347669,0.01567741832873087,0.02465005023441591,0.02598101714173903
2023-03-28,5024692.372396044,5046784.573031464,4968206.945552922,5037997.7978515625,19127300,0.0,15.770000457763672,4.421999931335449,0.0,6061.47998046875,19692.330078125,0.0,0.0,1.0,0.0,15.770000457763672,4.421999931335449,0.0,0.9510565162951535,0.30901699437494745,1.0,6.123233995736766e-17,0,30.0,4286595.7599699525,0.0,0.0,0.0,60.0,60.0,0.023270952766009285,0.015846163390766735,0.035678947509867706,0.02626066575845694,0.056109357268858365,0.026908483616010732
2023-03-29,5110299.296727279,5164525.39875024,5084692.462483161,5155236.806640625,18851100,0.0,15.770000457763672,4.421999931335449,0.0,6061.47998046875,19692.330078125,0.0,0.0,1.0,0.0,15.770000457763672,4.421999931335449,0.0,0.5877852522924732,-0.8090169943749473,1.0,6.123233995736766e-17,1,30.0,4313633.714603184,0.0,0.0,0.0,60.0,60.0,0.012125815464924814,0.025663452761432923,0.03209160234059553,0.02629653811952178,0.03759440522184881,0.02576093810066174
2023-03-30,5105781.777571741,5224024.416801262,5091723.24054004,5217748.2568359375,22608300,0.0,15.770000457763672,4.421999931335449,0.0,6061.47998046875,19692.330078125,0.0,0.0,1.0,0.0,15.770000457763672,4.421999931335449,0.0,-0.587785252292473,-0.8090169943749475,1.0,6.123233995736766e-17,1,30.0,4341775.8431266155,0.0,0.0,0.0,60.0,60.0,0.019726585934871484,0.02598149134990924,0.025163462257135373,0.025452308109371095,0.03310223910560272,0.01780221159682783
2023-03-31,5202684.903600249,5326450.575233533,5190885.694032546,5320676.6162109375,25440300,0.0,15.770000457763672,4.421999931335449,0.0,6061.47998046875,19692.330078125,0.0,0.0,1.0,0.0,15.770000457763672,4.421999931335449,0.0,-0.9510565162951536,0.30901699437494723,1.0,6.123233995736766e-17,1,30.0,4372245.8224057825,0.0,0.0,0.0,60.0,60.0,0.0053317000824092825,0.024959933829749828,0.013116901486361288,0.017457828247664058,-0.0021704663602726214,0.024771161137896604
2023-04-03,5242851.984224905,5359588.769102765,5226785.032832643,5349044.8681640625,17924600,0.0,15.770000457763672,4.421999931335449,0.0,6061.47998046875,19692.330078125,0.0,0.0,1.0,0.0,15.770000457763672,4.421999931335449,0.0,0.0,1.0,0.8660254037844387,-0.4999999999999998,0,30.0,4402650.381787616,0.0,0.0,0.0,60.0,60.0,0.007743913181404541,0.017365241985538703,-0.007462379274489141,0.024639789171938032,0.014220779553253862,0.038907444199266866
2023-04-04,5357078.195783316,5428626.5607426055,5335739.102215433,5390467.4072265625,21026400,0.0,15.770000457763672,4.421999931335449,0.0,6061.47998046875,19692.330078125,0.0,0.0,1.0,0.0,15.770000457763672,4.421999931335449,0.0,0.9510565162951535,0.30901699437494745,0.8660254037844387,-0.4999999999999998,0,30.0,4433397.894839319,0.0,0.0,0.0,60.0,60.0,-0.015089441133797638,0.024450447032868965,0.006427095502271138,0.03860846360901127,0.00013968524306269913,0.023286139353738293
2023-04-05,5376157.598154913,5402266.633878864,5270467.296056065,5309128.2666015625,19396600,0.0,15.770000457763672,4.421999931335449,0.0,6061.47998046875,19692.330078125,0.0,0.0,1.0,0.0,15.770000457763672,4.421999931335449,0.0,0.5877852522924732,-0.8090169943749473,0.8660254037844387,-0.4999999999999998,0,30.0,4460656.516974899,0.0,0.0,0.0,60.0,60.0,0.021846183333477435,0.039199969237263634,0.015462446046259898,0.0236428974632423,0.011206742282127416,0.012341595226658182
2023-04-06,5253145.531544598,5446200.260159366,5238082.595431898,5425112.4560546875,26104400,0.0,15.770000457763672,4.421999931335449,0.0,6061.47998046875,19692.330078125,0.0,0.0,1.0,0.0,15.770000457763672,4.421999931335449,0.0,-0.587785252292473,-0.8090169943749475,0.8660254037844387,-0.4999999999999998,0,30.0,4490676.875817643,0.0,0.0,0.0,60.0,60.0,-0.0062472585319959225,0.023137432863050082,-0.010411979048198744,0.012077742646547155,-0.009717799709600813,0.0197130688479182
2023-04-10,5390216.359123936,5414065.685803697,5288542.510577235,5391220.3759765625,16106100,0.0,15.770000457763672,4.421999931335449,0.0,6061.47998046875,19692.330078125,0.0,0.0,1.0,0.0,15.770000457763672,4.421999931335449,0.0,0.0,1.0,0.8660254037844387,-0.4999999999999998,0,30.0,4518707.849481474,0.0,0.0,0.0,60.0,60.0,-0.004190902165513082,0.012153669763673323,-0.0034923588462036285,0.01983699568848224,0.026076923335604095,0.025424874420168553
2023-04-11,5409546.593018406,5423103.310311442,5357580.198238636,5368626.298828124,16710100,0.0,15.770000457763672,4.421999931335449,0.0,6061.47998046875,19692.330078125,0.0,0.0,1.0,0.0,15.770000457763672,4.421999931335449,0.0,0.9510565162951535,0.30901699437494745,0.8660254037844387,-0.4999999999999998,0,30.0,4545163.030897847,0.0,0.0,0.0,60.0,60.0,0.0007014831666315613,0.019920480473235583,0.030395208847698217,0.025531876014647955,0.03572606417719556,0.021323347360545742
2023-04-12,5393480.10287734,5443689.37670729,5336743.761353386,5372392.2998046875,18972200,0.0,15.770000457763672,4.421999931335449,0.0,6061.47998046875,19692.330078125,0.0,0.0,1.0,0.0,15.770000457763672,4.421999931335449,0.0,0.5877852522924732,-0.8090169943749473,0.8660254037844387,-0.4999999999999998,0,30.0,4570911.972338862,0.0,0.0,0.0,60.0,60.0,0.029672910633752117,0.025513978388294764,0.03500002907933323,0.021308399876724365,0.022710241245738533,0.0179906106854777
2023-04-13,5415823.135072978,5551890.219190944,5414819.118160286,5531806.81640625,23310400,0.0,15.770000457763672,4.421999931335449,0.0,6061.47998046875,19692.330078125,0.0,0.0,1.0,0.0,15.770000457763672,4.421999931335449,0.0,-0.587785252292473,-0.8090169943749475,0.8660254037844387,-0.4999999999999998,0,30.0,4600821.485941493,0.0,0.0,0.0,60.0,60.0,0.005173602598035073,0.02069433861633719,-0.006762020556341664,0.01747216081891936,-0.011164181569024014,0.019196710720626654
2023-04-14,5469798.431639103,5575990.938880773,5461513.8554619,5560426.1865234375,21591200,0.0,15.770000457763672,4.421999931335449,0.0,6061.47998046875,19692.330078125,0.0,0.0,1.0,0.0,15.770000457763672,4.421999931335449,0.0,-0.9510565162951536,0.30901699437494723,0.8660254037844387,-0.4999999999999998,0,30.0,4630690.841597221,0.0,0.0,0.0,60.0,60.0,-0.0118741908099528,0.017382232057984524,-0.016253694013483262,0.01909790574584293,-0.026141117957510146,0.019865498644209573
2023-04-17,5517747.752500722,5547622.330493868,5450969.712178424,5494400.625,15481900,0.0,15.770000457763672,4.421999931335449,0.0,6061.47998046875,19692.330078125,0.0,0.0,1.0,0.0,15.770000457763672,4.421999931335449,0.0,0.0,1.0,0.8660254037844387,-0.4999999999999998,0,30.0,4657575.30213409,0.0,0.0,0.0,60.0,60.0,-0.004432131174794716,0.01932740301712918,-0.014438371121235813,0.020104219988437547,-0.026455252675707006,0.018185121329736757
2023-04-18,5520760.188954727,5534065.614411554,5427873.119194613,5470048.720703126,12281000,0.0,15.770000457763672,4.421999931335449,0.0,6061.47998046875,19692.330078125,0.0,0.0,1.0,0.0,15.770000457763672,4.421999931335449,0.0,0.9510565162951535,0.30901699437494745,0.8660254037844387,-0.4999999999999998,0,30.0,4682864.942217498,0.0,0.0,0.0,60.0,60.0,-0.01005078634995393,0.020193721209746378,-0.02212116540773872,0.018266078987860115,-0.022947365629986297,0.017577685139755356
2023-04-19,5359087.193278721,5455991.112886592,5345530.474016983,5415070.4296875,15898100,0.0,15.770000457763672,4.421999931335449,0.0,6061.47998046875,19692.330078125,0.0,0.0,1.0,0.0,15.770000457763672,4.421999931335449,0.0,0.5877852522924732,-0.8090169943749473,0.8660254037844387,-0.4999999999999998,0,30.0,4705656.104146003,0.0,0.0,0.0,60.0,60.0,-0.012192927567748696,0.018451531387667024,-0.013027516060628339,0.017756148393658088,-0.01349104177957421,0.014881739866345525
2023-04-20,5359337.477585389,5441429.742902985,5341513.400903178,5349044.8681640625,16475400,0.0,15.770000457763672,4.421999931335449,0.0,6061.47998046875,19692.330078125,0.0,0.0,1.0,0.0,15.770000457763672,4.421999931335449,0.0,-0.587785252292473,-0.8090169943749475,0.8660254037844387,-0.4999999999999998,0,30.0,4725682.691975033,0.0,0.0,0.0,60.0,60.0,-0.00084489017761804,0.017975320170504138,-0.001314137393883201,0.015065431582406684,-0.02590696068787174,0.01938325264292735
2023-04-21,5277245.277500545,5357580.02962352,5261429.2355118785,5344525.5126953125,17717200,0.0,15.770000457763672,4.421999931335449,0.0,6061.47998046875,19692.330078125,0.0,0.0,1.0,0.0,15.770000457763672,4.421999931335449,0.0,-0.9510565162951536,0.30901699437494723,0.8660254037844387,-0.4999999999999998,0,30.0,4744945.244874032,0.0,0.0,0.0,60.0,60.0,-0.00046964401387946487,0.015078170980964947,-0.02508326311288038,0.019399643210925556,-0.0163933692645526,0.024566660106344305
2023-04-24,5364358.599677797,5370383.850404843,5289798.1809122935,5342015.488281249,15750900,0.0,15.770000457763672,4.421999931335449,0.0,6061.47998046875,19692.330078125,0.0,0.0,1.0,0.0,15.770000457763672,4.421999931335449,0.0,0.0,1.0,0.8660254037844387,-0.4999999999999998,0,30.0,4763530.088654984,0.0,0.0,0.0,60.0,60.0,-0.024625184169336723,0.019408758418133464,-0.015931207246790466,0.024578203112307916,0.12110529330329839,0.02312137846535816
2023-04-25,5292559.641516428,5303605.359781314,5199923.471703336,5210467.373046874,19198200,0.0,15.770000457763672,4.421999931335449,0.0,6061.47998046875,19692.330078125,0.0,0.0,1.0,0.0,15.770000457763672,4.421999931335449,0.0,0.9510565162951535,0.30901699437494745,0.8660254037844387,-0.4999999999999998,0,30.0,4777441.78447641,0.0,0.0,0.0,60.0,60.0,0.008913472832638358,0.02519872639050687,0.14940971932777036,0.02370512144674064,0.15788965979406344,0.02254874734540241
2023-04-26,5334735.258836144,5375153.7389433915,5243856.59724332,5256910.732421876,41992700,0.0,15.770000457763672,4.421999931335449,0.0,6061.47998046875,19692.330078125,0.0,0.0,1.0,0.0,15.770000457763672,4.421999931335449,0.0,0.5877852522924732,-0.8090169943749473,0.8660254037844387,-0.4999999999999998,0,30.0,4792366.08457975,0.0,0.0,0.0,60.0,60.0,0.1392550008284387,0.02349569322350889,0.14766002335478545,0.02234953536906813,0.16131811158198622,0.03600761176132998
2023-04-27,6022351.052322343,6067539.473267434,5944024.711395078,5988961.8408203125,71196500,0.0,15.770000457763672,4.421999931335449,0.0,6061.47998046875,19692.330078125,0.0,0.0,1.0,0.0,15.770000457763672,4.421999931335449,0.0,-0.587785252292473,-0.8090169943749475,0.8660254037844387,-0.4999999999999998,0,30.0,4829612.196648197,0.0,0.0,0.0,60.0,60.0,0.0073776481299049354,0.019617675895928558,0.01936626193214318,0.031606279309852596,0.002850413971826766,0.024857446385266126
2023-04-28,6000258.8990828805,6035907.436155466,5918417.92380917,6033146.2939453125,39554000,0.0,15.770000457763672,4.421999931335449,0.0,6061.47998046875,19692.330078125,0.0,0.0,1.0,0.0,15.770000457763672,4.421999931335449,0.0,-0.9510565162951536,0.30901699437494723,0.8660254037844387,-0.4999999999999998,0,30.0,4867074.2765798215,0.0,0.0,0.0,60.0,60.0,0.011900813785668065,0.03137480702348962,-0.004494078428762563,0.024675399966846066,-0.013690094965211631,0.03745006619849172
2023-05-01,5990468.557300123,6125531.631426755,5936242.83070974,6104945.644531249,29143900,0.0,15.770000457763672,4.421999931335449,0.0,6061.47998046875,19692.330078125,0.0,0.0,1.0,0.0,15.770000457763672,4.421999931335449,0.0,0.0,1.0,0.49999999999999994,-0.8660254037844387,0,30.0,4905605.16343663,0.0,0.0,0.0,60.0,60.0,-0.01620207434471265,0.024385196286710955,-0.02528993790917154,0.03700962158374552,-0.03972377454207778,0.021671204686178933
2023-05-02,6104944.798916617,6148627.000600623,5999756.702739027,6006032.861328124,24350100,0.0,15.770000457763672,4.421999931335449,0.0,6061.47998046875,19692.330078125,0.0,0.0,1.0,0.0,15.770000457763672,4.421999931335449,0.0,0.9510565162951535,0.30901699437494745,0.49999999999999994,-0.8660254037844387,0,30.0,4939857.878394989,0.0,0.0,0.0,60.0,60.0,-0.009237530724010876,0.037619129516962724,-0.023909076837804688,0.022028105692278418,-0.027002190741595745,0.02018887523931021
2023-05-03,6011807.322482579,6069045.862954276,5843104.134860839,5950551.948242187,34463900,0.0,15.770000457763672,4.421999931335449,0.0,6061.47998046875,19692.330078125,0.0,0.0,1.0,0.0,15.770000457763672,4.421999931335449,0.0,0.5877852522924732,-0.8090169943749473,0.49999999999999994,-0.8660254037844387,0,30.0,4971317.479012924,0.0,0.0,0.0,60.0,60.0,-0.014808338596551009,0.022233488222838823,-0.017930291637476534,0.02037710941358473,-0.015862840467745838,0.022570946529854984
2023-05-04,5926199.761110159,5979923.661825537,5847622.1351649035,5862434.16015625,17889400,0.0,15.770000457763672,4.421999931335449,0.0,6061.47998046875,19692.330078125,0.0,0.0,1.0,0.0,15.770000457763672,4.421999931335449,0.0,-0.587785252292473,-0.8090169943749475,0.49999999999999994,-0.8660254037844387,0,30.0,4999055.0266340235,0.0,0.0,0.0,60.0,60.0,-0.003168878872237068,0.020683396147056946,-0.0010703520061189375,0.022910208656964956,-0.0006423296418349378,0.02055499836261295
2023-05-05,5830300.482260151,5891555.468959419,5770300.420838868,5843856.81640625,27000500,0.0,15.770000457763672,4.421999931335449,0.0,6061.47998046875,19692.330078125,0.0,0.0,1.0,0.0,15.770000457763672,4.421999931335449,0.0,-0.9510565162951536,0.30901699437494723,0.49999999999999994,-0.8660254037844387,0,30.0,5025350.943173407,0.0,0.0,0.0,60.0,60.0,0.002105197983530015,0.022983039124065005,0.0025345810106166466,0.020620341727852654,0.0012888091627765257,0.025904282862292103
2023-05-08,5809715.556257133,5915154.9642577395,5780845.374410841,5856159.291992187,16400500,0.0,15.770000457763672,4.421999931335449,0.0,6061.47998046875,19692.330078125,0.0,0.0,1.0,0.0,15.770000457763672,4.421999931335449,0.0,0.0,1.0,0.49999999999999994,-0.8660254037844387,0,30.0,5051211.289665631,0.0,0.0,0.0,60.0,60.0,0.00042848098977098497,0.020577023020482883,-0.0008146737711731805,0.025849863781185426,0.010802858761929206,0.025335462772181083
2023-05-09,5810718.983222312,5921681.423908008,5801179.09934507,5858668.544921876,16865600,0.0,15.770000457763672,4.421999931335449,0.0,6061.47998046875,19692.330078125,0.0,0.0,1.0,0.0,15.770000457763672,4.421999931335449,0.0,0.9510565162951535,0.30901699437494745,0.49999999999999994,-0.8660254037844387,0,30.0,5076344.79299197,0.0,0.0,0.0,60.0,60.0,-0.0012426223209021938,0.02583879234986487,0.010369934452380205,0.025324611657512503,0.0018854306565652106,0.023610617871768578
2023-05-10,5928961.66363796,5943522.398057341,5792141.478078419,5851388.432617188,19119000,0.0,15.770000457763672,4.421999931335449,0.0,6061.47998046875,19692.330078125,0.0,0.0,1.0,0.0,15.770000457763672,4.421999931335449,0.0,0.5877852522924732,-0.8090169943749473,0.49999999999999994,-0.8660254037844387,0,30.0,5100469.366482113,0.0,0.0,0.0,60.0,60.0,0.01162700474890863,0.02535611973787025,0.003131944801986186,0.023639993455302117,0.024798326131114865,0.02115150393146377
2023-05-11,5850636.089263206,5980176.116085531,5831807.610355301,5919422.5537109375,20449000,0.0,15.770000457763672,4.421999931335449,0.0,6061.47998046875,19692.330078125,0.0,0.0,1.0,0.0,15.770000457763672,4.421999931335449,0.0,-0.587785252292473,-0.8090169943749475,0.49999999999999994,-0.8660254037844387,0,30.0,5125960.700569884,0.0,0.0,0.0,60.0,60.0,-0.008397423069020348,0.023368290233780082,0.01301993849548869,0.02090840184393228,0.012850443004909375,0.017473154474684713
2023-05-12,5943271.438074733,5948794.488429585,5810467.704178084,5869714.658203126,16161400,0.0,15.770000457763672,4.421999931335449,0.0,6061.47998046875,19692.330078125,0.0,0.0,1.0,0.0,15.770000457763672,4.421999931335449,0.0,-0.9510565162951536,0.30901699437494723,0.49999999999999994,-0.8660254037844387,0,30.0,5149111.328601854,0.0,0.0,0.0,60.0,60.0,0.02159873528243139,0.021085465417651498,0.021427804413026125,0.017621126529102322,0.037124265887731704,0.024378757955344423
2023-05-15,5947790.018586851,6031639.406710079,5907873.741273055,5996493.0712890625,20653200,0.0,15.770000457763672,4.421999931335449,0.0,6061.47998046875,19692.330078125,0.0,0.0,1.0,0.0,15.770000457763672,4.421999931335449,0.0,0.0,1.0,0.49999999999999994,-0.8660254037844387,0,30.0,5175487.550636975,0.0,0.0,0.0,60.0,60.0,-0.00016731703309911736,0.017248579036494974,0.0151972883962196,0.023863339991904615,0.03345066968304776,0.0247006380096696
2023-05-16,5919422.351252056,6016075.359566754,5912644.37488483,5995489.755859375,18163800,0.0,15.770000457763672,4.421999931335449,0.0,6061.47998046875,19692.330078125,0.0,0.0,1.0,0.0,15.770000457763672,4.421999931335449,0.0,0.9510565162951535,0.30901699437494745,0.49999999999999994,-0.8660254037844387,0,30.0,5201011.53722376,0.0,0.0,0.0,60.0,60.0,0.01536717661971784,0.023867333403317644,0.03362361251923567,0.024704771538746853,0.02855693765152559,0.022108693163700996
2023-05-17,5986200.558831431,6121514.53564569,5978418.182726419,6087623.505859375,21193100,0.0,15.770000457763672,4.421999931335449,0.0,6061.47998046875,19692.330078125,0.0,0.0,1.0,0.0,15.770000457763672,4.421999931335449,0.0,0.5877852522924732,-0.8090169943749473,0.49999999999999994,-0.8660254037844387,0,30.0,5228608.867878499,0.0,0.0,0.0,60.0,60.0,0.017980132034891804,0.02433087469007229,0.012990139267371326,0.021774086924203667,0.02404226039131935,0.0348468482023059
2023-05-18,6057748.9686789615,6203104.647975019,6054987.443293616,6197079.7802734375,22943300,0.0,15.770000457763672,4.421999931335449,0.0,6061.47998046875,19692.330078125,0.0,0.0,1.0,0.0,15.770000457763672,4.421999931335449,0.0,-0.587785252292473,-0.8090169943749475,0.49999999999999994,-0.8660254037844387,0,30.0,5258754.199708376,0.0,0.0,0.0,60.0,60.0,-0.004901856736187698,0.021389500874322908,0.005955055669219844,0.034231363762128424,-0.0004456799267441631,0.020093199432856805
2023-05-19,6212644.111449901,6243271.79707796,6110719.353699553,6166702.583007812,21733600,0.0,15.770000457763672,4.421999931335449,0.0,6061.47998046875,19692.330078125,0.0,0.0,1.0,0.0,15.770000457763672,4.421999931335449,0.0,-0.9510565162951536,0.30901699437494723,0.49999999999999994,-0.8660254037844387,0,30.0,5287015.663164493,0.0,0.0,0.0,60.0,60.0,0.010910393591729621,0.0343999875729376,0.004478127951106176,0.02019217859954328,0.014533492475037515,0.018889429232538713
2023-05-22,6160929.148671731,6365783.081539016,6153648.589317545,6233983.7353515625,27738500,0.0,15.770000457763672,4.421999931335449,0.0,6061.47998046875,19692.330078125,0.0,0.0,1.0,0.0,15.770000457763672,4.421999931335449,0.0,0.0,1.0,0.49999999999999994,-0.8660254037844387,0,30.0,5316491.681910151,0.0,0.0,0.0,60.0,60.0,-0.006362844502735627,0.019974251652316255,0.003583996075493049,0.018685562392355293,0.017598156451969497,0.0259745337775046
2023-05-23,6196074.991491524,6316577.317824634,6192058.157898275,6194317.8662109375,17748100,0.0,15.770000457763672,4.421999931335449,0.0,6061.47998046875,19692.330078125,0.0,0.0,1.0,0.0,15.770000457763672,4.421999931335449,0.0,0.9510565162951535,0.30901699437494745,0.49999999999999994,-0.8660254037844387,0,30.0,5343815.539835075,0.0,0.0,0.0,60.0,60.0,0.010010536062583925,0.01880521706437611,0.024114437369961144,0.026140864030497812,0.06200857992570889,0.03890731305086218
2023-05-24,6157664.893034042,6265865.809487469,6149380.317447629,6256326.30859375,17724300,0.0,15.770000457763672,4.421999931335449,0.0,6061.47998046875,19692.330078125,0.0,0.0,1.0,0.0,15.770000457763672,4.421999931335449,0.0,0.5877852522924732,-0.8090169943749473,0.49999999999999994,-0.8660254037844387,0,30.0,5372219.015427895,0.0,0.0,0.0,60.0,60.0,0.013964113050107122,0.025881773602486488,0.05148267469152716,0.03852169028111143,0.05340881878042278,0.02953326908385219
2023-05-25,6361514.4329945315,6417246.754016358,6255321.932914055,6343690.3564453125,22371400,0.0,15.770000457763672,4.421999931335449,0.0,6061.47998046875,19692.330078125,0.0,0.0,1.0,0.0,15.770000457763672,4.421999931335449,0.0,-0.587785252292473,-0.8090169943749475,0.49999999999999994,-0.8660254037844387,0,30.0,5402457.740786992,0.0,0.0,0.0,60.0,60.0,0.03700186343731672,0.03799117718795221,0.03890148105110148,0.029126542748158134,0.047607859090208426,0.02592104358271803
2023-05-26,6349715.099175104,6585196.696294661,6344192.431937443,6578418.720703125,25727200,0.0,15.770000457763672,4.421999931335449,0.0,6061.47998046875,19692.330078125,0.0,0.0,1.0,0.0,15.770000457763672,4.421999931335449,0.0,-0.9510565162951536,0.30901699437494723,0.49999999999999994,-0.8660254037844387,0,30.0,5439061.559760651,0.0,0.0,0.0,60.0,60.0,0.0018318362587007825,0.02808726172546433,0.010227556985998415,0.024996139830258723,0.04033745660676609,0.030949422204333412
2023-05-30,6659005.244341165,6744360.86050485,6559591.092156767,6590469.306640625,23816500,0.0,15.770000457763672,4.421999931335449,0.0,6061.47998046875,19692.330078125,0.0,0.0,1.0,0.0,15.770000457763672,4.421999931335449,0.0,0.9510565162951535,0.30901699437494745,0.49999999999999994,-0.8660254037844387,0,30.0,5474901.116898566,0.0,0.0,0.0,60.0,60.0,0.00838036926302033,0.02495043471926962,0.038435213330675275,0.030892831595283235,0.038435213330675275,0.016113101489345742
2023-05-31,6527205.949774882,6652729.141116708,6488294.066912021,6645699.873046875,25473700,0.0,15.770000457763672,4.421999931335449,0.0,6061.47998046875,19692.330078125,0.0,0.0,1.0,0.0,15.770000457763672,4.421999931335449,0.0,0.5877852522924732,-0.8090169943749473,0.49999999999999994,-0.8660254037844387,0,30.0,5511344.252730925,0.0,0.0,0.0,60.0,60.0,0.029805066603607797,0.03063608984956878,0.029805066603607797,0.01597918997681607,0.025196382752006488,0.02270326813609765
2023-06-01,6675323.484009523,6878671.217008974,6675072.9585850425,6843775.400390625,25609500,0.0,15.770000457763672,4.421999931335449,0.0,6061.47998046875,19692.330078125,0.0,0.0,1.0,0.0,15.770000457763672,4.421999931335449,0.0,-0.587785252292473,-0.8090169943749475,1.2246467991473532e-16,-1.0,0,30.0,5552818.476244088,0.0,0.0,0.0,60.0,60.0,0.0,0.015516713303340908,-0.004475297316997258,0.022046180264945796,-0.005465724577126676,0.02523753612519856
2023-06-02,6845031.092044209,6912562.633531016,6806369.732730698,6843775.400390625,19416900,0.0,15.770000457763672,4.421999931335449,0.0,6061.47998046875,19692.330078125,0.0,0.0,1.0,0.0,15.770000457763672,4.421999931335449,0.0,-0.9510565162951536,0.30901699437494723,1.2246467991473532e-16,-1.0,0,30.0,5593001.742833105,0.357,1.0,0.0,60.0,60.0,-0.004475297316997258,0.022046180264945796,-0.005465724577126676,0.02523753612519856,-0.03305091614521562,0.042001436105305545
2023-06-05,6785782.743511685,6918084.664370506,6767205.558200693,6813147.470703125,20742900,0.0,15.770000457763672,4.421999931335449,0.0,6061.47998046875,19692.330078125,0.0,0.0,1.0,0.0,15.770000457763672,4.421999931335449,0.0,0.0,1.0,1.2246467991473532e-16,-1.0,0,30.0,5630980.888491171,0.0,0.0,0.0,60.0,60.0,-0.0009948796423234437,0.025350989339774078,-0.028704078111979784,0.04219025001801461,-0.025093138331186215,0.03231507634782308
2023-06-06,6781767.154513907,6943189.790065059,6770469.761164956,6806369.208984375,19419000,0.0,15.770000457763672,4.421999931335449,0.0,6061.47998046875,19692.330078125,0.0,0.0,1.0,0.0,15.770000457763672,4.421999931335449,0.0,0.9510565162951535,0.30901699437494745,1.2246467991473532e-16,-1.0,0,30.0,5667566.882450048,0.0,0.0,0.0,60.0,60.0,-0.027736793240594745,0.04223226603974674,-0.024122257431708465,0.03234725797626866,-0.022757441172973486,0.02305252202780181
2023-06-07,6820176.954520756,6884946.579777243,6597498.184578674,6617582.353515625,26163600,0.0,15.770000457763672,4.421999931335449,0.0,6061.47998046875,19692.330078125,0.0,0.0,1.0,0.0,15.770000457763672,4.421999931335449,0.0,0.5877852522924732,-0.8090169943749473,1.2246467991473532e-16,-1.0,0,30.0,5697137.756755367,0.0,0.0,0.0,60.0,60.0,0.0037176515410201325,0.03327006283008842,0.005121403374110647,0.023710165999839536,0.0282623823304239,0.024355132260097112
2023-06-08,6542770.075261408,6719255.634712155,6499088.254027406,6642184.21875,20899400,0.0,15.770000457763672,4.421999931335449,0.0,6061.47998046875,19692.330078125,0.0,0.0,1.0,0.0,15.770000457763672,4.421999931335449,0.0,-0.587785252292473,-0.8090169943749475,1.2246467991473532e-16,-1.0,0,30.0,5726553.962060934,0.0,0.0,0.0,60.0,60.0,0.0013985525022254185,0.023622346347538098,0.024453820007768058,0.024264923729003247,0.025474423017240257,0.02505860330336489
2023-06-09,6589465.180101655,6726787.570646718,6569883.594527254,6651473.662109375,16949800,0.0,15.770000457763672,4.421999931335449,0.0,6061.47998046875,19692.330078125,0.0,0.0,1.0,0.0,15.770000457763672,4.421999931335449,0.0,-0.9510565162951536,0.30901699437494723,1.2246467991473532e-16,-1.0,0,30.0,5755343.687097694,0.0,1.0,0.0,60.0,60.0,0.0230230685354335,0.024231035353877568,0.024042246171472607,0.0250236064759133,0.03170411441791294,0.025174496644786618
2023-06-12,6707205.656048497,6822184.547010134,6661012.453548176,6804610.99609375,15442500,0.0,15.770000457763672,4.421999931335449,0.0,6061.47998046875,19692.330078125,0.0,0.0,1.0,0.0,15.770000457763672,4.421999931335449,0.0,0.0,1.0,1.2246467991473532e-16,-1.0,0,30.0,5788003.946485049,0.0,0.0,0.0,60.0,60.0,0.0009962411087153353,0.02446045181731557,0.008485679501741126,0.024607946212617266,0.03977141442201576,0.04637513105845929
2023-06-13,6900762.472243739,6921850.274566099,6755406.415160572,6811390.029296875,16164000,0.0,15.770000457763672,4.421999931335449,0.0,6061.47998046875,19692.330078125,0.0,0.0,1.0,0.0,15.770000457763672,4.421999931335449,0.0,0.9510565162951535,0.30901699437494745,1.2246467991473532e-16,-1.0,0,30.0,5819858.60795356,0.0,0.0,0.0,60.0,60.0,0.007481984532459782,0.024583455163988643,0.03873658233756461,0.04632897622781645,0.03567732528736998,0.02845348831129203
2023-06-14,6825700.188280125,6903523.950833366,6736076.449443707,6862352.744140625,19175100,0.0,15.770000457763672,4.421999931335449,0.0,6061.47998046875,19692.330078125,0.0,0.0,1.0,0.0,15.770000457763672,4.421999931335449,0.0,0.5877852522924732,-0.8090169943749473,1.2246467991473532e-16,-1.0,0,30.0,5852308.040625053,0.0,0.0,0.0,60.0,60.0,0.031022488029509614,0.04598491778422842,0.027985950307582674,0.028242180751744544,0.04016807646633799,0.0313882761244118
2023-06-15,6835992.823419154,7129466.11162203,6813901.384876349,7075240.0,25973500,0.0,15.770000457763672,4.421999931335449,0.0,6061.47998046875,19692.330078125,0.0,0.0,1.0,0.0,15.770000457763672,4.421999931335449,0.0,-0.587785252292473,-0.8090169943749475,1.2246467991473532e-16,-1.0,0,30.0,5890373.912556667,0.0,0.0,0.0,60.0,60.0,-0.0029451711841226393,0.02739240034009443,0.00887040636165699,0.030443832689237532,-0.0006743035395265744,0.02001211217671812
2023-06-16,7148544.585238962,7226369.104450531,7032561.297868282,7054402.207031248,43127700,0.0,15.770000457763672,4.421999931335449,0.0,6061.47998046875,19692.330078125,0.0,0.0,1.0,0.0,15.770000457763672,4.421999931335449,0.0,-0.9510565162951536,0.30901699437494723,1.2246467991473532e-16,-1.0,0,30.0,5926606.306061937,0.0,0.0,0.0,60.0,60.0,0.011850479235742782,0.03053375983885786,0.002277575494311575,0.02007122537131174,0.013807951807176479,0.026583636997174896
2023-06-20,6997414.916298423,7149799.462541117,6934402.039744916,7138000.25390625,20701600,0.0,15.770000457763672,4.421999931335449,0.0,6061.47998046875,19692.330078125,0.0,0.0,1.0,0.0,15.770000457763672,4.421999931335449,0.0,0.9510565162951535,0.30901699437494745,1.2246467991473532e-16,-1.0,0,30.0,5964313.037433109,0.0,0.0,0.0,60.0,60.0,-0.00946078885949798,0.01983615739992698,0.001934547259306719,0.026272297679054014,0.01547518918011036,0.03770268019738357
2023-06-21,7117916.498168256,7129715.70621469,6988125.2096574865,7070469.140625,20556200,0.0,15.770000457763672,4.421999931335449,0.0,6061.47998046875,19692.330078125,0.0,0.0,1.0,0.0,15.770000457763672,4.421999931335449,0.0,0.5877852522924732,-0.8090169943749473,1.2246467991473532e-16,-1.0,0,30.0,5998744.058912012,0.0,0.0,0.0,60.0,60.0,0.011504174686516613,0.02652322834227251,0.025174145313134222,0.038062784161742455,-0.011255395667753439,0.04328221743061231
2023-06-22,7006201.699643878,7161348.9372977,6973817.269793912,7151809.052734375,17563100,0.0,15.770000457763672,4.421999931335449,0.0,6061.47998046875,19692.330078125,0.0,0.0,1.0,0.0,15.770000457763672,4.421999931335449,0.0,-0.587785252292473,-0.8090169943749475,1.2246467991473532e-16,-1.0,0,30.0,6034635.200726723,0.0,0.0,0.0,60.0,60.0,0.01351449748672978,0.03762988340956556,-0.022500718161962755,0.04278995432127232,0.007617209264143691,0.030539217534945293
2023-06-23,7067206.647382932,7272060.57840848,7002938.83758661,7248462.158203125,51092000,0.0,15.770000457763672,4.421999931335449,0.0,6061.47998046875,19692.330078125,0.0,0.0,1.0,0.0,15.770000457763672,4.421999931335449,0.0,-0.9510565162951536,0.30901699437494723,1.2246467991473532e-16,-1.0,0,30.0,6072417.6637298595,0.0,0.0,0.0,60.0,60.0,-0.035534978274115996,0.04221938060815216,-0.005818652063892459,0.030131998714054066,-0.01191413951928987,0.019014271661423963
2023-06-26,7247708.92215396,7275072.884222587,6969047.301541621,6990888.212890625,24232700,0.0,15.770000457763672,4.421999931335449,0.0,6061.47998046875,19692.330078125,0.0,0.0,1.0,0.0,15.770000457763672,4.421999931335449,0.0,0.0,1.0,1.2246467991473532e-16,-1.0,0,30.0,6101006.647793357,0.0,0.0,0.0,60.0,60.0,0.030811201589298676,0.031242189229562387,0.024491130546712078,0.01971483800148443,0.010988558651903575,0.0211153968923967
2023-06-27,7079759.057680115,7264027.0047636535,7045616.352333807,7206285.87890625,26108300,0.0,15.770000457763672,4.421999931335449,0.0,6061.47998046875,19692.330078125,0.0,0.0,1.0,0.0,15.770000457763672,4.421999931335449,0.0,0.9510565162951535,0.30901699437494745,1.2246467991473532e-16,-1.0,0,30.0,6135410.375112512,0.0,0.0,0.0,60.0,60.0,-0.0061311625570641334,0.019125556620929428,-0.019230139240660818,0.020484252460432232,-0.00024376911371459808,0.01612950569127754
2023-06-28,7150303.757290465,7269048.214308593,7131223.985704968,7162102.96875,16722100,0.0,15.770000457763672,4.421999931335449,0.0,6061.47998046875,19692.330078125,0.0,0.0,1.0,0.0,15.770000457763672,4.421999931335449,0.0,0.5877852522924732,-0.8090169943749473,1.2246467991473532e-16,-1.0,1,30.0,6167367.957448095,0.0,0.0,0.0,60.0,60.0,-0.0131797840822721,0.02061061951910567,0.005923712688785825,0.016229008379794015,0.0025587233140475785,0.015948640402874872
2023-06-29,7142268.796088964,7194235.575419169,7046620.1961736055,7067707.998046875,15395700,0.0,15.770000457763672,4.421999931335449,0.0,6061.47998046875,19692.330078125,0.0,0.0,1.0,0.0,15.770000457763672,4.421999931335449,0.0,-0.587785252292473,-0.8090169943749475,1.2246467991473532e-16,-1.0,1,30.0,6195392.598081294,0.0,0.0,0.0,60.0,60.0,0.01935863945925749,0.016445759944937164,0.015948707923137857,0.016161647426368216,0.045608093541651455,0.04177178922794499
2023-06-30,7148796.882598414,7256495.22680599,7140261.397709198,7204529.208984375,19694900,0.0,15.770000457763672,4.421999931335449,0.0,6061.47998046875,19692.330078125,0.0,0.0,1.0,0.0,15.770000457763672,4.421999931335449,0.0,-0.9510565162951536,0.30901699437494723,1.2246467991473532e-16,-1.0,1,30.0,6226803.720096434,0.0,0.0,0.0,60.0,60.0,-0.0033451735278650415,0.015854721587430246,0.025750950711830523,0.04097850119767838,0.017457567460571144,0.023729866715011528
2023-07-03,7197500.54593962,7265282.613803058,7151056.809026102,7180428.80859375,8629300,0.0,15.770000457763672,4.421999931335449,0.0,6061.47998046875,19692.330078125,0.0,0.0,1.0,0.0,15.770000457763672,4.421999931335449,0.0,0.0,1.0,-0.4999999999999997,-0.8660254037844388,0,30.0,6256486.949986072,0.0,0.0,0.0,60.0,60.0,0.029193782508119978,0.0411160414912455,0.020872563334762322,0.023809513669851255,0.015767962532595416,0.026361818570659182
2023-07-05,7221349.475669232,7484195.084672059,7188964.275852984,7390052.685546875,33865500,0.0,15.770000457763672,4.421999931335449,0.0,6061.47998046875,19692.330078125,0.0,0.0,1.0,0.0,15.770000457763672,4.421999931335449,0.0,0.5877852522924732,-0.8090169943749473,-0.4999999999999997,-0.8660254037844388,0,30.0,6291771.143669241,0.0,0.0,0.0,60.0,60.0,-0.008085182124865788,0.023134140600643793,-0.013044987449113974,0.02561404763485461,-0.0009173186567915979,0.03763975842813569
2023-07-06,7428211.461561973,7484194.312138089,7313231.794264482,7330302.763671875,47600500,0.0,15.770000457763672,4.421999931335449,0.0,6061.47998046875,19692.330078125,0.0,0.0,1.0,0.0,15.770000457763672,4.421999931335449,0.0,-0.587785252292473,-0.8090169943749475,-0.4999999999999997,-0.8660254037844388,0,30.0,6324097.236172505,0.0,0.0,0.0,60.0,60.0,-0.005000233119687647,0.025822829917718802,0.00722628933342188,0.03794656330345689,0.021576042747520223,0.028357129453213212
2023-07-07,7335072.035340949,7435993.1578830965,7246703.996371414,7293649.541015625,25586000,0.0,15.770000457763672,4.421999931335449,0.0,6061.47998046875,19692.330078125,0.0,0.0,1.0,0.0,15.770000457763672,4.421999931335449,0.0,-0.9510565162951536,0.30901699437494723,-0.4999999999999997,-0.8660254037844388,0,30.0,6354276.2282122765,0.0,0.0,0.0,60.0,60.0,0.012287965143393089,0.038137258486434844,0.026709831250045616,0.028499634268380956,0.06474391337381759,0.032182589405128664
2023-07-10,7419674.915118128,7484445.305484371,7206285.5076291915,7383273.65234375,37058300,0.0,15.770000457763672,4.421999931335449,0.0,6061.47998046875,19692.330078125,0.0,0.0,1.0,0.0,15.770000457763672,4.421999931335449,0.0,0.0,1.0,-0.4999999999999997,-0.8660254037844388,0,30.0,6386305.552382502,0.0,0.0,0.0,60.0,60.0,0.014246801901482286,0.02815368279553132,0.05181919575917707,0.031791931261940784,0.06565806546935503,0.020231153768775652
2023-07-11,7378251.975519608,7535909.050585516,7328042.706184826,7488461.689453125,27585900,0.0,15.770000457763672,4.421999931335449,0.0,6061.47998046875,19692.330078125,0.0,0.0,1.0,0.0,15.770000457763672,4.421999931335449,0.0,0.9510565162951535,0.30901699437494745,-0.4999999999999997,-0.8660254037844388,0,30.0,6420612.067999132,0.0,0.0,0.0,60.0,60.0,0.03704462640380534,0.03134536012569933,0.05068910591730564,0.019946973193158548,0.03546878539808581,0.025210430321141945
2023-07-12,7575324.836543907,7768630.863763842,7533902.335320431,7765868.955078125,36677100,0.0,15.770000457763672,4.421999931335449,0.0,6061.47998046875,19692.330078125,0.0,0.0,1.0,0.0,15.770000457763672,4.421999931335449,0.0,0.5877852522924732,-0.8090169943749473,-0.4999999999999997,-0.8660254037844388,0,30.0,6462485.514830012,0.0,0.0,0.0,60.0,60.0,0.013157080386034805,0.019234440529651398,-0.001519549849252032,0.024309879902242017,0.004137733444769399,0.022628820567270697
2023-07-13,7873316.876938219,7939090.909508878,7789718.764931362,7868045.1171875,30281000,0.0,15.770000457763672,4.421999931335449,0.0,6061.47998046875,19692.330078125,0.0,0.0,1.0,0.0,15.770000457763672,4.421999931335449,0.0,-0.587785252292473,-0.8090169943749475,-0.4999999999999997,-0.8660254037844388,0,30.0,6506235.987949494,0.0,0.0,0.0,60.0,60.0,-0.014486036291326831,0.023994186462161844,-0.008902219720784895,0.02233495773295946,-0.004339525698675698,0.02099491489463306
2023-07-14,7827374.199865857,7904947.42848136,7716160.086846861,7754068.330078125,23054100,0.0,15.770000457763672,4.421999931335449,0.0,6061.47998046875,19692.330078125,0.0,0.0,1.0,0.0,15.770000457763672,4.421999931335449,0.0,-0.9510565162951536,0.30901699437494723,-0.4999999999999997,-0.8660254037844388,0,30.0,6545076.927352102,0.0,0.0,0.0,60.0,60.0,0.005665892900724605,0.022663258518335793,0.010295653807347304,0.021303518435827406,0.02311656843112563,0.026418893981727528
2023-07-17,7720680.107620943,7825366.01257324,7649633.5574398395,7798002.050781248,25323100,0.0,15.770000457763672,4.421999931335449,0.0,6061.47998046875,19692.330078125,0.0,0.0,1.0,0.0,15.770000457763672,4.421999931335449,0.0,0.0,1.0,-0.4999999999999997,-0.8660254037844388,0,30.0,6584076.388379133,0.0,0.0,0.0,60.0,60.0,0.004603676965983902,0.021183495021771016,0.017352358923167423,0.02627005068803253,-0.02607681797900408,0.042882005780979324
2023-07-18,7804529.537458086,7887877.114720928,7722688.177098443,7833901.533203125,20731900,0.0,15.770000457763672,4.421999931335449,0.0,6061.47998046875,19692.330078125,0.0,0.0,1.0,0.0,15.770000457763672,4.421999931335449,0.0,0.9510565162951535,0.30901699437494745,-0.4999999999999997,-0.8660254037844388,0,30.0,6622979.357211592,0.0,0.0,0.0,60.0,60.0,0.012690260099073074,0.02614966607266563,-0.030539899114889295,0.04268549554834181,-0.05701010298766348,0.045697736410816266
2023-07-19,7858503.694747838,8000344.726227155,7795490.81708775,7933315.78125,21763700,0.0,15.770000457763672,4.421999931335449,0.0,6061.47998046875,19692.330078125,0.0,0.0,1.0,0.0,15.770000457763672,4.421999931335449,0.0,0.5877852522924732,-0.8090169943749473,-0.4999999999999997,-0.8660254037844388,0,30.0,6663765.844245807,0.0,0.0,0.0,60.0,60.0,-0.04268843190980537,0.04215059355282613,-0.06882693142513058,0.045125087315785566,-0.07721275822741283,0.029176296845031605
2023-07-20,7870304.177512808,7921517.854620494,7587123.885598804,7594654.970703125,23836900,0.0,15.770000457763672,4.421999931335449,0.0,6061.47998046875,19692.330078125,0.0,0.0,1.0,0.0,15.770000457763672,4.421999931335449,0.0,-0.587785252292473,-0.8090169943749475,-0.4999999999999997,-0.8660254037844388,0,30.0,6692741.3780018855,0.0,0.0,0.0,60.0,60.0,-0.027304067334598985,0.04713730494849095,-0.03606383487716791,0.03047732610526933,-0.02660995380940128,0.021287853594328218
2023-07-21,7646118.720645008,7668461.446981802,7310469.879649196,7387290.0,42139300,0.0,15.770000457763672,4.421999931335449,0.0,6061.47998046875,19692.330078125,0.0,0.0,1.0,0.0,15.770000457763672,4.421999931335449,0.0,-0.9510565162951536,0.30901699437494723,-0.4999999999999997,-0.8660254037844388,0,30.0,6714360.40487626,0.0,0.0,0.0,60.0,60.0,-0.009005658652817881,0.031332840080614655,0.0007135976433001818,0.021885414423390065,0.014646975423751471,0.03354175050217482
2023-07-24,7425449.257847949,7469131.079633821,7237666.303434697,7320762.587890625,24915700,0.0,15.770000457763672,4.421999931335449,0.0,6061.47998046875,19692.330078125,0.0,0.0,1.0,0.0,15.770000457763672,4.421999931335449,0.0,0.0,1.0,-0.4999999999999997,-0.8660254037844388,0,30.0,6733235.72141429,0.0,0.0,0.0,60.0,60.0,0.009807580013933748,0.022084298073426427,0.023867577330881,0.03384656107781336,0.06892768835615175,0.05318751191695494
2023-07-25,7410636.919732803,7488711.963181105,7327038.06006534,7392561.552734375,19585600,0.0,15.770000457763672,4.421999931335449,0.0,6061.47998046875,19692.330078125,0.0,0.0,1.0,0.0,15.770000457763672,4.421999931335449,0.0,0.9510565162951535,0.30901699437494745,-0.4999999999999997,-0.8660254037844388,0,30.0,6753758.378021501,0.0,0.0,0.0,60.0,60.0,0.013923442045021335,0.03351783225606836,0.05854591460028676,0.052670937483179754,0.10530807094821189,0.04058143202199959
2023-07-26,7561265.479700431,7575825.831677635,7328043.193610424,7495491.455078125,47256900,0.0,15.770000457763672,4.421999931335449,0.0,6061.47998046875,19692.330078125,0.0,0.0,1.0,0.0,15.770000457763672,4.421999931335449,0.0,0.5877852522924732,-0.8090169943749473,-0.4999999999999997,-0.8660254037844388,0,30.0,6776846.102651014,0.0,0.0,0.0,60.0,60.0,0.04400970596484547,0.051947647424884176,0.09012971306677096,0.040024157977992234,0.06708633213852871,0.027028858603140603
2023-07-27,8162019.088925673,8167793.430981738,7778420.283597107,7825365.830078125,64229200,0.0,15.770000457763672,4.421999931335449,0.0,6061.47998046875,19692.330078125,0.0,0.0,1.0,0.0,15.770000457763672,4.421999931335449,0.0,-0.587785252292473,-0.8090169943749475,-0.4999999999999997,-0.8660254037844388,0,30.0,6809483.092269317,0.0,0.0,0.0,60.0,60.0,0.044175841314906775,0.03833695965594783,0.02210384256184329,0.025889470613839997,0.035289151149546706,0.030412918058938417
2023-07-28,7955157.906624697,8189133.319439014,7889132.585318277,8171057.94921875,39220300,0.0,15.770000457763672,4.421999931335449,0.0,6061.47998046875,19692.330078125,0.0,0.0,1.0,0.0,15.770000457763672,4.421999931335449,0.0,-0.9510565162951536,0.30901699437494723,-0.4999999999999997,-0.8660254037844388,0,30.0,6851864.464129476,0.0,0.0,0.0,60.0,60.0,-0.02113820094254309,0.024794167408851348,-0.008510721866701362,0.029126241822105485,-0.03431858424793223,0.023780325970391817
2023-07-31,8126118.978520522,8175575.13776709,7972980.559066735,7998336.484375,25799600,0.0,15.770000457763672,4.421999931335449,0.0,6061.47998046875,19692.330078125,0.0,0.0,1.0,0.0,15.770000457763672,4.421999931335449,0.0,0.0,1.0,-0.4999999999999997,-0.8660254037844388,0,30.0,6887550.388241027,0.0,0.0,0.0,60.0,60.0,0.012900165363487155,0.02975521350424652,-0.013465009379342913,0.024293854345209732,-0.016980526771059924,0.018895227760485415
2023-08-01,7971725.816923444,8137416.557086677,7899424.347315295,8101516.34765625,22817900,0.0,15.770000457763672,4.421999931335449,0.0,6061.47998046875,19692.330078125,0.0,0.0,1.0,0.0,15.770000457763672,4.421999931335449,0.0,0.9510565162951535,0.30901699437494745,-0.8660254037844385,-0.5000000000000004,0,30.0,6925337.177919871,0.0,0.0,0.0,60.0,60.0,-0.026029391290866972,0.023984450961651974,-0.029500135508245436,0.018654580586137743,-0.03712287902932292,0.02544077706033762
2023-08-02,7983274.985279596,7993066.161967532,7798755.740412149,7890638.80859375,20461100,0.0,15.770000457763672,4.421999931335449,0.0,6061.47998046875,19692.330078125,0.0,0.0,1.0,0.0,15.770000457763672,4.421999931335449,0.0,0.5877852522924732,-0.8090169943749473,-0.8660254037844385,-0.5000000000000004,0,30.0,6955383.860375852,0.0,0.0,0.0,60.0,60.0,-0.003563499951993896,0.01915312476509109,-0.011389961503210934,0.02612068252660719,0.007158482522160537,0.021030242619264755
2023-08-03,7780679.164182666,7931809.553759932,7780679.164182666,7862520.517578125,15180200,0.0,15.770000457763672,4.421999931335449,0.0,6061.47998046875,19692.330078125,0.0,0.0,1.0,0.0,15.770000457763672,4.421999931335449,0.0,-0.587785252292473,-0.8090169943749475,-0.8660254037844385,-0.5000000000000004,0,30.0,6983620.057453556,0.0,0.0,0.0,60.0,60.0,-0.007854450886574283,0.026214096458077114,0.010760326898540822,0.021105451896083257,-0.0017559870710840168,0.02484124648839451
2023-08-04,7906956.86875602,7993568.1795820445,7787459.308330641,7800764.736328125,17612800,0.0,15.770000457763672,4.421999931335449,0.0,6061.47998046875,19692.330078125,0.0,0.0,1.0,0.0,15.770000457763672,4.421999931335449,0.0,-0.9510565162951536,0.30901699437494723,-0.8660254037844385,-0.5000000000000004,0,30.0,7009055.098591525,0.0,0.0,0.0,60.0,60.0,0.018762144124669148,0.02127253598521199,0.006146743107339252,0.02503790548734757,-0.017764851077069568,0.034692487149229276
2023-08-07,7863525.7046802845,7959927.418595875,7793985.370030162,7947123.80859375,16236500,0.0,15.770000457763672,4.421999931335449,0.0,6061.47998046875,19692.330078125,0.0,0.0,1.0,0.0,15.770000457763672,4.421999931335449,0.0,0.0,1.0,-0.8660254037844385,-0.5000000000000004,0,30.0,7038254.109300387,0.0,0.0,0.0,60.0,60.0,-0.012383068108767603,0.024576792170522194,-0.035854291811287395,0.034053569176382595,-0.0341800016736106,0.02675638394091988
2023-08-08,7892897.673092679,7980513.376676968,7785198.566479751,7848714.033203125,15183500,0.0,15.770000457763672,4.421999931335449,0.0,6061.47998046875,19692.330078125,0.0,0.0,1.0,0.0,15.770000457763672,4.421999931335449,0.0,0.9510565162951535,0.30901699437494745,-0.8660254037844385,-0.5000000000000004,0,30.0,7063481.0758805685,0.0,0.0,0.0,60.0,60.0,-0.023765513677022208,0.03448054410243036,-0.02207023073521336,0.02709186434226362,-0.035184173663341596,0.013945803306396894
2023-08-09,7854738.196999242,7873566.672951087,7602938.742581863,7662185.3125,19955800,0.0,15.770000457763672,4.421999931335449,0.0,6061.47998046875,19692.330078125,0.0,0.0,1.0,0.0,15.770000457763672,4.421999931335449,0.0,0.5877852522924732,-0.8090169943749473,-0.8660254037844385,-0.5000000000000004,0,30.0,7082116.780525754,0.0,0.0,0.0,60.0,60.0,0.0017365530162678378,0.0277513903901368,-0.011696636562521144,0.014285300818376393,0.0032109164311927493,0.02608037577569663
2023-08-10,7730721.608722842,7841181.8530045925,7628545.557155833,7675491.103515625,14358900,0.0,15.770000457763672,4.421999931335449,0.0,6061.47998046875,19692.330078125,0.0,0.0,1.0,0.0,15.770000457763672,4.421999931335449,0.0,-0.587785252292473,-0.8090169943749475,-0.8660254037844385,-0.5000000000000004,0,30.0,7100586.582392724,0.0,0.0,0.0,60.0,60.0,-0.013409902572029666,0.014260536640459806,0.0014718075430965813,0.02603516433254592,-0.01239603091408968,0.023549462976194827
2023-08-11,7595910.64552959,7649885.465012043,7540428.842896835,7572563.515625,14046300,0.0,15.770000457763672,4.421999931335449,0.0,6061.47998046875,19692.330078125,0.0,0.0,1.0,0.0,15.770000457763672,4.421999931335449,0.0,-0.9510565162951536,0.30901699437494723,-0.8660254037844385,-0.5000000000000004,0,30.0,7115277.680582912,0.0,0.0,0.0,60.0,60.0,0.015083984882802598,0.02638903877144045,0.0010276523761825083,0.023869551334022125,-0.024366883818127433,0.022543386074352977
2023-08-14,7555993.0205368735,7687289.766091229,7487457.093878206,7686787.94921875,15641900,0.0,15.770000457763672,4.421999931335449,0.0,6061.47998046875,19692.330078125,0.0,0.0,1.0,0.0,15.770000457763672,4.421999931335449,0.0,0.0,1.0,-0.8660254037844385,-0.5000000000000004,0,30.0,7133066.925950752,0.0,0.0,0.0,60.0,60.0,-0.013847457664542876,0.02351485363723673,-0.038864635132121475,0.022208394980200327,-0.06891140320890952,0.036251923341697044
2023-08-15,7685533.969251323,7712897.9317533765,7532144.2381870225,7580345.478515625,11623600,0.0,15.770000457763672,4.421999931335449,0.0,6061.47998046875,19692.330078125,0.0,0.0,1.0,0.0,15.770000457763672,4.421999931335449,0.0,0.9510565162951535,0.30901699437494745,-0.8660254037844385,-0.5000000000000004,0,30.0,7146989.244334184,0.0,0.0,0.0,60.0,60.0,-0.025368466229708876,0.02252024309302622,-0.0558371480886328,0.03676096930789569,-0.061930884460417585,0.03745652041145587
2023-08-16,7536412.2348920675,7558503.671610498,7387792.448705204,7388043.740234375,18547700,0.0,15.770000457763672,4.421999931335449,0.0,6061.47998046875,19692.330078125,0.0,0.0,1.0,0.0,15.770000457763672,4.421999931335449,0.0,0.5877852522924732,-0.8090169943749473,-0.8660254037844385,-0.5000000000000004,0,30.0,7154492.482350931,0.0,0.0,0.0,60.0,60.0,-0.03126174436513258,0.037717812356930995,-0.037514093238159095,0.0384314678046154,-0.014917190706613058,0.029392757734800448
2023-08-17,7356913.2940746145,7432227.202286807,7153566.354807848,7157080.60546875,23950100,0.0,15.770000457763672,4.421999931335449,0.0,6061.47998046875,19692.330078125,0.0,0.0,1.0,0.0,15.770000457763672,4.421999931335449,0.0,-0.587785252292473,-0.8090169943749475,-0.8660254037844385,-0.5000000000000004,0,30.0,7154573.04215836,0.0,0.0,0.0,60.0,60.0,-0.006454115790987328,0.039671673520758344,0.016872001867839975,0.030341279043984648,0.0088042223876488,0.021572112930340566
2023-08-18,7004946.386460483,7172143.350194865,6888209.985052957,7110887.978515625,35347900,0.0,15.770000457763672,4.421999931335449,0.0,6061.47998046875,19692.330078125,0.0,0.0,1.0,0.0,15.770000457763672,4.421999931335449,0.0,-0.9510565162951536,0.30901699437494723,-0.8660254037844385,-0.5000000000000004,0,30.0,7153213.269012191,0.0,0.0,0.0,60.0,60.0,0.023477645098794627,0.0305383772669343,0.015357456984267699,0.021712246281926556,0.0387997332364415,0.034351214827332666
2023-08-21,7115910.416716217,7292897.819832173,7075742.840041355,7277834.8828125,20181500,0.0,15.770000457763672,4.421999931335449,0.0,6061.47998046875,19692.330078125,0.0,0.0,1.0,0.0,15.770000457763672,4.421999931335449,0.0,0.0,1.0,-0.8660254037844385,-0.5000000000000004,0,30.0,7157092.332237637,0.0,0.0,0.0,60.0,60.0,-0.007933918394224528,0.021214187125533853,0.014970613389575163,0.0335632292428007,-0.010866007148105887,0.04422205700791995
2023-08-22,7344360.617570797,7353147.39299322,7198754.041920498,7220093.134765625,12980200,0.0,15.770000457763672,4.421999931335449,0.0,6061.47998046875,19692.330078125,0.0,0.0,1.0,0.0,15.770000457763672,4.421999931335449,0.0,0.9510565162951535,0.30901699437494745,-0.8660254037844385,-0.5000000000000004,0,30.0,7159053.341157418,0.0,0.0,0.0,60.0,60.0,0.02308770777318182,0.03383164676739545,-0.0029555377491945196,0.044575717109833414,-0.0073017596562258685,0.04297641332370249
2023-08-23,7242688.156341608,7466119.284194571,7221851.643631483,7386788.53515625,18287000,0.0,15.770000457763672,4.421999931335449,0.0,6061.47998046875,19692.330078125,0.0,0.0,1.0,0.0,15.770000457763672,4.421999931335449,0.0,0.5877852522924732,-0.8090169943749473,-0.8660254037844385,-0.5000000000000004,0,30.0,7166141.992870725,0.0,0.0,0.0,60.0,60.0,-0.025455535556243938,0.0435697905186012,-0.029703677601163225,0.04200657773246392,-0.013526376706124072,0.019202094218695898
2023-08-24,7493733.329626882,7517833.564009043,7195992.734927081,7198753.876953125,18360900,0.0,15.770000457763672,4.421999931335449,0.0,6061.47998046875,19692.330078125,0.0,0.0,1.0,0.0,15.770000457763672,4.421999931335449,0.0,-0.587785252292473,-0.8090169943749475,-0.8660254037844385,-0.5000000000000004,0,30.0,7167157.094155316,0.0,0.0,0.0,60.0,60.0,-0.004359105407616276,0.043103808256137556,0.012240753793546721,0.019703661473933813,0.039197976046193336,0.038256328868001864
2023-08-25,7183189.793640778,7239926.517524787,6929632.810729473,7167373.75,23701400,0.0,15.770000457763672,4.421999931335449,0.0,6061.47998046875,19692.330078125,0.0,0.0,1.0,0.0,15.770000457763672,4.421999931335449,0.0,-0.9510565162951536,0.30901699437494723,-0.8660254037844385,-0.5000000000000004,0,30.0,7167163.837943124,0.0,0.0,0.0,60.0,60.0,0.01667253654537663,0.019789927855464906,0.04374778264972927,0.0384238223598319,0.03362525574874967,0.017022822913535775
2023-08-28,7230135.327010989,7316746.629568892,7174904.820143239,7286872.050781248,14239300,0.0,15.770000457763672,4.421999931335449,0.0,6061.47998046875,19692.330078125,0.0,0.0,1.0,0.0,15.770000457763672,4.421999931335449,0.0,0.0,1.0,-0.8660254037844385,-0.5000000000000004,0,30.0,7170889.96306736,0.0,0.0,0.0,60.0,60.0,0.026631235851372094,0.03779370542494923,0.016674709499853203,0.01674366357074897,0.019396391545306257,0.018741824949233626
2023-08-29,7244695.735262076,7510051.929546463,7234654.033789941,7480930.458984375,20844500,0.0,15.770000457763672,4.421999931335449,0.0,6061.47998046875,19692.330078125,0.0,0.0,1.0,0.0,15.770000457763672,4.421999931335449,0.0,0.9510565162951535,0.30901699437494745,-0.8660254037844385,-0.5000000000000004,0,30.0,7180540.509625342,0.0,0.0,0.0,60.0,60.0,-0.009698249969242434,0.01630932606181972,-0.007047169473726438,0.018255654313587364,-0.005402915868852006,0.02439675334212402
2023-08-30,7460345.307806632,7488462.37864059,7366453.444539215,7408378.525390625,17717000,0.0,15.770000457763672,4.421999931335449,0.0,6061.47998046875,19692.330078125,0.0,0.0,1.0,0.0,15.770000457763672,4.421999931335449,0.0,0.5877852522924732,-0.8090169943749473,-0.8660254037844385,-0.5000000000000004,0,30.0,7187632.361843929,0.0,0.0,0.0,60.0,60.0,0.0026770431289590835,0.018434436082759992,0.0043373992828519385,0.024635676288935458,0.017112790188736383,0.019925464915196534
2023-08-31,7425950.98279402,7559006.012564942,7422436.732161737,7428211.07421875,17229900,0.0,15.770000457763672,4.421999931335449,0.0,6061.47998046875,19692.330078125,0.0,0.0,1.0,0.0,15.770000457763672,4.421999931335449,0.0,-0.587785252292473,-0.8090169943749475,-0.8660254037844385,-0.5000000000000004,0,30.0,7195120.790275723,0.0,0.0,0.0,60.0,60.0,0.0016559231761321066,0.024569901602670825,0.014397205120732627,0.019872266002038928,0.01108515105106047,0.025820350176384142
2023-09-01,7515574.232333737,7575072.092920997,7392561.677743573,7440511.62109375,12842300,0.0,15.770000457763672,4.421999931335449,0.0,6061.47998046875,19692.330078125,0.0,0.0,1.0,0.0,15.770000457763672,4.421999931335449,0.0,-0.9510565162951536,0.30901699437494723,-1.0,-1.8369701987210297e-16,0,30.0,7202759.004215185,0.0,0.0,0.0,60.0,60.0,0.012720218240410766,0.019839413457493797,0.009413639610924878,0.025777664344569417,0.007726755706155172,0.05003707631750922
2023-09-05,7456578.917277387,7566286.823214503,7418671.436828337,7535156.552734375,14956000,0.0,15.770000457763672,4.421999931335449,0.0,6061.47998046875,19692.330078125,0.0,0.0,1.0,0.0,15.770000457763672,4.421999931335449,0.0,0.9510565162951535,0.30901699437494745,-1.0,-1.8369701987210297e-16,0,30.0,7213105.452695263,0.0,0.0,0.0,60.0,60.0,-0.003265046525121252,0.025453885367626803,-0.004930742414653947,0.049408588291490856,-0.007529674399403958,0.028219223391121304
2023-09-06,7574319.136671566,7614235.413992185,7422436.402871762,7510553.916015625,15418100,0.0,15.770000457763672,4.421999931335449,0.0,6061.47998046875,19692.330078125,0.0,0.0,1.0,0.0,15.770000457763672,4.421999931335449,0.0,0.5877852522924732,-0.8090169943749473,-1.0,-1.8369701987210297e-16,0,30.0,7222364.050464508,0.0,0.0,0.0,60.0,60.0,-0.0016711522794757457,0.04957043807808645,-0.004278597694818565,0.028311662285687596,0.028044213580020294,0.02593846143907395
2023-09-07,7481182.192007434,7708378.861519656,7336077.413693674,7498002.63671875,33748700,0.0,15.770000457763672,4.421999931335449,0.0,6061.47998046875,19692.330078125,0.0,0.0,1.0,0.0,15.770000457763672,4.421999931335449,0.0,-0.587785252292473,-0.8090169943749475,-1.0,-1.8369701987210297e-16,0,30.0,7230943.778096394,0.0,0.0,0.0,60.0,60.0,-0.002611810147824915,0.028359054584400092,0.029765107887390896,0.02598188111893092,0.010010875682816936,0.02822510170755854
2023-09-08,7511808.1011765255,7663189.00317377,7450552.7371250875,7478419.27734375,17548000,0.0,15.770000457763672,4.421999931335449,0.0,6061.47998046875,19692.330078125,0.0,0.0,1.0,0.0,15.770000457763672,4.421999931335449,0.0,-0.9510565162951536,0.30901699437494723,-1.0,-1.8369701987210297e-16,0,30.0,7238646.880945531,0.0,0.0,0.0,60.0,60.0,0.032461701837490635,0.026049918560577447,0.012655740221380288,0.028299013357819924,0.02406941690894127,0.019671644365357645
2023-09-11,7566788.141820591,7758336.629819753,7563524.4166830955,7721181.494140625,19489300,0.0,15.770000457763672,4.421999931335449,0.0,6061.47998046875,19692.330078125,0.0,0.0,1.0,0.0,15.770000457763672,4.421999931335449,0.0,0.0,1.0,-1.0,-1.8369701987210297e-16,0,30.0,7253666.605180919,0.0,0.0,0.0,60.0,60.0,-0.019183240967545163,0.027409262065077728,-0.008128422500915498,0.0190531467950314,0.013525888482611534,0.02549095092693485
2023-09-12,7690302.424207255,7748796.652196399,7537164.76517147,7573064.208984375,13480400,0.0,15.770000457763672,4.421999931335449,0.0,6061.47998046875,19692.330078125,0.0,0.0,1.0,0.0,15.770000457763672,4.421999931335449,0.0,0.9510565162951535,0.30901699437494745,-1.0,-1.8369701987210297e-16,0,30.0,7263608.407902193,0.0,0.0,0.0,60.0,60.0,0.011271033416613821,0.01942579653086957,0.03334886883705294,0.025989514037342593,-0.004475243792802223,0.04392362267983334
2023-09-13,7590637.642690574,7711642.176378186,7564529.371939245,7658420.46875,13210900,0.0,15.770000457763672,4.421999931335449,0.0,6061.47998046875,19692.330078125,0.0,0.0,1.0,0.0,15.770000457763672,4.421999931335449,0.0,0.5877852522924732,-0.8090169943749473,-1.0,-1.8369701987210297e-16,0,30.0,7275897.616005783,0.0,0.0,0.0,60.0,60.0,0.021831768824474677,0.02569985016730493,-0.015570778445237085,0.04343407576051682,-0.008227774652699986,0.019012716241927064
2023-09-14,7700595.968189983,7854487.512782855,7657667.254217759,7825617.333984375,19343100,0.0,15.770000457763672,4.421999931335449,0.0,6061.47998046875,19692.330078125,0.0,0.0,1.0,0.0,15.770000457763672,4.421999931335449,0.0,-0.587785252292473,-0.8090169943749475,-1.0,-1.8369701987210297e-16,0,30.0,7293008.592804158,0.0,0.0,0.0,60.0,60.0,-0.03660342965529446,0.0425060925738136,-0.029417311532362572,0.01860650336189829,-0.021333286012785422,0.02040297532409778
2023-09-15,7822854.970371907,7832646.145797829,7500009.730952249,7539172.900390625,28131100,0.0,15.770000457763672,4.421999931335449,0.0,6061.47998046875,19692.330078125,0.0,0.0,1.0,0.0,15.770000457763672,4.421999931335449,0.0,-0.9510565162951536,0.30901699437494723,-1.0,-1.8369701987210297e-16,0,30.0,7300670.882545535,0.0,0.0,0.0,60.0,60.0,0.007459148541872713,0.019313441561496156,0.015850319704839036,0.021178168941163606,-0.0021310244932231798,0.028736989839349532
2023-09-18,7485952.845609625,7621769.043260597,7476161.668026887,7595408.7109375,14234200,0.0,15.770000457763672,4.421999931335449,0.0,6061.47998046875,19692.330078125,0.0,0.0,1.0,0.0,15.770000457763672,4.421999931335449,0.0,0.0,1.0,-1.0,-1.8369701987210297e-16,0,30.0,7309845.1071154,0.0,0.0,0.0,60.0,60.0,0.00832904358961962,0.021021367438883685,-0.009519168145900557,0.028524223419819535,-0.022541875279578207,0.023103683502303733
2023-09-19,7593650.28830625,7686286.452962769,7526620.575601654,7658671.201171875,15924400,0.0,15.770000457763672,4.421999931335449,0.0,6061.47998046875,19692.330078125,0.0,0.0,1.0,0.0,15.770000457763672,4.421999931335449,0.0,0.9510565162951535,0.30901699437494745,-1.0,-1.8369701987210297e-16,0,30.0,7320702.922483596,0.0,0.0,0.0,60.0,60.0,-0.01770078115768748,0.028288606384156305,-0.03061591755732665,0.022912841447128556,-0.0196348634039306,0.02330617892102253
2023-09-20,7658169.03876276,7733734.23960167,7517081.104566045,7523106.738281248,19379500,0.0,15.770000457763672,4.421999931335449,0.0,6061.47998046875,19692.330078125,0.0,0.0,1.0,0.0,15.770000457763672,4.421999931335449,0.0,0.5877852522924732,-0.8090169943749473,-1.0,-1.8369701987210297e-16,0,30.0,7327003.091247328,0.0,0.0,0.0,60.0,60.0,-0.0131478638605254,0.02332572500071053,-0.001968933914579033,0.02372615031547108,0.0038706984690515815,0.024193274901976272
2023-09-21,7423440.846676401,7537917.920534313,7362436.001606172,7424193.955078125,21319600,0.0,15.770000457763672,4.421999931335449,0.0,6061.47998046875,19692.330078125,0.0,0.0,1.0,0.0,15.770000457763672,4.421999931335449,0.0,-0.587785252292473,-0.8090169943749475,-1.0,-1.8369701987210297e-16,0,30.0,7330028.324946672,0.0,0.0,0.0,60.0,60.0,0.01132786720174502,0.024042254605929937,0.017245301202014826,0.024515602708850972,0.010922079515889575,0.01450640096479755
2023-09-22,7513817.288876349,7666453.905613975,7487959.54430218,7508294.238281248,25369600,0.0,15.770000457763672,4.421999931335449,0.0,6061.47998046875,19692.330078125,0.0,0.0,1.0,0.0,15.770000457763672,4.421999931335449,0.0,-0.9510565162951536,0.30901699437494723,-1.0,-1.8369701987210297e-16,0,30.0,7335577.159756937,0.0,0.0,0.0,60.0,60.0,0.005851152917048379,0.024241003836553504,-0.00040124246450186715,0.014343915000518556,-0.004480249725911591,0.048515387221337
2023-09-25,7421934.07545436,7555239.6155300895,7373231.026093941,7552226.416015625,18987000,0.0,15.770000457763672,4.421999931335449,0.0,6061.47998046875,19692.330078125,0.0,0.0,1.0,0.0,15.770000457763672,4.421999931335449,0.0,0.0,1.0,-1.0,-1.8369701987210297e-16,0,30.0,7342320.7424882585,0.0,0.0,0.0,60.0,60.0,-0.006216024471829457,0.014260474781899948,-0.010271303674503011,0.048233167582140274,0.010404715802033155,0.0320113560508621
2023-09-26,7472645.872198939,7538921.7113289125,7431223.376976123,7505281.591796875,19417200,0.0,15.770000457763672,4.421999931335449,0.0,6061.47998046875,19692.330078125,0.0,0.0,1.0,0.0,15.770000457763672,4.421999931335449,0.0,0.9510565162951535,0.30901699437494745,-1.0,-1.8369701987210297e-16,0,30.0,7347393.180715173,0.0,0.0,0.0,60.0,60.0,-0.004080644589301491,0.04853486146876698,0.01672470142721824,0.032211584045565726,0.00418117535680456,0.037730899702883805
2023-09-27,7542689.330517055,7564027.661429929,7199759.85908798,7474655.205078125,36429800,0.0,15.770000457763672,4.421999931335449,0.0,6061.47998046875,19692.330078125,0.0,0.0,1.0,0.0,15.770000457763672,4.421999931335449,0.0,0.5877852522924732,-0.8090169943749473,-1.0,-1.8369701987210297e-16,1,30.0,7351354.431285183,0.0,0.0,0.0,60.0,60.0,0.020890593102229647,0.032343566645797614,0.00829567163367262,0.03788549695103002,0.03049655850490062,0.01864038584144523
2023-09-28,7504780.184646133,7690303.052168666,7448546.043388864,7630805.185546875,22167100,0.0,15.770000457763672,4.421999931335449,0.0,6061.47998046875,19692.330078125,0.0,0.0,1.0,0.0,15.770000457763672,4.421999931335449,0.0,-0.587785252292473,-0.8090169943749475,-1.0,-1.8369701987210297e-16,1,30.0,7360052.819238308,0.0,0.0,0.0,60.0,60.0,-0.012337190247080472,0.037110241985779814,0.009409397507994332,0.018258945637653283,-0.00993542760645993,0.023456951431596852
2023-09-29,7716663.065809384,7798504.4235846475,7515323.3966026595,7536662.490234375,25373700,0.0,15.770000457763672,4.421999931335449,0.0,6061.47998046875,19692.330078125,0.0,0.0,1.0,0.0,15.770000457763672,4.421999931335449,0.0,-0.9510565162951536,0.30901699437494723,-1.0,-1.8369701987210297e-16,1,30.0,7365550.10064181,0.0,0.0,0.0,60.0,60.0,0.022018230858075014,0.018487023564470413,0.0024317637729230537,0.02374995919656528,0.017887528571125865,0.02798039597819988
2023-10-02,7600179.0961497165,7711643.768246408,7572313.311191984,7702606.46484375,16265600,0.0,15.770000457763672,4.421999931335449,0.0,6061.47998046875,19692.330078125,0.0,0.0,1.0,0.0,15.770000457763672,4.421999931335449,0.0,0.0,1.0,-0.8660254037844386,0.5000000000000001,0,30.0,7376041.562816046,0.0,0.0,0.0,60.0,60.0,-0.019164498727882166,0.023238293094463763,-0.0040417109619278095,0.02737758988380066,-0.006616394925631036,0.021869468535026755
2023-10-03,7638337.455652805,7701349.5764965415,7522354.149875191,7554989.873046875,17362300,0.0,15.770000457763672,4.421999931335449,0.0,6061.47998046875,19692.330078125,0.0,0.0,1.0,0.0,15.770000457763672,4.421999931335449,0.0,0.9510565162951535,0.30901699437494745,-0.8660254037844386,0.5000000000000001,0,30.0,7381611.63840971,0.0,0.0,0.0,60.0,60.0,0.015418271204845766,0.027912519324894587,0.012793280612270428,0.02229677505214955,0.04814896091484384,0.05117296381288089
2023-10-04,7499508.602659268,7704613.0610831,7493734.260252296,7671474.755859375,16880500,0.0,15.770000457763672,4.421999931335449,0.0,6061.47998046875,19692.330078125,0.0,0.0,1.0,0.0,15.770000457763672,4.421999931335449,0.0,0.5877852522924732,-0.8090169943749473,-0.8660254037844386,0.5000000000000001,0,30.0,7390634.129172137,0.0,0.0,0.0,60.0,60.0,-0.0025851323213444376,0.02195821730260308,0.03223370175441243,0.05039594545818202,0.041822102951743226,0.0278486144120323
2023-10-05,7647626.144422011,7687291.136130699,7518839.226410105,7651642.978515625,19130000,0.0,15.770000457763672,4.421999931335449,0.0,6061.47998046875,19692.330078125,0.0,0.0,1.0,0.0,15.770000457763672,4.421999931335449,0.0,-0.587785252292473,-0.8090169943749475,-0.8660254037844386,0.5000000000000001,0,30.0,7398758.480944909,0.0,0.0,0.0,60.0,60.0,0.034909078663317765,0.05052656331008137,0.044522331390988115,0.027920793357378036,0.05593996579377922,0.021326155405661934
2023-10-06,7567541.188842927,7940846.986400711,7554235.763020602,7918754.78515625,21803900,0.0,15.770000457763672,4.421999931335449,0.0,6061.47998046875,19692.330078125,0.0,0.0,1.0,0.0,15.770000457763672,4.421999931335449,0.0,-0.9510565162951536,0.30901699437494723,-0.8660254037844386,0.5000000000000001,0,30.0,7414944.265091999,0.0,0.0,0.0,60.0,60.0,0.009288982893151122,0.026978981954086597,0.02032148288584425,0.02060679130692975,0.03927969829438121,0.01867287167870773
2023-10-09,7845199.156059899,8041768.129015735,7828128.186568168,7992311.962890625,22503700,0.0,15.770000457763672,4.421999931335449,0.0,6061.47998046875,19692.330078125,0.0,0.0,1.0,0.0,15.770000457763672,4.421999931335449,0.0,0.0,1.0,-0.8660254037844386,0.5000000000000001,0,30.0,7432915.833071208,0.0,0.0,0.0,60.0,60.0,0.01093096246931003,0.02041713687180047,0.029714696097505176,0.0185010160570479,0.018218463838805442,0.02465764149046147
2023-10-10,8011390.987251583,8150470.879471389,7987290.7522029225,8079675.625,19038000,0.0,15.770000457763672,4.421999931335449,0.0,6061.47998046875,19692.330078125,0.0,0.0,1.0,0.0,15.770000457763672,4.421999931335449,0.0,0.9510565162951535,0.30901699437494745,-0.8660254037844386,0.5000000000000001,0,30.0,7453047.349973147,0.0,0.0,0.0,60.0,60.0,0.01858062946485862,0.01830096885335981,0.0072087033042245435,0.024391024121204547,-0.022215918118541424,0.03939843941836327
2023-10-11,8109047.858930217,8255407.53417906,8107541.642220684,8229801.083984375,22036300,0.0,15.770000457763672,4.421999931335449,0.0,6061.47998046875,19692.330078125,0.0,0.0,1.0,0.0,15.770000457763672,4.421999931335449,0.0,0.5877852522924732,-0.8090169943749473,-0.8660254037844386,0.5000000000000001,0,30.0,7477225.153108153,0.0,0.0,0.0,60.0,60.0,-0.011164483038135779,0.023946090683090147,-0.04005234971416422,0.03867974540126725,-0.020346493912484935,0.0192179204223562
2023-10-12,8234321.328109621,8298087.323643253,8101015.76058237,8137919.609375,20530500,0.0,15.770000457763672,4.421999931335449,0.0,6061.47998046875,19692.330078125,0.0,0.0,1.0,0.0,15.770000457763672,4.421999931335449,0.0,-0.587785252292473,-0.8090169943749475,-0.8660254037844386,0.5000000000000001,0,30.0,7497790.41053346,0.0,0.0,0.0,60.0,60.0,-0.029214026175743184,0.03911646046059143,-0.009285680699010807,0.019434901045425702,-0.0004937245411433326,0.021902779803272092
2023-10-13,8122103.11018265,8160261.882296421,7841935.271664832,7900178.212890625,21341000,0.0,15.770000457763672,4.421999931335449,0.0,6061.47998046875,19692.330078125,0.0,0.0,1.0,0.0,15.770000457763672,4.421999931335449,0.0,-0.9510565162951536,0.30901699437494723,-0.8660254037844386,0.5000000000000001,0,30.0,7510315.4266915135,0.0,0.0,0.0,60.0,60.0,0.020528052541002248,0.02001975880313248,0.029584586519581443,0.02256190385300848,0.007245149059625706,0.032984855112986614
2023-10-16,7999341.372594052,8079173.929104538,7921014.266780705,8062353.486328125,16536100,0.0,15.770000457763672,4.421999931335449,0.0,6061.47998046875,19692.330078125,0.0,0.0,1.0,0.0,15.770000457763672,4.421999931335449,0.0,0.0,1.0,-0.8660254037844386,0.5000000000000001,0,30.0,7527498.565882875,0.0,0.0,0.0,60.0,60.0,0.008874360637151937,0.022108068266062684,-0.013015716175859723,0.03232136052591398,-0.0259691383417911,0.031574077818258786
2023-10-17,7987792.559559874,8143943.419497236,7965700.358236365,8133901.71875,16387800,0.0,15.770000457763672,4.421999931335449,0.0,6061.47998046875,19692.330078125,0.0,0.0,1.0,0.0,15.770000457763672,4.421999931335449,0.0,0.9510565162951535,0.30901699437494745,-0.8660254037844386,0.5000000000000001,0,30.0,7546373.912609249,0.0,0.0,0.0,60.0,60.0,-0.02169752514989779,0.03203705217119553,-0.03453700514000348,0.03129634278575407,-0.047376579978116666,0.027253044463172976
2023-10-18,8068379.005369904,8182604.788095717,7922018.5543767465,7957416.181640625,16851000,0.0,15.770000457763672,4.421999931335449,0.0,6061.47998046875,19692.330078125,0.0,0.0,1.0,0.0,15.770000457763672,4.421999931335449,0.0,0.5877852522924732,-0.8090169943749473,-0.8660254037844386,0.5000000000000001,0,30.0,7559168.314007857,0.0,0.0,0.0,60.0,60.0,-0.01312424359559448,0.03199045652066798,-0.02624858414280663,0.027857482898986586,-0.00933847681057874,0.031864134540198215
2023-10-19,8030471.073388584,8080931.636830157,7826370.260454522,7852981.113281248,18709200,0.0,15.770000457763672,4.421999931335449,0.0,6061.47998046875,19692.330078125,0.0,0.0,1.0,0.0,15.770000457763672,4.421999931335449,0.0,-0.587785252292473,-0.8090169943749475,-0.8660254037844386,0.5000000000000001,0,30.0,7568313.745446844,0.0,0.0,0.0,60.0,60.0,-0.013298878265111632,0.02822795343608689,0.0038361128647124206,0.03228788865610841,-0.0008312167319278969,0.02467952176541873
2023-10-20,7886370.237603503,7915490.939382575,7693817.354182403,7748545.2734375,22312300,0.0,15.770000457763672,4.421999931335449,0.0,6061.47998046875,19692.330078125,0.0,0.0,1.0,0.0,15.770000457763672,4.421999931335449,0.0,-0.9510565162951536,0.30901699437494723,-0.8660254037844386,0.5000000000000001,0,30.0,7573923.763412224,0.0,0.0,0.0,60.0,60.0,0.017365938633672664,0.03272306876406256,0.012635702198516003,0.02501215537489755,-0.029547922853805437,0.03900861799784775
2023-10-23,7769883.895427175,7967205.942604554,7713649.762800407,7883106.03515625,17796800,0.0,15.770000457763672,4.421999931335449,0.0,6061.47998046875,19692.330078125,0.0,0.0,1.0,0.0,15.770000457763672,4.421999931335449,0.0,0.0,1.0,-0.8660254037844386,0.5000000000000001,0,30.0,7583547.596258778,0.0,0.0,0.0,60.0,60.0,-0.004649493614371828,0.02458521012457818,-0.04611306483337121,0.038342759980972536,-0.08171713298614557,0.049679965413377915
2023-10-24,7952646.468835652,7992060.930768565,7798253.1124599185,7846453.583984375,19525500,0.0,15.770000457763672,4.421999931335449,0.0,6061.47998046875,19692.330078125,0.0,0.0,1.0,0.0,15.770000457763672,4.421999931335449,0.0,0.9510565162951535,0.30901699437494745,-0.8660254037844386,0.5000000000000001,0,30.0,7591730.999744228,0.0,0.0,0.0,60.0,60.0,-0.04165725636646752,0.038521867156329576,-0.07742763868340813,0.04991203108317949,-0.05061563273645893,0.020284747712892497
2023-10-25,7782437.434298261,7804529.637338149,7502269.594727597,7519591.85546875,42192500,0.0,15.770000457763672,4.421999931335449,0.0,6061.47998046875,19692.330078125,0.0,0.0,1.0,0.0,15.770000457763672,4.421999931335449,0.0,0.5877852522924732,-0.8090169943749473,-0.8660254037844386,0.5000000000000001,0,30.0,7589485.54413552,0.0,0.0,0.0,60.0,60.0,-0.03732524981753199,0.052081607978727185,-0.00934777920478215,0.021166485422515317,0.010449666427753194,0.034554153466865245
2023-10-26,7405866.870208907,7405866.870208907,7014234.435032354,7238921.2109375,66684100,0.0,15.770000457763672,4.421999931335449,0.0,6061.47998046875,19692.330078125,0.0,0.0,1.0,0.0,15.770000457763672,4.421999931335449,0.0,-0.587785252292473,-0.8090169943749475,-0.8660254037844386,0.5000000000000001,0,30.0,7578573.623068278,0.0,0.0,0.0,60.0,60.0,0.029062225437456332,0.021987161726744534,0.049627266359930804,0.035893902338578795,0.04480658221135257,0.023651836568261603
2023-10-27,7392814.929060948,7514070.007526247,7354906.676134203,7449300.37109375,29596300,0.0,15.770000457763672,4.421999931335449,0.0,6061.47998046875,19692.330078125,0.0,0.0,1.0,0.0,15.770000457763672,4.421999931335449,0.0,-0.9510565162951536,0.30901699437494723,-0.8660254037844386,0.5000000000000001,0,30.0,7574549.769561038,0.0,0.0,0.0,60.0,60.0,0.01998425402674968,0.034880205930521095,0.015299713063710295,0.022983874039499568,0.05095527020955898,0.036699971110554036
2023-10-30,7508545.349310401,7767374.080354032,7507540.949371975,7598169.082031248,28435100,0.0,15.770000457763672,4.421999931335449,0.0,6061.47998046875,19692.330078125,0.0,0.0,1.0,0.0,15.770000457763672,4.421999931335449,0.0,0.0,1.0,-0.8660254037844386,0.5000000000000001,0,30.0,7575284.961504229,0.0,0.0,0.0,60.0,60.0,-0.004592758118123387,0.022533557698329727,0.03036421009495022,0.03598091927955543,0.027126037921908437,0.03465941912023548
2023-10-31,7614486.1952775195,7623774.786932332,7452561.005520716,7563272.529296875,19434200,0.0,15.770000457763672,4.421999931335449,0.0,6061.47998046875,19692.330078125,0.0,0.0,1.0,0.0,15.770000457763672,4.421999931335449,0.0,0.9510565162951535,0.30901699437494745,-0.8660254037844386,0.5000000000000001,0,30.0,7574911.053779857,0.0,0.0,0.0,60.0,60.0,0.035118257877032696,0.03614693340137988,0.03186514494315468,0.03481933590789412,0.044246191653559995,0.015036344188498106
2023-11-01,7577835.105309794,7851224.213722774,7577835.105309794,7828881.484375,20434600,0.0,15.770000457763672,4.421999931335449,0.0,6061.47998046875,19692.330078125,0.0,0.0,1.0,0.0,15.770000457763672,4.421999931335449,0.0,0.5877852522924732,-0.8090169943749473,-0.5000000000000004,0.8660254037844384,0,30.0,7582816.32259824,0.0,0.0,0.0,60.0,60.0,-0.003142745197587343,0.03363802700119168,0.008818252124398,0.014526209033677729,0.012666272230399133,0.01244179648090196
2023-11-02,7965699.914450754,8003859.447750017,7740511.320989481,7804277.3046875,21631800,0.0,15.770000457763672,4.421999931335449,0.0,6061.47998046875,19692.330078125,0.0,0.0,1.0,0.0,15.770000457763672,4.421999931335449,0.0,-0.587785252292473,-0.8090169943749475,-0.5000000000000004,0.8660254037844384,0,30.0,7589709.678616484,0.0,0.0,0.0,60.0,60.0,0.011998706198267208,0.014572005132828143,0.01585885777710469,0.012481021150182684,0.025573541280064976,0.01891467690820792
2023-11-03,7846453.57235218,7921767.47936359,7808043.510421669,7897918.53515625,16764300,0.0,15.770000457763672,4.421999931335449,0.0,6061.47998046875,19692.330078125,0.0,0.0,1.0,0.0,15.770000457763672,4.421999931335449,0.0,-0.9510565162951536,0.30901699437494723,-0.5000000000000004,0.8660254037844384,0,30.0,7599303.212231574,0.0,0.0,0.0,60.0,60.0,0.003814383907009874,0.012333040619260877,0.013413885807022201,0.018690416096739774,0.01646537339623272,0.0205021673381572
2023-11-06,7932563.645533614,7991558.9308452085,7894153.580743513,7928044.228515625,12887700,0.0,15.770000457763672,4.421999931335449,0.0,6061.47998046875,19692.330078125,0.0,0.0,1.0,0.0,15.770000457763672,4.421999931335449,0.0,0.0,1.0,-0.5000000000000004,0.8660254037844384,0,30.0,7609535.844822952,0.0,0.0,0.0,60.0,60.0,0.009563024851914848,0.018619394577704312,0.012602917124960018,0.02042426136429666,0.015041136683634103,0.017036114426997085
2023-11-07,7959675.907540832,8058588.235649072,7910972.851928848,8003860.3125,14055600,0.0,15.770000457763672,4.421999931335449,0.0,6061.47998046875,19692.330078125,0.0,0.0,1.0,0.0,15.770000457763672,4.421999931335449,0.0,0.9510565162951535,0.30901699437494745,-0.5000000000000004,0.8660254037844384,0,30.0,7621809.875745954,0.0,0.0,0.0,60.0,60.0,0.003011097076867557,0.020230793780598832,0.005426220747855537,0.016874740860775863,0.031208649103813303,0.03023653865968537
2023-11-08,7986789.506991066,8066872.59341759,7904948.145986683,8027960.712890625,13609700,0.0,15.770000457763672,4.421999931335449,0.0,6061.47998046875,19692.330078125,0.0,0.0,1.0,0.0,15.770000457763672,4.421999931335449,0.0,0.5877852522924732,-0.8090169943749473,-0.5000000000000004,0.8660254037844384,0,30.0,7634452.022868815,0.0,0.0,0.0,60.0,60.0,0.0024078733306406204,0.01682408191689492,0.02811290135186289,0.030145766829305715,0.029426391640943187,0.02073292182890629
2023-11-09,8018923.429338352,8138420.979619318,8003357.910960032,8047291.025390625,16103100,0.0,15.770000457763672,4.421999931335449,0.0,6061.47998046875,19692.330078125,0.0,0.0,1.0,0.0,15.770000457763672,4.421999931335449,0.0,-0.587785252292473,-0.8090169943749475,-0.5000000000000004,0.8660254037844384,0,30.0,7647302.350704227,0.0,0.0,0.0,60.0,60.0,0.025643282245792532,0.030073354002240805,0.026953617413767665,0.02068311949707483,0.04916546662858757,0.014880734452324738
2023-11-10,8031976.406434932,8261934.938458118,8019925.90669249,8253649.98046875,19096200,0.0,15.770000457763672,4.421999931335449,0.0,6061.47998046875,19692.330078125,0.0,0.0,1.0,0.0,15.770000457763672,4.421999931335449,0.0,-0.9510565162951536,0.30901699437494723,-0.5000000000000004,0.8660254037844384,0,30.0,7666175.969178022,0.0,0.0,0.0,60.0,60.0,0.0012775739778707138,0.02016599714062981,0.022934079313901273,0.01450868416915991,0.01198412622744967,0.025488960767382867
2023-11-13,8189132.017489907,8343022.782242157,8176579.700336264,8264194.62890625,16908900,0.0,15.770000457763672,4.421999931335449,0.0,6061.47998046875,19692.330078125,0.0,0.0,1.0,0.0,15.770000457763672,4.421999931335449,0.0,0.0,1.0,-0.5000000000000004,0.8660254037844384,0,30.0,7684790.334056968,0.0,0.0,0.0,60.0,60.0,0.02162887285090557,0.01449017190260227,0.010692891289918755,0.025456438284261623,0.01518884772037524,0.0249095721051791
2023-11-14,8398504.915038355,8487877.35549299,8368127.7546835765,8442939.84375,17179400,0.0,15.770000457763672,4.421999931335449,0.0,6061.47998046875,19692.330078125,0.0,0.0,1.0,0.0,15.770000457763672,4.421999931335449,0.0,0.9510565162951535,0.30901699437494745,-0.5000000000000004,0.8660254037844384,0,30.0,7708389.048539612,0.0,0.0,0.0,60.0,60.0,-0.010704456238075396,0.024917500827109734,-0.006303683560311995,0.02438221233476665,-0.0037763072289596993,0.01828668061669297
2023-11-15,8483608.98693582,8495408.19584372,8285031.235303842,8352562.763671875,14531200,0.0,15.770000457763672,4.421999931335449,0.0,6061.47998046875,19692.330078125,0.0,0.0,1.0,0.0,15.770000457763672,4.421999931335449,0.0,0.5877852522924732,-0.8090169943749473,-0.5000000000000004,0.8660254037844384,0,30.0,7728440.069329412,0.0,0.0,0.0,60.0,60.0,0.004448390276811409,0.024646034735029864,0.007003113531443305,0.01848454764807238,0.021820767030279922,0.023083142567214877
2023-11-16,8268713.695333729,8399508.632139824,8193651.08013985,8389718.22265625,18932600,0.0,15.770000457763672,4.421999931335449,0.0,6061.47998046875,19692.330078125,0.0,0.0,1.0,0.0,15.770000457763672,4.421999931335449,0.0,-0.587785252292473,-0.8090169943749475,-0.5000000000000004,0.8660254037844384,0,30.0,7749023.495335041,0.0,0.0,0.0,60.0,60.0,0.002543409177974641,0.01840268532162046,0.017295439886842706,0.02298091449064247,0.008348679246115827,0.011969240267928147
2023-11-17,8291056.590263774,8422604.625996178,8268211.28160757,8411056.708984375,14494400,0.0,15.770000457763672,4.421999931335449,0.0,6061.47998046875,19692.330078125,0.0,0.0,1.0,0.0,15.770000457763672,4.421999931335449,0.0,-0.9510565162951536,0.30901699437494723,-0.5000000000000004,0.8660254037844384,0,30.0,7769630.423898859,0.0,0.0,0.0,60.0,60.0,0.014714605446325605,0.02292261290659268,0.005790542349583804,0.011938874824125777,0.019251482673638076,0.012953758334889836
2023-11-20,8407290.891628012,8582520.739195332,8389717.342119884,8534822.08984375,16960500,0.0,15.770000457763672,4.421999931335449,0.0,6061.47998046875,19692.330078125,0.0,0.0,1.0,0.0,15.770000457763672,4.421999931335449,0.0,0.0,1.0,-0.5000000000000004,0.8660254037844384,0,30.0,7793448.337672152,0.0,0.0,0.0,60.0,60.0,-0.008794653244215916,0.011765746506501128,0.004471086946971569,0.012765912962484739,-0.005117936070407845,0.014971900474672376
2023-11-21,8493651.937856968,8533066.4038548,8432647.850667613,8459761.2890625,12027900,0.0,15.770000457763672,4.421999931335449,0.0,6061.47998046875,19692.330078125,0.0,0.0,1.0,0.0,15.770000457763672,4.421999931335449,0.0,0.9510565162951535,0.30901699437494745,-0.5000000000000004,0.8660254037844384,0,30.0,7814188.480473689,0.0,0.0,0.0,60.0,60.0,0.0133834429309792,0.012879180892503842,0.003709339528728299,0.0151047414379628,-0.006765999450643852,0.01691489515982378
2023-11-22,8515743.48125512,8608882.233723573,8499927.437774336,8572982.021484375,10702700,0.0,15.770000457763672,4.421999931335449,0.0,6061.47998046875,19692.330078125,0.0,0.0,1.0,0.0,15.770000457763672,4.421999931335449,0.0,0.5877852522924732,-0.8090169943749473,-0.5000000000000004,0.8660254037844384,0,30.0,7837807.241544755,0.0,0.0,0.0,60.0,60.0,-0.009546340498983065,0.014905257771210271,-0.019883334903662342,0.01669150535053279,-0.007321062809470677,0.01751152282163736
2023-11-24,8538840.071784133,8582270.60228101,8454488.095382834,8491141.416015625,5467500,0.0,15.770000457763672,4.421999931335449,0.0,6061.47998046875,19692.330078125,0.0,0.0,1.0,0.0,15.770000457763672,4.421999931335449,0.0,-0.9510565162951536,0.30901699437494723,-0.5000000000000004,0.8660254037844384,0,30.0,7858143.39747175,0.0,0.0,0.0,60.0,60.0,-0.01043662599004074,0.016852383945899944,0.0022467256980336333,0.017680305033614126,-0.017828070060989954,0.02696388584025709
2023-11-27,8439676.922317676,8533066.205253499,8389970.22997187,8402522.548828125,15684500,0.0,15.770000457763672,4.421999931335449,0.0,6061.47998046875,19692.330078125,0.0,0.0,1.0,0.0,15.770000457763672,4.421999931335449,0.0,0.0,1.0,-0.5000000000000004,0.8660254037844384,0,30.0,7875088.139899092,0.0,0.0,0.0,60.0,60.0,0.012817119167091086,0.01786677387014547,-0.007469399398845196,0.027248265799281406,-0.022557582511880277,0.03316404402375183
2023-11-28,8369883.885229297,8520009.855548007,8369883.885229297,8510218.681640625,12637200,0.0,15.770000457763672,4.421999931335449,0.0,6061.47998046875,19692.330078125,0.0,0.0,1.0,0.0,15.770000457763672,4.421999931335449,0.0,0.9510565162951535,0.30901699437494745,-0.5000000000000004,0.8660254037844384,0,30.0,7894857.676279633,0.0,0.0,0.0,60.0,60.0,-0.020029794305431246,0.026903441187575424,-0.0349270376749382,0.03274435571450934,-0.04180041514039522,0.017994562965035814
2023-11-29,8527794.238689493,8533065.997963889,8304111.830168964,8339760.751953125,16024500,0.0,15.770000457763672,4.421999931335449,0.0,6061.47998046875,19692.330078125,0.0,0.0,1.0,0.0,15.770000457763672,4.421999931335449,0.0,0.5877852522924732,-0.8090169943749473,-0.5000000000000004,0.8660254037844384,0,30.0,7908706.053837142,-0.2732,1.0,0.0,60.0,60.0,-0.015201730912776379,0.03341362372471445,-0.022215594625689374,0.018362357202770154,-0.036664690413587615,0.02167363548509306
2023-11-30,8331978.455095124,8372396.55347162,8093734.925751717,8212981.953125,23146400,0.0,15.770000457763672,4.421999931335449,0.0,6061.47998046875,19692.330078125,0.0,0.0,1.0,0.0,15.770000457763672,4.421999931335449,0.0,-0.587785252292473,-0.8090169943749475,-0.5000000000000004,0.8660254037844384,0,30.0,7918177.16735689,0.0,0.0,0.0,60.0,60.0,-0.007122132454003912,0.018645805724038896,-0.02179427013077971,0.022008198191881087,-0.027082326665970297,0.019837965469461483
2023-12-01,8171057.159423938,8205700.91337583,8052563.247462824,8154488.0078125,15276400,0.0,15.770000457763672,4.421999931335449,0.0,6061.47998046875,19692.330078125,0.0,0.0,1.0,0.0,15.770000457763672,4.421999931335449,0.0,-0.9510565162951536,0.30901699437494723,-2.4492935982947064e-16,1.0,0,30.0,7925532.750895186,0.0,0.0,0.0,60.0,60.0,-0.014777384164116334,0.022166067863187144,-0.020103373097942186,0.019980267581644395,-0.02268940350059244,0.016039627219792026
2023-12-04,7965450.834197739,8055073.809919321,7874320.875348603,8033986.005859375,19037100,0.0,15.770000457763672,4.421999931335449,0.0,6061.47998046875,19692.330078125,0.0,0.0,1.0,0.0,15.770000457763672,4.421999931335449,0.0,0.0,1.0,-2.4492935982947064e-16,1.0,0,30.0,7928908.545993503,0.0,0.0,0.0,60.0,60.0,-0.0054058736048270386,0.02027995222652569,-0.008030691956622798,0.016280206079296776,0.020529932138257077,0.03271670827356549
2023-12-05,8007877.554152962,8080680.849754558,7917751.997367154,7990555.29296875,16952100,0.0,15.770000457763672,4.421999931335449,0.0,6061.47998046875,19692.330078125,0.0,0.0,1.0,0.0,15.770000457763672,4.421999931335449,0.0,0.9510565162951535,0.30901699437494745,-2.4492935982947064e-16,1.0,0,30.0,7930827.40759277,0.0,0.0,0.0,60.0,60.0,-0.0026390849112584284,0.01636869316562635,0.02607677348456337,0.03289453195560744,0.0454301272001466,0.031952031349011256
2023-12-06,8081935.825559376,8089969.493489936,7959174.545676359,7969467.5390625,11294300,0.0,15.770000457763672,4.421999931335449,0.0,6061.47998046875,19692.330078125,0.0,0.0,1.0,0.0,15.770000457763672,4.421999931335449,0.0,0.5877852522924732,-0.8090169943749473,-2.4492935982947064e-16,1.0,0,30.0,7932030.148501348,0.0,0.0,0.0,60.0,60.0,0.028791842512965096,0.03298157312759805,0.0481964065206305,0.0320365786002034,0.02466523859917731,0.03115455686645679
2023-12-07,7977500.114186675,8240345.690614284,7977500.114186675,8198923.193359375,15905100,0.0,15.770000457763672,4.421999931335449,0.0,6061.47998046875,19692.330078125,0.0,0.0,1.0,0.0,15.770000457763672,4.421999931335449,0.0,-0.587785252292473,-0.8090169943749475,-2.4492935982947064e-16,1.0,0,30.0,7940337.656034471,0.0,0.0,0.0,60.0,60.0,0.01886150648343702,0.031140000606876567,-0.0040111164798002155,0.030282663196820762,0.02336267397728433,0.03034386873837617
2023-12-08,8111056.3720317865,8364111.520050858,8108797.046833913,8353567.236328125,14087400,0.0,15.770000457763672,4.421999931335449,0.0,6061.47998046875,19692.330078125,0.0,0.0,1.0,0.0,15.770000457763672,4.421999931335449,0.0,-0.9510565162951536,0.30901699437494723,-2.4492935982947064e-16,1.0,0,30.0,7953200.141278419,0.0,0.0,0.0,60.0,60.0,-0.022449197283133455,0.029722060362590653,0.00441784036908306,0.02978213284659945,0.005980468077187529,0.0172200770812902
2023-12-11,8269467.3401002195,8281769.13329795,8033483.903656846,8166036.357421875,25802500,0.0,15.770000457763672,4.421999931335449,0.0,6061.47998046875,19692.330078125,0.0,0.0,1.0,0.0,15.770000457763672,4.421999931335449,0.0,0.0,1.0,-2.4492935982947064e-16,1.0,0,30.0,7959825.036542638,0.0,0.0,0.0,60.0,60.0,0.027484032111217208,0.030466071700649418,0.02908254515397828,0.017615531626009772,0.02425582935287525,0.018630091470102063
2023-12-12,8148965.473096182,8396748.122255897,8147961.073080572,8390471.962890625,18485500,0.0,15.770000457763672,4.421999931335449,0.0,6061.47998046875,19692.330078125,0.0,0.0,1.0,0.0,15.770000457763672,4.421999931335449,0.0,0.9510565162951535,0.30901699437494745,-2.4492935982947064e-16,1.0,0,30.0,7973229.666800632,0.0,0.0,0.0,60.0,60.0,0.00155575463248469,0.017144336140985424,-0.0031418519971632302,0.018131757660332672,0.002094384102762191,0.022260791727373865
2023-12-13,8383190.784963139,8494655.428356672,8350806.356643361,8403525.478515625,16353300,0.0,15.770000457763672,4.421999931335449,0.0,6061.47998046875,19692.330078125,0.0,0.0,1.0,0.0,15.770000457763672,4.421999931335449,0.0,0.5877852522924732,-0.8090169943749473,-2.4492935982947064e-16,1.0,0,30.0,7986623.368008526,0.0,0.0,0.0,60.0,60.0,-0.004690309658668659,0.01810359291179553,0.0005377927966428069,0.022226213193235898,0.029515350275428315,0.03148714741679863
2023-12-14,8381181.3071977915,8402520.397015212,8250386.3927282635,8364110.341796875,19607300,0.0,15.770000457763672,4.421999931335449,0.0,6061.47998046875,19692.330078125,0.0,0.0,1.0,0.0,15.770000457763672,4.421999931335449,0.0,-0.587785252292473,-0.8090169943749475,-2.4492935982947064e-16,1.0,0,30.0,7998373.302818819,0.0,0.0,0.0,60.0,60.0,0.005252739429793496,0.02233095227437567,0.03436685110778585,0.03163552783857699,0.0515955191406122,0.025452511497674826
2023-12-15,8334487.669925276,8501935.925315272,8315157.376454994,8408044.833984375,31776900,0.0,15.770000457763672,4.421999931335449,0.0,6061.47998046875,19692.330078125,0.0,0.0,1.0,0.0,15.770000457763672,4.421999931335449,0.0,-0.9510565162951536,0.30901699437494723,-2.4492935982947064e-16,1.0,0,30.0,8011125.03763107,0.0,0.0,0.0,60.0,60.0,0.028961981933525158,0.031470222957583296,0.046100625139410795,0.025319514684548065,0.04287587801986855,0.021408045834143213
2023-12-18,8472311.795855965,8725366.158657132,8460763.113094287,8651558.4765625,18993900,0.0,15.770000457763672,4.421999931335449,0.0,6061.47998046875,19692.330078125,0.0,0.0,1.0,0.0,15.770000457763672,4.421999931335449,0.0,0.0,1.0,-2.4492935982947064e-16,1.0,0,30.0,8031059.635856426,0.0,0.0,0.0,60.0,60.0,0.01665624532957026,0.024606851496077727,0.013522264506019704,0.020805477957422002,0.02747960348744428,0.02089261420569961
2023-12-19,8675660.813191961,8877000.50840533,8664112.893762924,8795660.957031248,17729400,0.0,15.770000457763672,4.421999931335449,0.0,6061.47998046875,19692.330078125,0.0,0.0,1.0,0.0,15.770000457763672,4.421999931335449,0.0,0.9510565162951535,0.30901699437494745,-2.4492935982947064e-16,1.0,0,30.0,8054859.174127925,0.0,0.0,0.0,60.0,60.0,-0.0030826356872815067,0.020464614320721036,0.010646035184061061,0.0205503229844684,0.008648220614443316,0.017068188660099112
2023-12-20,8752731.095577963,8911141.28577152,8731141.476590052,8768547.138671875,16369900,0.0,15.770000457763672,4.421999931335449,0.0,6061.47998046875,19692.330078125,0.0,0.0,1.0,0.0,15.770000457763672,4.421999931335449,0.0,0.5877852522924732,-0.8090169943749473,-2.4492935982947064e-16,1.0,0,30.0,8077073.946134823,0.0,0.0,0.0,60.0,60.0,0.013771122224164694,0.020613868029709694,0.011767130076836562,0.01712096636200738,0.015889844395644868,0.010106501835594877
2023-12-21,8861434.096699687,8947542.808532026,8766789.135003155,8889299.873046875,15289600,0.0,15.770000457763672,4.421999931335449,0.0,6061.47998046875,19692.330078125,0.0,0.0,1.0,0.0,15.770000457763672,4.421999931335449,0.0,-0.587785252292473,-0.8090169943749475,-2.4492935982947064e-16,1.0,0,30.0,8102355.882612444,0.0,0.0,0.0,60.0,60.0,-0.00197676980868371,0.016888394221019842,0.0020899413339292993,0.00996921456336387,0.010562444254995928,0.010421088300103423
2023-12-22,8926706.221991014,8967376.376273468,8817250.37566859,8871727.7734375,11772800,0.0,15.770000457763672,4.421999931335449,0.0,6061.47998046875,19692.330078125,0.0,0.0,1.0,0.0,15.770000457763672,4.421999931335449,0.0,-0.9510565162951536,0.30901699437494723,-2.4492935982947064e-16,1.0,0,30.0,8126303.913113585,0.0,0.0,0.0,60.0,60.0,0.00407476601705297,0.009988960438779386,0.012564050298985456,0.010441729195126802,0.013950538612099458,0.011573604333997777
2023-12-26,8911894.822127558,8961853.57060818,8873234.232855693,8907877.988281248,9898600,0.0,15.770000457763672,4.421999931335449,0.0,6061.47998046875,19692.330078125,0.0,0.0,1.0,0.0,15.770000457763672,4.421999931335449,0.0,0.9510565162951535,0.30901699437494745,-2.4492935982947064e-16,1.0,0,30.0,8150631.757702427,0.0,0.0,0.0,60.0,60.0,0.00845483281649198,0.010399354259789715,0.009835694441581814,0.011526635989377322,-0.0024518434901084954,0.02305327384726633
2023-12-27,8939008.963894062,9012565.372055968,8919929.193152849,8983192.607421875,13207900,0.0,15.770000457763672,4.421999931335449,0.0,6061.47998046875,19692.330078125,0.0,0.0,1.0,0.0,15.770000457763672,4.421999931335449,0.0,0.5877852522924732,-0.8090169943749473,-2.4492935982947064e-16,1.0,1,30.0,8176546.653815612,0.0,0.0,0.0,60.0,60.0,0.0013692845531150409,0.011429997273338287,-0.010815235300265708,0.022859996399522756,-0.032249983403522337,0.0367492751669024
2023-12-28,9030137.673783625,9085367.412069345,8982689.54506064,8995493.154296875,11798800,0.0,15.770000457763672,4.421999931335449,0.0,6061.47998046875,19692.330078125,0.0,0.0,1.0,0.0,15.770000457763672,4.421999931335449,0.0,-0.587785252292473,-0.8090169943749475,-2.4492935982947064e-16,1.0,1,30.0,8202037.779766803,0.0,0.0,0.0,60.0,60.0,-0.01216785859256546,0.02282873736208573,-0.033573296560260264,0.03669902376055267,-0.038652550119935875,0.013312178407394055
2023-12-29,9012313.561471708,9037669.490482483,8832313.7398206,8886037.265625,14987100,0.0,15.770000457763672,4.421999931335449,0.0,6061.47998046875,19692.330078125,0.0,0.0,1.0,0.0,15.770000457763672,4.421999931335449,0.0,-0.9510565162951536,0.30901699437494723,-2.4492935982947064e-16,1.0,1,30.0,8223328.446537239,0.0,0.0,0.0,60.0,60.0,-0.02166910456790458,0.03715107276046411,-0.02681092304775161,0.01347615434787053,-0.019324274203462652,0.013419594846332396
2024-01-02,8819761.085970627,8865953.525230937,8535827.708223507,8693484.794921875,19042200,0.0,15.770000457763672,4.421999931335449,0.0,6061.47998046875,19692.330078125,0.0,0.0,1.0,0.0,15.770000457763672,4.421999931335449,0.0,0.9510565162951535,0.30901699437494745,0.49999999999999994,0.8660254037844387,0,30.0,8237962.875875885,0.0,0.0,0.0,60.0,60.0,-0.005255704898878885,0.013774638428359734,0.002396766140566678,0.01371682618732532,0.01634474172599642,0.020907304303561546
2024-01-03,8660598.01442745,8735158.817534063,8615409.207801571,8647794.404296875,15451100,0.0,15.770000457763672,4.421999931335449,0.0,6061.47998046875,19692.330078125,0.0,0.0,1.0,0.0,15.770000457763672,4.421999931335449,0.0,0.5877852522924732,-0.8090169943749473,0.49999999999999994,0.8660254037844387,0,30.0,8250719.590879379,0.0,0.0,0.0,60.0,60.0,0.007692902665672134,0.013789298671907367,0.0217145720073514,0.02101776748710703,0.04119376663630793,0.02011793029023817
2024-01-04,8648547.021793095,8740178.78911676,8620931.769222662,8714321.044921875,12099900,0.0,15.770000457763672,4.421999931335449,0.0,6061.47998046875,19692.330078125,0.0,0.0,1.0,0.0,15.770000457763672,4.421999931335449,0.0,-0.587785252292473,-0.8090169943749475,0.49999999999999994,0.8660254037844387,0,30.0,8265149.9877968915,0.0,0.0,0.0,60.0,60.0,0.013914625482215302,0.020857314199105966,0.03324511255563597,0.01996434651570907,0.029701585362344823,0.01521096340307235
2024-01-05,8711058.003794149,8874489.44063566,8692732.108569844,8835577.55859375,13920700,0.0,15.770000457763672,4.421999931335449,0.0,6061.47998046875,19692.330078125,0.0,0.0,1.0,0.0,15.770000457763672,4.421999931335449,0.0,-0.9510565162951536,0.30901699437494723,0.49999999999999994,0.8660254037844387,0,30.0,8282905.53232229,0.0,0.0,0.0,60.0,60.0,0.01906520192883808,0.019690362495968606,0.015570304918544085,0.01500221322464705,0.05262096320011253,0.0393806332660447
2024-01-08,8904615.476149675,9012063.297002254,8838087.572012298,9004029.62890625,13890200,0.0,15.770000457763672,4.421999931335449,0.0,6061.47998046875,19692.330078125,0.0,0.0,1.0,0.0,15.770000457763672,4.421999931335449,0.0,0.0,1.0,0.49999999999999994,0.8660254037844387,0,30.0,8305351.766797506,0.0,0.0,0.0,60.0,60.0,-0.0034295126589339122,0.014721544015291245,0.03292798263326204,0.03864387989257891,0.030697591287019176,0.0274633516278987
2024-01-09,8947292.449916178,9053736.631484982,8921183.412988052,8973150.1953125,13463900,0.0,15.770000457763672,4.421999931335449,0.0,6061.47998046875,19692.330078125,0.0,0.0,1.0,0.0,15.770000457763672,4.421999931335449,0.0,0.9510565162951535,0.30901699437494745,0.49999999999999994,0.8660254037844387,0,30.0,8326138.147643238,0.0,0.0,0.0,60.0,60.0,0.036482612874881346,0.038776865644179405,0.03424454605013146,0.027557861663326223,0.04772960582992721,0.021039053995031348
2024-01-10,9041936.726079816,9362522.63925863,9014571.999729956,9300514.160156252,22117200,0.0,15.770000457763672,4.421999931335449,0.0,6061.47998046875,19692.330078125,0.0,0.0,1.0,0.0,15.770000457763672,4.421999931335449,0.0,0.5877852522924732,-0.8090169943749473,0.49999999999999994,0.8660254037844387,0,30.0,8356467.2859253995,0.0,0.0,0.0,60.0,60.0,-0.0021592902736131602,0.026587866811281342,0.010851115894602609,0.020298511266557125,-0.008124691526998585,0.022619849376251853
2024-01-11,9342188.843914954,9358506.705008313,9111225.873241642,9280431.650390625,17205400,0.0,15.770000457763672,4.421999931335449,0.0,6061.47998046875,19692.330078125,0.0,0.0,1.0,0.0,15.770000457763672,4.421999931335449,0.0,-0.587785252292473,-0.8090169943749475,0.49999999999999994,0.8660254037844387,0,30.0,8385227.274490164,0.0,0.0,0.0,60.0,60.0,0.013038560204447151,0.020342436491815497,-0.005978310160367349,0.022668797891052504,-0.003516907316199695,0.026861851815571436
2024-01-12,9292732.377784586,9465954.217135185,9277167.62567048,9401435.1171875,19310000,0.0,15.770000457763672,4.421999931335449,0.0,6061.47998046875,19692.330078125,0.0,0.0,1.0,0.0,15.770000457763672,4.421999931335449,0.0,-0.9510565162951536,0.30901699437494723,0.49999999999999994,0.8660254037844387,0,30.0,8416858.500822484,0.0,0.0,0.0,60.0,60.0,-0.01877210909027648,0.022377033591374433,-0.016342386332565358,0.026516119791284442,0.004379310831529922,0.01575474364377676
2024-01-16,9380348.126901,9429553.00439252,9219176.774968088,9224950.3515625,15306900,0.0,15.770000457763672,4.421999931335449,0.0,6061.47998046875,19692.330078125,0.0,0.0,1.0,0.0,15.770000457763672,4.421999931335449,0.0,0.9510565162951535,0.30901699437494745,0.49999999999999994,0.8660254037844387,0,30.0,8442011.757030599,0.0,0.0,0.0,60.0,60.0,0.0024762063738918583,0.027023406118940028,0.023594335359079614,0.01605615147075579,0.04351479635546311,0.017389601712747425
2024-01-17,9195826.459943885,9252061.356990281,9002771.77721295,9247793.232421875,12724800,0.0,15.770000457763672,4.421999931335449,0.0,6061.47998046875,19692.330078125,0.0,0.0,1.0,0.0,15.770000457763672,4.421999931335449,0.0,0.5877852522924732,-0.8090169943749473,0.49999999999999994,0.8660254037844387,0,30.0,8467093.09881088,0.0,0.0,0.0,60.0,60.0,0.02106596530762084,0.016016491332830052,0.04093722097406585,0.01734664783281814,0.03640373127150191,0.024947752242447083
2024-01-18,9326121.044272596,9460682.292513201,9312565.092358312,9442606.923828125,16354300,0.0,15.770000457763672,4.421999931335449,0.0,6061.47998046875,19692.330078125,0.0,0.0,1.0,0.0,15.770000457763672,4.421999931335449,0.0,-0.587785252292473,-0.8090169943749475,0.49999999999999994,0.8660254037844387,0,30.0,8497457.653474743,0.0,0.0,0.0,60.0,60.0,0.01946128491361311,0.016988763137935015,0.015021327206083304,0.024433046531847694,0.02411399587124703,0.01674957612049217
2024-01-19,9514656.26005162,9649216.730180984,9488798.517747443,9626372.1875,21670800,0.0,15.770000457763672,4.421999931335449,0.0,6061.47998046875,19692.330078125,0.0,0.0,1.0,0.0,15.770000457763672,4.421999931335449,0.0,-0.9510565162951536,0.30901699437494723,0.49999999999999994,0.8660254037844387,0,30.0,8532597.070467252,0.0,0.0,0.0,60.0,60.0,-0.004355199921011261,0.02396662521021394,0.004563891759781909,0.01642983050789564,0.01890736839270739,0.021749893666606988
2024-01-22,9739343.345419684,9799594.31551709,9568882.66116525,9584447.412109375,17680500,0.0,15.770000457763672,4.421999931335449,0.0,6061.47998046875,19692.330078125,0.0,0.0,1.0,0.0,15.770000457763672,4.421999931335449,0.0,0.0,1.0,0.49999999999999994,0.8660254037844387,0,30.0,8565337.731212301,0.0,0.0,0.0,60.0,60.0,0.00895810602343886,0.0165016987047913,0.023364324618451414,0.0218450331532706,0.029860138762503135,0.025747778432090775
2024-01-23,9655744.790568061,9750138.46528031,9591978.801833764,9670305.908203125,15506100,0.0,15.770000457763672,4.421999931335449,0.0,6061.47998046875,19692.330078125,0.0,0.0,1.0,0.0,15.770000457763672,4.421999931335449,0.0,0.9510565162951535,0.30901699437494745,0.49999999999999994,0.8660254037844387,0,30.0,8599731.776434032,0.0,0.0,0.0,60.0,60.0,0.014278311962615704,0.02165108047881933,0.020716452560596905,0.02551917495719355,0.023208818736824243,0.013499513244092744
2024-01-24,9790808.001151029,9945201.358711874,9735828.787238566,9808381.552734375,15698500,0.0,15.770000457763672,4.421999931335449,0.0,6061.47998046875,19692.330078125,0.0,0.0,1.0,0.0,15.770000457763672,4.421999931335449,0.0,0.5877852522924732,-0.8090169943749473,0.49999999999999994,0.8660254037844387,0,30.0,8637353.090720672,0.0,0.0,0.0,60.0,60.0,0.006347508885922523,0.02515993357662777,0.008804789246580774,0.013309476388163478,0.02641405311724431,0.025159933759270035
2024-01-25,9795075.910373116,9928631.988157451,9681853.759796433,9870640.341796875,15091100,0.0,15.770000457763672,4.421999931335449,0.0,6061.47998046875,19692.330078125,0.0,0.0,1.0,0.0,15.770000457763672,4.421999931335449,0.0,-0.587785252292473,-0.8090169943749475,0.49999999999999994,0.8660254037844387,0,30.0,8675741.289012875,0.0,0.0,0.0,60.0,60.0,0.002441781133217674,0.013225527236508728,0.01993997506242795,0.025001238177777527,0.017498428407729257,0.01726938962632317
2024-01-26,9900014.044563718,9961269.421931079,9830724.999248862,9894742.285156252,13163700,0.0,15.770000457763672,4.421999931335449,0.0,6061.47998046875,19692.330078125,0.0,0.0,1.0,0.0,15.770000457763672,4.421999931335449,0.0,-0.9510565162951536,0.30901699437494723,0.49999999999999994,0.8660254037844387,0,30.0,8713684.802916478,0.0,0.0,0.0,60.0,60.0,0.01745557124467549,0.024940339327750978,0.015019971790771415,0.017227324270942562,-0.010148616944717739,0.027655133102539343
2024-01-29,9916079.742467476,10115410.609858956,9868632.379706513,10067460.6640625,18742400,0.0,15.770000457763672,4.421999931335449,0.0,6061.47998046875,19692.330078125,0.0,0.0,1.0,0.0,15.770000457763672,4.421999931335449,0.0,0.0,1.0,0.49999999999999994,0.8660254037844387,0,30.0,8755823.417546218,0.0,0.0,0.0,60.0,60.0,-0.0023938140619983576,0.01693177054391476,-0.02713060792976388,0.0271806788267995,-0.015560251191849353,0.01857765886920636
2024-01-30,10131980.37328177,10201519.942090191,10031060.008166397,10043361.035156252,18614700,0.0,15.770000457763672,4.421999931335449,0.0,6061.47998046875,19692.330078125,0.0,0.0,1.0,0.0,15.770000457763672,4.421999931335449,0.0,0.9510565162951535,0.30901699437494745,0.49999999999999994,0.8660254037844387,0,30.0,8795900.252306616,0.0,0.0,0.0,60.0,60.0,-0.02479615124329516,0.02724590044641995,-0.01319803076147851,0.018622237042103616,0.18729681377575885,0.08236259516659186
2024-01-31,9765704.679416038,9991646.432924379,9718006.018013058,9794324.3359375,20180800,0.0,15.770000457763672,4.421999931335449,0.0,6061.47998046875,19692.330078125,0.0,0.0,1.0,0.0,15.770000457763672,4.421999931335449,0.0,0.5877852522924732,-0.8090169943749473,0.49999999999999994,0.8660254037844387,0,30.0,8826977.928386288,0.0,0.0,0.0,60.0,60.0,0.011893021645272613,0.01909573784583116,0.21748577519403048,0.08445679872120745,0.1775513988185353,0.03250112751867009
2024-02-01,9889720.644370392,10054406.99985645,9867377.149960343,9910808.447265625,29727100,0.0,15.770000457763672,4.421999931335449,0.0,6061.47998046875,19692.330078125,0.0,0.0,1.0,0.0,15.770000457763672,4.421999931335449,0.0,-0.587785252292473,-0.8090169943749475,0.8660254037844386,0.5000000000000001,0,30.0,8860714.027448023,0.0,0.0,0.0,60.0,60.0,0.20317637255218673,0.0834641576872288,0.16371135449072757,0.032119133963218124,0.15183138642181496,0.035766743289142325
2024-02-02,11538090.615149304,12199848.438389702,11372651.159339204,11924450.556640625,84707600,0.0,15.770000457763672,4.421999931335449,0.0,6061.47998046875,19692.330078125,0.0,0.0,1.0,0.0,15.770000457763672,4.421999931335449,0.0,-0.9510565162951536,0.30901699437494723,0.8660254037844386,0.5000000000000001,0,30.0,8956078.12473767,0.0,0.0,0.0,60.0,60.0,-0.0328006923687719,0.02669528316541554,-0.04267452993733447,0.029726932896191802,-0.011368612939162241,0.032295410837765624
2024-02-05,11796165.878283804,11846876.964582372,11528550.380380854,11533320.322265625,40832400,0.0,15.770000457763672,4.421999931335449,0.0,6061.47998046875,19692.330078125,0.0,0.0,1.0,0.0,15.770000457763672,4.421999931335449,0.0,0.0,1.0,0.8660254037844386,0.5000000000000001,0,30.0,9036299.244707413,0.0,0.0,0.0,60.0,60.0,-0.010208689657506707,0.030735064284729646,0.02215890691867745,0.03339064718404364,0.023051377104507508,0.012102474806419428
2024-02-06,11648551.228295606,11726877.570870154,11372400.22934894,11415580.234375,21655200,0.0,15.770000457763672,4.421999931335449,0.0,6061.47998046875,19692.330078125,0.0,0.0,1.0,0.0,15.770000457763672,4.421999931335449,0.0,0.9510565162951535,0.30901699437494745,0.8660254037844386,0.5000000000000001,0,30.0,9110358.479767637,0.0,0.0,0.0,60.0,60.0,0.032701435381347344,0.03373503771465685,0.03360311048851841,0.01222729951249184,0.029446632890231632,0.013458820712747198
2024-02-07,11497923.450337855,11837337.85804224,11452232.828300908,11788886.09375,23066000,0.0,15.770000457763672,4.421999931335449,0.0,6061.47998046875,19692.330078125,0.0,0.0,1.0,0.0,15.770000457763672,4.421999931335449,0.0,0.5877852522924732,-0.8090169943749473,0.8660254037844386,0.5000000000000001,0,30.0,9193732.283467442,0.0,0.0,0.0,60.0,60.0,0.0008731227402991889,0.011840110891272891,-0.0031517361936403265,0.01303263484646677,-0.0014693617814373922,0.026768047769766067
2024-02-08,11757003.632535415,11813990.88198487,11674409.163350286,11799179.23828125,18815100,0.0,15.770000457763672,4.421999931335449,0.0,6061.47998046875,19692.330078125,0.0,0.0,1.0,0.0,15.770000457763672,4.421999931335449,0.0,-0.587785252292473,-0.8090169943749475,0.8660254037844386,0.5000000000000001,0,30.0,9274831.325279422,0.0,0.0,0.0,60.0,60.0,-0.004021347803725431,0.01302126568329121,-0.0023404410294514378,0.02674469636718548,-0.021021273134535442,0.02723408189709803
2024-02-09,11873237.745595109,11889304.314033585,11735664.06632715,11751730.634765625,18413100,0.0,15.770000457763672,4.421999931335449,0.0,6061.47998046875,19692.330078125,0.0,0.0,1.0,0.0,15.770000457763672,4.421999931335449,0.0,-0.9510565162951536,0.30901699437494723,0.8660254037844386,0.5000000000000001,0,30.0,9351929.099345768,0.0,0.0,0.0,60.0,60.0,0.0016876935771337608,0.026852680334271847,-0.01706856396301543,0.027344041799533564,0.011044519384481583,0.01713270359768122
2024-02-12,11753739.877599344,12028886.480371628,11713321.014261797,11771563.955078125,19382000,0.0,15.770000457763672,4.421999931335449,0.0,6061.47998046875,19692.330078125,0.0,0.0,1.0,0.0,15.770000457763672,4.421999931335449,0.0,0.0,1.0,0.8660254037844386,0.5000000000000001,0,30.0,9427244.418267233,0.0,0.0,0.0,60.0,60.0,-0.018724656058385417,0.027297971188889294,0.009341060958764101,0.017103837560885377,0.03226702841877005,0.034975462281892786
2024-02-13,11469555.39839482,11746208.988816408,11424869.175122518,11551145.46875,20916600,0.0,15.770000457763672,4.421999931335449,0.0,6061.47998046875,19692.330078125,0.0,0.0,1.0,0.0,15.770000457763672,4.421999931335449,0.0,0.9510565162951535,0.30901699437494745,0.8660254037844386,0.5000000000000001,0,30.0,9493354.511116896,0.0,0.0,0.0,60.0,60.0,0.028601265883655396,0.017430212291060117,0.051964705718917405,0.03564286262549139,0.028688157800529822,0.021190123771135966
2024-02-14,11747212.887188613,11902359.36367013,11701020.4459449,11881522.8515625,16858400,0.0,15.770000457763672,4.421999931335449,0.0,6061.47998046875,19692.330078125,0.0,0.0,1.0,0.0,15.770000457763672,4.421999931335449,0.0,0.5877852522924732,-0.8090169943749473,0.8660254037844386,0.5000000000000001,0,30.0,9567690.380338108,0.0,0.0,0.0,60.0,60.0,0.02271379650227325,0.03465177791208643,8.447580200066749e-05,0.02060091162043424,-0.0032329363425159375,0.020326220000759364
2024-02-15,11931731.771314492,12266627.534954531,11854911.643844808,12151397.34375,24212300,0.0,15.770000457763672,4.421999931335449,0.0,6061.47998046875,19692.330078125,0.0,0.0,1.0,0.0,15.770000457763672,4.421999931335449,0.0,-0.587785252292473,-0.8090169943749475,0.8660254037844386,0.5000000000000001,0,30.0,9648112.727324873,0.0,0.0,0.0,60.0,60.0,-0.02212673846550801,0.020143379008761078,-0.02537047308203739,0.019874788108145153,-0.03202993497674258,0.014911556771556898
2024-02-16,12002777.208139142,12024116.302068658,11779346.09988745,11882526.552734375,23324600,0.0,15.770000457763672,4.421999931335449,0.0,6061.47998046875,19692.330078125,0.0,0.0,1.0,0.0,15.770000457763672,4.421999931335449,0.0,-0.9510565162951536,0.30901699437494723,0.8660254037844386,0.5000000000000001,0,30.0,9717662.721393012,0.0,0.0,0.0,60.0,60.0,-0.003317131927136718,0.020324503072062086,-0.010127280191396519,0.015248966668909097,0.02815377660316627,0.029461614041106997
2024-02-20,11792148.27007131,11954323.985100916,11712817.537676007,11843110.64453125,18015500,0.0,15.770000457763672,4.421999931335449,0.0,6061.47998046875,19692.330078125,0.0,0.0,1.0,0.0,15.770000457763672,4.421999931335449,0.0,0.9510565162951535,0.30901699437494745,0.8660254037844386,0.5000000000000001,0,30.0,9783820.96332893,0.0,0.0,0.0,60.0,60.0,-0.006832813608432507,0.015299717851470393,0.031575649124132715,0.02955966735745395,0.02711954280711377,0.025485371620533923
2024-02-21,11723738.062538376,11786566.240794212,11605369.989449138,11762188.876953125,12921800,0.0,15.770000457763672,4.421999931335449,0.0,6061.47998046875,19692.330078125,0.0,0.0,1.0,0.0,15.770000457763672,4.421999931335449,0.0,0.5877852522924732,-0.8090169943749473,0.8660254037844386,0.5000000000000001,0,30.0,9845401.085637715,0.0,0.0,0.0,60.0,60.0,0.03867270612525276,0.02976303261171147,0.034185942589287456,0.025660706444731476,0.02929304450643026,0.011836867142833786
2024-02-22,12069041.00061517,12314070.885982627,11963992.474852761,12217064.55078125,21625800,0.0,15.770000457763672,4.421999931335449,0.0,6061.47998046875,19692.330078125,0.0,0.0,1.0,0.0,15.770000457763672,4.421999931335449,0.0,-0.587785252292473,-0.8090169943749475,0.8660254037844386,0.5000000000000001,0,30.0,9919223.21207489,0.0,0.0,0.0,60.0,60.0,-0.0043197087104590295,0.024705286172829376,-0.00903043043637214,0.01139614728781213,0.0018925484614281953,0.015119363423645818
2024-02-23,12265317.834900668,12423896.110752262,12122070.034833282,12164290.390625,18374300,0.0,15.770000457763672,4.421999931335449,0.0,6061.47998046875,19692.330078125,0.0,0.0,1.0,0.0,15.770000457763672,4.421999931335449,0.0,-0.9510565162951536,0.30901699437494723,0.8660254037844386,0.5000000000000001,0,30.0,9989104.810181327,0.0,0.0,0.0,60.0,60.0,-0.004731158954459255,0.011445588897870595,0.00623920873621141,0.015184958019068745,-2.0739014157326288e-05,0.017147671269357467
2024-02-26,12150216.57757189,12217317.413880425,12078089.946835013,12106739.199218752,12101400,0.0,15.770000457763672,4.421999931335449,0.0,6061.47998046875,19692.330078125,0.0,0.0,1.0,0.0,15.770000457763672,4.421999931335449,0.0,0.0,1.0,0.8660254037844386,0.5000000000000001,0,30.0,10055019.842357181,0.0,0.0,0.0,60.0,60.0,0.011022516970536498,0.015257141982980981,0.00473281162439847,0.01722918528358996,0.017416027976166728,0.018869154969810353
2024-02-27,12062508.42419334,12245714.848115694,12061000.609202292,12240185.9375,10809600,0.0,15.770000457763672,4.421999931335449,0.0,6061.47998046875,19692.330078125,0.0,0.0,1.0,0.0,15.770000457763672,4.421999931335449,0.0,0.9510565162951535,0.30901699437494745,0.8660254037844386,0.5000000000000001,0,30.0,10123036.915661508,0.0,0.0,0.0,60.0,60.0,-0.006221132804227468,0.017041346749839065,0.006323806738536319,0.018663436919635137,0.03131088583213158,0.025459384830738226
2024-02-28,12188667.038133482,12340710.928428879,12132121.675585438,12164038.115234375,12715500,0.0,15.770000457763672,4.421999931335449,0.0,6061.47998046875,19692.330078125,0.0,0.0,1.0,0.0,15.770000457763672,4.421999931335449,0.0,0.5877852522924732,-0.8090169943749473,0.8660254037844386,0.5000000000000001,0,30.0,10186566.607301034,0.0,0.0,0.0,60.0,60.0,0.012623471837515396,0.01878027148262801,0.03776697198468934,0.025618762554872054,0.029275660004273465,0.01652824271800311
2024-02-29,12275118.596639825,12357046.789046735,12128602.850917598,12317590.5078125,17732000,0.0,15.770000457763672,4.421999931335449,0.0,6061.47998046875,19692.330078125,0.0,0.0,1.0,0.0,15.770000457763672,4.421999931335449,0.0,-0.587785252292473,-0.8090169943749475,0.8660254037844386,0.5000000000000001,0,30.0,10252898.411174685,0.0,0.0,0.0,60.0,60.0,0.024830058601691636,0.025299396337696997,0.016444600219014147,0.01632219988739824,0.00018357654459212687,0.01568965689516849
2024-03-01,12367349.291431703,12672443.286736561,12360815.682553958,12623437.001953125,16273600,0.0,15.770000457763672,4.421999931335449,0.0,6061.47998046875,19692.330078125,0.0,0.0,1.0,0.0,15.770000457763672,4.421999931335449,0.0,-0.9510565162951536,0.30901699437494723,1.0,6.123233995736766e-17,0,30.0,10326685.523952113,0.0,0.0,0.0,60.0,60.0,-0.00818229160268665,0.01592673804832455,-0.024049335643733846,0.015309520601470181,-0.012363001787437409,0.017280497438163844
2024-03-04,12641029.715377137,12676716.458789114,12475666.28438948,12520148.359375,12324100,0.0,15.770000457763672,4.421999931335449,0.0,6061.47998046875,19692.330078125,0.0,0.0,1.0,0.0,15.770000457763672,4.421999931335449,0.0,0.0,1.0,1.0,6.123233995736766e-17,0,30.0,10394960.847644396,0.0,0.0,0.0,60.0,60.0,-0.015997943882940836,0.015435820989936714,-0.0042152001818019594,0.017423057979159846,0.028101786421148578,0.03707415174938212
2024-03-05,12439979.173492948,12454554.973250302,12261296.20440754,12319851.728515625,15325300,0.0,15.770000457763672,4.421999931335449,0.0,6061.47998046875,19692.330078125,0.0,0.0,1.0,0.0,15.770000457763672,4.421999931335449,0.0,0.9510565162951535,0.30901699437494745,1.0,6.123233995736766e-17,0,30.0,10454876.404836169,0.0,0.0,0.0,60.0,60.0,0.011974308008699091,0.017706322736674402,0.04481670544278132,0.03767690475737349,0.03208781150856896,0.049406398757792194
2024-03-06,12506075.803821728,12640276.712807344,12422137.44203427,12467373.427734375,11757900,0.0,15.770000457763672,4.421999931335449,0.0,6061.47998046875,19692.330078125,0.0,0.0,1.0,0.0,15.770000457763672,4.421999931335449,0.0,0.5877852522924732,-0.8090169943749473,1.0,6.123233995736766e-17,0,30.0,10517518.854687223,0.0,0.0,0.0,60.0,60.0,0.03245378580678345,0.03723108823929709,0.019875508044713098,0.048821791587783554,-0.025197148978161898,0.04297608321271748
2024-03-07,12648067.158061935,13064491.772523567,12600317.89232332,12871986.89453125,18586400,0.0,15.770000457763672,4.421999931335449,0.0,6061.47998046875,19692.330078125,0.0,0.0,1.0,0.0,15.770000457763672,4.421999931335449,0.0,-0.587785252292473,-0.8090169943749475,1.0,6.123233995736766e-17,0,30.0,10590805.743777594,0.0,0.0,0.0,60.0,60.0,-0.012182896643883575,0.047287144721575185,-0.05583875576561092,0.04162518826848503,-0.024287937537032428,0.03432317149874254
2024-03-08,12922250.267796027,13157981.748441966,12549302.241306048,12715168.808593752,18597100,0.0,15.770000457763672,4.421999931335449,0.0,6061.47998046875,19692.330078125,0.0,0.0,1.0,0.0,15.770000457763672,4.421999931335449,0.0,-0.9510565162951536,0.30901699437494723,1.0,6.123233995736766e-17,0,30.0,10656930.217622299,0.0,0.0,0.0,60.0,60.0,-0.044194273386648414,0.04213855796489363,-0.01225433417990221,0.03474648432602482,-0.020515993935964694,0.019665996070970703
2024-03-11,12490493.1539226,12498283.78652007,11962484.908645734,12153231.162109375,20428300,0.0,15.770000457763672,4.421999931335449,0.0,6061.47998046875,19692.330078125,0.0,0.0,1.0,0.0,15.770000457763672,4.421999931335449,0.0,0.0,1.0,1.0,6.123233995736766e-17,0,30.0,10703505.17192565,0.0,0.0,0.0,60.0,60.0,0.033416769033093215,0.0363530823875056,0.024773109002581024,0.020575306804921575,0.017039368061382912,0.027275180680275343
2024-03-12,12396251.174912708,12623688.874281121,12181881.460570559,12559352.880859375,15448200,0.0,15.770000457763672,4.421999931335449,0.0,6061.47998046875,19692.330078125,0.0,0.0,1.0,0.0,15.770000457763672,4.421999931335449,0.0,0.9510565162951535,0.30901699437494745,1.0,6.123233995736766e-17,0,30.0,10761271.641001295,-0.0772,1.0,0.0,60.0,60.0,-0.00836415693021853,0.019909979614684083,-0.015847818094759256,0.026393205043300304,-0.03131564827222516,0.021070532767223864
2024-03-13,12449781.037589349,12590264.754155686,12340208.294324152,12454304.482421875,12090700,0.0,15.770000457763672,4.421999931335449,0.0,6061.47998046875,19692.330078125,0.0,0.0,1.0,0.0,15.770000457763672,4.421999931335449,0.0,0.5877852522924732,-0.8090169943749473,1.0,6.123233995736766e-17,0,30.0,10813970.21578584,0.0,0.0,0.0,60.0,60.0,-0.0075467836472850255,0.026615823971827744,-0.023145080426859414,0.021248256519244363,0.0028451430100944037,0.021409720001636805
2024-03-14,12572171.770348405,12599564.767832719,12268083.192037033,12360314.541015625,12620000,0.0,15.770000457763672,4.421999931335449,0.0,6061.47998046875,19692.330078125,0.0,0.0,1.0,0.0,15.770000457763672,4.421999931335449,0.0,-0.587785252292473,-0.8090169943749475,1.0,6.123233995736766e-17,0,30.0,10862102.85684991,0.0,0.0,0.0,60.0,60.0,-0.015716908890575653,0.021409831888431097,0.010470948641357588,0.02157252316670195,0.00896640514469629,0.031209980618245994
2024-03-15,12289443.237772023,12360312.84003978,12095680.583628505,12166048.603515625,29153600,0.0,15.770000457763672,4.421999931335449,0.0,6061.47998046875,19692.330078125,0.0,0.0,1.0,0.0,15.770000457763672,4.421999931335449,0.0,-0.9510565162951536,0.30901699437494723,1.0,6.123233995736766e-17,0,30.0,10902690.42300013,0.0,0.0,0.0,60.0,60.0,0.026606021954939683,0.021916990509698493,0.025077454096514455,0.031708337672516546,0.04424704573585371,0.02691592425013774
2024-03-18,12362323.037624374,12500796.579849608,12234153.408065826,12489738.759765625,11755300,0.0,15.770000457763672,4.421999931335449,0.0,6061.47998046875,19692.330078125,0.0,0.0,1.0,0.0,15.770000457763672,4.421999931335449,0.0,0.0,1.0,1.0,6.123233995736766e-17,0,30.0,10952090.046808697,0.0,0.0,0.0,60.0,60.0,-0.0014889527488981772,0.030886568941155407,0.017183830411710104,0.026218358040489994,0.021691147652411806,0.018169683431428118
2024-03-19,12268333.347443357,12480943.693086362,12095178.51582584,12471142.128906252,10903100,0.0,15.770000457763672,4.421999931335449,0.0,6061.47998046875,19692.330078125,0.0,0.0,1.0,0.0,15.770000457763672,4.421999931335449,0.0,0.9510565162951535,0.30901699437494745,1.0,6.123233995736766e-17,0,30.0,10999373.169611482,0.0,0.0,0.0,60.0,60.0,0.018700627511347424,0.02625745414902425,0.023214665941979046,0.018196777573417144,0.026882128849474943,0.011345326645153959
2024-03-20,12553070.331551472,12771712.704164522,12444252.261528801,12704360.3125,11711100,0.0,15.770000457763672,4.421999931335449,0.0,6061.47998046875,19692.330078125,0.0,0.0,1.0,0.0,15.770000457763672,4.421999931335449,0.0,0.5877852522924732,-0.8090169943749473,1.0,6.123233995736766e-17,0,30.0,11052443.842700616,0.0,0.0,0.0,60.0,60.0,0.004431172720153584,0.017862733252527078,0.00803131078667799,0.011137056696303627,-0.004945339356052288,0.013807587402064352
2024-03-21,12935318.182887847,12943610.398643417,12716675.799237238,12760655.527343752,9712500,0.0,15.770000457763672,4.421999931335449,0.0,6061.47998046875,19692.330078125,0.0,0.0,1.0,0.0,15.770000457763672,4.421999931335449,0.0,-0.587785252292473,-0.8090169943749475,1.0,6.123233995736766e-17,0,30.0,11105614.885227745,0.0,0.0,0.0,60.0,60.0,0.0035842556108395952,0.011087924189113696,-0.009335146430006588,0.013746673517381274,-0.02337725449587249,0.029127948384706545
2024-03-22,12741554.635577599,12816194.542523006,12674705.361432424,12806392.978515625,8120600,0.0,15.770000457763672,4.421999931335449,0.0,6061.47998046875,19692.330078125,0.0,0.0,1.0,0.0,15.770000457763672,4.421999931335449,0.0,-0.9510565162951536,0.30901699437494723,1.0,6.123233995736766e-17,0,30.0,11158554.544369765,0.0,0.0,0.0,60.0,60.0,-0.012873260982938284,0.013697577896949222,-0.026865218297293582,0.02902391923932444,-0.030848849547030398,0.023195589916997324
2024-03-25,12711147.058001151,12747084.59509488,12571668.029692719,12641532.939453125,8380600,0.0,15.770000457763672,4.421999931335449,0.0,6061.47998046875,19692.330078125,0.0,0.0,1.0,0.0,15.770000457763672,4.421999931335449,0.0,0.0,1.0,1.0,6.123233995736766e-17,0,30.0,11204714.811285552,0.0,0.0,0.0,60.0,60.0,-0.014174428430829342,0.02940242432114159,-0.01821001078543514,0.023498086922551092,-0.03467066097391616,0.015387102687806426
2024-03-26,12694559.135864079,12816948.30381867,12445256.58826318,12462346.435546875,11205400,0.0,15.770000457763672,4.421999931335449,0.0,6061.47998046875,19692.330078125,0.0,0.0,1.0,0.0,15.770000457763672,4.421999931335449,0.0,0.9510565162951535,0.30901699437494745,1.0,6.123233995736766e-17,1,30.0,11243860.770289475,0.0,0.0,0.0,60.0,60.0,-0.004093606892527885,0.023835947859567514,-0.020790932122466958,0.015608342014616515,-0.009155225807050546,0.0315594066874118
2024-03-27,12548044.678861575,12562872.805288889,12265820.965443326,12411330.48828125,9989700,0.0,15.770000457763672,4.421999931335449,0.0,6061.47998046875,19692.330078125,0.0,0.0,1.0,0.0,15.770000457763672,4.421999931335449,0.0,0.5877852522924732,-0.8090169943749473,1.0,6.123233995736766e-17,1,30.0,11280200.284052633,0.0,0.0,0.0,60.0,60.0,-0.01676595847310441,0.015672499064811364,-0.005082424361921375,0.031689129526459525,0.007107276052024671,0.026080275771379793
2024-03-28,12385695.915611628,12386952.939370353,12192436.3738997,12203242.636718752,15212800,0.0,15.770000457763672,4.421999931335449,0.0,6061.47998046875,19692.330078125,0.0,0.0,1.0,0.0,15.770000457763672,4.421999931335449,0.0,-0.587785252292473,-0.8090169943749475,1.0,6.123233995736766e-17,1,30.0,11308931.573405806,0.0,0.0,0.0,60.0,60.0,0.011882759971409557,0.03222948778019164,0.024280317316979355,0.026524992697444544,0.04357684224820589,0.017484227355747534
2024-04-01,12243956.212834397,12501048.63848955,12107744.37905071,12348250.839843752,9247000,0.0,15.770000457763672,4.421999931335449,0.0,6061.47998046875,19692.330078125,0.0,0.0,1.0,0.0,15.770000457763672,4.421999931335449,0.0,0.0,1.0,0.8660254037844387,-0.4999999999999998,0,30.0,11341282.182766369,0.0,0.0,0.0,60.0,60.0,0.012251970125392876,0.026213503922325944,0.0313218917552186,0.017278906260090394,0.03982910231356876,0.03952378963196501
2024-04-02,12191180.793888032,12503562.335983533,12179871.414159425,12499541.240234375,11081000,0.0,15.770000457763672,4.421999931335449,0.0,6061.47998046875,19692.330078125,0.0,0.0,1.0,0.0,15.770000457763672,4.421999931335449,0.0,0.9510565162951535,0.30901699437494745,0.8660254037844387,-0.4999999999999998,0,30.0,11377334.998793634,0.0,0.0,0.0,60.0,60.0,0.018839105472388887,0.017069767972839774,0.027243347508387424,0.039045406478259555,0.060256931007693706,0.03275235321201108
2024-04-03,12538746.229362763,12747587.05289197,12534222.784154227,12735021.416015625,12099200,0.0,15.770000457763672,4.421999931335449,0.0,6061.47998046875,19692.330078125,0.0,0.0,1.0,0.0,15.770000457763672,4.421999931335449,0.0,0.5877852522924732,-0.8090169943749473,0.8660254037844387,-0.4999999999999998,0,30.0,11419595.33624338,0.0,0.0,0.0,60.0,60.0,0.008248841245744954,0.03832342738764036,0.04065197862237657,0.03214673743488214,0.02468739790419519,0.02486477842428642
2024-04-04,12978291.823154286,13319574.946557505,12831525.278040785,12840070.5859375,26476300,0.0,15.770000457763672,4.421999931335449,0.0,6061.47998046875,19692.330078125,0.0,0.0,1.0,0.0,15.770000457763672,4.421999931335449,0.0,-0.587785252292473,-0.8090169943749475,0.8660254037844387,-0.4999999999999998,0,30.0,11463810.084678378,0.0,0.0,0.0,60.0,60.0,0.03213803582119253,0.031883733578273336,0.016304066998122733,0.02466135085616827,0.011704387078260532,0.037442269202267446
2024-04-05,12989348.469056593,13337165.937504077,12927776.547815822,13252725.234375,19263300,0.0,15.770000457763672,4.421999931335449,0.0,6061.47998046875,19692.330078125,0.0,0.0,1.0,0.0,15.770000457763672,4.421999931335449,0.0,-0.9510565162951536,0.30901699437494723,0.8660254037844387,-0.4999999999999998,0,30.0,11519493.16210787,0.0,0.0,0.0,60.0,60.0,-0.015340941108203552,0.02389346192105704,-0.01979739921770689,0.03627641643152655,-0.014241292576598175,0.03178216920880615
2024-04-08,13301483.408848548,13357022.550923133,13040369.065185362,13049415.95703125,13260600,0.0,15.770000457763672,4.421999931335449,0.0,6061.47998046875,19692.330078125,0.0,0.0,1.0,0.0,15.770000457763672,4.421999931335449,0.0,0.0,1.0,0.8660254037844387,-0.4999999999999998,0,30.0,11567114.654645015,0.0,0.0,0.0,60.0,60.0,-0.004525889513999846,0.03684160126689389,0.0011167810032063261,0.03227733388709795,0.007529906260157594,0.012652877137582196
2024-04-09,13124304.324060952,13215782.526724178,12735021.14726939,12990355.7421875,10863800,0.0,15.770000457763672,4.421999931335449,0.0,6061.47998046875,19692.330078125,0.0,0.0,1.0,0.0,15.770000457763672,4.421999931335449,0.0,0.9510565162951535,0.30901699437494745,0.8660254037844387,-0.4999999999999998,0,30.0,11611415.494565735,0.0,0.0,0.0,60.0,60.0,0.00566832472865755,0.03242408169845807,0.01211060704358417,0.012710403017316983,-0.009673163270129822,0.02100989507864127
2024-04-10,12799105.48044846,13132597.177243445,12711396.821366724,13063989.296875,11418500,0.0,15.770000457763672,4.421999931335449,0.0,6061.47998046875,19692.330078125,0.0,0.0,1.0,0.0,15.770000457763672,4.421999931335449,0.0,0.5877852522924732,-0.8090169943749473,0.8660254037844387,-0.4999999999999998,0,30.0,11656629.365955753,0.0,0.0,0.0,60.0,60.0,0.006405971190019167,0.012638762407821103,-0.015255017605259373,0.0208914754119456,-0.037704499037887806,0.04087881237283857
2024-04-11,13096158.030212421,13165269.034790058,13000156.377968537,13147676.8359375,10369500,0.0,15.770000457763672,4.421999931335449,0.0,6061.47998046875,19692.330078125,0.0,0.0,1.0,0.0,15.770000457763672,4.421999931335449,0.0,-0.587785252292473,-0.8090169943749475,0.8660254037844387,-0.4999999999999998,0,30.0,11703040.79678081,0.0,0.0,0.0,60.0,60.0,-0.02152311235759623,0.020758497077717642,-0.04382969844241762,0.040618610722769906,-0.044728181794070336,0.01464179902909597
2024-04-12,13011716.003908206,13073036.368594678,12800110.357417094,12864697.910156252,11984500,0.0,15.770000457763672,4.421999931335449,0.0,6061.47998046875,19692.330078125,0.0,0.0,1.0,0.0,15.770000457763672,4.421999931335449,0.0,-0.9510565162951536,0.30901699437494723,0.8660254037844387,-0.4999999999999998,0,30.0,11739199.38317412,0.0,0.0,0.0,60.0,60.0,-0.022797253942878612,0.04151207988227359,-0.023715500825354886,0.014963868042274078,-0.034635634335764984,0.03129515371614696
2024-04-15,12985831.842512693,13031320.92336155,12497280.556053825,12571418.125,13512900,0.0,15.770000457763672,4.421999931335449,0.0,6061.47998046875,19692.330078125,0.0,0.0,1.0,0.0,15.770000457763672,4.421999931335449,0.0,0.0,1.0,0.8660254037844387,-0.4999999999999998,0,30.0,11765103.630587544,0.0,0.0,0.0,60.0,60.0,-0.0009396687495826968,0.01531296151453854,-0.012114559072467411,0.03202524127405351,0.003138427346029826,0.026327913271042547
2024-04-16,12518137.942519719,12685512.311618403,12493006.669687105,12559605.15625,9847900,0.0,15.770000457763672,4.421999931335449,0.0,6061.47998046875,19692.330078125,0.0,0.0,1.0,0.0,15.770000457763672,4.421999931335449,0.0,0.9510565162951535,0.30901699437494745,0.8660254037844387,-0.4999999999999998,0,30.0,11789833.864427207,0.0,0.0,0.0,60.0,60.0,-0.011185400894556883,0.03205536269663608,0.0040819317593246895,0.026352676057201378,-0.03739795938424766,0.054165951975325866
2024-04-17,12643543.010871587,12645050.82582572,12242448.127215585,12419120.9375,12193700,0.0,15.770000457763672,4.421999931335449,0.0,6061.47998046875,19692.330078125,0.0,0.0,1.0,0.0,15.770000457763672,4.421999931335449,0.0,0.5877852522924732,-0.8090169943749473,0.8660254037844387,-0.4999999999999998,0,30.0,11809421.512740897,0.0,0.0,0.0,60.0,60.0,0.015440035642367702,0.026650775667189795,-0.026509073099653516,0.05477867339775172,-0.025173540362546293,0.03765913576022996
2024-04-18,12561113.177242512,12872490.020878468,12541510.814789455,12610872.607421875,14808700,0.0,15.770000457763672,4.421999931335449,0.0,6061.47998046875,19692.330078125,0.0,0.0,1.0,0.0,15.770000457763672,4.421999931335449,0.0,-0.587785252292473,-0.8090169943749475,0.8660254037844387,-0.4999999999999998,0,30.0,11834368.063933467,0.0,0.0,0.0,60.0,60.0,-0.04131126139367176,0.05394574910875827,-0.0399960357868122,0.03708651859132852,-0.011359061362410756,0.019509782539897876
2024-04-19,12636003.618151585,12636003.618151585,11955700.648429092,12089901.552734375,25215400,0.0,15.770000457763672,4.421999931335449,0.0,6061.47998046875,19692.330078125,0.0,0.0,1.0,0.0,15.770000457763672,4.421999931335449,0.0,-0.9510565162951536,0.30901699437494723,0.8660254037844387,-0.4999999999999998,0,30.0,11842321.98564135,0.0,0.0,0.0,60.0,60.0,0.001371900549047375,0.038684629429612566,0.03124288293487553,0.020350486820424923,0.025838236723325393,0.052840570926424
2024-04-22,12307286.309166918,12364837.135644373,11897143.774236346,12106487.6953125,17271100,0.0,15.770000457763672,4.421999931335449,0.0,6061.47998046875,19692.330078125,0.0,0.0,1.0,0.0,15.770000457763672,4.421999931335449,0.0,0.0,1.0,0.8660254037844387,-0.4999999999999998,0,30.0,11850544.600150667,0.0,0.0,0.0,60.0,60.0,0.029830058512177186,0.020322606225785692,0.024432816779523414,0.052768178233732914,-0.08376060859801458,0.06491185687181339
2024-04-23,12345738.10182635,12534474.211156761,12288438.828947606,12467624.931640625,15079200,0.0,15.770000457763672,4.421999931335449,0.0,6061.47998046875,19692.330078125,0.0,0.0,1.0,0.0,15.770000457763672,4.421999931335449,0.0,0.9510565162951535,0.30901699437494745,0.8660254037844387,-0.4999999999999998,0,30.0,11869752.292524673,0.0,0.0,0.0,60.0,60.0,-0.005240905223189261,0.05123969512986298,-0.11030039973226187,0.0630316199602809,-0.10645034917401104,0.02918768416021906
2024-04-24,12768194.566472922,12816949.297706116,12178111.997215372,12402283.291015625,37772700,0.0,15.770000457763672,4.421999931335449,0.0,6061.47998046875,19692.330078125,0.0,0.0,1.0,0.0,15.770000457763672,4.421999931335449,0.0,0.5877852522924732,-0.8090169943749473,0.8660254037844387,-0.4999999999999998,0,30.0,11886328.240706231,0.0,0.0,0.0,60.0,60.0,-0.10561300224417078,0.06336370312293851,-0.10174266762901991,0.029341459971037265,-0.1233637667284093,0.022695059462307387
2024-04-25,10590317.829123676,11202766.802838199,10416912.206339704,11092440.91796875,82890700,0.0,15.770000457763672,4.421999931335449,0.0,6061.47998046875,19692.330078125,0.0,0.0,1.0,0.0,15.770000457763672,4.421999931335449,0.0,-0.587785252292473,-0.8090169943749475,0.8660254037844387,-0.4999999999999998,0,30.0,11861617.12499469,0.0,0.0,0.0,60.0,60.0,0.0043273601079423145,0.0328062237539902,-0.01984684988576337,0.02537498814188175,-0.02539760259562302,0.022429638246793386
2024-04-26,11094451.246532684,11219605.258593677,10855704.159860877,11140441.904296875,32691400,0.0,15.770000457763672,4.421999931335449,0.0,6061.47998046875,19692.330078125,0.0,0.0,1.0,0.0,15.770000457763672,4.421999931335449,0.0,-0.9510565162951536,0.30901699437494723,0.8660254037844387,-0.4999999999999998,0,30.0,11839169.299193026,0.0,0.0,0.0,60.0,60.0,-0.024070050218593573,0.02526565455625397,-0.029596886318391823,0.02233299533369549,-0.009249135178852971,0.051546399468068105
2024-04-29,11046701.999456942,11051728.56069909,10770258.00394111,10872290.908203125,21502600,0.0,15.770000457763672,4.421999931335449,0.0,6061.47998046875,19692.330078125,0.0,0.0,1.0,0.0,15.770000457763672,4.421999931335449,0.0,0.0,1.0,0.8660254037844387,-0.4999999999999998,0,30.0,11809073.537345672,0.0,0.0,0.0,60.0,60.0,-0.005663148365347512,0.02288380978439871,0.015186453744001058,0.05281772475536151,0.020942274261175526,0.026998275863763833
2024-04-30,10832834.386635875,11048209.569711177,10799410.132647209,10810719.511718752,18429500,0.0,15.770000457763672,4.421999931335449,0.0,6061.47998046875,19692.330078125,0.0,0.0,1.0,0.0,15.770000457763672,4.421999931335449,0.0,0.9510565162951535,0.30901699437494745,0.8660254037844387,-0.4999999999999998,0,30.0,11777998.041942518,0.0,0.0,0.0,60.0,60.0,0.0209683489806021,0.053118542945010186,0.026756951211035496,0.027152041905496794,0.05065439072419203,0.023990532818155438
2024-05-01,10771262.395870117,11308065.950973319,10733816.282323627,11037402.451171875,20344900,0.0,15.770000457763672,4.421999931335449,0.0,6061.47998046875,19692.330078125,0.0,0.0,1.0,0.0,15.770000457763672,4.421999931335449,0.0,0.5877852522924732,-0.8090169943749473,0.49999999999999994,-0.8660254037844387,0,30.0,11754945.7235406,0.0,0.0,0.0,60.0,60.0,0.005669717612904547,0.026594401219790086,0.029076358511241126,0.023497822280297984,0.06031561835779284,0.029190118122155145
2024-05-02,11028608.676972803,11157280.68282159,10863747.573610831,11099981.40625,15221300,0.0,15.770000457763672,4.421999931335449,0.0,6061.47998046875,19692.330078125,0.0,0.0,1.0,0.0,15.770000457763672,4.421999931335449,0.0,-0.587785252292473,-0.8090169943749475,0.49999999999999994,-0.8660254037844387,0,30.0,11734558.826599495,0.0,0.0,0.0,60.0,60.0,0.023274680035007378,0.023365347358845902,0.054337820646124114,0.029025551441920622,0.060133902110562375,0.023138924482412563
2024-05-03,11206788.3764757,11413870.587364454,11154515.666130692,11358329.921875,16489100,0.0,15.770000457763672,4.421999931335449,0.0,6061.47998046875,19692.330078125,0.0,0.0,1.0,0.0,15.770000457763672,4.421999931335449,0.0,-0.9510565162951536,0.30901699437494723,0.49999999999999994,-0.8660254037844387,0,30.0,11722848.05136427,0.0,0.0,0.0,60.0,60.0,0.030356600448722165,0.02836535683745016,0.036020848355491415,0.022612622919215546,0.04566785865849586,0.027834294225743978
2024-05-06,11449304.212206189,11715193.49137176,11393010.410060288,11703130.205078125,15094600,0.0,15.770000457763672,4.421999931335449,0.0,6061.47998046875,19692.330078125,0.0,0.0,1.0,0.0,15.770000457763672,4.421999931335449,0.0,0.0,1.0,0.49999999999999994,-0.8660254037844387,0,30.0,11722234.29930248,0.0,0.0,0.0,60.0,60.0,0.005497366546982335,0.021946404681027626,0.014860154438866718,0.027014233920200147,0.02091567577765755,0.018145468266257896
2024-05-07,11718461.081139496,11850148.701508395,11593307.069992993,11767466.6015625,13406800,0.0,15.770000457763672,4.421999931335449,0.0,6061.47998046875,19692.330078125,0.0,0.0,1.0,0.0,15.770000457763672,4.421999931335449,0.0,0.9510565162951535,0.30901699437494745,0.49999999999999994,-0.8660254037844387,0,30.0,11723642.232926099,0.0,0.0,0.0,60.0,60.0,0.00931159862112568,0.026866538709067713,0.015334012543089828,0.018046261352798916,0.016999846587757703,0.016871676553582
2024-05-08,11648345.775133237,11951931.2347939,11635780.13783536,11877040.527343752,11683900,0.0,15.770000457763672,4.421999931335449,0.0,6061.47998046875,19692.330078125,0.0,0.0,1.0,0.0,15.770000457763672,4.421999931335449,0.0,0.5877852522924732,-0.8090169943749473,0.49999999999999994,-0.8660254037844387,0,30.0,11728417.020096445,0.0,0.0,0.0,60.0,60.0,0.0059668529819648245,0.01787977209164432,0.007617318553690801,0.016716023650804462,-0.009712277647685612,0.022217518573815428
2024-05-09,11811697.257057661,11964495.045820594,11752136.268068464,11947909.08203125,9437700,0.0,15.770000457763672,4.421999931335449,0.0,6061.47998046875,19692.330078125,0.0,0.0,1.0,0.0,15.770000457763672,4.421999931335449,0.0,-0.587785252292473,-0.8090169943749475,0.49999999999999994,-0.8660254037844387,0,30.0,11735249.090070222,0.0,0.0,0.0,60.0,60.0,0.001640675899840575,0.01661687321133249,-0.01558613048051548,0.022085736232716355,-0.007509051192264795,0.02620845368198186
2024-05-10,11989878.161214544,12000182.0745057,11801645.184149059,11967511.728515625,10750000,0.0,15.770000457763672,4.421999931335449,0.0,6061.47998046875,19692.330078125,0.0,0.0,1.0,0.0,15.770000457763672,4.421999931335449,0.0,-0.9510565162951536,0.30901699437494723,0.49999999999999994,-0.8660254037844387,0,30.0,11742478.666320793,0.0,0.0,0.0,60.0,60.0,-0.017198589069758043,0.022049560050938694,-0.009134739944427237,0.02616552453646819,0.011213732775866715,0.023729498346311842
2024-05-13,11880809.401617866,11895888.318922311,11632009.950404093,11761687.412109375,14668800,0.0,15.770000457763672,4.421999931335449,0.0,6061.47998046875,19692.330078125,0.0,0.0,1.0,0.0,15.770000457763672,4.421999931335449,0.0,0.0,1.0,0.49999999999999994,-0.8660254037844387,0,30.0,11743076.571749259,0.0,0.0,0.0,60.0,60.0,0.00820496291076567,0.026623409618126186,0.028909524884311984,0.02414475404939781,0.011153630680837641,0.010555335224385233
2024-05-14,11645078.14451408,11875532.26126198,11562396.039489033,11858191.621093752,10478600,0.0,15.770000457763672,4.421999931335449,0.0,6061.47998046875,19692.330078125,0.0,0.0,1.0,0.0,15.770000457763672,4.421999931335449,0.0,0.9510565162951535,0.30901699437494745,0.49999999999999994,-0.8660254037844387,0,30.0,11746659.726717249,0.0,0.0,0.0,60.0,60.0,0.020536064327406844,0.0239482594686799,0.00292467095337335,0.010469433907477668,0.0001271907219343806,0.009282556892929165
2024-05-15,11936851.133965245,12125838.011957968,11841854.962186689,12101712.20703125,13100500,0.0,15.770000457763672,4.421999931335449,0.0,6061.47998046875,19692.330078125,0.0,0.0,1.0,0.0,15.770000457763672,4.421999931335449,0.0,0.5877852522924732,-0.8090169943749473,0.49999999999999994,-0.8660254037844387,0,30.0,11757711.349124387,0.0,0.0,0.0,60.0,60.0,-0.01725700246138821,0.010258759365233837,-0.01999818949947948,0.0090957656641433,-0.026373701332439135,0.012792299317816369
2024-05-16,11937355.008038085,12004958.195649782,11880809.642210536,11892872.9296875,16608200,0.0,15.770000457763672,4.421999931335449,0.0,6061.47998046875,19692.330078125,0.0,0.0,1.0,0.0,15.770000457763672,4.421999931335449,0.0,-0.587785252292473,-0.8090169943749475,0.49999999999999994,-0.8660254037844387,0,30.0,11761918.487041054,0.0,0.0,0.0,60.0,60.0,-0.0027893223812908144,0.0092554876370777,-0.009276788431853193,0.013016932554956985,-0.018173052547125725,0.017813795604914674
2024-05-17,11832557.667024728,11882066.308599964,11771991.970229905,11859699.873046875,10807300,0.0,15.770000457763672,4.421999931335449,0.0,6061.47998046875,19692.330078125,0.0,0.0,1.0,0.0,15.770000457763672,4.421999931335449,0.0,-0.9510565162951536,0.30901699437494723,0.49999999999999994,-0.8660254037844387,0,30.0,11764962.101764228,0.0,0.0,0.0,60.0,60.0,-0.006505612300556322,0.013053342535441749,-0.015426760373816406,0.017863623008382897,-0.008751690429442098,0.017100733548310754
2024-05-20,11810441.373909272,11892118.006462049,11737309.281651633,11782545.263671875,11745100,0.0,15.770000457763672,4.421999931335449,0.0,6061.47998046875,19692.330078125,0.0,0.0,1.0,0.0,15.770000457763672,4.421999931335449,0.0,0.0,1.0,0.49999999999999994,-0.8660254037844387,0,30.0,11765509.408083437,0.0,0.0,0.0,60.0,60.0,-0.008979565645980226,0.017980597806645165,-0.0022607859256123645,0.01721271278432641,-0.006526670536350481,0.027344035972173553
2024-05-21,11739319.747355433,11829290.131320972,11617432.923796296,11676743.125,11742200,0.0,15.770000457763672,4.421999931335449,0.0,6061.47998046875,19692.330078125,0.0,0.0,1.0,0.0,15.770000457763672,4.421999931335449,0.0,0.9510565162951535,0.30901699437494745,0.49999999999999994,-0.8660254037844387,0,30.0,11762746.404027654,0.0,0.0,0.0,60.0,60.0,0.006779658105382446,0.017368675950205036,0.0024751206176980844,0.027591798336627952,0.029249197115323627,0.029163032561224475
2024-05-22,11758169.173823437,11905187.281739948,11702377.714248039,11755907.451171875,10078600,0.0,15.770000457763672,4.421999931335449,0.0,6061.47998046875,19692.330078125,0.0,0.0,1.0,0.0,15.770000457763672,4.421999931335449,0.0,0.5877852522924732,-0.8090169943749473,0.49999999999999994,-0.8660254037844387,0,30.0,11762533.52979409,0.0,0.0,0.0,60.0,60.0,-0.004275550715620233,0.027405995060082792,0.022318229047481642,0.02896664858734353,0.02595235856167038,0.012869273533686469
2024-05-23,11884076.666866513,11921270.460586865,11599088.119053258,11705644.472656252,11747900,0.0,15.770000457763672,4.421999931335449,0.0,6061.47998046875,19692.330078125,0.0,0.0,1.0,0.0,15.770000457763672,4.421999931335449,0.0,-0.587785252292473,-0.8090169943749475,0.49999999999999994,-0.8660254037844387,0,30.0,11760762.759518018,0.0,0.0,0.0,60.0,60.0,0.02670797104782818,0.029091028756160056,0.030357705185420723,0.01292453303013251,0.01842055624750608,0.013203643642779789
2024-05-24,11751886.815164968,12059242.587716,11718713.347752571,12018278.486328125,12024300,0.0,15.770000457763672,4.421999931335449,0.0,6061.47998046875,19692.330078125,0.0,0.0,1.0,0.0,15.770000457763672,4.421999931335449,0.0,-0.9510565162951536,0.30901699437494723,0.49999999999999994,-0.8660254037844387,0,30.0,11768778.381811624,0.0,0.0,0.0,60.0,60.0,0.003554792833514025,0.012588324425826858,-0.008071832530786924,0.012860174475225448,-0.023357563680810583,0.014679475767479227
2024-05-28,11977061.849127842,12084623.667790273,11933333.67916444,12061000.9765625,10175800,0.0,15.770000457763672,4.421999931335449,0.0,6061.47998046875,19692.330078125,0.0,0.0,1.0,0.0,15.770000457763672,4.421999931335449,0.0,0.9510565162951535,0.30901699437494745,0.49999999999999994,-0.8660254037844387,0,30.0,11777874.315385064,0.0,0.0,0.0,60.0,60.0,-0.011585441519813222,0.012814621151790865,-0.026817027537019863,0.014627478113110359,-0.02727546614641635,0.03054676357280164
2024-05-29,11928808.796299823,12059240.149896525,11904682.991670497,11921268.955078125,9226200,0.0,15.770000457763672,4.421999931335449,0.0,6061.47998046875,19692.330078125,0.0,0.0,1.0,0.0,15.770000457763672,4.421999931335449,0.0,0.5877852522924732,-0.8090169943749473,0.49999999999999994,-0.8660254037844387,0,30.0,11782337.72150377,0.0,0.0,0.0,60.0,60.0,-0.015410119050276984,0.014798930254125323,-0.0158739311273688,0.030904809435194053,0.006598530879937802,0.02394809423970729
2024-05-30,11853667.907074468,11855175.72210311,11678753.694296239,11737560.78125,10719600,0.0,15.770000457763672,4.421999931335449,0.0,6061.47998046875,19692.330078125,0.0,0.0,1.0,0.0,15.770000457763672,4.421999931335449,0.0,-0.587785252292473,-0.8090169943749475,0.49999999999999994,-0.8660254037844387,0,30.0,11780943.961810008,0.0,0.0,0.0,60.0,60.0,-0.0004710713425618709,0.0313885101128438,0.022353114079321553,0.02432291322820346,0.02128253921848051,0.012118625192081338
2024-05-31,11706146.372849692,11789582.381254034,11421157.83597165,11732031.552734375,16919800,0.0,15.770000457763672,4.421999931335449,0.0,6061.47998046875,19692.330078125,0.0,0.0,1.0,0.0,15.770000457763672,4.421999931335449,0.0,-0.9510565162951536,0.30901699437494723,0.49999999999999994,-0.8660254037844387,0,30.0,11779421.478498105,0.0,0.0,0.0,60.0,60.0,0.02283494230881416,0.024334376455590803,0.02176386289315479,0.012124336619610411,0.060471731308996746,0.02729042856892984
2024-06-03,11833311.346525533,12052959.203532824,11767467.531139717,11999931.816406252,11279400,0.0,15.770000457763672,4.421999931335449,0.0,6061.47998046875,19692.330078125,0.0,0.0,1.0,0.0,15.770000457763672,4.421999931335449,0.0,0.0,1.0,1.2246467991473532e-16,-1.0,0,30.0,11786285.244072355,0.0,0.0,0.0,60.0,60.0,-0.001047167408303096,0.011853659000192656,0.03679654208451875,0.026681165689674217,0.034073958255514604,0.024984799303735063
2024-06-04,11987617.437063372,12035115.91202336,11892872.812246118,11987365.878906252,7088700,0.0,15.770000457763672,4.421999931335449,0.0,6061.47998046875,19692.330078125,0.0,0.0,1.0,0.0,15.770000457763672,4.421999931335449,0.0,0.9510565162951535,0.30901699437494745,1.2246467991473532e-16,-1.0,0,30.0,11792544.226540543,0.0,0.0,0.0,60.0,60.0,0.03788337973339503,0.026709134624957453,0.03515794191473382,0.025010989997309642,0.033480704855318275,0.018323213697705544
2024-06-05,12174845.377051266,12481446.444094839,12161274.27503651,12441487.8125,15690500,0.0,15.770000457763672,4.421999931335449,0.0,6061.47998046875,19692.330078125,0.0,0.0,1.0,0.0,15.770000457763672,4.421999931335449,0.0,0.5877852522924732,-0.8090169943749473,1.2246467991473532e-16,-1.0,0,30.0,11812743.717807908,0.0,0.0,0.0,60.0,60.0,-0.0026259576671911803,0.024098073527041457,-0.004241974545548349,0.01765440516295029,0.01523052966610394,0.018684604626680656
2024-06-06,12389214.630888497,12636506.253024196,12336690.364932781,12408816.9921875,10667300,0.0,15.770000457763672,4.421999931335449,0.0,6061.47998046875,19692.330078125,0.0,0.0,1.0,0.0,15.770000457763672,4.421999931335449,0.0,-0.587785252292473,-0.8090169943749475,1.2246467991473532e-16,-1.0,0,30.0,11831297.529203914,0.0,0.0,0.0,60.0,60.0,-0.0016202716431013022,0.017700886942733644,0.017903501169460632,0.018733798789246896,0.027766572952325055,0.018895855256368096
2024-06-07,12462848.895318536,12538242.709538568,12318595.642866785,12388711.337890625,9380700,0.0,15.770000457763672,4.421999931335449,0.0,6061.47998046875,19692.330078125,0.0,0.0,1.0,0.0,15.770000457763672,4.421999931335449,0.0,-0.9510565162951536,0.30901699437494723,1.2246467991473532e-16,-1.0,0,30.0,11848647.997880215,0.0,0.0,0.0,60.0,60.0,0.01955545796657303,0.018764201893480333,0.029434536540310453,0.018926521362233877,0.03221366374316949,0.01935250224661197
2024-06-10,12411330.408984436,12632486.07677874,12400021.796034511,12630978.261718752,11220900,0.0,15.770000457763672,4.421999931335449,0.0,6061.47998046875,19692.330078125,0.0,0.0,1.0,0.0,15.770000457763672,4.421999931335449,0.0,0.0,1.0,1.2246467991473532e-16,-1.0,0,30.0,11872999.38014904,0.0,0.0,0.0,60.0,60.0,0.009689594123149027,0.01856350354887159,0.012415416618770598,0.01898131395932997,0.0029844299269753192,0.015917229403421482
2024-06-11,12569657.767665636,12756634.502699114,12522159.292911978,12753367.314453125,9673700,0.0,15.770000457763672,4.421999931335449,0.0,6061.47998046875,19692.330078125,0.0,0.0,1.0,0.0,15.770000457763672,4.421999931335449,0.0,0.9510565162951535,0.30901699437494745,1.2246467991473532e-16,-1.0,0,30.0,11900402.354438016,0.0,0.0,0.0,60.0,60.0,0.002699663848659124,0.018799157750867018,-0.006640817371200815,0.015764478009941837,-0.0055361619633769316,0.012624092445806655
2024-06-12,12917223.024311263,12917726.140626583,12677973.576627428,12787797.119140625,11983200,0.0,15.770000457763672,4.421999931335449,0.0,6061.47998046875,19692.330078125,0.0,0.0,1.0,0.0,15.770000457763672,4.421999931335449,0.0,0.5877852522924732,-0.8090169943749473,1.2246467991473532e-16,-1.0,0,30.0,11928024.050973954,0.0,0.0,0.0,60.0,60.0,-0.009315332952250526,0.015722033803654716,-0.008213651713439804,0.012590103398810008,-0.0033546950859924918,0.028996589068912778
2024-06-13,12709135.511555636,12800864.50214429,12599814.323562883,12668674.53125,9954600,0.0,15.770000457763672,4.421999931335449,0.0,6061.47998046875,19692.330078125,0.0,0.0,1.0,0.0,15.770000457763672,4.421999931335449,0.0,-0.587785252292473,-0.8090169943749475,1.2246467991473532e-16,-1.0,0,30.0,11951078.077906642,0.0,0.0,0.0,60.0,60.0,0.001112040264127375,0.012708487188288323,0.006016685293031531,0.029269241801554182,-0.008161234328763946,0.021803040614740223
2024-06-14,12644776.461648308,12757979.47521312,12596979.787240135,12682762.607421875,10243300,0.0,15.770000457763672,4.421999931335449,0.0,6061.47998046875,19692.330078125,0.0,0.0,1.0,0.0,15.770000457763672,4.421999931335449,0.0,-0.9510565162951536,0.30901699437494723,1.2246467991473532e-16,-1.0,0,30.0,11973853.024117963,0.0,0.0,0.0,60.0,60.0,0.004899196924662043,0.02923672938129079,-0.009262973793067874,0.02177882168811779,-0.004879366552208109,0.013686179985368772
2024-06-17,12620123.302206937,12848541.479608888,12477738.98144854,12744897.958984375,11266600,0.0,15.770000457763672,4.421999931335449,0.0,6061.47998046875,19692.330078125,0.0,0.0,1.0,0.0,15.770000457763672,4.421999931335449,0.0,0.0,1.0,1.2246467991473532e-16,-1.0,0,30.0,11997853.131007921,0.0,0.0,0.0,60.0,60.0,-0.014093125719545841,0.021672643141489704,-0.009730889930846722,0.013619455590424594,-0.023389874399885376,0.021830521911726037
2024-06-18,12692824.75405664,12729049.779271923,12452834.153932154,12565282.509765625,13060400,0.0,15.770000457763672,4.421999931335449,0.0,6061.47998046875,19692.330078125,0.0,0.0,1.0,0.0,15.770000457763672,4.421999931335449,0.0,0.9510565162951535,0.30901699437494745,1.2246467991473532e-16,-1.0,0,30.0,12015515.351621622,0.0,0.0,0.0,60.0,60.0,0.0044245921217283485,0.013814140002182762,-0.009429641807827533,0.02214258007649925,-0.0011611607211107701,0.02704754743691226
2024-06-20,12628425.320404148,12670436.555177487,12496857.983420607,12620878.759765625,11801200,0.0,15.770000457763672,4.421999931335449,0.0,6061.47998046875,19692.330078125,0.0,0.0,1.0,0.0,15.770000457763672,4.421999931335449,0.0,-0.587785252292473,-0.8090169943749475,1.2246467991473532e-16,-1.0,0,30.0,12034358.334495561,0.0,0.0,0.0,60.0,60.0,-0.013793204625038549,0.022045039767222014,-0.00556114703547817,0.02692840024931838,0.01773966538125454,0.03031690448277157
2024-06-21,12664901.194891822,12664901.194891822,12386673.4207355,12446796.396484375,22359200,0.0,15.770000457763672,4.421999931335449,0.0,6061.47998046875,19692.330078125,0.0,0.0,1.0,0.0,15.770000457763672,4.421999931335449,0.0,-0.9510565162951536,0.30901699437494723,1.2246467991473532e-16,-1.0,0,30.0,12047196.182363575,0.0,0.0,0.0,60.0,60.0,0.008347192118495293,0.027305024033098504,0.03197389244748016,0.030740920286647294,0.03706706185097668,0.01845265713401224
2024-06-24,12557987.717409888,12774330.636354847,12434470.561613757,12550692.197265625,13525300,0.0,15.770000457763672,4.421999931335449,0.0,6061.47998046875,19692.330078125,0.0,0.0,1.0,0.0,15.770000457763672,4.421999931335449,0.0,0.0,1.0,1.2246467991473532e-16,-1.0,0,30.0,12062868.366473585,0.0,0.0,0.0,60.0,60.0,0.023431116299680622,0.030486444080894307,0.02848212397174642,0.018299904316928753,0.04139028200901155,0.017999200163080785
2024-06-25,12503901.608784402,12847535.74209373,12464909.766245276,12844768.92578125,12063200,0.0,15.770000457763672,4.421999931335449,0.0,6061.47998046875,19692.330078125,0.0,0.0,1.0,0.0,15.770000457763672,4.421999931335449,0.0,0.9510565162951535,0.30901699437494745,1.2246467991473532e-16,-1.0,0,30.0,12087206.373445842,0.0,0.0,0.0,60.0,60.0,0.004935366525036124,0.01788093407116047,0.01754799656108182,0.017587114439278264,-0.012495208542374623,0.03533099605909771
2024-06-26,12745401.755354522,12925520.42572411,12695843.959402924,12908162.568359375,8882300,0.0,15.770000457763672,4.421999931335449,0.0,6061.47998046875,19692.330078125,0.0,0.0,1.0,0.0,15.770000457763672,4.421999931335449,0.0,0.5877852522924732,-0.8090169943749473,1.2246467991473532e-16,-1.0,1,30.0,12112760.054611403,0.0,0.0,0.0,60.0,60.0,0.012550687791652594,0.01750074186372076,-0.017344971276793547,0.03515748100424477,-0.01644846369380369,0.026134183798725882
2024-06-27,12936589.386362668,13153687.742359264,12927785.321315464,13070168.88671875,10121200,0.0,15.770000457763672,4.421999931335449,0.0,6061.47998046875,19692.330078125,0.0,0.0,1.0,0.0,15.770000457763672,4.421999931335449,0.0,-0.587785252292473,-0.8090169943749475,1.2246467991473532e-16,-1.0,1,30.0,12142561.06006376,0.0,0.0,0.0,60.0,60.0,-0.029525098771744276,0.03472169979057774,-0.028639703508278387,0.025810247441265262,-0.01936259096403371,0.0212679713428381
2024-06-28,13009541.407956,13128529.852047725,12674711.371750927,12684270.859375,15855100,0.0,15.770000457763672,4.421999931335449,0.0,6061.47998046875,19692.330078125,0.0,0.0,1.0,0.0,15.770000457763672,4.421999931335449,0.0,-0.9510565162951536,0.30901699437494723,1.2246467991473532e-16,-1.0,1,30.0,12159422.714292848,0.0,0.0,0.0,60.0,60.0,0.0009123319545361875,0.0265954816642854,0.010471685352036058,0.02191501430477064,0.011384017306572245,0.010431974854831945
2024-07-01,12702635.796909302,12743639.797739748,12406295.50467441,12695843.125,10328200,0.0,15.770000457763672,4.421999931335449,0.0,6061.47998046875,19692.330078125,0.0,0.0,1.0,0.0,15.770000457763672,4.421999931335449,0.0,0.0,1.0,-0.4999999999999997,-0.8660254037844388,0,30.0,12176119.727155214,0.0,0.0,0.0,60.0,60.0,0.009550640043402002,0.02189503876126293,0.01046214040702988,0.010422466105958409,0.06980658691484107,0.05799712656422596
2024-07-02,12597231.393354708,12842252.777568007,12564276.800239218,12817096.552734375,7739500,0.0,15.770000457763672,4.421999931335449,0.0,6061.47998046875,19692.330078125,0.0,0.0,1.0,0.0,15.770000457763672,4.421999931335449,0.0,0.9510565162951535,0.30901699437494745,-0.4999999999999997,-0.8660254037844388,0,30.0,12196071.239229606,0.0,0.0,0.0,60.0,60.0,0.0009028773074609628,0.010323866572468652,0.059685908246116894,0.05744845703008279,0.03890095032651956,0.03171731887100429
2024-07-03,12738358.058986837,12861875.22098695,12729553.226330072,12828668.818359375,6005600,0.0,15.770000457763672,4.421999931335449,0.0,6061.47998046875,19692.330078125,0.0,0.0,1.0,0.0,15.770000457763672,4.421999931335449,0.0,0.5877852522924732,-0.8090169943749473,-0.4999999999999997,-0.8660254037844388,0,30.0,12215761.932768853,0.0,0.0,0.0,60.0,60.0,0.058730004949919576,0.05739663491089712,0.03796379636881213,0.03168870785577855,0.0392970452690622,0.01821706927251496
2024-07-05,12869924.70946227,13606247.130022453,12869924.70946227,13582096.6015625,21354100,0.0,15.770000457763672,4.421999931335449,0.0,6061.47998046875,19692.330078125,0.0,0.0,1.0,0.0,15.770000457763672,4.421999931335449,0.0,-0.9510565162951536,0.30901699437494723,-0.4999999999999997,-0.8660254037844388,0,30.0,12258291.46200334,0.0,0.0,0.0,60.0,60.0,-0.019614262828122776,0.029930867839414354,-0.01835497207975758,0.01720652969817047,-0.00966819478029949,0.019484766660605467
2024-07-08,13643478.61686701,13655051.03362695,13248527.095263423,13315693.7890625,14917500,0.0,15.770000457763672,4.421999931335449,0.0,6061.47998046875,19692.330078125,0.0,0.0,1.0,0.0,15.770000457763672,4.421999931335449,0.0,0.0,1.0,-0.4999999999999997,-0.8660254037844388,0,30.0,12291204.937894996,0.0,0.0,0.0,60.0,60.0,0.0012844849742488862,0.017550775216096288,0.010145055839464524,0.019874592134329957,-0.03139884990795973,0.0511789166052051
2024-07-09,13427133.429715136,13520965.646003922,13287264.897465717,13332797.59765625,8753200,0.0,15.770000457763672,4.421999931335449,0.0,6061.47998046875,19692.330078125,0.0,0.0,1.0,0.0,15.770000457763672,4.421999931335449,0.0,0.9510565162951535,0.30901699437494745,-0.4999999999999997,-0.8660254037844388,0,30.0,12323626.3105539,0.0,0.0,0.0,60.0,60.0,0.008849204195392596,0.01984909626842075,-0.03264140748475611,0.05111326238768328,-0.05873571621257393,0.026150919704397348
2024-07-10,13352672.35268172,13556186.892136544,13291542.909093296,13450782.24609375,10983300,0.0,15.770000457763672,4.421999931335449,0.0,6061.47998046875,19692.330078125,0.0,0.0,1.0,0.0,15.770000457763672,4.421999931335449,0.0,0.5877852522924732,-0.8090169943749473,-0.4999999999999997,-0.8660254037844388,0,30.0,12358710.98812758,0.0,0.0,0.0,60.0,60.0,-0.04112667334979912,0.05066491818115538,-0.06699209369141433,0.02592153475033368,-0.07206047993976233,0.02489292295905323
2024-07-11,13355188.093146564,13470152.220777437,12788669.43880656,12897596.318359375,16458300,0.0,15.770000457763672,4.421999931335449,0.0,6061.47998046875,19692.330078125,0.0,0.0,1.0,0.0,15.770000457763672,4.421999931335449,0.0,-0.587785252292473,-0.8090169943749475,-0.4999999999999997,-0.8660254037844388,0,30.0,12375484.725872494,0.0,0.0,0.0,60.0,60.0,-0.02697480430702498,0.027033325497633653,-0.03226057679383956,0.025960595906881687,-0.04468492657898299,0.03542033305933158
2024-07-12,12521763.139636355,12781626.613109121,12432961.69369783,12549686.181640625,19750500,0.0,15.770000457763672,4.421999931335449,0.0,6061.47998046875,19692.330078125,0.0,0.0,1.0,0.0,15.770000457763672,4.421999931335449,0.0,-0.9510565162951536,0.30901699437494723,-0.4999999999999997,-0.8660254037844388,0,30.0,12380907.047412736,0.0,0.0,0.0,60.0,60.0,-0.005432307930166316,0.026680291550305553,-0.01820109319917981,0.03640227736765409,-0.07392720263528439,0.040190863301263806
2024-07-15,12543648.327007826,12746155.626855213,12411326.3406642,12481512.421875,12539200,0.0,15.770000457763672,4.421999931335449,0.0,6061.47998046875,19692.330078125,0.0,0.0,1.0,0.0,15.770000457763672,4.421999931335449,0.0,0.0,1.0,-0.4999999999999997,-0.8660254037844388,0,30.0,12384038.563659862,0.0,0.0,0.0,60.0,60.0,-0.012838528107061145,0.036601105845189774,-0.06886901238725207,0.040410384955920926,-0.040934401610822416,0.029627501427915093
2024-07-16,12615847.365959644,12677480.42687419,12220643.269613093,12321268.173828125,14075800,0.0,15.770000457763672,4.421999931335449,0.0,6061.47998046875,19692.330078125,0.0,0.0,1.0,0.0,15.770000457763672,4.421999931335449,0.0,0.9510565162951535,0.30901699437494745,-0.4999999999999997,-0.8660254037844388,0,30.0,12382084.726733683,0.0,0.0,0.0,60.0,60.0,-0.05675918871990542,0.040935942200450444,-0.028461274374784726,0.030012821885261238,-0.02654196621484167,0.022458604793996632
2024-07-17,12054107.474332161,12054107.474332161,11549724.752532084,11621922.98828125,28076600,0.0,15.770000457763672,4.421999931335449,0.0,6061.47998046875,19692.330078125,0.0,0.0,1.0,0.0,15.770000457763672,4.421999931335449,0.0,0.5877852522924732,-0.8090169943749473,-0.4999999999999997,-0.8660254037844388,0,30.0,12358423.378151352,0.0,0.0,0.0,60.0,60.0,0.030000731527632826,0.031818833034302364,0.03203553339051906,0.02381004354923694,0.055001319006720895,0.017662730271706634
2024-07-18,11949206.236039497,12055868.378669688,11686072.351568047,11970589.1796875,19267200,0.0,15.770000457763672,4.421999931335449,0.0,6061.47998046875,19692.330078125,0.0,0.0,1.0,0.0,15.770000457763672,4.421999931335449,0.0,-0.587785252292473,-0.8090169943749475,-0.4999999999999997,-0.8660254037844388,0,30.0,12346351.368080594,0.0,0.0,0.0,60.0,60.0,0.0019755343861439204,0.023116530717335868,0.024272397789474147,0.01714826963812965,0.026983287519170153,0.01576126914386236
2024-07-19,11975873.168449987,12243786.82807934,11967068.335602485,11994237.490234375,15149400,0.0,15.770000457763672,4.421999931335449,0.0,6061.47998046875,19692.330078125,0.0,0.0,1.0,0.0,15.770000457763672,4.421999931335449,0.0,-0.9510565162951536,0.30901699437494723,-0.4999999999999997,-0.8660254037844388,0,30.0,12335391.214756701,0.0,0.0,0.0,60.0,60.0,0.022252902030178115,0.01711445943501551,0.024958446863023585,0.01573019360549401,-0.03255118476208952,0.03297048782433784
2024-07-22,12240515.792994581,12378372.184286933,12173097.293306375,12261144.08203125,12023100,0.0,15.770000457763672,4.421999931335449,0.0,6061.47998046875,19692.330078125,0.0,0.0,1.0,0.0,15.770000457763672,4.421999931335449,0.0,0.0,1.0,-0.4999999999999997,-0.8660254037844388,0,30.0,12333080.14436235,0.0,0.0,0.0,60.0,60.0,0.0026466492073265804,0.015387771043989302,-0.05361108457939086,0.03225277009129441,-0.0697373787558062,0.04288057817228964
2024-07-23,12322524.533029124,12457865.13945552,12269193.461583858,12293595.029296875,9455500,0.0,15.770000457763672,4.421999931335449,0.0,6061.47998046875,19692.330078125,0.0,0.0,1.0,0.0,15.770000457763672,4.421999931335449,0.0,0.9510565162951535,0.30901699437494745,-0.4999999999999997,-0.8660254037844388,0,30.0,12331851.101878209,0.0,0.0,0.0,60.0,60.0,-0.056109232331443715,0.03216763364919519,-0.0721929585266736,0.04276738789900731,-0.04704402368900286,0.02117902261275285
2024-07-24,11881535.769904478,11981908.855243234,11586452.994109245,11603810.849609375,17649700,0.0,15.770000457763672,4.421999931335449,0.0,6061.47998046875,19692.330078125,0.0,0.0,1.0,0.0,15.770000457763672,4.421999931335449,0.0,0.5877852522924732,-0.8090169943749473,-0.4999999999999997,-0.8660254037844388,0,30.0,12309189.590097873,0.0,0.0,0.0,60.0,60.0,-0.01703981726080154,0.04530967921706054,0.009604086566957578,0.02243800166100341,0.009625627846864637,0.019381279644990868
2024-07-25,11653873.002208736,11661167.754686516,11135402.807395268,11406084.033203125,18240500,0.0,15.770000457763672,4.421999931335449,0.0,6061.47998046875,19692.330078125,0.0,0.0,1.0,0.0,15.770000457763672,4.421999931335449,0.0,-0.587785252292473,-0.8090169943749475,-0.4999999999999997,-0.8660254037844388,0,30.0,12281078.867987826,0.0,0.0,0.0,60.0,60.0,0.027105781389344788,0.022826969042098747,0.02712769609177661,0.01971725812024388,0.02156981642040245,0.03535430994596465
2024-07-26,11677520.514199222,11817640.110736737,11557273.783619232,11715254.853515625,14222400,0.0,15.770000457763672,4.421999931335449,0.0,6061.47998046875,19692.330078125,0.0,0.0,1.0,0.0,15.770000457763672,4.421999931335449,0.0,-0.9510565162951536,0.30901699437494723,-0.4999999999999997,-0.8660254037844388,0,30.0,12263466.61711351,0.0,0.0,0.0,60.0,60.0,2.1336363623791705e-05,0.019196910851356275,-0.0053898683750508635,0.03442129387894361,0.019604825521557203,0.020936224185416494
2024-07-29,11820406.605879836,11923043.661573954,11698146.958550096,11715504.814453125,11339600,0.0,15.770000457763672,4.421999931335449,0.0,6061.47998046875,19692.330078125,0.0,0.0,1.0,0.0,15.770000457763672,4.421999931335449,0.0,0.0,1.0,-0.4999999999999997,-0.8660254037844388,0,30.0,12246410.358469205,0.0,0.0,0.0,60.0,60.0,-0.005411089285706054,0.034420559469370636,0.019583071326402718,0.020935777492055177,0.0687766958145467,0.07530432488666353
2024-07-30,11747956.321561543,11892101.757941524,11488847.527761942,11652111.171875,11390400,0.0,15.770000457763672,4.421999931335449,0.0,6061.47998046875,19692.330078125,0.0,0.0,1.0,0.0,15.770000457763672,4.421999931335449,0.0,0.9510565162951535,0.30901699437494745,-0.4999999999999997,-0.8660254037844388,0,30.0,12227911.768623274,0.0,0.0,0.0,60.0,60.0,0.025130142054528303,0.021049679185563733,0.0745914058572929,0.07571402021020067,0.05386560833332892,0.05397353099050556
2024-07-31,11849085.221801125,11986941.615813999,11741668.413811507,11944930.380859375,24285800,0.0,15.770000457763672,4.421999931335449,0.0,6061.47998046875,19692.330078125,0.0,0.0,1.0,0.0,15.770000457763672,4.421999931335449,0.0,0.5877852522924732,-0.8090169943749473,-0.4999999999999997,-0.8660254037844388,0,30.0,12219103.483597215,0.0,0.0,0.0,60.0,60.0,0.048248765472485425,0.07385795920355771,0.028031042206221785,0.0526504184945082,0.001895363116140755,0.06882467565178625
2024-08-01,13106392.533693556,13261606.00384075,12379377.823081901,12521258.525390625,43083100,0.0,15.770000457763672,4.421999931335449,0.0,6061.47998046875,19692.330078125,0.0,0.0,1.0,0.0,15.770000457763672,4.421999931335449,0.0,-0.587785252292473,-0.8090169943749475,-0.8660254037844385,-0.5000000000000004,0,30.0,12228508.581760058,0.0,0.0,0.0,60.0,60.0,-0.019287142453395353,0.05022702647379381,-0.04421984922200355,0.06565681536554385,-0.007333170795695673,0.04803713432258616
2024-08-02,12301393.212086596,12607041.172097038,11978135.588657027,12279759.228515625,24044700,0.0,15.770000457763672,4.421999931335449,0.0,6061.47998046875,19692.330078125,0.0,0.0,1.0,0.0,15.770000457763672,4.421999931335449,0.0,-0.9510565162951536,0.30901699437494723,-0.8660254037844385,-0.5000000000000004,0,30.0,12230103.846763033,0.0,0.0,0.0,60.0,60.0,-0.025423044652418427,0.06694805198108027,0.012189063868912936,0.04898185432457572,0.0015979086583541994,0.047711738547345964
2024-08-05,11354261.515750656,12162531.09148681,11340425.132340996,11967570.361328125,21396200,0.0,15.770000457763672,4.421999931335449,0.0,6061.47998046875,19692.330078125,0.0,0.0,1.0,0.0,15.770000457763672,4.421999931335449,0.0,0.0,1.0,-0.8660254037844385,-0.5000000000000004,0,30.0,12221932.038055513,0.0,0.0,0.0,60.0,60.0,0.038593266868204426,0.050259606546007855,0.02772582828119062,0.04895635822861175,0.07125888684500363,0.03203495637537936
2024-08-06,12049830.68913002,12642511.23530407,12041025.857632054,12429437.998046875,20955000,0.0,15.770000457763672,4.421999931335449,0.0,6061.47998046875,19692.330078125,0.0,0.0,1.0,0.0,15.770000457763672,4.421999931335449,0.0,0.9510565162951535,0.30901699437494745,-0.8660254037844385,-0.5000000000000004,0,30.0,12228391.019879911,0.0,0.0,0.0,60.0,60.0,-0.010463613556617504,0.0471371804443098,0.03145179255330605,0.0308445638897489,0.04792661492542798,0.025582415480789388
2024-08-07,12656850.883978626,12833447.297014872,12247558.635279575,12299381.162109375,20105300,0.0,15.770000457763672,4.421999931335449,0.0,6061.47998046875,19692.330078125,0.0,0.0,1.0,0.0,15.770000457763672,4.421999931335449,0.0,0.5877852522924732,-0.8090169943749473,-0.8660254037844385,-0.5000000000000004,0,30.0,12230600.71081308,0.0,0.0,0.0,60.0,60.0,0.04235863044973718,0.03117072228198827,0.059007661852550124,0.025852930555427447,0.05528503108893473,0.018244319071017413
2024-08-08,12515220.994426439,12828667.319348987,12445286.724904558,12820366.103515625,16156800,0.0,15.770000457763672,4.421999931335449,0.0,6061.47998046875,19692.330078125,0.0,0.0,1.0,0.0,15.770000457763672,4.421999931335449,0.0,-0.587785252292473,-0.8090169943749475,-0.8660254037844385,-0.5000000000000004,0,30.0,12248958.178484289,0.0,0.0,0.0,60.0,60.0,0.01597245987748913,0.02480233750669183,0.012401106741563906,0.01750291937732189,0.037105352931686285,0.026195428382461756
2024-08-09,12772066.561258392,13039478.118973097,12721503.07191435,13025138.88671875,13696600,0.0,15.770000457763672,4.421999931335449,0.0,6061.47998046875,19692.330078125,0.0,0.0,1.0,0.0,15.770000457763672,4.421999931335449,0.0,-0.9510565162951536,0.30901699437494723,-0.8660254037844385,-0.5000000000000004,0,30.0,12273118.145201115,0.0,0.0,0.0,60.0,60.0,-0.00351520663892393,0.017227749834313893,0.02080065542007454,0.025783600852350395,0.01736292216329849,0.02099386777907293
2024-08-12,13002244.318088247,13031426.39495452,12807032.560656935,12979352.83203125,9767400,0.0,15.770000457763672,4.421999931335449,0.0,6061.47998046875,19692.330078125,0.0,0.0,1.0,0.0,15.770000457763672,4.421999931335449,0.0,0.0,1.0,-0.8660254037844385,-0.5000000000000004,0,30.0,12295100.92105095,0.0,0.0,0.0,60.0,60.0,0.024401638861926537,0.025874555260782302,0.020951778633572418,0.021067925892036973,0.04143814710884,0.025331925962657473
2024-08-13,13081488.51644646,13370533.28958997,13034698.307488386,13296070.3125,13743800,0.0,15.770000457763672,4.421999931335449,0.0,6061.47998046875,19692.330078125,0.0,0.0,1.0,0.0,15.770000457763672,4.421999931335449,0.0,0.9510565162951535,0.30901699437494745,-0.8660254037844385,-0.5000000000000004,0,30.0,12326257.824237812,0.0,0.0,0.0,60.0,60.0,-0.003367683238174813,0.020566079839000145,0.016630692104163767,0.024728509796997526,-0.002119017778396695,0.01702804051989098
2024-08-14,13283996.144872896,13433424.183158303,13159976.139566468,13251293.359375,11444200,0.0,15.770000457763672,4.421999931335449,0.0,6061.47998046875,19692.330078125,0.0,0.0,1.0,0.0,15.770000457763672,4.421999931335449,0.0,0.5877852522924732,-0.8090169943749473,-0.8660254037844385,-0.5000000000000004,0,30.0,12355051.154842012,0.0,0.0,0.0,60.0,60.0,0.02006595110954824,0.02481206898582553,0.0012528847788472062,0.01708557933904559,0.0047837842243641845,0.016895666543843384
2024-08-15,13377826.711858988,13578574.40700869,13249782.402024467,13517193.1640625,13482100,0.0,15.770000457763672,4.421999931335449,0.0,6061.47998046875,19692.330078125,0.0,0.0,1.0,0.0,15.770000457763672,4.421999931335449,0.0,-0.587785252292473,-0.8090169943749475,-0.8660254037844385,-0.5000000000000004,0,30.0,12391224.83445698,0.0,0.0,0.0,60.0,60.0,-0.018442990191210328,0.016749484992084313,-0.014981547877920349,0.016563308015001967,-0.019727276151730894,0.009696130123255958
2024-08-16,13380596.634727027,13424870.300790763,13198464.276754193,13267895.703125,14776700,0.0,15.770000457763672,4.421999931335449,0.0,6061.47998046875,19692.330078125,0.0,0.0,1.0,0.0,15.770000457763672,4.421999931335449,0.0,-0.9510565162951536,0.30901699437494723,-0.8660254037844385,-0.5000000000000004,0,30.0,12418512.731185062,0.0,0.0,0.0,60.0,60.0,0.0035264811709350224,0.01687452470868559,-0.0013084170839661633,0.009878315804748614,0.014675064600985704,0.023643454097041793
2024-08-19,13254057.338247344,13374555.07774993,13150665.643875284,13314684.6875,9879700,0.0,15.770000457763672,4.421999931335449,0.0,6061.47998046875,19692.330078125,0.0,0.0,1.0,0.0,15.770000457763672,4.421999931335449,0.0,0.0,1.0,-0.8660254037844385,-0.5000000000000004,0,30.0,12446407.632987468,0.0,0.0,0.0,60.0,60.0,-0.0048179079930802905,0.009843602525787257,0.011109406317850514,0.02356036889973659,0.0050069160011792435,0.029549492910180455
2024-08-20,13291288.716800213,13360218.051909553,13229153.588089617,13250535.76171875,7944400,0.0,15.770000457763672,4.421999931335449,0.0,6061.47998046875,19692.330078125,0.0,0.0,1.0,0.0,15.770000457763672,4.421999931335449,0.0,0.9510565162951535,0.30901699437494745,-0.8660254037844385,-0.5000000000000004,0,30.0,12471437.511493986,0.0,0.0,0.0,60.0,60.0,0.01600442214430448,0.023674430125871646,0.009872388252532201,0.02969254887875835,0.002411125973472025,0.028116868046163472
2024-08-21,13261102.883613741,13569266.599445552,13255567.716424378,13462602.9296875,13423300,0.0,15.770000457763672,4.421999931335449,0.0,6061.47998046875,19692.330078125,0.0,0.0,1.0,0.0,15.770000457763672,4.421999931335449,0.0,0.5877852522924732,-0.8090169943749473,-0.8660254037844385,-0.5000000000000004,0,30.0,12502289.249060223,0.0,0.0,0.0,60.0,60.0,-0.006035440159630859,0.029224822482653602,-0.013379170281703538,0.02767396227156381,-0.02623502457843035,0.02438521101001758
2024-08-22,13508892.436645603,13690771.446834415,13297329.266059846,13381350.1953125,15708300,0.0,15.770000457763672,4.421999931335449,0.0,6061.47998046875,19692.330078125,0.0,0.0,1.0,0.0,15.770000457763672,4.421999931335449,0.0,-0.587785252292473,-0.8090169943749475,-0.8660254037844385,-0.5000000000000004,0,30.0,12529651.54108604,0.0,0.0,0.0,60.0,60.0,-0.007388321896760669,0.027842001002539016,-0.020322238070584274,0.024533280154308366,-0.02411965679904341,0.016355560196023456
2024-08-23,13506877.530422365,13581088.688251985,13208525.122698769,13282484.47265625,11323900,0.0,15.770000457763672,4.421999931335449,0.0,6061.47998046875,19692.330078125,0.0,0.0,1.0,0.0,15.770000457763672,4.421999931335449,0.0,-0.9510565162951536,0.30901699437494723,-0.8660254037844385,-0.5000000000000004,0,30.0,12553084.767881176,0.0,0.0,0.0,60.0,60.0,-0.013030187392655658,0.024715889098935944,-0.016855871506825604,0.016477299790867813,-0.021249954259766193,0.016363663943941797
2024-08-26,13272423.049668776,13282486.153344506,12954197.740159996,13109411.2109375,9584000,0.0,15.770000457763672,4.421999931335449,0.0,6061.47998046875,19692.330078125,0.0,0.0,1.0,0.0,15.770000457763672,4.421999931335449,0.0,0.0,1.0,-0.8660254037844385,-0.5000000000000004,0,30.0,12570401.390421955,-0.4767,1.0,0.0,60.0,60.0,-0.003876191617313381,0.016694836640787043,-0.008328285994275576,0.016579700549009507,-0.005565059121544084,0.022106268745169744
2024-08-27,13055577.996733222,13182114.55359981,12963255.074976306,13058596.62109375,6282700,0.0,15.770000457763672,4.421999931335449,0.0,6061.47998046875,19692.330078125,0.0,0.0,1.0,0.0,15.770000457763672,4.421999931335449,0.0,0.9510565162951535,0.30901699437494745,-0.8660254037844385,-0.5000000000000004,0,30.0,12585597.311164655,0.0,0.0,0.0,60.0,60.0,-0.004469418700262416,0.01664421672234541,-0.001695439352034722,0.02219229031485718,0.0042574444722639285,0.01606620398787117
2024-08-28,13022620.154345801,13108655.533412207,12891305.421161035,13000232.28515625,9106100,0.0,15.770000457763672,4.421999931335449,0.0,6061.47998046875,19692.330078125,0.0,0.0,1.0,0.0,15.770000457763672,4.421999931335449,0.0,0.5877852522924732,-0.8090169943749473,-0.8660254037844385,-0.5000000000000004,0,30.0,12598503.54171766,0.0,0.0,0.0,60.0,60.0,0.0027864330843619706,0.022291922249021753,0.008766042285845996,0.01613833295497118,-0.009713942265752154,0.03264444395771881
2024-08-29,13057336.656571247,13262360.479009204,12972560.311689278,13036456.5625,8317400,0.0,15.770000457763672,4.421999931335449,0.0,6061.47998046875,19692.330078125,0.0,0.0,1.0,0.0,15.770000457763672,4.421999931335449,0.0,-0.587785252292473,-0.8090169943749475,-0.8660254037844385,-0.5000000000000004,0,30.0,12612135.586798634,0.0,0.0,0.0,60.0,60.0,0.00596299371850494,0.016093489523320566,-0.012465640676515314,0.03255373515306874,-0.010574516768012665,0.02415966495829285
2024-08-30,13115198.567442654,13170290.766977038,12960488.68986722,13114192.87109375,9157500,0.0,15.770000457763672,4.421999931335449,0.0,6061.47998046875,19692.330078125,0.0,0.0,1.0,0.0,15.770000457763672,4.421999931335449,0.0,-0.9510565162951536,0.30901699437494723,-0.8660254037844385,-0.5000000000000004,0,30.0,12627762.987930648,0.0,0.0,0.0,60.0,60.0,-0.018319395952031484,0.03236076809618519,-0.01643948195886144,0.024016454988058298,-0.008536442599853518,0.0201032180253419
2024-09-03,13072179.937078035,13219343.225760924,12794957.871490814,12873948.779296875,12459100,0.0,15.770000457763672,4.421999931335449,0.0,6061.47998046875,19692.330078125,0.0,0.0,1.0,0.0,15.770000457763672,4.421999931335449,0.0,0.9510565162951535,0.30901699437494745,-1.0,-1.8369701987210297e-16,0,30.0,12635425.946391819,0.0,0.0,0.0,60.0,60.0,0.001914995554988256,0.024464632273497346,0.009965515577915947,0.020478369382512098,-0.022451878665411817,0.05144993564701104
2024-09-04,12730810.746101303,12995454.719779493,12680498.296986155,12898602.333984375,8335200,0.0,15.770000457763672,4.421999931335449,0.0,6061.47998046875,19692.330078125,0.0,0.0,1.0,0.0,15.770000457763672,4.421999931335449,0.0,0.5877852522924732,-0.8090169943749473,-1.0,-1.8369701987210297e-16,0,30.0,12643617.766540704,0.0,0.0,0.0,60.0,60.0,0.008035132779371455,0.020439228351072408,-0.02432030095218067,0.05135159756593074,-0.015504927538104243,0.01804033215023925
2024-09-05,12872941.736701947,13122239.984666688,12858602.506152706,13002244.31640625,8640900,0.0,15.770000457763672,4.421999931335449,0.0,6061.47998046875,19692.330078125,0.0,0.0,1.0,0.0,15.770000457763672,4.421999931335449,0.0,-0.587785252292473,-0.8090169943749475,-1.0,-1.8369701987210297e-16,0,30.0,12654780.638042923,0.0,0.0,0.0,60.0,60.0,-0.032097525849462384,0.0509422696650892,-0.023352420517894695,0.017896531146189464,-0.023352420517894695,0.02737684394452148
2024-09-06,13128530.866501024,13196452.981294248,12534089.145076508,12584904.443359375,14744500,0.0,15.770000457763672,4.421999931335449,0.0,6061.47998046875,19692.330078125,0.0,0.0,1.0,0.0,15.770000457763672,4.421999931335449,0.0,-0.9510565162951536,0.30901699437494723,-1.0,-1.8369701987210297e-16,0,30.0,12652605.620653361,0.0,0.0,0.0,60.0,60.0,0.009035110008622177,0.01849001487664967,0.009035110008622177,0.02828471325951334,0.023107496451359486,0.03502106669770584
2024-09-09,12733074.343259906,12863131.590517927,12630436.520138998,12698610.439453125,11047800,0.0,15.770000457763672,4.421999931335449,0.0,6061.47998046875,19692.330078125,0.0,0.0,1.0,0.0,15.770000457763672,4.421999931335449,0.0,0.0,1.0,-1.0,-1.8369701987210297e-16,0,30.0,12654037.600190116,0.0,0.0,0.0,60.0,60.0,0.0,0.028031446060654566,0.013946379370899256,0.03470748079064026,0.04122504225554225,0.022762042759417567
2024-09-10,12783386.790909404,12934826.981959866,12578866.568381071,12698610.439453125,9899000,0.0,15.770000457763672,4.421999931335449,0.0,6061.47998046875,19692.330078125,0.0,0.0,1.0,0.0,15.770000457763672,4.421999931335449,0.0,0.9510565162951535,0.30901699437494745,-1.0,-1.8369701987210297e-16,0,30.0,12655425.00688761,0.0,0.0,0.0,60.0,60.0,0.013946379370899256,0.03470748079064026,0.04122504225554225,0.022762042759417567,0.039283726563066244,0.020741362707237136
2024-09-11,12754457.659209076,12908161.82276379,12467425.044868646,12875710.078125,10782500,0.0,15.770000457763672,4.421999931335449,0.0,6061.47998046875,19692.330078125,0.0,0.0,1.0,0.0,15.770000457763672,4.421999931335449,0.0,0.5877852522924732,-0.8090169943749473,-1.0,-1.8369701987210297e-16,0,30.0,12662281.7606472,0.0,0.0,0.0,60.0,60.0,0.026903457066011695,0.022448961032377496,0.02498884330341757,0.020456074531383078,0.04290247153784098,0.03265905227066764
2024-09-12,13007025.775624461,13250035.767956033,12960989.454148015,13222111.19140625,11970500,0.0,15.770000457763672,4.421999931335449,0.0,6061.47998046875,19692.330078125,0.0,0.0,1.0,0.0,15.770000457763672,4.421999931335449,0.0,-0.587785252292473,-0.8090169943749475,-1.0,-1.8369701987210297e-16,0,30.0,12679707.4197376,0.0,0.0,0.0,60.0,60.0,-0.0018644535174362055,0.019920153535979493,0.01557986231494479,0.03180343005561451,0.021369272307654785,0.02195770273787852
2024-09-13,13089791.33067276,13271922.161500428,13008535.676497823,13197459.1796875,10321400,0.0,15.770000457763672,4.421999931335449,0.0,6061.47998046875,19692.330078125,0.0,0.0,1.0,0.0,15.770000457763672,4.421999931335449,0.0,-0.9510565162951536,0.30901699437494723,-1.0,-1.8369701987210297e-16,0,30.0,12695823.338563284,0.0,0.0,0.0,60.0,60.0,0.017476900701367544,0.03186283683382483,0.02327712494256596,0.02199871832563985,0.02638703937315349,0.019651963447370118
2024-09-16,13208033.426493024,13448756.293386722,13028247.804923275,13428109.86328125,9527600,0.0,15.770000457763672,4.421999931335449,0.0,6061.47998046875,19692.330078125,0.0,0.0,1.0,0.0,15.770000457763672,4.421999931335449,0.0,0.0,1.0,-1.0,-1.8369701987210297e-16,0,30.0,12718617.022916261,0.0,0.0,0.0,60.0,60.0,0.005700595499711299,0.021620852827691404,0.008757091847140712,0.01931440746598141,0.04841720026083634,0.029159140364671193
2024-09-17,13536887.97387624,13650198.983267654,13359871.796159578,13504658.0859375,11690800,0.0,15.770000457763672,4.421999931335449,0.0,6061.47998046875,19692.330078125,0.0,0.0,1.0,0.0,15.770000457763672,4.421999931335449,0.0,0.9510565162951535,0.30901699437494745,-1.0,-1.8369701987210297e-16,0,30.0,12743083.91022637,0.0,0.0,0.0,60.0,60.0,0.0030391712614137446,0.019204927940193264,0.04247447496031368,0.028993858107623605,0.04666978810121034,0.015289401286963829
2024-09-18,13523542.33584978,13703077.445933338,13443721.46053596,13545701.0546875,10323500,0.0,15.770000457763672,4.421999931335449,0.0,6061.47998046875,19692.330078125,0.0,0.0,1.0,0.0,15.770000457763672,4.421999931335449,0.0,0.5877852522924732,-0.8090169943749473,-1.0,-1.8369701987210297e-16,0,30.0,12768066.756734682,0.0,0.0,0.0,60.0,60.0,0.03931581620018531,0.028906007799437354,0.043498417698809404,0.015243074971574644,0.049186660053906,0.0215075883114983
2024-09-19,13849121.944776008,14153047.405335,13761495.264999356,14078261.34765625,15647000,0.0,15.770000457763672,4.421999931335449,0.0,6061.47998046875,19692.330078125,0.0,0.0,1.0,0.0,15.770000457763672,4.421999931335449,0.0,-0.587785252292473,-0.8090169943749475,-1.0,-1.8369701987210297e-16,0,30.0,12808848.828967879,0.0,0.0,0.0,60.0,60.0,0.004024379725034877,0.014666451461601384,0.009497444087601033,0.020693987309970532,0.0075658645708926615,0.024253262296024133
2024-09-20,14100924.930766655,14214235.934674602,14007757.797955463,14134917.6171875,22066800,0.0,15.770000457763672,4.421999931335449,0.0,6061.47998046875,19692.330078125,0.0,0.0,1.0,0.0,15.770000457763672,4.421999931335449,0.0,-0.9510565162951536,0.30901699437494723,-1.0,-1.8369701987210297e-16,0,30.0,12850125.013041666,0.0,0.0,0.0,60.0,60.0,0.00545112695775876,0.020611040655843287,0.003527289692734021,0.024156049181461314,0.012398620303906031,0.023443544023337683
2024-09-23,14340136.857694462,14452943.763825584,14161608.402150737,14211968.84765625,12830700,0.0,15.770000457763672,4.421999931335449,0.0,6061.47998046875,19692.330078125,0.0,0.0,1.0,0.0,15.770000457763672,4.421999931335449,0.0,0.0,1.0,-1.0,-1.8369701987210297e-16,0,30.0,12892514.757296769,0.0,0.0,0.0,60.0,60.0,-0.0019134070403260522,0.024025085390824933,0.006909827001903745,0.02331644313162384,0.006077325572874002,0.02666510312524183
2024-09-24,14269128.69937961,14296071.722630639,13954627.957493953,14184775.56640625,12993000,0.0,15.770000457763672,4.421999931335449,0.0,6061.47998046875,19692.330078125,0.0,0.0,1.0,0.0,15.770000457763672,4.421999931335449,0.0,0.9510565162951535,0.30901699437494745,-1.0,-1.8369701987210297e-16,0,30.0,12932738.609559936,0.0,0.0,0.0,60.0,60.0,0.008840148845267862,0.023361142506165198,0.008006051448406649,0.02671622213276157,0.007153788393580409,0.011236782390781118
2024-09-25,14202903.108198058,14525965.768506916,14194593.20508213,14310171.09375,16543400,0.0,15.770000457763672,4.421999931335449,0.0,6061.47998046875,19692.330078125,0.0,0.0,1.0,0.0,15.770000457763672,4.421999931335449,0.0,0.5877852522924732,-0.8090169943749473,-1.0,-1.8369701987210297e-16,0,30.0,12975613.577488996,0.0,0.0,0.0,60.0,60.0,-0.0008267884637778669,0.02648211628308144,-0.001671583405574892,0.011138318001759637,0.0072671773174445035,0.01738488677896275
2024-09-26,14497010.41616831,14539062.49838043,14160098.883444952,14298339.609375,14400800,0.0,15.770000457763672,4.421999931335449,0.0,6061.47998046875,19692.330078125,0.0,0.0,1.0,0.0,15.770000457763672,4.421999931335449,0.0,-0.587785252292473,-0.8090169943749475,-1.0,-1.8369701987210297e-16,1,30.0,13016785.7124916,0.0,0.0,0.0,60.0,60.0,-0.0008454939864712329,0.0111475346548118,0.008100663316201155,0.01739927229657569,0.015197848830207542,0.0227881126684714
2024-09-27,14355244.011907946,14373878.6672498,14214487.430948025,14286250.44921875,9398400,0.0,15.770000457763672,4.421999931335449,0.0,6061.47998046875,19692.330078125,0.0,0.0,1.0,0.0,15.770000457763672,4.421999931335449,0.0,-0.9510565162951536,0.30901699437494723,-1.0,-1.8369701987210297e-16,1,30.0,13056299.99758286,0.0,0.0,0.0,60.0,60.0,0.008953727625536279,0.017413995725241816,0.01605691884500348,0.022807396184792706,0.009605854322153828,0.011738530935223921
2024-09-30,14294811.64393669,14470569.093176888,14221788.388924459,14414165.64453125,12792300,0.0,15.770000457763672,4.421999931335449,0.0,6061.47998046875,19692.330078125,0.0,0.0,1.0,0.0,15.770000457763672,4.421999931335449,0.0,0.0,1.0,-1.0,-1.8369701987210297e-16,1,30.0,13098565.913867764,0.0,0.0,0.0,60.0,60.0,0.007040155583927319,0.022604997196915513,0.0006463395483480287,0.011634360044289926,0.018045590381080213,0.025557272095398702
2024-10-01,14553665.99905037,14681077.876472246,14355245.702481741,14515643.61328125,15259300,0.0,15.770000457763672,4.421999931335449,0.0,6061.47998046875,19692.330078125,0.0,0.0,1.0,0.0,15.770000457763672,4.421999931335449,0.0,0.9510565162951535,0.30901699437494745,-0.8660254037844386,0.5000000000000001,0,30.0,13142674.907675229,0.0,0.0,0.0,60.0,60.0,-0.006349117262232574,0.011553024951168705,0.01092849648162386,0.025378602783301566,0.03377458263296926,0.02674897864189216
2024-10-02,14475101.234660193,14503807.05497405,14336107.462127538,14423482.08984375,6524700,0.0,15.770000457763672,4.421999931335449,0.0,6061.47998046875,19692.330078125,0.0,0.0,1.0,0.0,15.770000457763672,4.421999931335449,0.0,0.5877852522924732,-0.8090169943749473,-0.8660254037844386,0.5000000000000001,0,30.0,13182542.245994229,0.0,0.0,0.0,60.0,60.0,0.017388012272733157,0.02554076408947265,0.04038007774385564,0.026919896219678028,0.020897151299701527,0.033012755323117274
2024-10-03,14356503.509761425,14689133.243063517,14320746.489658084,14674277.7734375,11581000,0.0,15.770000457763672,4.421999931335449,0.0,6061.47998046875,19692.330078125,0.0,0.0,1.0,0.0,15.770000457763672,4.421999931335449,0.0,-0.587785252292473,-0.8090169943749475,-0.8660254037844386,0.5000000000000001,0,30.0,13228975.093797566,0.0,0.0,0.0,60.0,60.0,0.022599111837145327,0.0264598126721996,0.0034491649052649422,0.03244853971629801,0.017365377631140922,0.013024052264774972
2024-10-04,14698452.316008244,15028816.746598883,14640538.105613904,15005903.41796875,14169500,0.0,15.770000457763672,4.421999931335449,0.0,6061.47998046875,19692.330078125,0.0,0.0,1.0,0.0,15.770000457763672,4.421999931335449,0.0,-0.9510565162951536,0.30901699437494723,-0.8660254037844386,0.5000000000000001,0,30.0,13284285.060554938,0.0,0.0,0.0,60.0,60.0,-0.018726739257064917,0.03173143741343835,-0.005118070361514167,0.012736224894012157,-0.009111759017289361,0.021445158490563606
2024-10-07,15063312.504431207,15182416.00618914,14706257.121049764,14724891.77734375,12014200,0.0,15.770000457763672,4.421999931335449,0.0,6061.47998046875,19692.330078125,0.0,0.0,1.0,0.0,15.770000457763672,4.421999931335449,0.0,0.0,1.0,-0.8660254037844386,0.5000000000000001,0,30.0,13329126.435714627,0.0,0.0,0.0,60.0,60.0,0.01386837840179956,0.01297928457193401,0.009798473701908401,0.0218544205253562,-0.0016247135008190632,0.013184375990536908
2024-10-08,14848525.130888397,14945972.466803987,14754853.90613491,14929102.1484375,7857400,0.0,15.770000457763672,4.421999931335449,0.0,6061.47998046875,19692.330078125,0.0,0.0,1.0,0.0,15.770000457763672,4.421999931335449,0.0,0.9510565162951535,0.30901699437494745,-0.8660254037844386,0.5000000000000001,0,30.0,13378928.446453908,0.0,0.0,0.0,60.0,60.0,-0.004014233786743314,0.021555480958786958,-0.015281166897660809,0.013004031165583798,-0.004958674269319533,0.014336555799142357
2024-10-09,14956799.92355368,14966872.627175014,14645068.650082584,14869173.2421875,9529700,0.0,15.770000457763672,4.421999931335449,0.0,6061.47998046875,19692.330078125,0.0,0.0,1.0,0.0,15.770000457763672,4.421999931335449,0.0,0.5877852522924732,-0.8090169943749473,-0.8660254037844386,0.5000000000000001,0,30.0,13425314.892655006,0.0,0.0,0.0,60.0,60.0,-0.011312343502412125,0.013056442779323238,-0.0009482469675917038,0.014394338037229207,-0.00015243760072140654,0.01717151891287486
2024-10-10,14795141.822326342,14862120.530269824,14667982.020657359,14700968.046875,7740400,0.0,15.770000457763672,4.421999931335449,0.0,6061.47998046875,19692.330078125,0.0,0.0,1.0,0.0,15.770000457763672,4.421999931335449,0.0,-0.587785252292473,-0.8090169943749475,-0.8660254037844386,0.5000000000000001,0,30.0,13465021.802941753,0.0,0.0,0.0,60.0,60.0,0.010482680214229727,0.014559034840407482,0.011287595054260644,0.017367991599798793,0.00417928074262499,0.017933251402598743
2024-10-11,14726150.968626346,14886800.922184454,14672769.016202284,14855073.59375,8587100,0.0,15.770000457763672,4.421999931335449,0.0,6061.47998046875,19692.330078125,0.0,0.0,1.0,0.0,15.770000457763672,4.421999931335449,0.0,-0.9510565162951536,0.30901699437494723,-0.8660254037844386,0.5000000000000001,0,30.0,13508289.56861063,0.0,0.0,0.0,60.0,60.0,0.000796564706938142,0.017187817208422267,-0.006238008424121005,0.0177472130435692,-0.022307239442635293,0.01364520031134742
2024-10-14,14962591.159751987,15110650.99182859,14855324.702281555,14866906.62109375,8252000,0.0,15.770000457763672,4.421999931335449,0.0,6061.47998046875,19692.330078125,0.0,0.0,1.0,0.0,15.770000457763672,4.421999931335449,0.0,0.0,1.0,-0.8660254037844386,0.5000000000000001,0,30.0,13550578.873692134,0.0,0.0,0.0,60.0,60.0,-0.0070289740983664065,0.017733087491928083,-0.02308541512264172,0.013634339677557871,-0.022848057774459873,0.016547473768253176
2024-10-15,14860357.403643088,14871688.809595367,14608052.653749187,14762407.51953125,9564200,0.0,15.770000457763672,4.421999931335449,0.0,6061.47998046875,19692.330078125,0.0,0.0,1.0,0.0,15.770000457763672,4.421999931335449,0.0,0.9510565162951535,0.30901699437494745,-0.8660254037844386,0.5000000000000001,0,30.0,13588299.135790076,0.0,0.0,0.0,60.0,60.0,-0.016170100240030478,0.013730853491095244,-0.015931062703193666,0.01666460887237652,-0.016715695317550447,0.014873646096804504
2024-10-16,14639779.887345765,14656902.251777168,14454201.796950642,14523697.91015625,11268400,0.0,15.770000457763672,4.421999931335449,0.0,6061.47998046875,19692.330078125,0.0,0.0,1.0,0.0,15.770000457763672,4.421999931335449,0.0,0.5877852522924732,-0.8090169943749473,-0.8660254037844386,0.5000000000000001,0,30.0,13617415.040135408,0.0,0.0,0.0,60.0,60.0,0.0002429663266944139,0.016938506215802424,-0.0005545624072342985,0.015118107409048363,-0.002825824802686802,0.014095262695429938
2024-10-17,14688380.730610397,14729675.130601315,14483665.383273697,14527226.6796875,8701200,0.0,15.770000457763672,4.421999931335449,0.0,6061.47998046875,19692.330078125,0.0,0.0,1.0,0.0,15.770000457763672,4.421999931335449,0.0,-0.587785252292473,-0.8090169943749475,-0.8660254037844386,0.5000000000000001,0,30.0,13645734.500664335,0.0,0.0,0.0,60.0,60.0,-0.0007973350083705838,0.01511443511026956,-0.003068045697587942,0.01409183885310743,0.008805310270273944,0.019777156539746547
2024-10-18,14632228.178344864,14704495.301369742,14484924.476387428,14515643.61328125,7694300,0.0,15.770000457763672,4.421999931335449,0.0,6061.47998046875,19692.330078125,0.0,0.0,1.0,0.0,15.770000457763672,4.421999931335449,0.0,-0.9510565162951536,0.30901699437494723,-0.8660254037844386,0.5000000000000001,0,30.0,13672811.926042885,0.0,0.0,0.0,60.0,60.0,-0.002272522651084383,0.014103083735495722,0.009610307913585251,0.019792938142245874,-0.022169399720885448,0.03903065232839042
2024-10-21,14504564.69246469,14535031.778902434,14330316.441549715,14482656.484375,8171900,0.0,15.770000457763672,4.421999931335449,0.0,6061.47998046875,19692.330078125,0.0,0.0,1.0,0.0,15.770000457763672,4.421999931335449,0.0,0.0,1.0,-0.8660254037844386,0.5000000000000001,0,30.0,13698019.73830559,0.0,0.0,0.0,60.0,60.0,0.011909896073268197,0.019838020493169278,-0.019942196162292244,0.039119552397313594,-0.012831139409782076,0.012796414066307027
2024-10-22,14460751.276223037,14693417.852866448,14406110.616733886,14655143.41796875,8544500,0.0,15.770000457763672,4.421999931335449,0.0,6061.47998046875,19692.330078125,0.0,0.0,1.0,0.0,15.770000457763672,4.421999931335449,0.0,0.9510565162951535,0.30901699437494745,-0.8660254037844386,0.5000000000000001,0,30.0,13727811.867895035,0.0,0.0,0.0,60.0,60.0,-0.031477202030697565,0.03865912622172944,-0.024449840424585468,0.012645803856611846,-0.0150513522980639,0.016443027950260706
2024-10-23,14603773.754771415,14730431.019012835,14163875.979820034,14193840.5078125,14248400,0.0,15.770000457763672,4.421999931335449,0.0,6061.47998046875,19692.330078125,0.0,0.0,1.0,0.0,15.770000457763672,4.421999931335449,0.0,0.5877852522924732,-0.8090169943749473,-0.8660254037844386,0.5000000000000001,0,30.0,13742317.81517,0.0,0.0,0.0,60.0,60.0,0.007255752389976091,0.013056795238198056,0.016959693429079492,0.01697742994252353,0.025669944470328773,0.017083864383905044
2024-10-24,14280459.7405877,14324525.130059013,14139199.060904864,14296827.5,7184700,0.0,15.770000457763672,4.421999931335449,0.0,6061.47998046875,19692.330078125,0.0,0.0,1.0,0.0,15.770000457763672,4.421999931335449,0.0,-0.587785252292473,-0.8090169943749475,-0.8660254037844386,0.5000000000000001,0,30.0,13759577.887969444,0.0,0.0,0.0,60.0,60.0,0.009634038838773847,0.01685513326902345,0.018281545711364987,0.016960801011430448,0.04491186506237135,0.03217788474928183
2024-10-25,14451686.05963696,14637012.14306469,14396037.210227951,14434563.69140625,11337900,0.0,15.770000457763672,4.421999931335449,0.0,6061.47998046875,19692.330078125,0.0,0.0,1.0,0.0,15.770000457763672,4.421999931335449,0.0,-0.9510565162951536,0.30901699437494723,-0.8660254037844386,0.5000000000000001,0,30.0,13780587.988288037,0.0,0.0,0.0,60.0,60.0,0.008564991412667734,0.016798959186179813,0.034941201332883094,0.03187083984043474,0.03235917592823306,0.02061928569178187
2024-10-28,14654888.328398207,14698953.714265386,14456468.067943139,14558195.60546875,10925100,0.0,15.770000457763672,4.421999931335449,0.0,6061.47998046875,19692.330078125,0.0,0.0,1.0,0.0,15.770000457763672,4.421999931335449,0.0,0.0,1.0,-0.8660254037844386,0.5000000000000001,0,30.0,13804792.37001323,0.0,0.0,0.0,60.0,60.0,0.02615221641123094,0.03160018453128556,0.023592118225556787,0.020444181453196222,-0.018299270231585285,0.04650964834739032
2024-10-29,14608308.208932016,14948743.807262603,14488702.13968724,14938924.6875,13019100,0.0,15.770000457763672,4.421999931335449,0.0,6061.47998046875,19692.330078125,0.0,0.0,1.0,0.0,15.770000457763672,4.421999931335449,0.0,0.9510565162951535,0.30901699437494745,-0.8660254037844386,0.5000000000000001,0,30.0,13840094.19953858,0.0,0.0,0.0,60.0,60.0,-0.0024948522692155783,0.019923147001227357,-0.04331860900547163,0.04532431700050196,-0.0440266285585858,0.018726374666943203
2024-10-30,15132808.518548122,15138348.966269555,14840718.573680228,14901654.27734375,26864900,0.0,15.770000457763672,4.421999931335449,0.0,6061.47998046875,19692.330078125,0.0,0.0,1.0,0.0,15.770000457763672,4.421999931335449,0.0,0.5877852522924732,-0.8090169943749473,-0.8660254037844386,0.5000000000000001,0,30.0,13873137.092611795,0.0,0.0,0.0,60.0,60.0,-0.0409258607127248,0.0454376772928038,-0.04163565108796731,0.018773211055144592,-0.05258526777527881,0.018249389449540295
2024-10-31,14730430.29970973,14853814.005860537,14176717.447677663,14291791.25,26838400,0.0,15.770000457763672,4.421999931335449,0.0,6061.47998046875,19692.330078125,0.0,0.0,1.0,0.0,15.770000457763672,4.421999931335449,0.0,-0.587785252292473,-0.8090169943749475,-0.8660254037844386,0.5000000000000001,0,30.0,13886168.427198,0.0,0.0,0.0,60.0,60.0,-0.0007400787344448513,0.0195743063920957,-0.0121569403083046,0.019028132134917244,0.00854496742142102,0.011998303467236321
2024-11-01,14292545.606626159,14445137.69224389,14165385.791424518,14281214.19921875,15303200,0.0,15.770000457763672,4.421999931335449,0.0,6061.47998046875,19692.330078125,0.0,0.0,1.0,0.0,15.770000457763672,4.421999931335449,0.0,-0.9510565162951536,0.30901699437494723,-0.5000000000000004,0.8660254037844384,0,30.0,13898464.90996598,0.0,0.0,0.0,60.0,60.0,-0.011425317208159796,0.019042224880607896,0.00929192291041397,0.012007189733018172,0.008621955421285951,0.03143736926162058
2024-11-04,14204162.726461986,14319740.622571956,14047794.530222302,14118046.796875,12064600,0.0,15.770000457763672,4.421999931335449,0.0,6061.47998046875,19692.330078125,0.0,0.0,1.0,0.0,15.770000457763672,4.421999931335449,0.0,0.0,1.0,-0.5000000000000004,0.8660254037844384,0,30.0,13905299.775897404,0.0,0.0,0.0,60.0,60.0,0.02095667679862696,0.012145961192439795,0.020278966251522965,0.031800702373682176,0.05532592401860387,0.03493966258966484
2024-11-05,14284739.480198486,14440353.066066016,14268875.817558123,14413914.140625,9775400,0.0,15.770000457763672,4.421999931335449,0.0,6061.47998046875,19692.330078125,0.0,0.0,1.0,0.0,15.770000457763672,4.421999931335449,0.0,0.9510565162951535,0.30901699437494745,-0.5000000000000004,0.8660254037844384,0,30.0,13921131.277496394,0.0,0.0,0.0,60.0,60.0,-0.0006637995152047663,0.031147944958250694,0.03366376654467571,0.03422247327792962,0.029540951752126707,0.01498865802424218
2024-11-06,14170170.425993497,14428267.71051848,13979303.90623334,14404346.19140625,18305400,0.0,15.770000457763672,4.421999931335449,0.0,6061.47998046875,19692.330078125,0.0,0.0,1.0,0.0,15.770000457763672,4.421999931335449,0.0,0.5877852522924732,-0.8090169943749473,-0.5000000000000004,0.8660254037844384,0,30.0,13936172.177267907,0.0,0.0,0.0,60.0,60.0,0.034350367817384764,0.03424520522855842,0.03022481448453346,0.014998614097008518,0.019438753785961615,0.018337539457008712
2024-11-07,14526221.676901136,14977198.871026007,14483919.079518097,14899140.78125,14653700,0.0,15.770000457763672,4.421999931335449,0.0,6061.47998046875,19692.330078125,0.0,0.0,1.0,0.0,15.770000457763672,4.421999931335449,0.0,-0.587785252292473,-0.8090169943749475,-0.5000000000000004,0.8660254037844384,0,30.0,13966146.240233833,0.0,0.0,0.0,60.0,60.0,-0.003988545333586298,0.014500516037575899,-0.014416405209859994,0.017728557003081395,-0.011627716713655709,0.032584019038115426
2024-11-08,14895110.149821475,14934391.240418585,14718346.010573968,14839714.8828125,9415700,0.0,15.770000457763672,4.421999931335449,0.0,6061.47998046875,19692.330078125,0.0,0.0,1.0,0.0,15.770000457763672,4.421999931335449,0.0,-0.9510565162951536,0.30901699437494723,-0.5000000000000004,0.8660254037844384,0,30.0,13993337.574810509,0.0,0.0,0.0,60.0,60.0,-0.010469618423983102,0.017799551320440466,-0.007669762575800836,0.03271450231365917,-0.015848277924371868,0.017765689250717233
2024-11-11,14764673.695184695,14780789.405124642,14516649.138487317,14684348.73046875,10209100,0.0,15.770000457763672,4.421999931335449,0.0,6061.47998046875,19692.330078125,0.0,0.0,1.0,0.0,15.770000457763672,4.421999931335449,0.0,0.0,1.0,-0.5000000000000004,0.8660254037844384,0,30.0,14014846.491928061,0.0,0.0,0.0,60.0,60.0,0.0028294794180275286,0.033060634542170446,-0.005435567821396467,0.017953657190820118,-0.010305618031836897,0.01328943762067251
2024-11-12,14819567.48224237,15099571.4313262,14614097.544458387,14725897.79296875,16287700,0.0,15.770000457763672,4.421999931335449,0.0,6061.47998046875,19692.330078125,0.0,0.0,1.0,0.0,15.770000457763672,4.421999931335449,0.0,0.9510565162951535,0.30901699437494745,-0.5000000000000004,0.8660254037844384,0,30.0,14036979.193224099,0.0,0.0,0.0,60.0,60.0,-0.008241727441259958,0.01790300101791899,-0.013098036824253634,0.01325194152487896,-0.052563147057803475,0.036028192345889894
2024-11-13,14670250.977486927,14746547.79932645,14482910.03614916,14604530.95703125,10757600,0.0,15.770000457763672,4.421999931335449,0.0,6061.47998046875,19692.330078125,0.0,0.0,1.0,0.0,15.770000457763672,4.421999931335449,0.0,0.5877852522924732,-0.8090169943749473,-0.5000000000000004,0.8660254037844384,0,30.0,14054645.223284092,0.0,0.0,0.0,60.0,60.0,-0.00489666637260749,0.013362068047780333,-0.04468974027531335,0.036327594478175636,-0.04413793030586204,0.016913788162188866
2024-11-14,14528989.281783603,14623667.17014438,14428520.433690613,14533017.44140625,11053700,0.0,15.770000457763672,4.421999931335449,0.0,6061.47998046875,19692.330078125,0.0,0.0,1.0,0.0,15.770000457763672,4.421999931335449,0.0,-0.587785252292473,-0.8090169943749475,-0.5000000000000004,0.8660254037844384,0,30.0,14069535.385775214,0.0,0.0,0.0,60.0,60.0,-0.03998888613672961,0.03650635391377171,-0.03943436084191443,0.016997016883195448,-0.027843051611196972,0.018764326331134642
2024-11-15,14383446.111937428,14417440.334801767,13886892.856650773,13951858.26171875,17712900,0.0,15.770000457763672,4.421999931335449,0.0,6061.47998046875,19692.330078125,0.0,0.0,1.0,0.0,15.770000457763672,4.421999931335449,0.0,-0.9510565162951536,0.30901699437494723,-0.5000000000000004,0.8660254037844384,0,30.0,14065872.481801469,0.0,0.0,0.0,60.0,60.0,0.0005776238283155558,0.01770502095001397,0.012651764495366568,0.019545946979325438,0.020646927628478723,0.02192817648393402
2024-11-18,14026391.812675562,14098408.423340756,13851390.4805254,13959917.1875,14327300,0.0,15.770000457763672,4.421999931335449,0.0,6061.47998046875,19692.330078125,0.0,0.0,1.0,0.0,15.770000457763672,4.421999931335449,0.0,0.0,1.0,-0.5000000000000004,0.8660254037844384,0,30.0,14062574.440048257,0.0,0.0,0.0,60.0,60.0,0.012067170381898085,0.019534663292329668,0.020057717984313796,0.0219155175587822,0.015674378608755625,0.03778861214973003
2024-11-19,13895959.35230267,14136934.303030191,13864232.021183573,14128373.88671875,9522400,0.0,15.770000457763672,4.421999931335449,0.0,6061.47998046875,19692.330078125,0.0,0.0,1.0,0.0,15.770000457763672,4.421999931335449,0.0,0.9510565162951535,0.30901699437494745,-0.5000000000000004,0.8660254037844384,0,30.0,14064622.561606394,0.0,0.0,0.0,60.0,60.0,0.007895273986014703,0.02165421248721317,0.003564198437042851,0.03733804756799956,-0.0034754101869718915,0.016467927955355555
2024-11-20,14174703.810848854,14260819.749634068,13954880.939392267,14239921.26953125,9797300,0.0,15.770000457763672,4.421999931335449,0.0,6061.47998046875,19692.330078125,0.0,0.0,1.0,0.0,15.770000457763672,4.421999931335449,0.0,0.5877852522924732,-0.8090169943749473,-0.5000000000000004,0.8660254037844384,0,30.0,14070079.037017386,0.0,0.0,0.0,60.0,60.0,-0.004297148385112827,0.03704556270051293,-0.011281612749326545,0.01633892764496092,-0.0007251126378832779,0.02864622072352009
2024-11-21,14340638.838838479,14352724.852176001,13825198.955935214,14178730.21484375,11154700,0.0,15.770000457763672,4.421999931335449,0.0,6061.47998046875,19692.330078125,0.0,0.0,1.0,0.0,15.770000457763672,4.421999931335449,0.0,-0.587785252292473,-0.8090169943749475,-0.5000000000000004,0.8660254037844384,0,30.0,14073460.992807038,0.0,0.0,0.0,60.0,60.0,-0.007014607172095491,0.01640944144978748,0.0035874515589025572,0.028769849033835778,0.018558309364210563,0.021843734092777404
2024-11-22,14190316.113075785,14197367.314086612,13964702.270793801,14079271.9921875,9164000,0.0,15.770000457763672,4.421999931335449,0.0,6061.47998046875,19692.330078125,0.0,0.0,1.0,0.0,15.770000457763672,4.421999931335449,0.0,-0.9510565162951536,0.30901699437494723,-0.5000000000000004,0.8660254037844384,0,30.0,14073641.870211145,0.0,0.0,0.0,60.0,60.0,0.010676953364645822,0.028973083835506043,0.025753567696980336,0.021998041713956175,0.017991858227155592,0.019458461262552306
2024-11-25,14153803.004076973,14417944.839373874,14010024.911601333,14229595.72265625,13599800,0.0,15.770000457763672,4.421999931335449,0.0,6061.47998046875,19692.330078125,0.0,0.0,1.0,0.0,15.770000457763672,4.421999931335449,0.0,0.0,1.0,-0.5000000000000004,0.8660254037844384,0,30.0,14078496.203544172,0.0,0.0,0.0,60.0,60.0,0.014917342561481136,0.02176565087461673,0.007237629034834241,0.01925289895824093,0.016297596055786574,0.020456187455397522
2024-11-26,14252005.162480012,14541577.705533933,14231861.292947657,14441863.4765625,10356600,0.0,15.770000457763672,4.421999931335449,0.0,6061.47998046875,19692.330078125,0.0,0.0,1.0,0.0,15.770000457763672,4.421999931335449,0.0,0.9510565162951535,0.30901699437494745,-0.5000000000000004,0.8660254037844384,0,30.0,14089806.638252188,0.0,0.0,0.0,60.0,60.0,-0.007566836435432846,0.01896991819023394,0.0013599664095027774,0.020155520649365925,0.033633446904257465,0.03300553786967711
2024-11-27,14475859.798342446,14478125.157921327,14204164.18925641,14332584.2578125,7200200,0.0,15.770000457763672,4.421999931335449,0.0,6061.47998046875,19692.330078125,0.0,0.0,1.0,0.0,15.770000457763672,4.421999931335449,0.0,0.5877852522924732,-0.8090169943749473,-0.5000000000000004,0.8660254037844384,0,30.0,14097363.511472484,0.0,0.0,0.0,60.0,60.0,0.008994865521092445,0.020309197021361546,0.041514416136306236,0.033257189583558076,0.07809211488124727,0.04031976894395736
2024-11-29,14327544.972892217,14565750.403925223,14274667.126408044,14461503.92578125,7130500,0.0,15.770000457763672,4.421999931335449,0.0,6061.47998046875,19692.330078125,0.0,0.0,1.0,0.0,15.770000457763672,4.421999931335449,0.0,-0.9510565162951536,0.30901699437494723,-0.5000000000000004,0.8660254037844384,0,30.0,14108698.011540081,0.0,0.0,0.0,60.0,60.0,0.03222964925437868,0.032960712407968995,0.06848126954984034,0.03996033113918209,0.0687075694378427,0.02207838107290852
2024-12-02,14541579.84780489,14969643.670164512,14492982.198280122,14927593.125,12522400,0.0,15.770000457763672,4.421999931335449,0.0,6061.47998046875,19692.330078125,0.0,0.0,1.0,0.0,15.770000457763672,4.421999931335449,0.0,0.0,1.0,-2.4492935982947064e-16,1.0,0,30.0,14134187.537981374,0.0,0.0,0.0,60.0,60.0,0.035119723911871424,0.03871263644485223,0.03533895796329189,0.021389020446037982,0.02715773440368338,0.02167575035141135
2024-12-03,14982234.251418484,15465694.890940899,14887808.405296098,15451846.07421875,14907200,0.0,15.770000457763672,4.421999931335449,0.0,6061.47998046875,19692.330078125,0.0,0.0,1.0,0.0,15.770000457763672,4.421999931335449,0.0,0.9510565162951535,0.30901699437494745,-2.4492935982947064e-16,1.0,0,30.0,14175201.938419193,0.0,0.0,0.0,60.0,60.0,0.00021179583999418434,0.020663330001292692,-0.007691853728859984,0.020940331684044685,0.016491416676510863,0.03464506905885614
2024-12-04,15434470.742716447,15555839.607501322,15236553.012940561,15455118.7109375,14697000,0.0,15.770000457763672,4.421999931335449,0.0,6061.47998046875,19692.330078125,0.0,0.0,1.0,0.0,15.770000457763672,4.421999931335449,0.0,0.5877852522924732,-0.8090169943749473,-2.4492935982947064e-16,1.0,0,30.0,14215041.561198132,0.0,0.0,0.0,60.0,60.0,-0.007901975963217425,0.020935897548037465,0.016276173610654917,0.0346377329311145,-0.0003421360912943287,0.03295975982393995
2024-12-05,15538212.162928153,15609220.574951228,15285653.793026283,15332992.734375,8081200,0.0,15.770000457763672,4.421999931335449,0.0,6061.47998046875,19692.330078125,0.0,0.0,1.0,0.0,15.770000457763672,4.421999931335449,0.0,-0.587785252292473,-0.8090169943749475,-2.4492935982947064e-16,1.0,0,30.0,14249839.724626373,0.0,0.0,0.0,60.0,60.0,0.024370726468633634,0.0349136195132975,0.007620053350335885,0.03322228149374678,0.01706272870826898,0.02110264993103792
2024-12-06,15362454.135645503,15858252.810520627,15322922.536192503,15706668.90625,16935500,0.0,15.770000457763672,4.421999931335449,0.0,6061.47998046875,19692.330078125,0.0,0.0,1.0,0.0,15.770000457763672,4.421999931335449,0.0,-0.9510565162951536,0.30901699437494723,-2.4492935982947064e-16,1.0,0,30.0,14295186.05205596,0.0,0.0,0.0,60.0,60.0,-0.016352159121183804,0.032431892707707174,-0.007134133738434613,0.020600598382761466,0.014283985322675587,0.027045214133400868
2024-12-09,15710445.67304301,15772893.676603142,15263496.675840162,15449830.95703125,11426000,0.0,15.770000457763672,4.421999931335449,0.0,6061.47998046875,19692.330078125,0.0,0.0,1.0,0.0,15.770000457763672,4.421999931335449,0.0,0.0,1.0,-2.4492935982947064e-16,1.0,0,30.0,14331126.37133729,0.0,0.0,0.0,60.0,60.0,0.009371265812481804,0.02094306267612641,0.03114543962856491,0.02749481370206433,0.02806506106278254,0.015401583675974039
2024-12-10,15550297.992622938,15752495.915010309,15428929.136941645,15594615.4296875,10938900,0.0,15.770000457763672,4.421999931335449,0.0,6061.47998046875,19692.330078125,0.0,0.0,1.0,0.0,15.770000457763672,4.421999931335449,0.0,0.9510565162951535,0.30901699437494745,-2.4492935982947064e-16,1.0,0,30.0,14370454.653105916,0.0,0.0,0.0,60.0,60.0,0.021572016713350992,0.027239544688180413,0.018520237184732394,0.015258591360411584,0.0016631228795405907,0.022912231350863302
2024-12-11,15696594.928090727,16075054.403969144,15650264.180077184,15931022.734375,10837200,0.0,15.770000457763672,4.421999931335449,0.0,6061.47998046875,19692.330078125,0.0,0.0,1.0,0.0,15.770000457763672,4.421999931335449,0.0,0.5877852522924732,-0.8090169943749473,-2.4492935982947064e-16,1.0,0,30.0,14419030.033172453,0.0,0.0,0.0,60.0,60.0,-0.002987336652424097,0.014936383447054702,-0.019488487848230436,0.022428405414409838,-0.012544218277417463,0.019883901388526522
2024-12-12,15901309.91683586,16031239.183872662,15793287.319608292,15883431.40625,7474700,0.0,15.770000457763672,4.421999931335449,0.0,6061.47998046875,19692.330078125,0.0,0.0,1.0,0.0,15.770000457763672,4.421999931335449,0.0,-0.587785252292473,-0.8090169943749475,-2.4492935982947064e-16,1.0,0,30.0,14464612.05815489,0.0,0.0,0.0,60.0,60.0,-0.016550593390059834,0.02249560736681527,-0.009585516790634454,0.019943479275142017,-0.01720106484586469,0.025115788257219947
2024-12-13,15793539.20564995,15890736.037370611,15533428.600817868,15620551.19140625,8453300,0.0,15.770000457763672,4.421999931335449,0.0,6061.47998046875,19692.330078125,0.0,0.0,1.0,0.0,15.770000457763672,4.421999931335449,0.0,-0.9510565162951536,0.30901699437494723,-2.4492935982947064e-16,1.0,0,30.0,14500592.662529295,0.0,0.0,0.0,60.0,60.0,0.00708229274694951,0.02027911058880946,-0.0006614183215048175,0.025538465007363086,-0.03655719120056809,0.05007659788924689
2024-12-16,15875831.321446102,15905317.052565113,15588546.167496426,15731180.5078125,10885600,0.0,15.770000457763672,4.421999931335449,0.0,6061.47998046875,19692.330078125,0.0,0.0,1.0,0.0,15.770000457763672,4.421999931335449,0.0,0.0,1.0,-2.4492935982947064e-16,1.0,0,30.0,14538896.837148374,0.0,0.0,0.0,59.0,60.0,-0.007689253523991903,0.025358866093955004,-0.04333258986064105,0.0497244348847167,-0.045927780357373,0.026464213289604233
2024-12-17,15779818.581124892,15936062.205856025,15537137.305858573,15610219.47265625,12897800,0.0,15.770000457763672,4.421999931335449,0.0,6061.47998046875,19692.330078125,0.0,0.0,1.0,0.0,15.770000457763672,4.421999931335449,0.0,0.9510565162951535,0.30901699437494745,-2.4492935982947064e-16,1.0,0,30.0,14572243.606711518,0.0,0.0,0.0,58.0,60.0,-0.03591953071477789,0.0501097413902883,-0.03853483091781232,0.026669280145948798,-0.05519510076254796,0.03730786395807265
2024-12-18,15649532.397915408,15809807.433035446,15027583.372214999,15049507.71484375,17075500,0.0,15.770000457763672,4.421999931335449,0.0,6061.47998046875,19692.330078125,0.0,0.0,1.0,0.0,15.770000457763672,4.421999931335449,0.0,0.5877852522924732,-0.8090169943749473,-2.4492935982947064e-16,1.0,0,30.0,14587099.277363058,0.0,0.0,0.0,57.0,60.0,-0.0027127405713067115,0.027662919222626342,-0.01999373564953676,0.03869787341064282,0.004454045452937657,0.02484975513259871
2024-12-19,15382154.405275088,15410631.131907238,14994317.815651223,15008682.3046875,14958100,0.0,15.770000457763672,4.421999931335449,0.0,6061.47998046875,19692.330078125,0.0,0.0,1.0,0.0,15.770000457763672,4.421999931335449,0.0,-0.587785252292473,-0.8090169943749475,-2.4492935982947064e-16,1.0,0,30.0,14600221.778090635,0.0,0.0,0.0,56.0,60.0,-0.017328001450785255,0.03880313625264933,0.007186280539019358,0.024917349437346827,0.02045101410012762,0.014624579961241382
2024-12-20,14882931.106568886,15198692.983046813,14616309.038605297,14748611.8359375,48989400,0.0,15.770000457763672,4.421999931335449,0.0,6061.47998046875,19692.330078125,0.0,0.0,1.0,0.0,15.770000457763672,4.421999931335449,0.0,-0.9510565162951536,0.30901699437494723,-2.4492935982947064e-16,1.0,0,30.0,14604840.675237466,0.0,0.0,0.0,55.0,60.0,0.024946555947454197,0.025356730907295618,0.038445193927056635,0.014882463307016624,0.03092703801416819,0.012575798798939912
2024-12-23,14858233.44639279,15147788.858779052,14773812.27719903,15116538.90625,10205800,0.0,15.770000457763672,4.421999931335449,0.0,6061.47998046875,19692.330078125,0.0,0.0,1.0,0.0,15.770000457763672,4.421999931335449,0.0,0.0,1.0,-2.4492935982947064e-16,1.0,0,30.0,14620768.167507201,0.0,0.0,0.0,54.0,60.0,0.013170089602500672,0.014520233489890962,0.005834920886373119,0.012269711748350549,-6.655065893318069e-05,0.02008833781928393
2024-12-24,15188865.649341911,15321672.960399125,15102177.285921354,15315625.078125,4726100,0.0,15.770000457763672,4.421999931335449,0.0,6061.47998046875,19692.330078125,0.0,0.0,1.0,0.0,15.770000457763672,4.421999931335449,0.0,0.9510565162951535,0.30901699437494745,-2.4492935982947064e-16,1.0,0,30.0,14642396.790397957,0.0,0.0,0.0,53.0,60.0,-0.007239819642726894,0.01211021907798754,-0.013064578590774442,0.019827211665086986,-0.027165921357039782,0.01869186974058358
2024-12-26,15258419.979341976,15279084.603347184,15093609.02833477,15204742.71484375,6081400,0.0,15.770000457763672,4.421999931335449,0.0,6061.47998046875,19692.330078125,0.0,0.0,1.0,0.0,15.770000457763672,4.421999931335449,0.0,-0.587785252292473,-0.8090169943749475,-2.4492935982947064e-16,1.0,0,30.0,14659900.779705882,0.0,0.0,0.0,52.0,60.0,-0.005867236683436821,0.019971803923432545,-0.020071415139900062,0.01882818238525318,-0.02956816541310808,0.016773010305176164
2024-12-27,15105452.061341682,15166941.42848528,14863275.288278181,15115532.890625,8084200,0.0,15.770000457763672,4.421999931335449,0.0,6061.47998046875,19692.330078125,0.0,0.0,1.0,0.0,15.770000457763672,4.421999931335449,0.0,-0.9510565162951536,0.30901699437494723,-2.4492935982947064e-16,1.0,1,30.0,14674083.117038077,0.0,0.0,0.0,51.0,60.0,-0.014288009590465719,0.018939303763050502,-0.02384080839525066,0.01687200233620618,-0.0009502474175196675,0.028492300918949633
2024-12-30,14836812.934324753,15043205.349025061,14756927.680069134,14899562.01171875,7025900,0.0,15.770000457763672,4.421999931335449,0.0,6061.47998046875,19692.330078125,0.0,0.0,1.0,0.0,15.770000457763672,4.421999931335449,0.0,0.0,1.0,-2.4492935982947064e-16,1.0,1,30.0,14681101.537533509,0.0,0.0,0.0,50.0,60.0,-0.009691267731070246,0.017116563966312677,0.01353109458210466,0.028905300124341515,0.02264751188975216,0.022139958794981845
2024-12-31,14925522.239968454,14968361.921508916,14713332.61526529,14755166.3671875,6019500,0.0,15.770000457763672,4.421999931335449,0.0,6061.47998046875,19692.330078125,0.0,0.0,1.0,0.0,15.770000457763672,4.421999931335449,0.0,0.9510565162951535,0.30901699437494745,-2.4492935982947064e-16,1.0,1,30.0,14683406.93342952,0.0,0.0,0.0,49.0,60.0,0.02344961884761873,0.029188170499229674,0.032655250395227695,0.0223566228122176,0.07632657739195105,0.04332973577277936
2025-01-02,14861259.792496141,15244056.007216891,14813379.695546923,15101169.39453125,12682300,0.0,15.770000457763672,4.421999931335449,0.0,6061.47998046875,19692.330078125,0.0,0.0,1.0,0.0,15.770000457763672,4.421999931335449,0.0,-0.587785252292473,-0.8090169943749475,0.49999999999999994,0.8660254037844387,0,30.0,14696410.512426885,0.743,1.0,0.0,48.0,60.0,0.008994709048770078,0.021844380417465645,0.05166542404292513,0.04233695042220805,0.03112274367235113,0.03983377991742442
2025-01-03,15240276.21222092,15359726.505310077,15029850.816307347,15237000.01953125,11436800,0.0,15.770000457763672,4.421999931335449,0.0,6061.47998046875,19692.330078125,0.0,0.0,1.0,0.0,15.770000457763672,4.421999931335449,0.0,-0.9510565162951536,0.30901699437494723,0.49999999999999994,0.8660254037844387,0,30.0,14713237.295623822,0.0,0.0,0.0,47.0,60.0,0.04229032581784584,0.04195953659868169,0.021930773694980282,0.039478680671158055,0.010072081156692897,0.022575827268065438
2025-01-06,15418444.002649456,15901285.58408472,15261948.124111084,15881377.71484375,14560800,0.0,15.770000457763672,4.421999931335449,0.0,6061.47998046875,19692.330078125,0.0,0.0,1.0,0.0,15.770000457763672,4.421999931335449,0.0,0.0,1.0,0.49999999999999994,0.8660254037844387,0,30.0,14749597.686122485,0.0,0.0,0.0,46.0,60.0,-0.019533475096672498,0.03787685608631225,-0.030911008058980595,0.021659826162495597,-0.022754774457066394,0.051681916773674924
2025-01-07,15919178.551798718,15929257.843107807,15327721.184950303,15571159.21875,12071500,0.0,15.770000457763672,4.421999931335449,0.0,6061.47998046875,19692.330078125,0.0,0.0,1.0,0.0,15.770000457763672,4.421999931335449,0.0,0.9510565162951535,0.30901699437494745,0.49999999999999994,0.8660254037844387,0,30.0,14775170.209471146,0.0,0.0,0.0,45.0,60.0,-0.011604203380049007,0.02209134693775621,-0.0032854761264914253,0.05271155665286041,-0.015472139051464929,0.017025614295631427
2025-01-08,15458007.100299392,15534616.164631141,15190628.284106694,15390468.3203125,10085800,0.0,15.770000457763672,4.421999931335449,0.0,6061.47998046875,19692.330078125,0.0,0.0,1.0,0.0,15.770000457763672,4.421999931335449,0.0,0.5877852522924732,-0.8090169943749473,0.49999999999999994,0.8660254037844387,0,30.0,14794322.427145645,0.0,0.0,0.0,44.0,60.0,0.00841639278718647,0.05333041361883551,-0.003913346945265476,0.01722550253031677,-0.026968047382837698,0.027737759617839138
2025-01-10,15373082.540657472,15874067.743018594,15053287.701708743,15520000.546875,19256600,0.0,15.770000457763672,4.421999931335449,0.0,6061.47998046875,19692.330078125,0.0,0.0,1.0,0.0,15.770000457763672,4.421999931335449,0.0,-0.9510565162951536,0.30901699437494723,0.49999999999999994,0.8660254037844387,0,30.0,14816910.413466087,0.0,0.0,0.0,43.0,60.0,-0.012226833895840864,0.017081735931232522,-0.03508911638398128,0.027506256161875825,0.002045924793001603,0.025915016696663785
2025-01-13,15299242.377812348,15346367.249651726,15081258.698657423,15330240.078125,10785000,0.0,15.770000457763672,4.421999931335449,0.0,6061.47998046875,19692.330078125,0.0,0.0,1.0,0.0,15.770000457763672,4.421999931335449,0.0,0.0,1.0,0.49999999999999994,0.8660254037844387,0,30.0,14832888.686929144,0.0,0.0,0.0,42.0,60.0,-0.02314527593243976,0.027846733547502882,0.014449429462773467,0.026235797434014406,0.00488236783718422,0.01075070953207032
2025-01-14,15248087.405898046,15258671.199583944,14831774.088909147,14975417.44140625,13598000,0.0,15.770000457763672,4.421999931335449,0.0,6061.47998046875,19692.330078125,0.0,0.0,1.0,0.0,15.770000457763672,4.421999931335449,0.0,0.9510565162951535,0.30901699437494745,0.49999999999999994,0.8660254037844387,0,30.0,14837325.140873214,0.0,0.0,0.0,41.0,60.0,0.038485462033362845,0.026857419826737627,0.028691721582630704,0.01100543332308929,0.031165245337556605,0.035843475428228556
2025-01-15,15377618.288937457,15686324.828090176,15284123.75478568,15551753.30078125,15524300,0.0,15.770000457763672,4.421999931335449,0.0,6061.47998046875,19692.330078125,0.0,0.0,1.0,0.0,15.770000457763672,4.421999931335449,0.0,0.5877852522924732,-0.8090169943749473,0.49999999999999994,0.8660254037844387,0,30.0,14859562.952740766,0.0,0.0,0.0,40.0,60.0,-0.009430792060926802,0.01059758053958749,-0.007048935168984646,0.03451514415815388,-0.0010693403416233832,0.020239161890865026
2025-01-16,15410128.36423881,15529830.914901335,15365019.95676451,15405087.94921875,8355300,0.0,15.770000457763672,4.421999931335449,0.0,6061.47998046875,19692.330078125,0.0,0.0,1.0,0.0,15.770000457763672,4.421999931335449,0.0,-0.587785252292473,-0.8090169943749475,0.49999999999999994,0.8660254037844387,0,30.0,14876543.361578915,0.0,0.0,0.0,39.0,60.0,0.002404533547835314,0.03484374830302296,0.00844105757809676,0.020431850423630243,0.019957418111695477,0.023343724582994586
2025-01-17,15726391.192195047,15749575.250232477,15212804.243143966,15442130.0,17280600,0.0,15.770000457763672,4.421999931335449,0.0,6061.47998046875,19692.330078125,0.0,0.0,1.0,0.0,15.770000457763672,4.421999931335449,0.0,-0.9510565162951536,0.30901699437494723,0.49999999999999994,0.8660254037844387,0,30.0,14894148.223713169,0.0,0.0,0.0,38.0,60.0,0.0060220438238604386,0.020382839202966577,0.01751077930756638,0.02328772845866285,0.0386443372064767,0.025213298746178052
2025-01-21,15569647.795324977,15662133.333005942,15347378.880264636,15535123.18359375,11674000,0.0,15.770000457763672,4.421999931335449,0.0,6061.47998046875,19692.330078125,0.0,0.0,1.0,0.0,15.770000457763672,4.421999931335449,0.0,0.9510565162951535,0.30901699437494745,0.49999999999999994,0.8660254037844387,0,30.0,14914099.677714465,0.0,0.0,0.0,37.0,60.0,0.011419963960270285,0.023148328211722753,0.03242701646836671,0.025062372043402788,0.05033564146120316,0.02887451833774591
2025-01-22,15707493.315794358,15969579.497676723,15609967.367413351,15712533.73046875,12274000,0.0,15.770000457763672,4.421999931335449,0.0,6061.47998046875,19692.330078125,0.0,0.0,1.0,0.0,15.770000457763672,4.421999931335449,0.0,0.5877852522924732,-0.8090169943749473,0.49999999999999994,0.8660254037844387,0,30.0,14938952.318259994,0.0,0.0,0.0,36.0,60.0,0.0207698614390032,0.02477939227664609,0.038476279772604455,0.02854849554747382,0.058348005212056235,0.06218126406211956
2025-01-23,15809807.337976696,16042660.036301715,15653312.999334397,16038880.87890625,9910200,0.0,15.770000457763672,4.421999931335449,0.0,6061.47998046875,19692.330078125,0.0,0.0,1.0,0.0,15.770000457763672,4.421999931335449,0.0,-0.587785252292473,-0.8090169943749475,0.49999999999999994,0.8660254037844387,0,30.0,14973189.496708486,0.0,0.0,0.0,35.0,60.0,0.01734614138062433,0.027967612118982764,0.03681353181811054,0.06091604622266293,0.059517630850522744,0.03631085814950397
2025-01-24,16037620.512466203,16430748.229080217,15982179.029836398,16317093.57421875,19065300,0.0,15.770000457763672,4.421999931335449,0.0,6061.47998046875,19692.330078125,0.0,0.0,1.0,0.0,15.770000457763672,4.421999931335449,0.0,-0.9510565162951536,0.30901699437494723,0.49999999999999994,0.8660254037844387,0,30.0,15015020.835002258,0.0,0.0,0.0,34.0,60.0,0.019135463974009205,0.05987740430213333,0.04145244942165717,0.03569174411004998,0.04478838981538665,0.023753271694824857
2025-01-27,15790906.460419023,16729878.616429554,15752853.407450316,16629328.73046875,28399200,0.0,15.770000457763672,4.421999931335449,0.0,6061.47998046875,19692.330078125,0.0,0.0,1.0,0.0,15.770000457763672,4.421999931335449,0.0,0.0,1.0,0.49999999999999994,0.8660254037844387,0,30.0,15065268.95971267,0.0,0.0,0.0,33.0,60.0,0.021897957863840085,0.03502158974124388,0.02517126206299074,0.023307276151691873,0.04109844139019766,0.052570170995007694
2025-01-28,16783556.184657026,17201381.48250983,16618995.954039073,16993477.0703125,20950100,0.0,15.770000457763672,4.421999931335449,0.0,6061.47998046875,19692.330078125,0.0,0.0,1.0,0.0,15.770000457763672,4.421999931335449,0.0,0.9510565162951535,0.30901699437494745,0.49999999999999994,0.8660254037844387,0,30.0,15125287.771415902,0.0,0.0,0.0,32.0,60.0,0.0032031615035155963,0.022807831224570647,0.018789041878989537,0.05144365989819529,0.022021803434949888,0.029243797318378468
2025-01-29,17010361.37028254,17162824.301607277,16775239.944668978,17047909.921875,21377800,0.0,15.770000457763672,4.421999931335449,0.0,6061.47998046875,19692.330078125,0.0,0.0,1.0,0.0,15.770000457763672,4.421999931335449,0.0,0.5877852522924732,-0.8090169943749473,0.49999999999999994,0.8660254037844387,0,30.0,15185132.710450504,0.0,0.0,0.0,31.0,60.0,0.015536115687788652,0.05127940368638383,0.018758555249397853,0.029150423803041402,0.03099828650640994,0.04249878101001937
2025-01-30,17560237.67061693,17912288.420049973,17038081.765157036,17312768.22265625,29322900,0.0,15.770000457763672,4.421999931335449,0.0,6061.47998046875,19692.330078125,0.0,0.0,1.0,0.0,15.770000457763672,4.421999931335449,0.0,-0.587785252292473,-0.8090169943749475,0.49999999999999994,0.8660254037844387,0,30.0,15251359.044878932,0.0,0.0,0.0,30.0,60.0,0.0031731412717180907,0.028704467869464984,0.015225623766368249,0.04184861606939145,0.025021775018009566,0.023435277493280955
2025-01-31,17413569.23913112,17773936.572780307,17276982.773601577,17367704.08203125,19303900,0.0,15.770000457763672,4.421999931335449,0.0,6061.47998046875,19692.330078125,0.0,0.0,1.0,0.0,15.770000457763672,4.421999931335449,0.0,-0.9510565162951536,0.30901699437494723,0.49999999999999994,0.8660254037844387,0,30.0,15317233.943747813,0.0,0.0,0.0,29.0,60.0,0.012014359235506726,0.04171624453216535,0.02177952423905016,0.02336114926638901,0.022766195295659722,0.027757632535810536
2025-02-03,17033293.151329134,17741176.865238465,17016661.474790163,17576365.91796875,21415700,0.0,15.770000457763672,4.421999931335449,0.0,6061.47998046875,19692.330078125,0.0,0.0,1.0,0.0,15.770000457763672,4.421999931335449,0.0,0.0,1.0,0.8660254037844386,0.5000000000000001,0,30.0,15387553.332940374,0.0,0.0,0.0,28.0,60.0,0.009649235620451285,0.023083812055825402,0.010624193186621503,0.027428101471583005,0.015381189142972401,0.021962240083226774
2025-02-04,17703375.449321598,17834670.7875154,17428941.260040596,17745964.4140625,13826300,0.0,15.770000457763672,4.421999931335449,0.0,6061.47998046875,19692.330078125,0.0,0.0,1.0,0.0,15.770000457763672,4.421999931335449,0.0,0.9510565162951535,0.30901699437494745,0.8660254037844386,0.5000000000000001,0,30.0,15460962.956008838,0.0,0.0,0.0,27.0,60.0,0.0009656398794489123,0.02716597062021034,0.005677173141223356,0.02175234656591455,0.013866617061675305,0.01881526182023367
2025-02-05,17729835.734895073,18097512.209919456,17615425.862019736,17763100.625,17778200,0.0,15.770000457763672,4.421999931335449,0.0,6061.47998046875,19692.330078125,0.0,0.0,1.0,0.0,15.770000457763672,4.421999931335449,0.0,0.5877852522924732,-0.8090169943749473,0.8660254037844386,0.5000000000000001,0,30.0,15532620.971816644,0.0,0.0,0.0,26.0,60.0,0.004706988006443334,0.02173136189623281,0.012888531502220316,0.018797110580638595,0.018178998260682935,0.01400811457939891
2025-02-06,17693558.68923804,18019917.95443559,17633901.586354516,17846711.32659912,13080700,0.005060861556485108,15.5,4.440000057220459,0.0010225005435891,6083.56982421875,19791.990234375,1.0,0.005060861556485108,1.0,0.0010225005435891,15.5,4.440000057220459,0.005060861556485108,-0.587785252292473,-0.8090169943749475,0.8660254037844386,0.5000000000000001,0,30.0,15604651.03563831,0.0,0.0,0.0,25.0,60.0,0.008143213487557142,0.018709047319294694,0.013408894747483534,0.013942487458153395,0.02041758276687939,0.019308256085681586
2025-02-07,18049451.86974086,18256185.127230495,17922290.16052736,17992040.906982422,16427100,-0.013570633401157828,16.540000915527344,4.486999988555908,0.0032500554014893712,6025.990234375,19523.400390625,0.0,-0.008578450941549742,1.0,0.0032500554014893712,16.540000915527344,4.486999988555908,-0.013570633401157828,-0.9510565162951536,0.30901699437494723,0.8660254037844386,0.5000000000000001,0,30.0,15678962.673662608,0.0,0.0,0.0,24.0,60.0,0.005223148050275878,0.01382986789140894,0.01217522383239625,0.019152294859861096,0.026050316120034504,0.02051025598113098
2025-02-10,18115259.507667627,18181815.606842335,17932988.058001943,18086016.00036621,12904300,0.009776429146874044,15.8100004196167,4.493000030517578,0.0025916214080357047,6066.43994140625,19714.26953125,1.0,0.0011141115875044072,1.0,0.0025916214080357047,15.8100004196167,4.493000030517578,0.009776429146874044,0.0,1.0,0.8660254037844386,0.5000000000000001,0,30.0,15753886.370737052,0.0,0.0,0.0,23.0,60.0,0.006915952737065967,0.019052779372429652,0.020718949926844463,0.0204036845161321,0.025996701587278122,0.015434482308871482
2025-02-11,18047153.100905918,18308756.51073779,17964167.63815658,18211098.032226562,12998000,-0.0035715325966498845,16.020000457763672,4.5370001792907715,-0.00332349161157508,6068.5,19643.859375,1.0,-0.002461400094996513,1.0,-0.00332349161157508,16.020000457763672,4.5370001792907715,-0.0035715325966498845,0.9510565162951535,0.30901699437494745,0.8660254037844386,0.5000000000000001,0,30.0,15830371.332715586,0.0,0.0,0.0,22.0,60.0,0.013708191981920905,0.02026354281176045,0.018949693664446963,0.015328471325651802,0.02585643310758492,0.02129219689318757
2025-02-12,18204205.35253395,18504512.083425116,18135490.718799926,18460739.260253906,12016500,0.0003100125914030638,15.890000343322754,4.63700008392334,-0.0001852227050387345,6051.97021484375,19649.94921875,0.0,-0.0021521505686155074,1.0,-0.0001852227050387345,15.890000343322754,4.63700008392334,0.0003100125914030638,0.5877852522924732,-0.8090169943749473,0.8660254037844386,0.5000000000000001,0,30.0,15912246.082897006,0.0,0.0,0.0,21.0,60.0,0.005170621806141563,0.015121187188674884,0.01198396266475143,0.021004266377248837,-0.014741991811917205,0.04203063016324038
2025-02-13,18376886.746972237,18567399.484280743,18288251.190285124,18556192.76123047,12569100,0.015047947603236134,15.100000381469727,4.525000095367432,-0.005836620979830842,6115.06982421875,19945.640625,1.0,0.01286341158562987,1.0,-0.005836620979830842,15.100000381469727,4.525000095367432,0.015047947603236134,-0.587785252292473,-0.8090169943749475,0.8660254037844386,0.5000000000000001,0,30.0,15994543.495177323,0.0,0.0,0.0,20.0,60.0,0.006778292869689438,0.020896219926829242,-0.01981018265563589,0.04181442359280021,-0.03591624975745142,0.015904340775201746
2025-02-14,18414931.77067985,18789498.34527225,18401744.06032894,18681972.0703125,16901200,0.004067500652163103,14.770000457763672,4.4720001220703125,-0.006895889298343061,6114.6298828125,20026.76953125,1.0,0.01698323417280667,1.0,-0.006895889298343061,14.770000457763672,4.4720001220703125,0.004067500652163103,-0.9510565162951536,0.30901699437494723,0.8660254037844386,0.5000000000000001,0,30.0,16078194.356684566,0.0,0.0,0.0,19.0,60.0,-0.02640946444081384,0.041532901423225646,-0.042407094918033704,0.01579726230476077,-0.05400172684926332,0.016323915748124227
2025-02-18,18686995.8393955,18712385.77939468,17936469.275006935,18188591.193237305,21938700,0.0007235432730370306,15.350000381469727,4.544000148773193,0.004504113336850413,6129.580078125,20041.259765625,1.0,0.01771906555068381,1.0,0.004504113336850413,15.350000381469727,4.544000148773193,0.0007235432730370306,0.9510565162951535,0.30901699437494745,0.8660254037844386,0.5000000000000001,0,30.0,16143884.107524145,0.0,0.0,0.0,18.0,60.0,-0.0164315796969324,0.01622577636879712,-0.02834072579865594,0.01676671573101161,-0.04469053582636832,0.030061760325555718
2025-02-19,17898111.33881353,17971829.50618738,17676705.49302244,17889723.907470703,17535500,0.0007479686681528541,15.270000457763672,4.534999847412109,0.0011209258642381759,6144.14990234375,20056.25,1.0,0.01848028752469766,1.0,0.0011209258642381759,15.270000457763672,4.534999847412109,0.0007479686681528541,0.5877852522924732,-0.8090169943749473,0.8660254037844386,0.5000000000000001,0,30.0,16198226.390206696,0.0,0.0,0.0,17.0,60.0,-0.012108101333767881,0.017046821944369944,-0.028731052711847404,0.03056397471188915,-0.05026931062693586,0.035281041854136184
2025-02-20,17735174.278327294,17947554.191725515,17642591.253640924,17673113.317565918,12587400,-0.0046813649111873135,15.65999984741211,4.5,-0.007744721892653739,6117.52001953125,19962.359375,1.0,0.013712409643943602,1.0,-0.007744721892653739,15.65999984741211,4.5,-0.0046813649111873135,-0.587785252292473,-0.8090169943749475,0.8660254037844386,0.5000000000000001,0,30.0,16244134.796197789,0.0,0.0,0.0,16.0,60.0,-0.01682669065362559,0.03093858220029341,-0.0386289323201152,0.035713464096395225,-0.05548209958399574,0.03755089239937009
2025-02-21,17706954.604648825,17892264.700879183,17345483.63176857,17375733.306884766,15660400,-0.02195880763092417,18.209999084472656,4.420000076293945,0.002539066031213899,6013.1298828125,19524.009765625,0.0,-0.008547506152508433,1.0,0.002539066031213899,18.209999084472656,4.420000076293945,-0.02195880763092417,-0.9510565162951536,0.30901699437494723,0.8660254037844386,0.5000000000000001,0,30.0,16279357.756605031,0.0,0.0,0.0,15.0,60.0,-0.022175379924607604,0.03632468839104061,-0.03931698365171115,0.03819356368037938,-0.013637043958434132,0.03661710956815218
2025-02-24,17451971.511779696,17477146.776437994,16845978.67849958,16990419.819335938,15677000,-0.012143001410622967,18.979999542236328,4.39300012588501,-9.381986842893486e-05,5983.25,19286.9296875,0.0,-0.020586715183864124,1.0,-9.381986842893486e-05,18.979999542236328,4.39300012588501,-0.012143001410622967,0.0,1.0,0.8660254037844386,0.5000000000000001,0,30.0,16301490.792877285,0.0,0.0,0.0,14.0,60.0,-0.0175303458055514,0.03905972798827112,0.008731970734706135,0.03744752260924758,-0.01383706163631915,0.046563504849956645
2025-02-25,16907607.009725597,16959145.275833234,16295504.099283442,16692571.884521484,20579700,-0.013508581548304033,19.43000030517578,4.297999858856201,-0.002720458908803347,5955.25,19026.390625,0.0,-0.03381719941129524,1.0,-0.002720458908803347,19.43000030517578,4.297999858856201,-0.013508581548304033,0.9510565162951535,0.30901699437494745,0.8660254037844386,0.5000000000000001,0,30.0,16313663.868112814,0.0,0.0,0.0,13.0,60.0,0.026730918790352526,0.038115704082434726,0.0037591839640690643,0.04739434409110094,0.018348888885871995,0.04119425291554293
2025-02-26,16781351.078450862,17375623.95173734,16739374.82141215,17138779.66796875,14488700,0.0025684924475790627,19.100000381469727,4.249000072479248,0.0010347155759355964,5956.06005859375,19075.259765625,0.0,-0.03133556618500244,1.0,0.0010347155759355964,19.100000381469727,4.249000072479248,0.0025684924475790627,0.5877852522924732,-0.8090169943749473,0.8660254037844386,0.5000000000000001,0,30.0,16339347.024175003,0.0,0.0,0.0,12.0,60.0,-0.022373666172776516,0.04616043329730324,-0.008163803924747737,0.04012176137061901,-0.0273020256497099,0.045156430545696055
2025-02-27,17371581.946372043,17529401.593520466,16738268.097860018,16755322.333068848,12500000,-0.02782870850894581,21.1299991607666,4.284999847412109,0.007705315814067637,5861.56982421875,18544.419921875,0.0,-0.058292246356623,1.0,0.007705315814067637,21.1299991607666,4.284999847412109,-0.02782870850894581,-0.587785252292473,-0.8090169943749475,0.8660254037844386,0.5000000000000001,0,30.0,16352294.974969551,0.0,0.0,0.0,11.0,60.0,0.01453506493876841,0.04103997609551887,-0.005041148449469221,0.04618986721533688,-0.026187117881238307,0.039713269450892257
2025-02-28,16740392.985907061,17035240.731874406,16347602.703852547,16998862.03125,17534200,0.016331563687400408,19.6299991607666,4.230999946594238,0.0034502308276065374,5954.5,18847.279296875,0.0,-0.04291268620307731,1.0,0.0034502308276065374,19.6299991607666,4.230999946594238,0.016331563687400408,-0.9510565162951536,0.30901699437494723,0.8660254037844386,0.5000000000000001,0,30.0,16372420.492641157,0.0,0.0,0.0,10.0,60.0,-0.019295748431740152,0.04552811313438894,-0.04013876328903869,0.03914430444381843,-0.016784846423818976,0.03271047620930496
2025-03-03,17144985.171176393,17337639.94010299,16563713.826388372,16670856.26586914,10843800,-0.026374620756663858,22.780000686645508,4.179999828338623,-0.007991827947901986,5849.72021484375,18350.189453125,0.0,-0.0681555011354853,1.0,-0.007991827947901986,22.780000686645508,4.179999828338623,-0.026374620756663858,0.0,1.0,1.0,6.123233995736766e-17,0,30.0,16381709.822138535,0.0,0.0,0.0,9.0,60.0,-0.021253109511831052,0.039914484291489666,0.002560305009288937,0.03335406791292799,-0.0429032143823844,0.04031535674067937
2025-03-04,16457024.26770492,16565121.15408361,15899712.523533894,16316548.731994629,21495200,-0.0035437943047462728,23.510000228881836,4.210000038146973,-0.009461378325343994,5778.14990234375,18285.16015625,0.0,-0.07145776636347057,1.0,-0.009461378325343994,23.510000228881836,4.210000038146973,-0.0035437943047462728,0.9510565162951535,0.30901699437494745,1.0,6.123233995736766e-17,0,30.0,16379681.570531135,0.0,0.0,0.0,8.0,60.0,0.02433051359094749,0.03407833857463599,-0.022120228509492315,0.041190789092133216,-0.025846555310910634,0.05321829593351408
2025-03-05,16319677.688501734,16790682.426781427,16234641.554722967,16713538.742675781,13770000,0.014633194908524993,21.93000030517578,4.264999866485596,0.0,5842.6298828125,18552.73046875,0.0,-0.057870226877870135,1.0,0.0,21.93000030517578,4.264999866485596,0.014633194908524993,0.5877852522924732,-0.8090169943749473,1.0,6.123233995736766e-17,0,30.0,16390073.45232054,0.0,0.0,0.0,7.0,60.0,-0.04534741617488248,0.0402124007296557,-0.04898523302401168,0.051954223004593694,-0.09122245855223071,0.0353182854786379
2025-03-06,16465599.333235161,16530648.552515816,15858557.034984712,15955622.94555664,13446500,-0.026059274883519334,24.8700008392334,4.285999774932861,-0.01588803044369469,5738.52001953125,18069.259765625,0.0,-0.08242144561160736,1.0,-0.01588803044369469,24.8700008392334,4.285999774932861,-0.026059274883519334,-0.587785252292473,-0.8090169943749475,1.0,6.123233995736766e-17,0,30.0,16376550.429044943,0.0,0.0,0.0,6.0,60.0,-0.0038106185546087773,0.05442212579200558,-0.04805417505238961,0.03699595651553575,-0.03406169615589093,0.03444592795840594
2025-03-07,15887455.293120626,16126768.913082557,15258429.994049663,15894822.152709961,21375700,0.007026349676013233,23.3700008392334,4.316999912261963,-0.002114176685226732,5770.2001953125,18196.220703125,0.0,-0.07597421783326375,1.0,-0.002114176685226732,23.3700008392334,4.316999912261963,0.007026349676013233,-0.9510565162951536,0.30901699437494723,1.0,6.123233995736766e-17,0,30.0,16361555.803438645,0.0,0.0,0.0,5.0,60.0,-0.04441279672504335,0.037137473260212404,-0.03036679386944504,0.034577690346817035,-0.011109746518192555,0.03827495224796115
2025-03-10,15444920.11896121,15496735.366049955,14906441.833377857,15188888.647460938,21999900,-0.040002833692822315,27.860000610351562,4.2129998207092285,0.0006741845790416701,5614.56005859375,17468.3203125,0.0,-0.11293786752515977,1.0,0.0006741845790416701,27.860000610351562,4.2129998207092285,-0.040002833692822315,0.0,1.0,1.0,6.123233995736766e-17,0,30.0,16325054.510430755,0.0,0.0,0.0,4.0,60.0,0.014698818493446038,0.03618475658559839,0.03485087503549199,0.040053856013126284,-0.01364783096631055,0.05676232520931591
2025-03-11,15140905.331934439,15646747.325218847,15097141.086704714,15412147.364807129,17401500,-0.001844522114810565,26.920000076293945,4.288000106811523,-0.004523156617638691,5572.06982421875,17436.099609375,0.0,-0.11457407324572055,1.0,-0.004523156617638691,26.920000076293945,4.288000106811523,-0.001844522114810565,0.9510565162951535,0.30901699437494745,1.0,6.123233995736766e-17,0,30.0,16296638.696922598,0.0,0.0,0.0,3.0,60.0,0.019860136007614868,0.03947364014141206,-0.027936022929290205,0.055940072240936126,0.0026361277254475053,0.023234155998118004
2025-03-12,15980561.148402821,16067580.049132159,15459206.49024735,15718234.707641602,15747000,0.012178733439950351,24.229999542236328,4.317999839782715,0.001643447070117876,5599.2998046875,17648.44921875,0.0,-0.10379070690295922,1.0,0.001643447070117876,24.229999542236328,4.317999839782715,0.012178733439950351,0.5877852522924732,-0.8090169943749473,1.0,6.123233995736766e-17,0,30.0,16278634.872579044,0.0,0.0,0.0,2.0,60.0,-0.046865405607488315,0.05485072929698122,-0.016888598420557108,0.022781708175271326,-0.020873294117440867,0.02444170731963094
2025-03-13,15732651.006857231,15738992.260789862,14876835.623814598,14981593.262634277,16480300,-0.01957336017705169,24.65999984741211,4.27400016784668,0.0021233589364648697,5521.52001953125,17303.009765625,0.0,-0.1213325341907685,1.0,0.0021233589364648697,24.65999984741211,4.27400016784668,-0.01957336017705169,-0.587785252292473,-0.8090169943749475,1.0,6.123233995736766e-17,0,30.0,16238262.209622908,0.0,0.0,0.0,1.0,60.0,0.031450759801701644,0.02390187945050031,0.02727013754716745,0.0256435003654537,-0.01062062944248632,0.04347524778428794
2025-03-14,15330700.148178503,15484820.930114225,15126732.693974312,15452775.75378418,12364500,0.026069457524154904,21.770000457763672,4.308000087738037,-0.0010594299182480338,5638.93994140625,17754.08984375,0.0,-0.09842615001299782,1.0,-0.0010594299182480338,21.770000457763672,4.308000087738037,0.026069457524154904,-0.9510565162951536,0.30901699437494723,1.0,6.123233995736766e-17,0,30.0,16213812.585420385,0.0,0.0,1.0,0.0,0.0,-0.0040531476803971995,0.02486158463869251,-0.04078855810070494,0.042149610508451354,-0.037988363645870986,0.028906777634629895
2025-03-17,15455276.001549805,15598770.283603355,15214589.791297914,15390143.371582031,15473900,0.0030736755857529996,20.510000228881836,4.306000232696533,-0.0033744549749507025,5675.1201171875,17808.66015625,0.0,-0.09565500448153941,1.0,-0.0033744549749507025,20.510000228881836,4.306000232696533,0.0030736755857529996,0.0,1.0,1.0,6.123233995736766e-17,0,30.0,16188174.456849432,0.0,0.0,0.0,60.0,1.0,-0.03688491040937516,0.04232114435653179,-0.03407332016406018,0.029024417886662098,-0.029915286054577477,0.05080529392381554
2025-03-18,15272732.93843857,15277823.736013038,14626495.256716594,14822479.312133789,20297700,-0.017100725880162315,21.700000762939453,4.281000137329102,-0.00125766546733308,5614.66015625,17504.119140625,0.0,-0.11111996035099725,1.0,-0.00125766546733308,21.700000762939453,4.281000137329102,-0.017100725880162315,0.9510565162951535,0.30901699437494745,1.0,6.123233995736766e-17,0,30.0,16145664.83390774,0.0,0.0,0.0,60.0,2.0,0.0029192671527034815,0.030135980840045835,0.007236543617814299,0.05275101020939304,0.02525604389300109,0.02852656222264772
2025-03-19,14871350.432991466,15075987.464419814,14629297.511867374,14865750.089111328,20537500,0.014092107114519692,19.899999618530273,4.25600004196167,0.001840395634809866,5675.2900390625,17750.7890625,0.0,-0.09859376762030503,1.0,0.001840395634809866,19.899999618530273,4.25600004196167,0.014092107114519692,0.5877852522924732,-0.8090169943749473,1.0,6.123233995736766e-17,0,30.0,16105825.274245152,0.0,0.0,0.0,60.0,3.0,0.0043047098669941825,0.052597464159955386,0.02227175952428545,0.028443527965750302,0.06268082524830138,0.017755649744617436
2025-03-20,14847196.378030267,15546295.660812281,14764394.903289394,14929742.830200195,24336500,-0.003332708361115988,19.799999237060547,4.232999801635742,0.004060699678101853,5662.89013671875,17691.630859375,0.0,-0.10159789170771893,1.0,0.004060699678101853,19.799999237060547,4.232999801635742,-0.003332708361115988,-0.587785252292473,-0.8090169943749475,1.0,6.123233995736766e-17,0,30.0,16069217.674490448,0.0,0.0,0.0,60.0,4.0,0.01789003823318796,0.028321611644654382,0.05812590024499465,0.017679544435243083,0.07234617521103882,0.021744518798088284
2025-03-21,14869833.2767478,15229714.630509049,14806880.252117556,15196836.50024414,25015900,0.0052239345603362075,19.280000686645508,4.251999855041504,0.0023110049811829736,5667.56005859375,17784.05078125,0.0,-0.0969046978851319,1.0,0.0023110049811829736,19.280000686645508,4.251999855041504,0.0052239345603362075,-0.9510565162951536,0.30901699437494723,1.0,6.123233995736766e-17,0,30.0,16042063.301918989,0.0,0.0,0.0,59.0,5.0,0.03952869219709278,0.017368815659037706,0.053499037157661564,0.021362345618227616,0.026910580188797148,0.033850526676455786
2025-03-24,15698501.658215761,15891743.244298544,15627792.192525268,15797547.572631836,15741300,0.022747295735711326,17.479999542236328,4.330999851226807,0.0016332577992219655,5767.56982421875,18188.58984375,0.0,-0.07636172197039359,1.0,0.0016332577992219655,17.479999542236328,4.330999851226807,0.022747295735711326,0.0,1.0,1.0,6.123233995736766e-17,0,30.0,16034452.327027902,0.0,0.0,0.0,58.0,6.0,0.013439114346177209,0.020550029815028285,-0.012138300850192655,0.03256334041623335,-0.027432322678816238,0.02283822229101716
2025-03-25,16021355.916566169,16203358.555725183,15878718.482103271,16009852.62084961,15312500,0.004578119137620407,17.149999618530273,4.307000160217285,-0.0007673300346776601,5776.64990234375,18271.859375,0.0,-0.07213319589350753,1.0,-0.0007673300346776601,17.149999618530273,4.307000160217285,0.004578119137620407,0.9510565162951535,0.30901699437494745,1.0,6.123233995736766e-17,0,30.0,16033686.618635248,0.0,0.0,0.0,57.0,7.0,-0.02523823566142027,0.03213152122832921,-0.040329445002092464,0.0225353669181708,-0.08130256227966741,0.044330835081788665
2025-03-26,15961085.502614323,16008593.679307785,15494172.759958534,15605792.1875,12609800,-0.02040513973417113,18.329999923706055,4.3379998207092285,0.0035515717555978377,5712.2001953125,17899.01953125,0.0,-0.09106644768599925,1.0,0.0035515717555978377,18.329999923706055,4.3379998207092285,-0.02040513973417113,0.5877852522924732,-0.8090169943749473,1.0,6.123233995736766e-17,0,30.0,16020367.66455037,0.0,0.0,0.0,56.0,8.0,-0.015481946351180756,0.02311884579660557,-0.05751592714173533,0.045478635604740976,-0.05850541093603867,0.04149140494780456
2025-03-27,15349395.260434587,15661737.605850406,15300949.702733722,15364184.15008545,10436500,-0.005307007694424604,18.690000534057617,4.36899995803833,-0.0045911367089674915,5693.31005859375,17804.029296875,0.0,-0.09589016504185033,1.0,-0.0045911367089674915,18.690000534057617,4.36899995803833,-0.005307007694424604,-0.587785252292473,-0.8090169943749475,1.0,6.123233995736766e-17,1,30.0,15999942.817988977,0.0,0.0,0.0,55.0,9.0,-0.042694982214666666,0.04619380562518699,-0.04370002604361029,0.04214387414636957,-0.027134600018042264,0.03305413649638982
2025-03-28,15309300.564394893,15346023.974430721,14636293.838212095,14708210.581054688,17602800,-0.027018550378617556,21.649999618530273,4.255000114440918,-0.0002882557834615884,5580.93994140625,17322.990234375,0.0,-0.12031790216547067,1.0,-0.0002882557834615884,21.649999618530273,4.255000114440918,-0.027018550378617556,-0.9510565162951536,0.30901699437494723,1.0,6.123233995736766e-17,1,30.0,15959735.418448769,0.0,0.0,0.0,54.0,10.0,-0.0010498679211655394,0.04402345476457112,0.016254361888358628,0.034528322616399265,0.014843183257130629,0.033542481623332565
2025-03-31,14364937.69004124,14752421.679822728,14104915.43663988,14692768.90258789,21124700,-0.0013681917240805364,22.280000686645508,4.245999813079834,0.0016339693142000122,5611.85009765625,17299.2890625,0.0,-0.12152147593154972,1.0,0.0016339693142000122,22.280000686645508,4.245999813079834,-0.0013681917240805364,0.0,1.0,1.0,6.123233995736766e-17,1,30.0,15920298.894801898,0.0,0.0,0.0,53.0,11.0,0.017322416058461028,0.034564610892582955,0.015909754318989302,0.03357773380892399,-0.07582015156392179,0.03869728874070299
2025-04-01,14560593.036952244,15047016.05231287,14539166.212260276,14947283.158569336,12836600,0.008705650385741004,21.770000457763672,4.156000137329102,0.00047982969194038105,5633.06982421875,17449.890625,0.0,-0.11387374902962799,1.0,0.00047982969194038105,21.770000457763672,4.156000137329102,0.008705650385741004,0.9510565162951535,0.30901699437494745,0.8660254037844387,-0.4999999999999998,0,30.0,15890012.097471159,0.0,0.0,0.0,52.0,12.0,-0.001388607699164814,0.03300599031231258,-0.09155658634089345,0.03803837223073558,-0.13750672190825491,0.04066992063734685
2025-04-02,14695955.826604674,15149684.633039301,14656334.749912169,14926527.24609375,13470800,0.008662527433463518,21.510000228881836,4.196000099182129,-0.004316176562597085,5670.97021484375,17601.05078125,0.0,-0.10619765607108489,1.0,-0.004316176562597085,21.510000228881836,4.196000099182129,0.008662527433463518,0.5877852522924732,-0.8090169943749473,0.8660254037844387,-0.4999999999999998,0,30.0,15860021.965412358,0.0,0.0,0.0,51.0,13.0,-0.09029336069757675,0.038091266056051946,-0.13630739170266148,0.040726473732331396,-0.11072800992038875,0.09899556872719102
2025-04-03,13951676.892497292,14113615.325585691,13545045.004961826,13578760.9375,34777500,-0.05968060766968586,30.020000457763672,4.054999828338623,-0.016761370818715426,5396.52001953125,16550.609375,0.0,-0.1595403230933522,1.0,-0.016761370818715426,30.020000457763672,4.054999828338623,-0.05968060766968586,-0.587785252292473,-0.8090169943749475,0.8660254037844387,-0.4999999999999998,0,30.0,15789013.771158054,0.0,0.0,0.0,50.0,14.0,-0.05058117531204235,0.04476879905324321,-0.022462899950341796,0.1088214205000222,-0.033070355892853905,0.08442758407140677
2025-04-04,12940205.663940664,13230876.393599054,12622971.573796088,12891931.25,38589800,-0.05817425293064171,45.310001373291016,3.984999895095825,0.009307308230455114,5074.080078125,15587.7900390625,0.0,-0.2084334369157249,1.0,0.009307308230455114,45.310001373291016,3.984999895095825,-0.05817425293064171,-0.9510565162951536,0.30901699437494723,0.8660254037844387,-0.4999999999999998,0,30.0,15698837.068046883,0.0,0.0,0.0,49.0,15.0,0.029616302763895683,0.11461898339311756,0.018443724691201133,0.08892554252771984,0.17846815767460564,0.17257461071779737
2025-04-07,12472818.616938308,13868200.436756961,12390540.382907998,13273742.589111328,36606100,0.0009924259002549451,46.97999954223633,4.15500020980835,0.002329698126428914,5062.25,15603.259765625,0.0,-0.20764786575674443,1.0,0.002329698126428914,46.97999954223633,4.15500020980835,0.0009924259002549451,0.0,1.0,0.8660254037844387,-0.4999999999999998,0,30.0,15623351.808912428,0.0,0.0,0.0,48.0,16.0,-0.01085120548567748,0.08636765199716502,0.14457021951879837,0.16761060431399458,0.06599070611470088,0.08976106912732307
2025-04-08,13973382.064989258,14080899.109973239,12934477.129336923,13129706.480712892,28034200,-0.02149227881944238,52.33000183105469,4.26200008392334,-0.0029053171174838743,4982.77001953125,15267.91015625,0.0,-0.2246773187490807,1.0,-0.0029053171174838743,52.33000183105469,4.26200008392334,-0.02149227881944238,0.9510565162951535,0.30901699437494745,0.8660254037844387,-0.4999999999999998,0,30.0,15545732.786056384,0.0,0.0,0.0,47.0,17.0,0.15712643625147277,0.16944933385506708,0.07768488626436446,0.09074577012591543,0.0624054583052116,0.036764066831667754
2025-04-09,13208599.657003509,15247715.383504907,13022895.36663555,15192730.469055176,39216600,0.12163161348672213,33.619998931884766,4.400000095367432,-0.000582726875750339,5456.89990234375,17124.970703125,0.0,-0.13037357005567984,1.0,-0.000582726875750339,33.619998931884766,4.400000095367432,0.12163161348672213,0.5877852522924732,-0.8090169943749473,0.8660254037844387,-0.4999999999999998,0,30.0,15534744.978527501,0.0,0.0,0.0,46.0,18.0,-0.06865416561085609,0.07842338337709025,-0.08185879691169368,0.031771866651638746,-0.10245441095311973,0.049801707737992945
2025-04-10,14906008.019415567,15056495.207152601,13865029.881033087,14149686.235351562,28173500,-0.043075119311905774,40.720001220703125,4.394000053405762,-0.019727879000918547,5268.0498046875,16387.310546875,0.0,-0.16783283228231805,1.0,-0.019727879000918547,40.720001220703125,4.394000053405762,-0.043075119311905774,-0.587785252292473,-0.8090169943749475,0.8660254037844387,-0.4999999999999998,0,30.0,15491632.630100166,0.0,0.0,0.0,45.0,19.0,-0.0141780108025053,0.03411393005529192,-0.036291830697275554,0.05347284102114137,-0.05034340755335757,0.037220015226939455
2025-04-11,13742236.495425342,14047357.576736992,13564656.170199882,13949071.831054688,17642300,0.020573869620679863,37.560001373291016,4.493000030517578,-0.010806026941662661,5363.35986328125,16724.4609375,0.0,-0.15071193347108391,1.0,-0.010806026941662661,37.560001373291016,4.493000030517578,0.020573869620679863,-0.9510565162951536,0.30901699437494723,0.8660254037844387,-0.4999999999999998,0,30.0,15443617.757831063,0.0,0.0,0.0,44.0,20.0,-0.02243185903448141,0.05424188302461255,-0.036685524513703126,0.037755310426011386,-0.07339051342311621,0.03272489761869743
2025-04-14,14269638.977031467,14310691.075552803,13554067.152990816,13636168.218078613,14130900,0.006398982403674314,30.889999389648438,4.363999843597412,-0.0014030806911322635,5405.97021484375,16831.48046875,0.0,-0.14527735407771492,1.0,-0.0014030806911322635,30.889999389648438,4.363999843597412,0.006398982403674314,0.0,1.0,0.8660254037844387,-0.4999999999999998,0,30.0,15387357.765461385,0.0,0.0,0.0,43.0,21.0,-0.014580738551016754,0.038621666197838085,-0.05212798193106443,0.03347582255122994,-0.052226442137231585,0.017557620113561292
2025-04-15,13710200.990154188,13860415.622989882,13333764.085853681,13437342.814453125,15558700,-0.0004937502016194584,30.1200008392334,4.322999954223633,0.005820973851942357,5396.6298828125,16823.169921875,0.0,-0.14569937355646778,1.0,0.005820973851942357,30.1200008392334,4.322999954223633,-0.0004937502016194584,0.9510565162951535,0.30901699437494745,0.8660254037844387,-0.4999999999999998,0,30.0,15326660.178142013,0.7269,1.0,0.0,42.0,22.0,-0.038102810497977625,0.03397114696338116,-0.03820272756883169,0.017817411126857984,-0.0704621539115094,0.02627549156539864
2025-04-16,13084879.785064675,13209935.974443682,12753454.02689656,12925342.287597656,18735100,-0.03067256456549472,32.63999938964844,4.2789998054504395,-0.008381600050426208,5275.7001953125,16307.16015625,0.0,-0.17190296467939958,1.0,-0.008381600050426208,32.63999938964844,4.2789998054504395,-0.03067256456549472,0.5877852522924732,-0.8090169943749473,0.8660254037844387,-0.4999999999999998,0,30.0,15251915.006435752,0.0,1.0,0.0,41.0,23.0,-0.00010387500030620656,0.018523196991647436,-0.03364116640187328,0.027316320135004818,-0.0009132735141214426,0.040979609800365364
2025-04-17,13021158.748170014,13073990.448286898,12834571.786909256,12923999.667663574,14593500,-0.0012699918771302832,29.649999618530273,4.333000183105469,0.0,5282.7001953125,16286.4501953125,0.0,-0.1729546411877324,1.0,0.0,29.649999618530273,4.333000183105469,-0.0012699918771302832,-0.587785252292473,-0.8090169943749475,0.8660254037844387,-0.4999999999999998,0,30.0,15179454.616081221,0.0,0.0,0.0,40.0,24.0,-0.03354077544962717,0.027319157912541348,-0.0008094825988204363,0.040983866999562496,0.041565926447396824,0.037677124624743555
2025-04-21,12662415.584651241,12718340.548722623,12365267.76094009,12490518.696899414,16166000,-0.025515063117136583,33.81999969482422,4.40500020980835,-0.011068610429884718,5158.2001953125,15870.900390625,0.0,-0.1940567557185623,1.0,-0.011068610429884718,33.81999969482422,4.40500020980835,-0.025515063117136583,0.0,1.0,0.8660254037844387,-0.4999999999999998,0,30.0,15095756.835884025,0.0,0.0,0.0,39.0,25.0,0.03386722586877306,0.042406203964403644,0.07771326507020096,0.038984701752184256,0.10579885259006555,0.03401505645516974
2025-04-22,12696453.679158483,13083901.369818227,12554225.886336314,12913537.91482544,17399400,0.027063337345606397,30.56999969482422,4.388999938964844,0.006512000382556504,5287.759765625,16300.419921875,0.0,-0.17224524181716128,1.0,0.006512000382556504,30.56999969482422,4.388999938964844,0.027063337345606397,0.9510565162951535,0.30901699437494745,0.8660254037844387,-0.4999999999999998,0,30.0,15027831.498469329,0.0,0.0,0.0,38.0,26.0,0.042409738991951766,0.03770764830989285,0.06957530417974836,0.03290079770793238,0.10048136252772581,0.027367724686432712
2025-04-23,13674912.912388226,13851111.27082632,13364172.124697614,13461197.68725586,18173900,0.025007383940334194,28.450000762939453,4.38700008392334,0.00930042646557716,5375.85986328125,16708.05078125,0.0,-0.15154526077084463,1.0,0.00930042646557716,28.450000762939453,4.38700008392334,0.025007383940334194,0.5877852522924732,-0.8090169943749473,0.8660254037844387,-0.4999999999999998,0,30.0,14979067.312069401,0.0,0.0,0.0,37.0,27.0,0.026060352442664907,0.031562250885864375,0.055709018597554,0.026254287218093624,0.06018851657216336,0.0345205660102842
2025-04-24,13438429.723487766,13831431.048140496,13406565.34951111,13812001.243286133,13910000,0.02741123349732466,26.469999313354492,4.304999828338623,-0.005508768454897783,5484.77001953125,17166.0390625,0.0,-0.12828806980192264,1.0,-0.005508768454897783,26.469999313354492,4.304999828338623,0.02741123349732466,-0.587785252292473,-0.8090169943749475,0.8660254037844387,-0.4999999999999998,0,30.0,14942740.362585848,0.0,0.0,0.0,36.0,28.0,0.028895635704378142,0.02558746876398841,0.033261361330502726,0.03364379680795938,0.040132707330118776,0.023356296165807217
2025-04-25,14198902.358985433,14278362.138654735,13924947.988273982,14211107.799560547,17098900,0.012635436155963742,24.84000015258789,4.265999794006348,0.0018128744437106992,5525.2099609375,17382.939453125,0.0,-0.11727360936151277,1.0,0.0018128744437106992,24.84000015258789,4.265999794006348,0.012635436155963742,-0.9510565162951536,0.30901699437494723,0.8660254037844387,-0.4999999999999998,0,30.0,14919967.033921387,0.0,0.0,0.0,35.0,29.0,0.004243118033186938,0.032698940145593054,0.010921488279078741,0.022700354978002782,0.0013881663978953691,0.03575078982412645
2025-04-28,14424573.526763933,14498559.707213605,14033871.543873204,14271407.207336426,15179000,-0.0009669592300730612,25.149999618530273,4.216000080108643,-0.004624500641676077,5528.75,17366.130859375,0.0,-0.11812716979256976,1.0,-0.004624500641676077,25.149999618530273,4.216000080108643,-0.0009669592300730612,0.0,1.0,0.8660254037844387,-0.4999999999999998,0,30.0,14899779.487828152,0.0,0.0,0.0,34.0,30.0,0.006650152862358082,0.02260444166394836,-0.0028428889220401135,0.035599735942571833,0.03931384006807558,0.04077630153352981
2025-04-29,14147622.004593818,14421505.64600194,14098908.454321252,14366314.246826172,11835000,0.005481327642628653,24.170000076293945,4.172999858856201,0.002322954475070249,5560.830078125,17461.3203125,0.0,-0.11329333587107049,1.0,0.002322954475070249,24.170000076293945,4.172999858856201,0.005481327642628653,0.9510565162951535,0.30901699437494745,0.8660254037844387,-0.4999999999999998,0,30.0,14883174.459732944,0.0,0.0,0.0,33.0,31.0,-0.009430328657284975,0.03536455623768179,0.03244790368614159,0.0405069242949842,0.07721290457775412,0.04693028248822071
2025-04-30,13956069.233805567,14233426.686594581,13725368.358484488,14230835.181884766,29244000,-0.0008579230254012193,24.700000762939453,4.177000045776367,0.002317647741683082,5569.06005859375,17446.33984375,0.0,-0.11405406193500345,1.0,0.002317647741683082,24.700000762939453,4.177000045776367,-0.0008579230254012193,0.5877852522924732,-0.8090169943749473,0.8660254037844387,-0.4999999999999998,0,30.0,14862869.271683708,0.0,0.0,0.0,32.0,32.0,0.042276917570735546,0.040892554523779386,0.08746808603335733,0.04737706377039266,0.0915664672390799,0.027613904272550026
2025-05-01,15347528.638816921,15370080.109211572,14788144.90561743,14832471.027832031,31159000,0.015155063640452937,24.600000381469727,4.230999946594238,0.00784154790112268,5604.14013671875,17710.740234375,0.0,-0.1006274948616277,1.0,0.00784154790112268,24.600000381469727,4.230999946594238,0.015155063640452937,-0.587785252292473,-0.8090169943749475,0.49999999999999994,-0.8660254037844387,0,30.0,14861923.073779128,0.0,0.0,0.0,31.0,33.0,0.04335812076501716,0.04545535161693472,0.04729026311282504,0.02649382693508222,0.024887635240914068,0.016490781195829668
2025-05-02,15124085.332330994,15665323.74403822,14991108.558120118,15475579.09790039,24739300,0.015075046601202846,22.68000030517578,4.322000026702881,-0.0024937655860348684,5686.669921875,17977.73046875,0.0,-0.08706941243482624,1.0,-0.0024937655860348684,22.68000030517578,4.322000026702881,0.015075046601202846,-0.9510565162951536,0.30901699437494723,0.49999999999999994,-0.8660254037844387,0,30.0,14881024.178664966,0.0,0.0,0.0,30.0,34.0,0.0037687369940866866,0.02539284106559334,-0.017702920173334205,0.01580548506560547,-0.0015830431524729274,0.027452717706591287
2025-05-05,15325234.156513378,15636032.76339338,15243063.842962377,15533902.485351562,13887700,-0.00742531069797947,23.639999389648438,4.3429999351501465,-0.0016999816894531783,5650.3798828125,17844.240234375,0.0,-0.09384820569318664,1.0,-0.0016999816894531783,23.639999389648438,4.3429999351501465,-0.00742531069797947,0.0,1.0,0.49999999999999994,-0.8660254037844387,0,30.0,14901346.144918889,0.0,0.0,0.0,29.0,35.0,-0.021391039963767455,0.01574614199774443,-0.005331686422697524,0.027349644091129943,-0.0031396078302559035,0.024471000513124615
2025-05-06,15336728.650985863,15427320.768894466,15182721.734581005,15201616.15649414,10600700,-0.008662743613326751,24.760000228881836,4.308000087738037,-0.005910086712045071,5606.91015625,17689.66015625,0.0,-0.10169796636202244,1.0,-0.005910086712045071,24.760000228881836,4.308000087738037,-0.008662743613326751,0.9510565162951535,0.30901699437494745,0.49999999999999994,-0.8660254037844387,0,30.0,14910692.568256594,0.0,0.0,0.0,28.0,36.0,0.016410388824229998,0.027947469528704635,0.018650383226448082,0.02500590277879592,0.009481001649287897,0.02599981195202398
2025-05-07,15284093.34149204,15613407.92448983,15188561.220169146,15451080.588378906,13139100,0.00274171462716688,23.549999237060547,4.275000095367432,0.003728363105065302,5631.27978515625,17738.16015625,0.0,-0.0992350785367836,1.0,0.003728363105065302,23.549999237060547,4.275000095367432,0.00274171462716688,0.5877852522924732,-0.8090169943749473,0.49999999999999994,-0.8660254037844387,0,30.0,14927513.079822805,0.0,0.0,0.0,27.0,37.0,0.0022038287160851223,0.024602171577292137,-0.006817509198187086,0.02558003365363101,0.07157813983349554,0.032444110110346244
2025-05-08,15699537.234454017,15829268.613350175,15449138.47766031,15485132.123474121,14622800,0.010710269107760961,22.479999542236328,4.373000144958496,0.01034031495819332,5663.93994140625,17928.140625,0.0,-0.08958764382508144,1.0,0.01034031495819332,22.479999542236328,4.373000144958496,0.010710269107760961,-0.587785252292473,-0.8090169943749475,0.49999999999999994,-0.8660254037844387,0,30.0,14944869.936792271,0.0,0.0,0.0,26.0,38.0,-0.009001500149754335,0.025523783606376135,0.06922175821886976,0.03237276607884258,0.09731771258080638,0.030258431821917738
2025-05-09,15636603.974052716,15720780.356120188,15325541.19468449,15345742.704345703,10427300,4.346780245101378e-05,21.899999618530273,4.375,-0.0029809524401553933,5659.91015625,17928.919921875,0.0,-0.08954807020063427,1.0,-0.0029809524401553933,21.899999618530273,4.375,4.346780245101378e-05,-0.9510565162951536,0.30901699437494723,0.49999999999999994,-0.8660254037844387,0,30.0,14957347.794872258,0.0,0.0,0.0,25.0,39.0,0.07893378080839152,0.03266681643184584,0.10728493811708806,0.03053327712049032,0.11251960947894346,0.014105568801860056
2025-05-12,16336686.794055333,16581898.463726118,16080601.90379292,16557040.1953125,21965100,0.043472776122114976,18.389999389648438,4.456999778747559,0.014450913200693138,5844.18994140625,18708.33984375,0.0,-0.04996819728651891,1.0,0.014450913200693138,18.389999389648438,4.456999778747559,0.043472776122114976,0.0,1.0,0.49999999999999994,-0.8660254037844387,0,30.0,15007140.987026839,0.0,0.0,0.0,24.0,40.0,0.026277013300533086,0.02829949127889318,0.031128721028076217,0.013073618652751287,0.005872969108526575,0.029260080950759278
2025-05-13,16720402.529963845,17118766.506334867,16650210.691723337,16992109.760742188,18570800,0.016129170333668563,18.219999313354492,4.499000072479248,-0.007761085651064481,5886.5498046875,19010.08984375,0.0,-0.03464497251815102,1.0,-0.007761085651064481,18.219999313354492,4.499000072479248,0.016129170333668563,0.9510565162951535,0.30901699437494745,0.49999999999999994,-0.8660254037844387,0,30.0,15068926.57252018,0.0,0.0,0.0,23.0,41.0,0.004727483578668407,0.012738878960862813,-0.019881614737123056,0.028510899661152993,-0.02542057923018446,0.021748942631451995
2025-05-14,17120341.645117432,17158143.597912937,16941683.168381147,17072439.680603027,12348200,0.007192007205055306,18.6200008392334,4.5279998779296875,0.0003960486685876674,5892.580078125,19146.810546875,0.0,-0.027702132205065122,1.0,0.0003960486685876674,18.6200008392334,4.5279998779296875,0.007192007205055306,0.5877852522924732,-0.8090169943749473,0.49999999999999994,-0.8660254037844387,0,30.0,15131289.382487604,0.0,0.0,0.0,22.0,42.0,-0.024493306611000666,0.028376749046021933,-0.030006208948789373,0.021646608644551018,-0.029982181136327845,0.02302247373856201
2025-05-15,16923281.02716305,17001652.675540518,16517192.3391207,16654279.180908203,14341800,-0.001801356643215457,17.829999923706055,4.454999923706055,-0.0015835675045484665,5916.93017578125,19112.3203125,0.0,-0.029453587428401762,1.0,-0.0015835675045484665,17.829999923706055,4.454999923706055,-0.001801356643215457,-0.587785252292473,-0.8090169943749475,0.49999999999999994,-0.8660254037844387,0,30.0,15178695.073520051,0.0,0.0,0.0,21.0,43.0,-0.005651321897788709,0.0221901180086717,-0.005626690788003033,0.02360052872480027,-0.010224581183688889,0.011014713793921004
2025-05-16,16498609.96641896,16562746.007971726,16193185.587598009,16560160.48828125,18519000,0.005168357125659773,17.239999771118164,4.440999984741211,0.0020816721866587784,5958.3798828125,19211.099609375,1.0,-0.02443745696120392,1.0,0.0020816721866587784,17.239999771118164,4.440999984741211,0.005168357125659773,-0.9510565162951536,0.30901699437494723,0.49999999999999994,-0.8660254037844387,0,30.0,15221695.573386889,0.0,0.0,0.0,20.0,44.0,2.477109924125049e-05,0.023734660933872453,-0.004599251134550295,0.01107731526826526,-0.006409861378155023,0.025703578764280564
2025-05-19,16245614.137851793,16627027.28314955,16233977.488949683,16560570.701660156,9592400,0.000227021264460614,18.139999389648438,4.474999904632568,-0.006528796682401916,5963.60009765625,19215.4609375,1.0,-0.024215983519122686,1.0,-0.006528796682401916,18.139999389648438,4.474999904632568,0.000227021264460614,0.0,1.0,0.49999999999999994,-0.8660254037844387,0,30.0,15263370.376939591,0.0,0.0,0.0,19.0,45.0,-0.0046239076945151615,0.011077040877786378,-0.006434473088424835,0.025702942074151653,-0.00476162400185852,0.019605490713340366
2025-05-20,16455794.93793812,16542211.49081445,16358769.372192688,16483996.151367188,6743500,-0.00378601378528598,18.09000015258789,4.480999946594238,-0.003086702754672488,5940.4599609375,19142.7109375,1.0,-0.027910315256981066,1.0,-0.003086702754672488,18.09000015258789,4.480999946594238,-0.00378601378528598,0.9510565162951535,0.30901699437494745,0.49999999999999994,-0.8660254037844387,0,30.0,15301364.464876859,0.0,0.0,0.0,18.0,46.0,-0.0018189761718267225,0.025822342200945005,-0.0001383560529612288,0.019696565815570506,-0.014202845123130326,0.015406500369582127
2025-05-21,16357954.33196653,16741665.709861303,16316010.320401639,16454012.155151367,11464600,-0.01410825840612473,20.8700008392334,4.5960001945495605,-0.005593339718594881,5844.60986328125,18872.640625,0.0,-0.041624807723263935,1.0,-0.005593339718594881,20.8700008392334,4.5960001945495605,-0.01410825840612473,0.5877852522924732,-0.8090169943749473,0.49999999999999994,-0.8660254037844387,0,30.0,15337242.61739704,0.0,0.0,0.0,17.0,47.0,0.0016836826975732964,0.01973245868773505,-0.012406435962697044,0.015434575494629118,0.008667424900874555,0.016221745576010617
2025-05-22,16416468.550924608,16654670.134352705,16329992.01925369,16481715.490722656,8228400,0.0028135760347527405,20.280000686645508,4.552999973297119,0.004017693206987971,5842.009765625,18925.740234375,0.0,-0.038928346249972656,1.0,0.004017693206987971,20.280000686645508,4.552999973297119,0.0028135760347527405,-0.587785252292473,-0.8090169943749475,0.49999999999999994,-0.8660254037844387,0,30.0,15372866.314603781,0.0,0.0,0.0,16.0,48.0,-0.014066435246629056,0.01540863224712137,0.0069720035615372785,0.016194479211565894,0.009181054549623492,0.01306208273705829
2025-05-23,16170578.540903319,16389555.441649137,16135594.748850908,16249876.507019043,8454100,-0.009961528296397737,22.290000915527344,4.508999824523926,-0.008503386173531191,5802.81982421875,18737.2109375,0.0,-0.048502088723669234,1.0,-0.008503386173531191,22.290000915527344,4.508999824523926,-0.009961528296397737,-0.9510565162951536,0.30901699437494723,0.49999999999999994,-0.8660254037844387,0,30.0,15400164.773370255,0.0,0.0,0.0,15.0,49.0,0.021338596798283312,0.016425527835252172,0.023579164588100675,0.013248441075566528,0.0277785943647836,0.022019855779542127
2025-05-27,16418080.71532448,16616263.630145652,16349350.8312602,16596626.069824219,9508400,0.024654107822710714,18.959999084472656,4.434000015258789,0.005963775761352652,5921.5400390625,19199.16015625,0.0,-0.025043756625978575,1.0,0.005963775761352652,18.959999084472656,4.434000015258789,0.024654107822710714,0.9510565162951535,0.30901699437494745,0.49999999999999994,-0.8660254037844387,0,30.0,15437406.700145336,0.0,0.0,0.0,14.0,50.0,0.0021937561126556334,0.012971644386198718,0.006305448150778346,0.021559799902373708,0.01190254036499132,0.025989409379871875
2025-05-28,16607706.28945179,16821699.90889625,16606414.377507774,16633035.019714355,9042900,-0.00511588539944674,19.309999465942383,4.4770002365112305,0.00361736959902359,5888.5498046875,19100.939453125,0.0,-0.030031521036555264,1.0,0.00361736959902359,19.309999465942383,4.4770002365112305,-0.00511588539944674,0.5877852522924732,-0.8090169943749473,0.49999999999999994,-0.8660254037844387,0,30.0,15474622.699074488,0.0,0.0,0.0,13.0,51.0,0.004102691733054982,0.021512606490386266,0.009687532169422468,0.02593251975614028,0.04711831278548697,0.045262229789453164
2025-05-29,16872159.709453784,16915397.977414485,16557578.040294556,16701275.234985352,8858800,0.003922827339664758,19.18000030517578,4.423999786376953,-0.0060071935384495845,5912.169921875,19175.869140625,0.0,-0.0262265021686644,1.0,-0.0060071935384495845,19.18000030517578,4.423999786376953,0.003922827339664758,-0.587785252292473,-0.8090169943749475,0.49999999999999994,-0.8660254037844387,0,30.0,15512804.38038441,0.0,0.0,0.0,12.0,52.0,0.005562021178061177,0.02582656133645198,0.042839862303514144,0.045077291558029524,0.036664143130579814,0.016400681496353254
2025-05-30,16664741.007788487,16843967.331250567,16412630.821997251,16794168.08154297,16241000,-0.0032384247576783265,18.56999969482422,4.415999889373779,0.0005036568530683017,5911.68994140625,19113.76953125,0.0,-0.029379994372412455,1.0,0.0005036568530683017,18.56999969482422,4.415999889373779,-0.0032384247576783265,-0.9510565162951536,0.30901699437494723,0.49999999999999994,-0.8660254037844387,0,30.0,15552689.041319307,0.0,0.0,0.0,11.0,53.0,0.03707164783508858,0.04482795750899527,0.030930088147204587,0.01630996512491504,0.06420405993392837,0.031603576952105604
2025-06-02,16728548.168301724,17478021.45770394,16725173.204545608,17416755.566345215,15766300,0.006740682079448224,18.360000610351562,4.461999893188477,-0.006342543755149088,5935.93994140625,19242.609375,1.0,-0.022837353494524648,1.0,-0.006342543755149088,18.360000610351562,4.461999893188477,0.006740682079448224,0.0,1.0,1.2246467991473532e-16,-1.0,0,30.0,15610711.335257811,0.0,0.0,0.0,10.0,54.0,-0.005922020624808944,0.01572694148852924,0.026162524214676332,0.030473860719342598,0.022489531225249312,0.01811633182618915
2025-06-03,17433045.223237846,17540273.69979652,17266361.404084593,17313613.180664062,11585000,0.008125278617521214,17.690000534057617,4.460000038146973,0.00557247283448481,5970.3701171875,19398.9609375,1.0,-0.014897634737033316,1.0,0.00557247283448481,17.690000534057617,4.460000038146973,0.008125278617521214,0.9510565162951535,0.30901699437494745,1.2246467991473532e-16,-1.0,0,30.0,15663717.09985691,0.0,0.0,0.0,9.0,55.0,0.03227568209452885,0.030655402646074473,0.02858080798441567,0.018224256247559,0.04764438990878137,0.016426927838764545
2025-06-04,17388428.3959946,17899699.745620877,17368943.962309238,17872421.85559082,14031900,0.0031717831214381764,17.610000610351562,4.364999771118164,-0.0046347514808328105,5970.81005859375,19460.490234375,1.0,-0.01177310368200346,1.0,-0.0046347514808328105,17.610000610351562,4.364999771118164,0.0031717831214381764,0.5877852522924732,-0.8090169943749473,1.2246467991473532e-16,-1.0,0,30.0,15732466.854675228,0.0,0.0,0.0,8.0,56.0,-0.0035793482053322564,0.01765444693086371,0.014888181598028924,0.015913314750797623,0.009230057789882687,0.01635858310531388
2025-06-05,17991575.32468735,18062329.246852804,17746801.523677267,17808450.23449707,13083100,-0.008326666680717576,18.479999542236328,4.394000053405762,-0.0005061549883026428,5939.2998046875,19298.44921875,1.0,-0.020001739652563466,1.0,-0.0005061549883026428,18.479999542236328,4.394000053405762,-0.008326666680717576,-0.587785252292473,-0.8090169943749475,1.2246467991473532e-16,-1.0,0,30.0,15797085.42716625,0.0,0.0,0.0,7.0,57.0,0.01853386897401117,0.01597047865490937,0.012855420019791576,0.016417346505063095,0.024160451829045883,0.0170158521564305
2025-06-06,18098473.008221913,18271094.823064588,17986685.348717537,18138509.717773438,11728000,0.011995782530291654,16.770000457763672,4.510000228881836,0.004557469995670749,6000.35986328125,19529.94921875,1.0,-0.008245893641371516,1.0,0.004557469995670749,16.770000457763672,4.510000228881836,0.011995782530291654,-0.9510565162951536,0.30901699437494723,1.2246467991473532e-16,-1.0,0,30.0,15869966.307006348,0.0,0.0,0.0,6.0,58.0,-0.005575120403153215,0.016118606366620488,0.00552419809142182,0.0167062212409008,-0.007636880739012051,0.02413215481768823
2025-06-09,18151734.153721947,18326634.380628955,18034266.882411044,18037385.342163086,12773200,0.003138309011380125,17.15999984741211,4.48199987411499,-0.0025204153024159792,6005.8798828125,19591.240234375,1.0,-0.0051334627923129705,1.0,-0.0025204153024159792,17.15999984741211,4.48199987411499,0.003138309011380125,0.0,1.0,1.2246467991473532e-16,-1.0,0,30.0,15937430.972380362,0.3182,1.0,0.0,5.0,59.0,0.011161545454368406,0.016799882609205966,-0.0020733193408180826,0.024267448766438476,-0.002427553837122406,0.0120567412980508
2025-06-10,18211444.58452731,18260261.303617343,17957235.34729199,18238710.438537598,10850100,0.006316598567499998,16.950000762939453,4.473999977111816,0.0011117910616256221,6038.81005859375,19714.990234375,1.0,0.0011507097514666942,1.0,0.0011117910616256221,16.950000762939453,4.473999977111816,0.006316598567499998,0.9510565162951535,0.30901699437494745,1.2246467991473532e-16,-1.0,0,30.0,16009062.275140956,0.0,0.0,0.0,4.0,60.0,-0.013088773850907636,0.023999576403524944,-0.013439098186219602,0.011923654882102017,-0.027991409677880844,0.019301527678688136
2025-06-11,18248151.297402054,18381956.370076712,17944235.04540526,17999988.08227539,9582500,-0.005027107486322402,17.260000228881836,4.4120001792907715,-0.004240341094390199,6022.240234375,19615.880859375,1.0,-0.0038821824764618817,1.0,-0.004240341094390199,17.260000228881836,4.4120001792907715,-0.005027107486322402,0.5877852522924732,-0.8090169943749473,1.2246467991473532e-16,-1.0,0,30.0,16071033.283600379,0.0,0.0,0.0,3.0,60.0,-0.00035497046343157515,0.012081790708398238,-0.015100279976673273,0.019557511524113783,0.014611478892135174,0.019710755327871823
2025-06-12,17992041.60303453,18046020.76742861,17828548.678664897,17993598.618164062,7322700,0.002376104103309906,18.020000457763672,4.35699987411499,-0.007198612027215168,6045.259765625,19662.490234375,1.0,-0.0015153028428640525,1.0,-0.007198612027215168,18.020000457763672,4.35699987411499,0.002376104103309906,-0.587785252292473,-0.8090169943749475,1.2246467991473532e-16,-1.0,0,30.0,16130876.45414199,0.0,0.0,0.0,2.0,60.0,-0.014750545521221235,0.019564456328243406,0.014971763889533005,0.019717754548341678,0.007129001774824707,0.01431467613305573
2025-06-13,17860066.999051373,18031930.585399825,17679895.611046813,17728183.22265625,9274400,-0.013002430170469537,20.81999969482422,4.423999786376953,0.002655250623900818,5976.97021484375,19406.830078125,1.0,-0.01449803039393216,1.0,0.002655250623900818,20.81999969482422,4.423999786376953,-0.013002430170469537,-0.9510565162951536,0.30901699437494723,1.2246467991473532e-16,-1.0,0,30.0,16180595.389377635,0.0,0.0,0.0,1.0,60.0,0.030167293445981225,0.02001295657532016,0.02220711434711807,0.014528986611445064,0.021712604854932274,0.009824021773027814
2025-06-16,18190423.808376104,18393831.704413645,18039038.343419306,18262994.528198242,13720300,0.015168930638848721,19.110000610351562,4.452000141143799,-0.0018333703872099871,6033.10986328125,19701.2109375,1.0,0.0004509806274710648,1.0,-0.0018333703872099871,19.110000610351562,4.452000141143799,0.015168930638848721,0.0,1.0,1.2246467991473532e-16,-1.0,0,30.0,16245413.663461635,0.0,0.0,1.0,0.0,0.0,-0.007727074184461632,0.014103521538569325,-0.008207102520957958,0.009536336316954675,-0.025434233100794606,0.033064002497329506
2025-06-17,18245853.759372853,18349038.239256345,18091465.702569127,18121875.014648438,10066100,-0.009142640740278152,21.600000381469727,4.39300012588501,0.008367343824736917,5982.72021484375,19521.08984375,1.0,-0.00869578326666487,1.0,0.008367343824736917,21.600000381469727,4.39300012588501,-0.009142640740278152,0.9510565162951535,0.30901699437494745,1.2246467991473532e-16,-1.0,0,30.0,16303821.767797552,0.0,0.0,0.0,60.0,1.0,-0.00048376643563240987,0.009610598121597305,-0.017845048933265665,0.033321480045577744,0.005290160890247649,0.029214746880681982
2025-06-18,18175847.531715617,18264621.57562713,18090459.517651528,18113108.259765625,10068300,0.0012898709908895079,20.139999389648438,4.396999835968018,0.0009107869617801523,5980.8701171875,19546.26953125,1.0,-0.007417128714354071,1.0,0.0009107869617801523,20.139999389648438,4.396999835968018,0.0012898709908895079,0.5877852522924732,-0.8090169943749473,1.2246467991473532e-16,-1.0,0,30.0,16360138.938481404,0.0,0.0,0.0,60.0,2.0,-0.017369685368411988,0.03333760766120852,0.005776721910048123,0.029228886835083692,0.028246898625841944,0.01599690117112953
2025-06-20,18278437.460213613,18306347.64495525,17702499.94826619,17798489.26824951,22538600,-0.00505771062053284,20.6200008392334,4.375,-0.0020220864445619213,5967.83984375,19447.41015625,1.0,-0.012437325644214514,1.0,-0.0020220864445619213,20.6200008392334,4.375,-0.00505771062053284,-0.9510565162951536,0.30901699437494723,1.2246467991473532e-16,-1.0,0,30.0,16404910.079693325,0.0,0.0,0.0,60.0,3.0,0.02355555994335292,0.029745557815445897,0.046422935782677026,0.01627967398616962,0.03966074192999427,0.016430847662033836
2025-06-23,17830713.060086172,18231303.22585258,17701877.23429627,18217742.649108887,11080100,0.009438817066138139,19.829999923706055,4.320000171661377,-0.002937908197924055,6025.169921875,19630.970703125,1.0,-0.0031159022196241004,1.0,-0.002937908197924055,19.829999923706055,4.320000171661377,0.009438817066138139,0.0,1.0,1.2246467991473532e-16,-1.0,0,30.0,16461337.628169613,0.0,0.0,0.0,60.0,4.0,0.02234111828828292,0.015905022280442296,0.015734545946419036,0.01605271692622448,0.04068791547671542,0.02460933639445009
2025-06-24,18433583.596403413,18650636.633971445,18360883.031238005,18624747.392578125,13823200,0.01434257113455839,17.479999542236328,4.293000221252441,-0.005689875726602511,6092.18017578125,19912.529296875,1.0,0.011181978865700826,1.0,-0.005689875726602511,17.479999542236328,4.293000221252441,0.01434257113455839,0.9510565162951535,0.30901699437494745,1.2246467991473532e-16,-1.0,0,30.0,16528677.498058751,0.0,0.0,0.0,60.0,5.0,-0.006462199576717937,0.015701918507495544,0.017945866462996958,0.02407155102560462,0.026550002631563586,0.013391070401257789
2025-06-25,18625546.28983663,18710668.622270197,18418224.356489245,18504390.557861328,9320400,0.0030644768158396563,16.760000228881836,4.293000221252441,-0.0018393654614052846,6092.16015625,19973.55078125,1.0,0.014280722596529571,1.0,-0.0018393654614052846,16.760000228881836,4.293000221252441,0.0030644768158396563,0.5877852522924732,-0.8090169943749473,1.2246467991473532e-16,-1.0,0,30.0,16590174.983451562,0.0,0.0,0.0,60.0,6.0,0.02456682174479542,0.024228117959225397,0.033226921204424394,0.013478169019389823,0.039110098807515876,0.0192170029421072
2025-06-26,18652700.73415531,19014599.726601314,18566273.169401873,18958984.622192383,13964800,0.009730837402353698,16.59000015258789,4.252999782562256,-0.005425867911967974,6141.02001953125,20167.91015625,1.0,0.024150523388458467,1.0,-0.005425867911967974,16.59000015258789,4.252999782562256,0.009730837402353698,-0.587785252292473,-0.8090169943749475,1.2246467991473532e-16,-1.0,1,30.0,16663908.279607112,0.0,0.0,0.0,60.0,7.0,0.00845244963611176,0.013154992659665722,0.014194561793396598,0.01875622217532033,-0.010673810133058195,0.030784914020491935
2025-06-27,18933940.15909183,19166144.219272465,18916738.91573281,19119234.48486328,18775700,0.005233600330041721,16.31999969482422,4.2829999923706055,0.0025733401551559787,6173.06982421875,20273.4609375,1.0,0.029510517905676492,1.0,0.0025733401551559787,16.31999969482422,4.2829999923706055,0.005233600330041721,-0.9510565162951536,0.30901699437494723,1.2246467991473532e-16,-1.0,1,30.0,16740334.553500049,0.0,0.0,0.0,59.0,8.0,0.005693984043924741,0.018599014938273286,-0.018965951023344176,0.03052688704519515,-0.026970843179325514,0.010227053549406222
2025-06-30,19396388.556946725,19483660.886606347,19128061.958814025,19228099.10095215,15402100,0.004748549423642334,16.729999542236328,4.230000019073486,-0.005338852816370587,6204.9501953125,20369.73046875,1.0,0.03439919948211112,1.0,-0.005338852816370587,16.729999542236328,4.230000019073486,0.004748549423642334,0.0,1.0,1.2246467991473532e-16,-1.0,1,30.0,16817770.526886273,0.0,0.0,0.0,58.0,9.0,-0.024520316774801217,0.030354051559944358,-0.032479887263423844,0.010169150568329883,-0.023610280105201976,0.019839917254876785
2025-07-01,19217178.07477589,19239866.777116016,18656216.065605994,18756620.02001953,13431200,-0.00819057689575009,16.829999923706055,4.250999927520752,-0.0006192976909031866,6198.009765625,20202.890625,1.0,0.025926873297850594,1.0,-0.0006192976909031866,16.829999923706055,4.250999927520752,-0.00819057689575009,0.9510565162951535,0.30901699437494745,-0.4999999999999997,-0.8660254037844388,0,30.0,16878120.570021957,0.0,0.0,0.0,57.0,10.0,-0.008159647633363456,0.010424769211705088,0.0009329119665418518,0.020338626827450336,0.0003200023365104702,0.018785143065902624
2025-07-02,18649458.043854058,18779030.769578878,18583497.334678527,18603572.60986328,9336700,0.00941648588344024,16.639999389648438,4.293000221252441,-0.000413147238725764,6227.419921875,20393.130859375,1.0,0.03558749921770188,1.0,-0.000413147238725764,16.639999389648438,4.293000221252441,0.00941648588344024,0.5877852522924732,-0.8090169943749473,-0.4999999999999997,-0.8660254037844388,0,30.0,16931828.248416685,0.0,0.0,0.0,56.0,11.0,0.009167362043911094,0.020505948138649744,0.008549410144123075,0.01893968421538736,0.010336758363480714,0.011355687444165041
2025-07-03,18972561.764438402,19035751.693218254,18654267.798086792,18774118.295288086,8601700,0.010197980458914957,16.3799991607666,4.3480000495910645,0.004133101166813313,6279.35009765625,20601.099609375,1.0,0.04614840029822043,1.0,0.004133101166813313,16.3799991607666,4.3480000495910645,0.010197980458914957,-0.587785252292473,-0.8090169943749475,-0.4999999999999997,-0.8660254037844388,0,30.0,16989172.711816706,0.0,0.0,0.0,55.0,12.0,-0.0006123383722363495,0.01876763451507982,0.0011587734240643595,0.011252531414775313,0.017592419799179075,0.02056634018293654
2025-07-07,18743032.891355254,18988552.64158721,18636206.85107837,18762622.182250977,9457100,-0.009153884098457632,17.790000915527344,4.394999980926514,0.003087086343030565,6229.97998046875,20412.51953125,1.0,0.036572079092103804,1.0,0.003087086343030565,17.790000915527344,4.394999980926514,-0.009153884098457632,0.0,1.0,-0.4999999999999997,-0.8660254037844388,0,30.0,17044374.393235877,0.0,0.0,0.0,54.0,13.0,0.0017721969805150398,0.011259425993360403,0.018215912473608317,0.020578941458451554,0.011601545003958163,0.022534455747454458
2025-07-08,18819346.880557906,18854294.67678639,18643038.320883952,18795873.244628906,7770700,0.000291066776000104,16.809999465942383,4.414999961853027,0.00030774290381407887,6225.52001953125,20418.4609375,1.0,0.036873790785256766,1.0,0.00030774290381407887,16.809999465942383,4.414999961853027,0.000291066776000104,0.9510565162951535,0.30901699437494745,-0.4999999999999997,-0.8660254037844388,0,30.0,17098892.82368034,0.0,0.0,0.0,53.0,14.0,0.01641462554326921,0.02054253603811269,0.009811959298800852,0.02249459090138111,-0.00514703318857945,0.021435781795552385
2025-07-09,18842123.410648305,19228238.314143892,18842123.410648305,19104400.465698242,11418000,0.009446299936140878,15.9399995803833,4.3420000076293945,-0.0004102237170650058,6263.259765625,20611.33984375,1.0,0.04666841160893753,1.0,-0.0004102237170650058,15.9399995803833,4.3420000076293945,0.009446299936140878,0.5877852522924732,-0.8090169943749473,-0.4999999999999997,-0.8660254037844388,0,30.0,17161317.716965448,0.3442,1.0,0.0,52.0,15.0,-0.006496036242039767,0.022131313674631403,-0.021213447927634892,0.02108960384557144,-0.016260387049602077,0.015624245192030012
2025-07-10,19092784.576180182,19203705.68314865,18780900.203876507,18980297.587890625,9913600,0.0009373632498645978,15.779999732971191,4.3460001945495605,0.001846725176172015,6280.4599609375,20630.66015625,1.0,0.04764952011277401,1.0,0.001846725176172015,15.779999732971191,4.3460001945495605,0.0009373632498645978,-0.587785252292473,-0.8090169943749475,-0.4999999999999997,-0.8660254037844388,0,30.0,17217936.610831145,0.0,0.0,0.0,51.0,16.0,-0.014813641638555771,0.021227498444796683,-0.0098281951192508,0.01572640448552496,-0.024589815412479284,0.0201153214276121
2025-07-11,18829175.10537881,18898497.043252837,18495592.80572411,18699130.26123047,10873900,-0.0021875625420221256,16.399999618530273,4.422999858856201,0.0020480997963854275,6259.75,20585.529296875,1.0,0.04535772126540771,1.0,0.0020480997963854275,16.399999618530273,4.422999858856201,-0.0021875625420221256,-0.9510565162951536,0.30901699437494723,-0.4999999999999997,-0.8660254037844388,0,30.0,17264041.324482456,0.0,0.0,0.0,50.0,17.0,0.005060409613869132,0.015962872762145242,-0.009923172089170196,0.0204177831502537,-0.019597604882388365,0.020503148180620337
2025-07-14,18707205.822923657,18978325.393570855,18679833.556448054,18793755.51977539,8939400,0.0026621021232773323,17.200000762939453,4.427000045776367,0.0023505708791036195,6268.56005859375,20640.330078125,1.0,0.04814057027477281,1.0,0.0023505708791036195,17.200000762939453,4.427000045776367,0.0026621021232773323,0.0,1.0,-0.4999999999999997,-0.8660254037844388,0,30.0,17311656.323995393,0.0,0.0,0.0,49.0,18.0,-0.014908140406003877,0.020314981024969377,-0.024533863099563118,0.02039991624831524,-0.02587014205268382,0.012207752714032226
2025-07-15,18865661.866668463,18880515.31826258,18498720.53149043,18513575.57373047,11529500,0.0018154120105235982,17.3799991607666,4.488999843597412,0.005505718856505526,6243.759765625,20677.80078125,1.0,0.05004337725476682,1.0,0.005505718856505526,17.3799991607666,4.488999843597412,0.0018154120105235982,0.9510565162951535,0.30901699437494745,-0.4999999999999997,-0.8660254037844388,0,30.0,17349068.139004253,0.0,0.0,0.0,48.0,19.0,-0.009771396037651217,0.02070864361494473,-0.011127897911163243,0.012392501871920484,-0.007271515432129737,0.018408915552733426
2025-07-16,18605481.074901488,18621129.10395509,18237738.06536036,18332672.094726562,13067600,0.0025481168757934824,17.15999984741211,4.454999923706055,-0.0023322181152704013,6263.7001953125,20730.490234375,1.0,0.052719010504664876,1.0,-0.0023322181152704013,17.15999984741211,4.454999923706055,0.0025481168757934824,0.5877852522924732,-0.8090169943749473,-0.4999999999999997,-0.8660254037844388,0,30.0,17379684.51297578,0.0,0.0,0.0,47.0,20.0,-0.0013698875876580966,0.01251478882990506,0.0025245489733565925,0.018590571388335076,0.015088619671348613,0.016002898636641207
2025-07-17,18385340.698906355,18424753.585833132,18195324.065879736,18307558.39477539,11803300,0.00748463516761011,16.520000457763672,4.4629998207092285,0.003455676078812253,6297.35986328125,20885.650390625,1.0,0.060598228232299656,1.0,0.003455676078812253,16.520000457763672,4.4629998207092285,0.00748463516761011,-0.587785252292473,-0.8090169943749475,-0.4999999999999997,-0.8660254037844388,0,30.0,17408566.19202792,0.0,0.0,0.0,46.0,21.0,0.003899778819614291,0.01861607331610174,0.016481084492083558,0.016024850880957103,0.0044629986765485985,0.02164809729579738
2025-07-18,18324412.297899853,18390174.950072102,18049360.10075615,18378953.823242188,12779800,0.00047879763440294987,16.40999984741211,4.432000160217285,-0.0025321583257339464,6296.7900390625,20895.650390625,1.0,0.061106040155029406,1.0,-0.0025321583257339464,16.40999984741211,4.432000160217285,0.00047879763440294987,-0.9510565162951536,0.30901699437494723,-0.4999999999999997,-0.8660254037844388,0,30.0,17438771.18504544,0.0,0.0,0.0,45.0,22.0,0.012532431959754361,0.015962600270516172,0.0005610319563936367,0.02156400245575432,0.01262342348830631,0.013765042929622273
2025-07-21,18448243.58906617,18714474.93181752,18421099.03854683,18609286.811523438,9404400,0.0037581647571129917,16.649999618530273,4.372000217437744,-0.006397287381572192,6305.60009765625,20974.1796875,1.0,0.06509385147869962,1.0,-0.006397287381572192,16.649999618530273,4.372000217437744,0.0037581647571129917,0.0,1.0,-0.4999999999999997,-0.8660254037844388,0,30.0,17475205.50797722,0.0,0.0,0.0,44.0,23.0,-0.011823226225149258,0.021297098023830445,8.986529782145884e-05,0.013594668669506281,0.0017997321066754771,0.013482524756362113
2025-07-22,18686181.798625153,18696878.447119478,18300554.64174089,18389265.00366211,8921100,-0.0038852644341349496,16.5,4.335999965667725,-0.004701063787898918,6309.6201171875,20892.689453125,1.0,0.06095568021853359,1.0,-0.004701063787898918,16.5,4.335999965667725,-0.0038852644341349496,0.9510565162951535,0.30901699437494745,-0.4999999999999997,-0.8660254037844388,0,30.0,17503657.19037368,0.0,0.0,0.0,43.0,24.0,0.012055627939384287,0.013757324630869873,0.013785952770155508,0.013643838950857605,0.010392170840262763,0.01240519108956445
2025-07-23,18422913.76221971,18638343.988077413,18385356.89969894,18610959.140625,8771600,0.006094480005107927,15.369999885559082,4.388000011444092,-0.0018482421840421148,6358.91015625,21020.01953125,1.0,0.06742165339793127,1.0,-0.0018482421840421148,15.369999885559082,4.388000011444092,0.006094480005107927,0.5877852522924732,-0.8090169943749473,-0.4999999999999997,-0.8660254037844388,0,30.0,17538123.878323708,0.0,0.0,0.0,42.0,25.0,0.001709713164971259,0.013481313254131506,-0.0016436419631482503,0.012257420192230226,0.005675658358209364,0.01690069520785678
2025-07-24,18701461.04449071,18872814.141384386,18621913.971249778,18642778.54248047,10920800,0.001805012892285518,15.390000343322754,4.4079999923706055,0.0017487724570142138,6363.35009765625,21057.9609375,1.0,0.06934836324381921,1.0,0.0017487724570142138,15.390000343322754,4.4079999923706055,0.001805012892285518,-0.587785252292473,-0.8090169943749475,-0.4999999999999997,-0.8660254037844388,0,30.0,17572508.16491635,0.0,0.0,0.0,41.0,26.0,-0.0033476316382361425,0.012236499288303853,0.003959176137673086,0.016871849185187453,-0.019018015753282973,0.03441845019731976
2025-07-25,18690910.703874353,18788157.083293512,18560034.736926444,18580369.38720703,8271700,0.002391464926232212,14.930000305175781,4.386000156402588,0.002772687205548907,6388.64013671875,21108.3203125,1.0,0.07190567234844081,1.0,0.002772687205548907,14.930000305175781,4.386000156402588,0.002391464926232212,-0.9510565162951536,0.30901699437494723,-0.4999999999999997,-0.8660254037844388,0,30.0,17603879.588255525,0.0,0.0,0.0,40.0,27.0,0.007331350436581726,0.01692851963309972,-0.015723018990869253,0.034534057500806126,-0.02133742190610601,0.024353576788807663
2025-07-28,18653211.67510495,18902024.911238372,18587486.763276793,18716588.58642578,8715700,0.003328534179168896,15.029999732971191,4.420000076293945,0.010343083670744324,6389.77001953125,21178.580078125,1.0,0.07547354701569753,1.0,0.010343083670744324,15.029999732971191,4.420000076293945,0.003328534179168896,0.0,1.0,-0.4999999999999997,-0.8660254037844388,0,30.0,17638514.579921905,0.0,0.0,0.0,39.0,28.0,-0.022886579889982692,0.03428271887481603,-0.028460121220552272,0.024176331629361798,0.08107080266559655,0.026892572947220663
2025-07-29,18810750.740373883,18927533.385808963,18285877.841004938,18288229.88647461,13267000,-0.003791142528385638,15.979999542236328,4.329999923706055,0.0025339549029026465,6370.85986328125,21098.2890625,1.0,0.07139627351345257,1.0,0.0025339549029026465,15.979999542236328,4.329999923706055,-0.003791142528385638,0.9510565162951535,0.30901699437494745,-0.4999999999999997,-0.8660254037844388,0,30.0,17658738.092327196,0.0,0.0,0.0,38.0,29.0,-0.005704088405563021,0.02474260524089382,0.10639233932932192,0.02752246811244565,0.07275333791838873,0.029593297278117617
2025-07-30,18520801.59323205,18531524.85013504,18079026.397499282,18183912.2064209,27077300,0.0014873651262450327,15.479999542236328,4.375999927520752,0.010413494501683607,6362.89990234375,21129.669921875,1.0,0.07298983096706535,1.0,0.010413494501683607,15.479999542236328,4.375999927520752,0.0014873651262450327,0.5877852522924732,-0.8090169943749473,-0.4999999999999997,-0.8660254037844388,0,30.0,17675085.044760354,0.0,0.0,0.0,37.0,30.0,0.11273950383153936,0.02768035932915691,0.07890752180418673,0.029763068451787437,0.11652857455583607,0.026519301068045058
2025-07-31,20280001.047072962,20529838.197990365,20026500.974106792,20233957.446289062,38831100,-0.0003417328880052084,16.719999313354492,4.360000133514404,0.0009005036591167581,6339.39013671875,21122.44921875,1.0,0.07262315505332873,1.0,0.0009005036591167581,16.719999313354492,4.360000133514404,-0.0003417328880052084,-0.587785252292473,-0.8090169943749475,-0.4999999999999997,-0.8660254037844388,0,30.0,17754734.373064537,0.0,0.0,0.0,36.0,31.0,-0.030404224808104358,0.02674756162543264,0.0034051731885582095,0.02383244324186399,-0.013882964243891727,0.02600075992650472
2025-08-01,19899172.61782621,20037025.773405854,19495816.749684855,19618759.655334473,19028700,-0.022360965552978174,20.3799991607666,4.21999979019165,-0.013395944759003298,6238.009765625,20650.130859375,1.0,0.04863826563185447,1.0,-0.013395944759003298,20.3799991607666,4.21999979019165,-0.022360965552978174,-0.9510565162951536,0.30901699437494723,-0.8660254037844385,-0.5000000000000004,0,30.0,17812755.383250944,0.0,0.0,0.0,35.0,32.0,0.03486958056306634,0.024579772160359545,0.01703932812717017,0.026816082115620636,0.030406410287906235,0.01759187180205483
2025-08-04,19874765.710375577,20315409.54852828,19833184.906131305,20302857.575683594,15801700,0.019537368624801488,17.520000457763672,4.199999809265137,0.0009119093693816804,6329.93994140625,21053.580078125,1.0,0.06912589798157653,1.0,0.0009119093693816804,17.520000457763672,4.199999809265137,0.019537368624801488,0.0,1.0,-0.8660254037844385,-0.5000000000000004,0,30.0,17890264.119879447,0.0,0.0,0.0,34.0,33.0,-0.017229468109590043,0.025912523296926136,-0.00431278526201507,0.01699911963059461,-0.018353534370562176,0.019907918481473028
2025-08-05,20292543.915546864,20467125.720682673,19941027.4507586,19953050.138549805,11640300,-0.006508598365053131,17.850000381469727,4.196000099182129,0.0,6299.18994140625,20916.55078125,1.0,0.06216738690993773,1.0,0.0,17.850000381469727,4.196000099182129,-0.006508598365053131,0.9510565162951535,0.30901699437494745,-0.8660254037844385,-0.5000000000000004,0,30.0,17954471.90168373,0.0,0.0,0.0,33.0,34.0,0.013143132021601282,0.01729714015528724,-0.0011437728589703796,0.020256934691742452,0.00826542741714801,0.014836308597720135
2025-08-06,20163185.91456754,20258503.177019745,19913372.472247776,20215295.710754395,9733900,0.01208942828430759,16.770000457763672,4.21999979019165,-0.0060740886974666175,6345.06005859375,21169.419921875,1.0,0.07500838335991578,1.0,-0.0060740886974666175,16.770000457763672,4.21999979019165,0.01208942828430759,0.5877852522924732,-0.8090169943749473,-0.8660254037844385,-0.5000000000000004,0,30.0,18024843.95216151,0.0,0.0,0.0,32.0,35.0,-0.014101566135146095,0.01999414895240148,-0.004814427942397852,0.014643842640591289,-0.008873311650944212,0.011375353992215669
2025-08-07,20235264.836301994,20274768.188509002,19870580.554951336,19930228.381347656,9019700,0.0034615637625137197,16.56999969482422,4.24399995803833,0.002240794663060486,6340.0,21242.69921875,1.0,0.07872959342415298,1.0,0.002240794663060486,16.56999969482422,4.24399995803833,0.0034615637625137197,-0.587785252292473,-0.8090169943749475,-0.8660254037844385,-0.5000000000000004,0,30.0,18084152.337313995,0.0,0.0,0.0,31.0,36.0,0.009419974587383629,0.014853297396148064,0.005303035591309771,0.011538058689902526,0.038203701383768246,0.02791321073251038
2025-08-08,19946681.838865995,20133662.189082228,19837632.57976092,20117970.626220703,7320800,0.009759603069510403,15.149999618530273,4.284999847412109,-0.002235784728572998,6389.4501953125,21450.01953125,1.0,0.08925756607530722,1.0,-0.002235784728572998,15.149999618530273,4.284999847412109,0.009759603069510403,-0.9510565162951536,0.30901699437494723,-0.8660254037844385,-0.5000000000000004,0,30.0,18147458.448438335,0.0,0.0,0.0,30.0,37.0,-0.004078519446533363,0.011430384755977204,0.028515115136443003,0.027652722786588747,0.016142238707925124,0.022444073124864346
2025-08-11,20146057.44446327,20234481.726382747,20004525.581615597,20035919.091796875,7612000,-0.0030125446054189986,16.25,4.2729997634887695,0.003462989782377246,6373.4501953125,21385.400390625,1.0,0.08597612907071506,1.0,0.003462989782377246,16.25,4.2729997634887695,-0.0030125446054189986,0.0,1.0,-0.8660254037844385,-0.5000000000000004,0,30.0,18206240.051492296,0.0,0.0,0.0,29.0,38.0,0.032727112748751036,0.027765966822224993,0.020303566645857602,0.02253598658439562,0.023764328508592586,0.020026826270915437
2025-08-12,20246373.80294661,20787760.866982237,20231444.20222662,20691636.874938965,14563100,0.013864598959296481,14.729999542236328,4.293000221252441,-0.0042630753477077565,6445.759765625,21681.900390625,1.0,0.10103275257964994,1.0,-0.0042630753477077565,14.729999542236328,4.293000221252441,0.013864598959296481,0.9510565162951535,0.30901699437494745,-0.8660254037844385,-0.5000000000000004,0,30.0,18283602.325374577,0.0,0.0,0.0,28.0,39.0,-0.012029844040625978,0.021821821375845228,-0.008678753689638998,0.01939217632972874,-0.006075842402158677,0.01953089267282131
2025-08-13,20732819.510361504,20845766.990251433,20394237.786392663,20442719.710388184,8811800,0.0014408439210664703,14.489999771118164,4.23799991607666,-0.0026503785960716453,6466.580078125,21713.140625,1.0,0.1026191689280993,1.0,-0.0026503785960716453,14.489999771118164,4.23799991607666,0.0014408439210664703,0.5877852522924732,-0.8090169943749473,-0.8660254037844385,-0.5000000000000004,0,30.0,18350808.587532658,0.0,0.0,0.0,27.0,40.0,0.0033918943105451255,0.019628301738424333,0.006026499487411778,0.019768707136558924,-0.016480717425259167,0.024672252381554835
2025-08-14,20400599.202018734,20661022.14564243,20259766.274812896,20512059.255065918,8116200,-0.00011378838131570479,14.829999923706055,4.293000221252441,0.004190552713160711,6468.5400390625,21710.669921875,1.0,0.1024937036776592,1.0,0.004190552713160711,14.829999923706055,4.293000221252441,-0.00011378838131570479,-0.587785252292473,-0.8090169943749475,-0.8660254037844385,-0.5000000000000004,0,30.0,18418081.25179804,0.0,0.0,0.0,26.0,41.0,0.0026256990830855306,0.019701880440386135,-0.019805433797588375,0.024588849602485315,-0.0388220490091001,0.02277981770032508
2025-08-15,20537632.677148327,20854542.511044126,20450416.3720147,20565917.75024414,13375400,-0.004039002639741107,15.09000015258789,4.328000068664551,-0.004071262349912508,6449.7998046875,21622.98046875,1.0,0.09804072869820724,1.0,-0.004071262349912508,15.09000015258789,4.328000068664551,-0.004039002639741107,-0.9510565162951536,0.30901699437494723,-0.8660254037844385,-0.5000000000000004,0,30.0,18484936.37685478,0.0,0.0,0.0,25.0,42.0,-0.022372389717506217,0.024524455761479227,-0.04133920378271786,0.02272016139338691,-0.04559126858786041,0.02450738245813948
2025-08-18,20308081.049673103,20326944.95307252,19822577.01301244,20105809.0234375,16513700,0.00031397440837599433,14.989999771118164,4.341000080108643,0.0032703086337690923,6449.14990234375,21629.76953125,1.0,0.09838548538637304,1.0,0.0032703086337690923,14.989999771118164,4.341000080108643,0.00031397440837599433,0.0,1.0,-0.8660254037844385,-0.5000000000000004,0,30.0,18535388.840795465,0.0,0.0,0.0,24.0,43.0,-0.019400857612574,0.023240097921151927,-0.023750228232245714,0.025068218409929996,-0.03206835841151132,0.016226069021934398
2025-08-19,20126068.6432134,20127380.116984144,19660119.146495476,19715739.085388184,12286700,-0.014554954552111976,15.569999694824219,4.302000045776367,0.0010186256084980805,6411.3701171875,21314.94921875,1.0,0.08239853456587487,1.0,0.0010186256084980805,15.569999694824219,4.302000045776367,-0.014554954552111976,0.9510565162951535,0.30901699437494745,-0.8660254037844385,-0.5000000000000004,0,30.0,18572129.283222105,0.0,0.0,0.0,23.0,44.0,-0.0044354216026361954,0.0255641855334458,-0.012918123473059807,0.01654709689265017,0.009374078815377308,0.030102440457257656
2025-08-20,19624354.802832525,19693394.689997382,19189377.87808951,19628291.470336914,11898200,-0.006666206064662283,15.6899995803833,4.296000003814697,-0.0005087557145735389,6395.77978515625,21172.859375,1.0,0.07518304289037014,1.0,-0.0005087557145735389,15.6899995803833,4.296000003814697,-0.006666206064662283,0.5877852522924732,-0.8090169943749473,-0.8660254037844385,-0.5000000000000004,0,30.0,18605004.157613542,0.0,0.0,0.0,22.0,45.0,-0.008520493852924,0.016620817224420832,0.013871024258661059,0.030236552314583,0.007845848500315025,0.011706692310210768
2025-08-21,19608765.402084447,19629566.10753212,19303327.862575993,19461048.733520508,8876300,-0.003426501203265042,16.600000381469727,4.329999923706055,0.00407250581253904,6370.169921875,21100.310546875,1.0,0.07149892690017623,1.0,0.00407250581253904,16.600000381469727,4.329999923706055,-0.003426501203265042,-0.587785252292473,-0.8090169943749475,-0.8660254037844385,-0.5000000000000004,0,30.0,18631650.025312413,0.0,0.0,0.0,21.0,46.0,0.02258394447163036,0.030496396674988567,0.016506990060580477,0.011807296305804023,0.017586540293210693,0.009351369181156945
2025-08-22,19490305.9590113,19956188.799132228,19362696.937243503,19900555.977478027,10612700,0.018778326259453193,14.220000267028809,4.260000228881836,-0.009125953161769673,6466.91015625,21496.5390625,1.0,0.09161988333616167,1.0,-0.009125953161769673,14.220000267028809,4.260000228881836,0.018778326259453193,-0.9510565162951536,0.30901699437494723,-0.8660254037844385,-0.5000000000000004,0,30.0,18671146.917267945,0.0,0.0,0.0,20.0,47.0,-0.005942743814728922,0.011546530110938579,-0.004887035636963606,0.009144842564478952,-0.012254733398986754,0.014947411598898152
2025-08-25,19822209.064509295,19928828.019527636,19699045.650709268,19782292.071533203,6861200,-0.0021980282436453447,14.789999961853027,4.275000095367432,0.0072656475194787795,6439.31982421875,21449.2890625,1.0,0.08922047200126393,1.0,0.0072656475194787795,14.789999961853027,4.275000095367432,-0.0021980282436453447,0.0,1.0,-0.8660254037844385,-0.5000000000000004,0,30.0,18705733.231588583,0.0,0.0,0.0,19.0,48.0,0.001062019487505813,0.00919951291294085,-0.0063497243694797915,0.015036771278406396,-0.00010165638696561643,0.01630753810778664
2025-08-26,19716640.78907345,19823522.613427773,19641535.162068136,19803301.251220703,7601800,0.00442814064714403,14.619999885559082,4.257999897003174,-0.0020318698325928475,6465.93994140625,21544.26953125,1.0,0.09404369344703434,1.0,-0.0020318698325928475,14.619999885559082,4.257999897003174,0.00442814064714403,0.9510565162951535,0.30901699437494745,-0.8660254037844385,-0.5000000000000004,0,30.0,18739896.93411616,0.0,0.0,0.0,18.0,49.0,-0.007403880791302072,0.015020818876041744,-0.0011624413391162056,0.0162902375580439,-0.01818683938902939,0.01567025223283166
2025-08-27,19786079.376595847,19834736.789899755,19537274.98865748,19656679.969482422,8315400,0.0021291552114803824,14.850000381469727,4.23799991607666,0.0,6481.39990234375,21590.140625,1.0,0.09637308227852426,1.0,0.0,14.850000381469727,4.23799991607666,0.0021291552114803824,0.5877852522924732,-0.8090169943749473,-0.8660254037844385,-0.5000000000000004,0,30.0,18768433.39139475,0.0,0.0,0.0,17.0,50.0,0.006287995017713317,0.016411748185183865,-0.010863389841100263,0.015787138323011027,-0.016417402268107964,0.019093391682768815
2025-08-28,19593041.50783874,19831370.52191545,19508770.040099557,19780281.075195312,7468000,0.005327410008474587,14.430000305175781,4.206999778747559,-0.004275738409716734,6501.85986328125,21705.16015625,1.0,0.10221391121007706,1.0,-0.004275738409716734,14.430000305175781,4.206999778747559,0.005327410008474587,-0.587785252292473,-0.8090169943749475,-0.8660254037844385,-0.5000000000000004,0,30.0,18799928.900241815,0.0,0.0,0.0,16.0,51.0,-0.017044210945308624,0.015688489181204166,-0.0225635179970736,0.01897408274500256,-0.01998397406592638,0.008323600833624191
2025-08-29,19616332.80750243,19665289.02562054,19354966.29997116,19443141.791992188,9070500,-0.011500001529734183,15.359999656677246,4.2270002365112305,-0.00040896550992530756,6460.259765625,21455.55078125,1.0,0.08953844954506707,1.0,-0.00040896550992530756,15.359999656677246,4.2270002365112305,-0.011500001529734183,-0.9510565162951536,0.30901699437494723,-0.8660254037844385,-0.5000000000000004,0,30.0,18819950.013742395,0.0,0.0,0.0,15.0,52.0,-0.005615010474756847,0.019303088660019934,-0.0029907378880640457,0.008467930019140535,0.013661837276527092,0.020770102758424554
2025-09-02,19095420.050981835,19357376.429474425,18982063.73963426,19333968.34716797,9350900,-0.008199273170313437,17.170000076293945,4.2769999504089355,0.0064437445478544575,6415.5400390625,21279.630859375,1.0,0.08060502616768717,1.0,0.0064437445478544575,17.170000076293945,4.2769999504089355,-0.008199273170313437,0.9510565162951535,0.30901699437494745,-1.0,-1.8369701987210297e-16,0,30.0,18835949.72321166,0.0,0.0,0.0,14.0,53.0,0.00263909111092448,0.00851574602225587,0.019385698652276954,0.020887385647626263,0.024365554470131466,0.017588923174693735
2025-09-03,19357376.949133173,19469155.28070086,19304512.116654042,19384992.451171875,7699300,0.010249219585447555,16.350000381469727,4.210999965667725,-0.0026422980914495575,6448.259765625,21497.73046875,1.0,0.09168038436601811,1.0,-0.0026422980914495575,16.350000381469727,4.210999965667725,0.010249219585447555,0.5877852522924732,-0.8090169943749473,-1.0,-1.8369701987210297e-16,0,30.0,18853039.62752506,0.0,0.0,0.0,13.0,54.0,0.016702528048050894,0.020832407027421035,0.0216692761650995,0.01754262658481149,0.022046778564596616,0.019685561718433726
2025-09-04,19706664.321668305,20038104.571497496,19634268.5185312,19708770.831298828,11439100,0.009766565111615222,15.300000190734863,4.176000118255615,0.002139790969825528,6502.080078125,21707.689453125,1.0,0.10234235192100183,1.0,0.002139790969825528,15.300000190734863,4.176000118255615,0.009766565111615222,-0.587785252292473,-0.8090169943749475,-1.0,-1.8369701987210297e-16,0,30.0,18879675.740974404,0.0,0.0,0.0,12.0,55.0,0.00488515370034948,0.017254433918337222,0.005256454438847566,0.019362164620784102,0.023550159888590088,0.017203977210334565
2025-09-05,19809525.28431262,19949815.349673744,19609751.665753447,19805051.206054688,9663400,-0.0003362323816525903,15.180000305175781,4.085999965667725,-0.005897324250668912,6481.5,21700.390625,1.0,0.10197170872661898,1.0,-0.005897324250668912,15.180000305175781,4.085999965667725,-0.0003362323816525903,-0.9510565162951536,0.30901699437494723,-1.0,-1.8369701987210297e-16,0,30.0,18908479.65248589,0.0,0.0,0.0,11.0,56.0,0.00036949569523524384,0.01926803729708378,0.018574268034022918,0.01712034170968027,-0.0006246249934807965,0.01953619856055843
2025-09-08,19909811.60837091,20186600.384079553,19804995.918770637,19812369.08721924,13087800,0.0045302683923460485,15.109999656677246,4.046000003814697,-0.0032729846150292286,6495.14990234375,21798.69921875,1.0,0.10696393632792267,1.0,-0.0032729846150292286,15.109999656677246,4.046000003814697,0.0045302683923460485,0.0,1.0,-1.0,-1.8369701987210297e-16,0,30.0,18936614.774149146,0.0,0.0,0.0,10.0,57.0,0.01819804823830194,0.01711401815364432,-0.000993753501075268,0.019528982685523805,-0.002050062820782275,0.011602188276878821
2025-09-09,19956616.62326887,20188722.322347995,19849653.078122623,20172915.535583496,10999000,0.003706231037653218,15.039999961853027,4.073999881744385,0.0034890095221422612,6512.60986328125,21879.490234375,1.0,0.11106660042630412,1.0,0.0034890095221422612,15.039999961853027,4.073999881744385,0.003706231037653218,0.9510565162951535,0.30901699437494745,-1.0,-1.8369701987210297e-16,0,30.0,18975096.773162216,0.0,0.0,0.0,9.0,58.0,-0.018848790539898484,0.01917994511903954,-0.01988622065630329,0.011394824707190375,-0.013577633425737007,0.018028944255425818
2025-09-10,20138799.040717218,20153802.063577283,19766886.65071377,19792680.47607422,12478300,0.00030029550184296205,15.350000381469727,4.0320000648498535,-0.00010228178890303585,6532.0400390625,21886.060546875,1.0,0.11140024872866006,1.0,-0.00010228178890303585,15.350000381469727,4.0320000648498535,0.00030029550184296205,0.5877852522924732,-0.8090169943749473,-1.0,-1.8369701987210297e-16,0,30.0,19000545.479682513,0.0,0.0,0.0,8.0,59.0,-0.0010573600749834188,0.011613729461191422,0.0053724207475237575,0.01837529636777048,0.016722437667785733,0.029356935322311043
2025-09-11,19870492.756852455,19935001.781486996,19705134.945126064,19771752.485961914,7923300,0.00717396195120279,14.710000038146973,4.011000156402588,-0.0024544678540162623,6587.47021484375,22043.0703125,1.0,0.11937339182559681,1.0,-0.0024544678540162623,14.710000038146973,4.011000156402588,0.00717396195120279,-0.587785252292473,-0.8090169943749475,-1.0,-1.8369701987210297e-16,0,30.0,19024550.631325454,0.0,0.0,0.0,7.0,60.0,0.0064365866122101,0.018394746238032025,0.017798617290081593,0.029388009029742347,0.036831567636409344,0.021641709133602388
2025-09-12,19718350.7525652,19951159.314724155,19587462.945063706,19899015.08331299,8248600,0.004447170720106586,14.760000228881836,4.060999870300293,0.00010254394234765485,6584.2900390625,22141.099609375,1.0,0.12435143639858981,1.0,0.00010254394234765485,14.760000228881836,4.060999870300293,0.004447170720106586,-0.9510565162951536,0.30901699437494723,-1.0,-1.8369701987210297e-16,0,30.0,19051769.849519014,0.0,0.0,0.0,6.0,60.0,0.011289365697760942,0.029200060312459444,0.030200592296145058,0.021503301272513407,0.026874991250731315,0.022477592370711525
2025-09-15,19933398.301313125,20370240.888587564,19789188.447996285,20123662.34161377,10533800,0.009378503971730234,15.6899995803833,4.033999919891357,-0.002562788233510971,6615.27978515625,22348.75,1.0,0.13489617081047478,1.0,-0.002562788233510971,15.6899995803833,4.033999919891357,0.009378503971730234,0.0,1.0,-1.0,-1.8369701987210297e-16,0,30.0,19085134.356853824,0.0,0.0,0.0,5.0,60.0,0.018700114170918734,0.021263252637564067,0.01541163793630593,0.022226667394255276,0.019754055915001074,0.02015335130486374
2025-09-16,20184188.003630534,20562081.933311522,20134187.416948754,20499977.124938965,11782500,-0.0006617400302030285,16.360000610351562,4.026000022888184,-0.006885979211978421,6606.759765625,22333.9609375,1.0,0.1341451645841254,1.0,-0.006885979211978421,16.360000610351562,4.026000022888184,-0.0006617400302030285,0.9510565162951535,0.30901699437494745,-1.0,-1.8369701987210297e-16,0,30.0,19129173.784559045,0.0,0.0,0.0,4.0,60.0,-0.003228110205218903,0.021818656035338443,0.0010345947049786124,0.01978339947597413,-0.0007958956486094424,0.027740674121639827
2025-09-17,20546280.613175157,20633207.978991754,20185926.029370405,20433800.939575195,9400900,-0.0032520366440261794,15.720000267028809,4.076000213623047,0.0024837576320595467,6600.35009765625,22261.330078125,1.0,0.13045688294925273,1.0,0.0024837576320595467,15.720000267028809,4.076000213623047,-0.0032520366440261794,0.5877852522924732,-0.8090169943749473,-1.0,-1.8369701987210297e-16,0,30.0,19169782.560722467,0.0,0.0,0.0,3.0,60.0,0.004276509955627998,0.019847469294150346,0.0024400914406908216,0.02783051408818438,-0.013920225475190342,0.027398277970458844
2025-09-18,20534336.684453364,20745532.74614796,20339973.50943696,20521186.29272461,10955000,0.009406024899013321,15.699999809265137,4.104000091552734,0.0049550502108972605,6631.9599609375,22470.720703125,1.0,0.1410899885375343,1.0,0.0049550502108972605,15.699999809265137,4.104000091552734,0.009406024899013321,-0.587785252292473,-0.8090169943749475,-1.0,-1.8369701987210297e-16,0,30.0,19211847.338730715,0.0,0.0,0.0,2.0,60.0,-0.0018285984952673194,0.027712003429627183,-0.01811924828513845,0.027281607902657587,-0.029172359591779072,0.025099592787912208
2025-09-19,20695239.413334187,20810502.569982298,20241819.385058295,20483661.282348633,23696800,0.0071541882322734285,15.449999809265137,4.138999938964844,0.0029789514131779438,6664.35986328125,22631.48046875,1.0,0.1492535611054946,1.0,0.0029789514131779438,15.449999809265137,4.138999938964844,0.0071541882322734285,-0.9510565162951536,0.30901699437494723,-1.0,-1.8369701987210297e-16,0,30.0,19251434.746948704,0.0,0.0,0.0,1.0,60.0,-0.016320493419580195,0.02733158640042267,-0.027393853455720457,0.025145573946593582,-0.02062145211486156,0.011047018639643098
2025-09-22,20588864.387905937,20691038.586091172,20131187.627955668,20149357.823181152,11706900,0.006959332608287738,16.100000381469727,4.14300012588501,-0.0031749033237562507,6693.75,22788.98046875,1.0,0.15725159888848705,1.0,-0.0031749033237562507,16.100000381469727,4.14300012588501,0.006959332608287738,0.0,1.0,-1.0,-1.8369701987210297e-16,0,30.0,19279384.155386582,0.0,0.0,1.0,0.0,0.0,-0.01125708115505502,0.025562770982194727,-0.004372317067205004,0.011230302721306066,-0.019751880133996973,0.015994797192854775
2025-09-23,20287807.057305258,20323410.624701515,19808337.20522924,19922534.86694336,10872600,-0.009456753272509166,16.639999389648438,4.119999885559082,-0.0007191995634164838,6656.919921875,22573.470703125,1.0,0.1463077560435817,1.0,-0.0007191995634164838,16.639999389648438,4.119999885559082,-0.009456753272509166,0.9510565162951535,0.30901699437494745,-1.0,-1.8369701987210297e-16,0,30.0,19299403.333421115,0.0,0.0,0.0,58.0,1.0,0.0069631488192025024,0.011358162478094274,-0.008591514353261437,0.016176901890270916,-0.015981813346999493,0.019290086693267747
2025-09-24,19977918.92092418,20073126.83466575,19846843.44667151,20061258.442077637,8828200,-0.0033495659183030435,16.18000030517578,4.146999835968018,0.006271854790802278,6637.97021484375,22497.859375,1.0,0.14246812265205167,1.0,0.006271854790802278,16.18000030517578,4.146999835968018,-0.0033495659183030435,0.5877852522924732,-0.8090169943749473,-1.0,-1.8369701987210297e-16,0,30.0,19323117.391079225,0.0,0.0,0.0,57.0,2.0,-0.015447102697555358,0.01606503863546593,-0.02278629778369546,0.019156695769738868,-0.023061053457472985,0.015283567857634133
2025-09-25,19871106.800132494,19958666.982026346,19636382.0900783,19751370.122680664,10591100,-0.005029818809150544,16.739999771118164,4.171999931335449,0.006947995157786213,6604.72021484375,22384.69921875,1.0,0.1367217149998814,1.0,0.006947995157786213,16.739999771118164,4.171999931335449,-0.005029818809150544,-0.587785252292473,-0.8090169943749475,-1.0,-1.8369701987210297e-16,0,30.0,19336447.497885685,0.0,0.0,0.0,56.0,3.0,-0.007454343089384638,0.019457253970026282,-0.007733409531147517,0.015523358774840085,-0.018695620707524944,0.022275017189605367
2025-09-26,19768877.2772781,19819748.99508285,19435441.570349865,19604136.63330078,9696300,0.00443924185797262,15.289999961853027,4.186999797821045,-0.004058868731529386,6643.7001953125,22484.0703125,1.0,0.14176789761797526,1.0,-0.004058868731529386,15.289999961853027,4.186999797821045,0.00443924185797262,-0.9510565162951536,0.30901699437494723,-1.0,-1.8369701987210297e-16,1,30.0,19344779.785113998,0.0,0.0,0.0,55.0,4.0,-0.0002811623221761881,0.015639944285442638,-0.011325703296239047,0.02244230986707281,-0.03386399267217594,0.01569053542676437
2025-09-29,19738877.07943816,19793187.429034263,19486579.824325234,19598624.688720703,9246800,0.00476248635752885,16.1200008392334,4.140999794006348,-0.0024452150793523586,6661.2099609375,22591.150390625,1.0,0.1472055516538453,1.0,-0.0024452150793523586,16.1200008392334,4.140999794006348,0.00476248635752885,0.0,1.0,-1.0,-1.8369701987210297e-16,1,30.0,19352681.146687806,0.0,0.0,0.0,54.0,5.0,-0.011047647156191878,0.02244862157364411,-0.033592275232111196,0.015694948254862142,-0.021252199688162648,0.01296382126991923
2025-09-30,19589814.64864065,19608816.457501102,19168854.348500133,19382105.998413086,16226800,0.003048068549381,16.280000686645508,4.1479997634887695,-0.0014299562231264717,6688.4599609375,22660.009765625,1.0,0.1507023128155165,1.0,-0.0014299562231264717,16.280000686645508,4.1479997634887695,0.003048068549381,0.9510565162951535,0.30901699437494745,-1.0,-1.8369701987210297e-16,1,30.0,19353597.04607926,0.0,0.0,0.0,53.0,6.0,-0.022796475493577134,0.015870277480740217,-0.010318548211778656,0.013108640909383318,-0.0332047817476593,0.02832791543879963
2025-10-01,19049835.70684316,19059340.567474574,18751741.16711864,18940262.294006348,20419600,0.004199044555106113,16.290000915527344,4.105999946594238,-0.0006136602296590299,6711.2001953125,22755.16015625,1.0,0.15553416309669266,1.0,-0.0006136602296590299,16.290000915527344,4.105999946594238,0.004199044555106113,0.5877852522924732,-0.8090169943749473,-0.8660254037844386,0.5000000000000001,0,30.0,19340731.287181817,0.0,0.0,0.0,52.0,7.0,0.012769015838436495,0.013414442928871322,-0.010651114116007014,0.028988756925644343,-0.004229728265490454,0.03669124750417826
2025-10-02,19064177.40833356,19201107.74816103,18947034.680560227,19182110.803222656,11415300,0.003906394171239613,16.6299991607666,4.0879998207092285,0.0014328051474794545,6715.35009765625,22844.05078125,1.0,0.16004813501608184,1.0,0.0014328051474794545,16.6299991607666,4.0879998207092285,0.003906394171239613,-0.587785252292473,-0.8090169943749475,-0.8660254037844386,0.5000000000000001,0,30.0,19335793.95033177,0.0,0.0,0.0,51.0,8.0,-0.023124848398975547,0.028623265988884497,-0.0167844235339825,0.03622864338301547,-0.02162899304810786,0.01749345100083599
2025-10-03,19241431.947409205,19277560.76288998,18728506.103141084,18738527.39892578,16154300,-0.002781512623722282,16.649999618530273,4.11899995803833,-0.0013285360801753576,6715.7900390625,22780.509765625,1.0,0.1568214464844091,1.0,-0.0013285360801753576,16.649999618530273,4.11899995803833,-0.002781512623722282,-0.9510565162951536,0.30901699437494723,-0.8660254037844386,0.5000000000000001,0,30.0,19317202.9961249,0.0,0.0,0.0,50.0,9.0,0.006490517088700199,0.037086257464569,0.001531265636571976,0.01790756062549605,0.008216816299147514,0.016629490881706625
2025-10-06,18584229.684728026,18892302.246213578,18197360.394590136,18860150.131225586,21654700,0.007074475413767267,16.3700008392334,4.1620001792907715,0.003990988382896354,6740.27978515625,22941.669921875,1.0,0.16500535136568173,1.0,0.003990988382896354,16.3700008392334,4.1620001792907715,0.007074475413767267,0.0,1.0,-0.8660254037844386,0.5000000000000001,0,30.0,19302976.435368303,0.0,0.0,0.0,49.0,10.0,-0.004927270916046966,0.017792080820884563,0.001715166890434973,0.016522252916806264,0.023387591340348214,0.029396714097937954
2025-10-07,18889337.84146279,18909867.069457486,18574305.754028704,18767221.06201172,12062900,-0.006682623688557987,17.239999771118164,4.126999855041504,0.004790553641618622,6714.58984375,22788.359375,1.0,0.1572200590073487,1.0,0.004790553641618622,17.239999771118164,4.126999855041504,-0.006682623688557987,0.9510565162951535,0.30901699437494745,-0.8660254037844386,0.5000000000000001,0,30.0,19286300.122943457,0.0,0.0,0.0,48.0,11.0,0.0066753289607251656,0.01660406564655467,0.02845506808578842,0.02954227689969965,-0.010685142058757613,0.04314665421557208
2025-10-08,18776959.678648066,18940134.921799887,18628522.75128284,18892498.436279297,10790600,0.01119086636200639,16.299999237060547,4.129000186920166,0.0027388581664780087,6753.72021484375,23043.380859375,1.0,0.17017035403913305,1.0,0.0027388581664780087,16.299999237060547,4.129000186920166,0.01119086636200639,0.5877852522924732,-0.8090169943749473,-0.8660254037844386,0.5000000000000001,0,30.0,19274042.364483476,0.0,0.0,0.0,47.0,12.0,0.021635316271779795,0.02934638015833626,-0.01724535261771582,0.0428605459717742,-0.004116791342412877,0.017115203438291458
2025-10-09,18900488.943237174,19301243.615112305,18746817.17386048,19301243.615112305,12717200,-0.0008136826846035783,16.43000030517578,4.1479997634887695,0.006980297946963532,6735.10986328125,23024.630859375,1.0,0.16921820668401488,1.0,0.006980297946963532,16.43000030517578,4.1479997634887695,-0.0008136826846035783,-0.587785252292473,-0.8090169943749475,-0.8660254037844386,0.5000000000000001,0,30.0,19274889.050445747,0.0,0.0,0.0,46.0,13.0,-0.03805728743930032,0.0419528820990486,-0.025206751571753602,0.01675275234292938,-0.03425866274308352,0.022104417776681443
2025-10-10,19241124.967207804,19355637.636440277,18545894.838690456,18566690.638916016,16980100,-0.035622771843095036,21.65999984741211,4.051000118255615,-0.005625854464970104,6552.509765625,22204.4296875,1.0,0.12756741327251753,1.0,-0.005625854464970104,21.65999984741211,4.051000118255615,-0.035622771843095036,-0.9510565162951536,0.30901699437494723,-0.8660254037844386,0.5000000000000001,0,30.0,19252845.15026896,0.0,0.0,0.0,45.0,14.0,0.01335894092210386,0.017415540576562413,0.0039489094793439755,0.022978933660029812,0.01725269737961141,0.020400364386430187
2025-10-13,18744005.67452049,18926185.19550916,18602836.24131464,18814721.962280273,9251800,0.02207576120615018,19.030000686645508,4.051000118255615,0.002929816895308246,6654.72021484375,22694.609375,1.0,0.15245932223175807,1.0,0.002929816895308246,19.030000686645508,4.051000118255615,0.02207576120615018,0.0,1.0,-0.8660254037844386,0.5000000000000001,0,30.0,19239207.808439434,0.0,0.0,0.0,44.0,15.0,-0.009285980576830206,0.022676006232421633,0.0038424257193255085,0.02013142980498787,-0.004882840894881233,0.030199934009520528
2025-10-14,18617124.862621527,18821502.326680336,18394859.57420239,18640008.819580078,8829800,-0.007618996801966316,20.809999465942383,4.021999835968018,-0.0022161136168826756,6644.31005859375,22521.69921875,1.0,0.14367873834127787,1.0,-0.0022161136168826756,20.809999465942383,4.021999835968018,-0.007618996801966316,0.9510565162951535,0.30901699437494745,-0.8660254037844386,0.5000000000000001,0,30.0,19220556.703775253,0.0,0.0,0.0,43.0,16.0,0.013251459087860244,0.020320122063791055,0.004444410390510718,0.030482998541904196,0.011093604114759079,0.017516271805813746
2025-10-15,18874118.83941834,19054158.836314667,18675391.581830658,18887016.133850098,10246800,0.006588350991361569,20.639999389648438,4.046000003814697,-0.0026249583868726,6671.06005859375,22670.080078125,1.0,0.15121369529082807,1.0,-0.0026249583868726,20.639999389648438,4.046000003814697,0.006588350991361569,0.5877852522924732,-0.8090169943749473,-0.8660254037844386,0.5000000000000001,0,30.0,19210174.6767774,0.0,0.0,0.0,42.0,17.0,-0.008691868754156767,0.03008433717859663,-0.0021296342124626105,0.017287191297589724,0.020142406319184403,0.018935169457747987
2025-10-16,18866940.84221396,19075711.741660018,18507508.379991677,18722852.66845703,9017000,-0.004743742203573875,25.309999465942383,3.9760000705718994,-0.0040490082211958045,6629.06982421875,22562.5390625,1.0,0.14575263429914465,1.0,-0.0040490082211958045,25.309999465942383,3.9760000705718994,-0.004743742203573875,-0.587785252292473,-0.8090169943749475,-0.8660254037844386,0.5000000000000001,0,30.0,19195005.936590366,0.0,0.0,0.0,41.0,18.0,0.006619772737510947,0.01743876676958531,0.02908709629679241,0.01910119453368237,0.030359362481510832,0.013700278910375565
2025-10-17,18588115.170205206,18889381.03630765,18562877.57536112,18846793.698120117,12232400,0.005204717443356266,20.780000686645508,4.006999969482422,0.00040655468823547203,6664.009765625,22679.970703125,1.0,0.15171595302065266,1.0,0.00040655468823547203,20.780000686645508,4.006999969482422,0.005204717443356266,-0.9510565162951536,0.30901699437494723,-0.8660254037844386,0.5000000000000001,0,30.0,19184167.22853877,0.0,0.0,0.0,40.0,19.0,0.022319573058038972,0.018975580503188916,0.023583472515585374,0.013610182594682737,0.023895472613386485,0.02313289102693261
2025-10-20,18978502.007518563,19309551.90946672,18951923.05842105,19267446.086975098,8900200,0.01369350796084623,18.229999542236328,3.9860000610351562,0.0016254803639010884,6735.1298828125,22990.5390625,1.0,0.16748698459197464,1.0,0.0016254803639010884,18.229999542236328,3.9860000610351562,0.01369350796084623,0.0,1.0,-0.8660254037844386,0.5000000000000001,0,30.0,19186759.427013546,0.0,0.0,0.0,39.0,20.0,0.0012363056434161106,0.013313041199016605,0.0015414940659245731,0.02262784713955517,0.00280399359132723,0.012719486011012748
2025-10-21,19363615.035181336,19428859.710349582,19172351.40679385,19291266.53930664,7647300,-0.0016036657742026783,17.8700008392334,3.9630000591278076,0.0034486659895989202,6735.35009765625,22953.669921875,1.0,0.16561472567295743,1.0,0.0034486659895989202,17.8700008392334,3.9630000591278076,-0.0016036657742026783,0.9510565162951535,0.30901699437494745,-0.8660254037844386,0.5000000000000001,0,30.0,19190012.39159755,0.0,0.0,0.0,38.0,21.0,0.0003048115822291741,0.022599906747302802,0.0015657521996305253,0.012703780255789797,0.006253081963479263,0.01370998394917086
2025-10-22,19308198.744365696,19486326.786404733,19050345.96157904,19297146.74078369,8734500,-0.009291304265325873,18.600000381469727,3.953000068664551,-0.0003032323784932789,6699.39990234375,22740.400390625,1.0,0.1547846446005856,1.0,-0.0003032323784932789,18.600000381469727,3.953000068664551,-0.009291304265325873,0.5877852522924732,-0.8090169943749473,-0.8660254037844386,0.5000000000000001,0,30.0,19193347.13347287,0.0,0.0,0.0,37.0,22.0,0.0012605563852150848,0.012699909176379578,0.005946457832029649,0.013705806260678816,0.02167796711896861,0.010532188022477953
2025-10-23,19339898.675478764,19542852.07257376,19297780.061602537,19321471.88232422,9856000,0.008856501520000837,17.299999237060547,3.990999937057495,0.000404458189182888,6738.43994140625,22941.80078125,1.0,0.16501199656076437,1.0,0.000404458189182888,17.299999237060547,3.990999937057495,0.008856501520000837,-0.587785252292473,-0.8090169943749475,-0.8660254037844386,0.5000000000000001,0,30.0,19197335.23783441,0.0,0.0,0.0,36.0,23.0,0.004680002040359769,0.013688551070222904,0.020391705838753056,0.010518928320218281,0.021234324855958026,0.017504395624274798
2025-10-24,19370620.040708344,19486825.464752134,19222342.510139063,19411896.41015625,9151300,0.011466770280299965,16.3700008392334,3.996999979019165,0.00010101583373067768,6791.68994140625,23204.869140625,1.0,0.17837092149912026,1.0,0.00010101583373067768,16.3700008392334,3.996999979019165,0.011466770280299965,-0.9510565162951536,0.30901699437494723,-0.8660254037844386,0.5000000000000001,0,30.0,19204013.825342476,0.0,0.0,0.0,35.0,24.0,0.015638515513880128,0.010469929030990822,0.01647720944179124,0.01742285661974549,0.017871647279774232,0.022546497847394875
2025-10-27,19686847.09241269,19844924.276322234,19641683.098550953,19715469.653320312,11321100,0.018642285558837957,15.789999961853027,3.996999979019165,-0.0017180209619838127,6875.16015625,23637.4609375,1.0,0.20033844871193796,1.0,-0.0017180209619838127,15.789999961853027,3.996999979019165,0.018642285558837957,0.0,1.0,-0.8660254037844386,0.5000000000000001,0,30.0,19219933.77239859,0.0,0.0,0.0,34.0,25.0,0.0008257799552695744,0.017154584385695625,0.002198746632569572,0.02219933323027542,-0.11048609593936795,0.041094376425946474
2025-10-28,19762998.071827423,19914510.613356054,19576299.92548455,19731750.29296875,12193800,0.008039327801639073,16.420000076293945,3.9830000400543213,-0.0009110785483172901,6890.89013671875,23827.490234375,1.0,0.20998836297404422,1.0,-0.0009110785483172901,16.420000076293945,3.9830000400543213,0.008039327801639073,0.9510565162951535,0.30901699437494745,-0.8660254037844386,0.5000000000000001,0,30.0,19235864.946635354,0.0,0.0,0.0,33.0,26.0,0.001371833844409324,0.02218101659138675,-0.1112200326210746,0.04106046951326846,-0.13604081719019012,0.0390703948818952
2025-10-29,19839782.033427604,19955705.062193114,19518034.781567674,19758818.975830078,26818600,0.005497031683221021,16.920000076293945,4.058000087738037,0.00537033910412088,6890.58984375,23958.470703125,1.0,0.21663970734164129,1.0,0.00537033910412088,16.920000076293945,4.058000087738037,0.005497031683221021,0.5877852522924732,-0.8090169943749473,-0.8660254037844386,0.5000000000000001,0,30.0,19252142.795087054,0.0,0.0,0.0,32.0,27.0,-0.11243762073197894,0.04100421853851377,-0.13722440195571778,0.039016870218826084,-0.15154450173614795,0.030800465450260623
2025-10-30,17607706.08283721,17918468.92863226,17108273.99728439,17537184.381713867,88440100,-0.01574933904590925,16.90999984741211,4.0929999351501465,0.0031243454422480443,6822.33984375,23581.140625,1.0,0.19747843609400184,1.0,0.0031243454422480443,16.90999984741211,4.0929999351501465,-0.01574933904590925,-0.587785252292473,-0.8090169943749475,-0.8660254037844386,0.5000000000000001,0,30.0,19198761.748961747,0.0,0.0,0.0,31.0,28.0,-0.027926804698708226,0.043959580904052706,-0.04406099437925784,0.034702310699178104,-0.059671623941782985,0.023578631028680866
2025-10-31,17735267.201063264,17745258.881003983,16974331.605346743,17047426.858520508,56953200,0.006098954871908369,17.440000534057617,4.10099983215332,0.0027127928842807236,6840.2001953125,23724.9609375,1.0,0.2047818030358226,1.0,0.0027127928842807236,17.440000534057617,4.10099983215332,0.006098954871908369,-0.9510565162951536,0.30901699437494723,-0.8660254037844386,0.5000000000000001,0,30.0,19131797.730404735,0.0,0.0,0.0,30.0,29.0,-0.016597710705878337,0.035699277448363556,-0.03265681987377044,0.024256024281559093,-0.019870955379870422,0.02418150296060796
2025-11-03,17245295.796174686,17332837.152456198,16724256.33125319,16764478.599243164,33003600,0.004626341257806255,17.170000076293945,4.105999946594238,0.0007013997262896865,6851.97021484375,23834.720703125,1.0,0.21035553479786162,1.0,0.0007013997262896865,17.170000076293945,4.105999946594238,0.004626341257806255,0.0,1.0,-0.5000000000000004,0.8660254037844384,0,30.0,19058110.828874975,0.0,0.0,0.0,29.0,30.0,-0.01633015231174538,0.0246654136822987,-0.003328489987898639,0.02458963460209682,-0.02980242470699985,0.028215265270283202
2025-11-04,16509638.383093016,16869778.27114995,16456275.471331572,16490712.110290527,27356600,-0.020393781164017133,19.0,4.089000225067139,0.0035045405476679115,6771.5498046875,23348.640625,1.0,0.18567180889053714,1.0,0.0035045405476679115,19.0,4.089000225067139,-0.020393781164017133,0.9510565162951535,0.30901699437494745,-0.5000000000000004,0.8660254037844384,0,30.0,18978196.10420871,0.0,0.0,0.0,28.0,31.0,0.013217506213494549,0.024997853354848165,-0.013695929001906451,0.028683674036154055,-0.009846849022842982,0.03333370456551034
2025-11-05,16613042.014466103,16873675.396044005,16461442.992993943,16708678.200073242,20219900,0.006474045263609396,18.010000228881836,4.1570000648498535,-0.0001996035942654073,6796.2900390625,23499.80078125,1.0,0.19334790184908002,1.0,-0.0001996035942654073,18.010000228881836,4.1570000648498535,0.006474045263609396,0.5877852522924732,-0.8090169943749473,-0.5000000000000004,0.8660254037844384,0,30.0,18907553.434988193,0.0,0.0,0.0,27.0,32.0,-0.026562347225897696,0.028309493134744686,-0.022763478813677004,0.032898863631050025,-0.0071552587793157615,0.02654356395407606
2025-11-06,16709226.354789099,16713168.781445645,16240154.570650013,16264856.48803711,23628800,-0.018970822392277542,19.5,4.0929999351501465,-0.004690554946337633,6720.31982421875,23053.990234375,1.0,0.170709110750904,1.0,-0.004690554946337633,19.5,4.0929999351501465,-0.018970822392277542,-0.587785252292473,-0.8090169943749475,-0.5000000000000004,0.8660254037844384,0,30.0,18825294.922758188,0.0,0.0,0.0,26.0,33.0,0.0039025287355535093,0.03379658012744304,0.019936652739161693,0.02726786238279588,0.011995922018540287,0.016412548560930728
2025-11-07,16191233.839563722,16339360.812390478,15789664.28683117,16328330.557861328,29946800,-0.0021450157379379053,19.079999923706055,4.0929999351501465,-0.0013035684190966235,6728.7998046875,23004.5390625,1.0,0.16819792128379607,1.0,-0.0013035684190966235,19.079999923706055,4.0929999351501465,-0.0021450157379379053,-0.9510565162951536,0.30901699437494723,-0.5000000000000004,0.8660254037844384,0,30.0,18747572.589145657,0.0,0.0,0.0,25.0,34.0,0.01597179362004762,0.027161862434135514,0.008061931364174027,0.016348747105560977,-0.020613843882549873,0.034125129647469346
2025-11-10,16571530.481167117,16674200.839416947,16230692.971025227,16589123.283691406,19245000,0.022718597314864253,17.600000381469727,4.110000133514404,0.00020084611212256576,6832.43017578125,23527.169921875,1.0,0.1947377394415042,1.0,0.00020084611212256576,17.600000381469727,4.110000133514404,0.022718597314864253,0.0,1.0,-0.5000000000000004,0.8660254037844384,0,30.0,18680387.122119106,0.0,0.0,0.0,24.0,35.0,-0.007785513638808476,0.01609173326289713,-0.03601048546066207,0.0335886585255254,-0.03461756795210669,0.023189224054702886
2025-11-11,16484116.69551305,16525064.437233707,16258116.690287229,16459968.438110352,13302200,-0.0025021768797727217,17.280000686645508,4.119999885559082,-0.0016061399086325645,6846.60986328125,23468.30078125,1.0,0.19174829429248152,1.0,-0.0016061399086325645,17.280000686645508,4.119999885559082,-0.0025021768797727217,0.9510565162951535,0.30901699437494745,-0.5000000000000004,0.8660254037844384,0,30.0,18611272.751027487,0.0,0.0,0.0,23.0,36.0,-0.02844644198389478,0.033852215410306224,-0.027042594803973318,0.023371180700804055,-0.02624867155258363,0.02952598182384963
2025-11-12,16493804.911383107,16516386.909544405,15959180.512330651,15991740.900878906,24493300,-0.0026350371220488222,17.510000228881836,4.065000057220459,0.00020112882209000205,6850.919921875,23406.4609375,1.0,0.18860799329688271,1.0,0.00020112882209000205,17.510000228881836,4.065000057220459,-0.0026350371220488222,0.5877852522924732,-0.8090169943749473,-0.5000000000000004,0.8660254037844384,0,30.0,18529735.292492587,0.0,0.0,0.0,22.0,37.0,0.0014449508916297865,0.02405547332720142,0.002262119687769926,0.030390482933479394,-0.009801462842298693,0.026794093372777498
2025-11-13,16098350.285952615,16218615.049433308,15833926.1527367,16014848.181152344,20973800,-0.022903999196268954,20.0,4.111999988555908,-0.0030157121193633563,6737.490234375,22870.359375,1.0,0.161384116773732,1.0,-0.0030157121193633563,20.0,4.111999988555908,-0.022903999196268954,-0.587785252292473,-0.8090169943749475,-0.5000000000000004,0.8660254037844384,0,30.0,18451455.08240496,0.0,0.0,0.0,21.0,38.0,0.0008159897310506973,0.03034663353829028,-0.011230186665692718,0.026755433085884107,-0.017952633899972176,0.0326641677358845
2025-11-14,15826205.082606861,16138895.252154388,15652898.523229603,16027916.1328125,20724100,0.0013218187022914218,19.829999923706055,4.1479997634887695,0.0009074040896723812,6734.10986328125,22900.58984375,1.0,0.1629192560198276,1.0,0.0009074040896723812,19.829999923706055,4.1479997634887695,0.0013218187022914218,-0.9510565162951536,0.30901699437494723,-0.5000000000000004,0.8660254037844384,0,30.0,18376018.241811134,0.0,0.0,0.0,20.0,39.0,-0.01203635485478263,0.026733618727528618,-0.0187533211135711,0.0326375358417908,-0.02927048533744419,0.023153354090128045
2025-11-17,16019911.545604728,16089616.586716278,15661132.387824863,15834998.446655273,16501300,-0.008406749894371957,22.3799991607666,4.132999897003174,0.0032235288168167564,6672.41015625,22708.0703125,1.0,0.1531428846871199,1.0,0.0032235288168167564,22.3799991607666,4.132999897003174,-0.008406749894371957,0.0,1.0,-0.5000000000000004,0.8660254037844384,0,30.0,18296924.606751066,0.0,0.0,0.0,19.0,40.0,-0.0067987990163354325,0.033035158735009444,-0.01744409378558497,0.023435431256911093,-0.019465779445364022,0.038895152333036274
2025-11-18,15567089.312709587,15884430.534571111,15361318.847317226,15727339.47479248,25500600,-0.012119951159984765,24.690000534057617,4.123000144958496,-0.00040157935137508094,6617.31982421875,22432.849609375,1.0,0.13916684924422817,1.0,-0.00040157935137508094,24.690000534057617,4.123000144958496,-0.012119951159984765,0.9510565162951535,0.30901699437494745,-0.5000000000000004,0.8660254037844384,0,30.0,18216941.826187782,0.0,0.0,0.0,18.0,41.0,-0.010718165421776027,0.023595854730844752,-0.012753690205452065,0.03916140284014416,-0.004585123100585491,0.027236778492609002
2025-11-19,15648382.394831982,15690817.58781186,15319717.570261976,15558771.248657227,24744700,0.005856628188694035,23.65999984741211,4.132999897003174,0.0068307411786039385,6642.16015625,22564.23046875,1.0,0.14583852592513757,1.0,0.0068307411786039385,23.65999984741211,4.132999897003174,0.005856628188694035,0.5877852522924732,-0.8090169943749473,-0.5000000000000004,0.8660254037844384,0,30.0,18134201.670448963,0.0,0.0,0.0,17.0,42.0,-0.002057578247703168,0.03958568880104875,0.0061994894749132145,0.027531869625627245,0.037362824346247846,0.03226901076920971
2025-11-20,15904944.377201913,15989805.114450332,15373900.437674282,15526757.859375,20603000,-0.02154647765069262,26.420000076293945,4.105999946594238,-0.000698390626357015,6538.759765625,22078.05078125,1.0,0.12114974173498894,1.0,-0.000698390626357015,26.420000076293945,4.105999946594238,-0.02154647765069262,-0.587785252292473,-0.8090169943749475,-0.5000000000000004,0.8660254037844384,0,30.0,18053040.473032918,0.0,0.0,0.0,16.0,43.0,0.00827409231498318,0.027588635401713624,0.03950168039227388,0.03233554368051439,0.07883011199109115,0.03179413651142988
2025-11-21,15503746.72940694,15757180.829381462,15328818.767828474,15655227.68725586,21052600,0.008833628421609951,23.43000030517578,4.063000202178955,0.0001996469881717644,6602.990234375,22273.080078125,1.0,0.13105356195846007,1.0,0.0001996469881717644,23.43000030517578,4.063000202178955,0.008833628421609951,-0.9510565162951536,0.30901699437494723,-0.5000000000000004,0.8660254037844384,0,30.0,17978404.403773572,0.0,0.0,0.0,15.0,44.0,0.03097132844660582,0.03207019195174641,0.06997702332518764,0.03153322767466036,0.06530455983902099,0.01131528707996758
2025-11-24,15762816.955790918,16236187.006819548,15734120.849840958,16140090.885864258,23554900,0.026890294714480234,20.520000457763672,4.038000106811523,-0.0003992904312786205,6705.1201171875,22872.009765625,1.0,0.16146792557738565,1.0,-0.0003992904312786205,20.520000457763672,4.038000106811523,0.026890294714480234,0.0,1.0,-0.5000000000000004,0.8660254037844384,0,30.0,17921183.716713715,0.0,0.0,0.0,14.0,45.0,0.03783392787203192,0.030585940466620328,0.03330182949330515,0.010975365432341023,0.057851100559278244,0.020489263289890543
2025-11-25,16429000.106218178,16772587.046661815,16278927.18770093,16750733.920288086,25213000,0.00671476095449286,18.559999465942383,4.001999855041504,-0.004793246759183467,6765.8798828125,23025.58984375,1.0,0.1692669050539486,1.0,-0.004793246759183467,18.559999465942383,4.001999855041504,0.00671476095449286,0.9510565162951535,0.30901699437494745,-0.5000000000000004,0.8660254037844384,0,30.0,17884751.442856148,0.0,0.0,0.0,13.0,46.0,-0.004366882077192597,0.010575261742352982,0.019287452596861432,0.019742333276675197,0.006544278976177111,0.011873659790056203
2025-11-26,16784977.740527943,16802612.717068978,16625469.32148542,16677585.440551758,15209500,0.008212584809258683,17.190000534057617,3.997999906539917,-0.000602098994414324,6812.60986328125,23214.689453125,1.0,0.17886960867636348,1.0,-0.000602098994414324,17.190000534057617,3.997999906539917,0.008212584809258683,0.5877852522924732,-0.8090169943749473,-0.5000000000000004,0.8660254037844384,0,30.0,17847176.313600875,0.0,0.0,0.0,12.0,47.0,0.023758083422741244,0.019828923848840718,0.010959017791748127,0.011925738081943535,0.021174389018459305,0.015465147464750788
2025-11-28,16761032.48847046,17076447.314358287,16745748.742675051,17073812.90673828,11033200,0.006504502259437883,16.350000381469727,4.017000198364258,-0.0014056163834662572,6849.08984375,23365.689453125,1.0,0.18653756870958138,1.0,-0.0014056163834662572,16.350000381469727,4.017000198364258,0.006504502259437883,-0.9510565162951536,0.30901699437494723,-0.5000000000000004,0.8660254037844384,0,30.0,17823104.04026093,0.0,0.0,0.0,11.0,48.0,-0.01250204109568724,0.01164898062838448,-0.0025237352907083728,0.015106251872557623,-0.014084669832783428,0.0174184359303394
2025-12-01,16825627.927549854,16977428.730646633,16778536.214843377,16860355.396118164,13029900,-0.0038419380446740314,17.239999771118164,4.0960001945495605,-0.0005026686388848178,6812.6298828125,23275.919921875,1.0,0.1819789648829211,1.0,-0.0005026686388848178,17.239999771118164,4.0960001945495605,-0.0038419380446740314,0.0,1.0,-2.4492935982947064e-16,1.0,0,30.0,17793136.823925357,0.0,0.0,0.0,10.0,49.0,0.010104634358991876,0.015297501869592622,-0.0016026653248500976,0.01763895891963785,0.03282562028751372,0.025058331237811208
2025-12-02,16905448.247014385,17050988.908264745,16793067.59007063,17030723.122558594,11640900,0.005918133438435724,16.59000015258789,4.085999965667725,-0.0005029981884697721,6829.3701171875,23413.669921875,1.0,0.1889740741185224,1.0,-0.0005029981884697721,16.59000015258789,4.085999965667725,0.005918133438435724,0.9510565162951535,0.30901699437494745,-2.4492935982947064e-16,1.0,0,30.0,17769405.37910322,0.0,0.0,0.0,9.0,50.0,-0.011590185101240899,0.017462506674698567,0.02249369536151122,0.02480765891517082,0.04067382794984748,0.01900786389635982
2025-12-03,16959925.974839456,17076780.33134003,16779381.215137407,16833333.889160156,11134300,0.0017263385880927906,16.079999923706055,4.057000160217285,-0.005132871709919606,6849.72021484375,23454.08984375,1.0,0.19102664594291507,1.0,-0.005132871709919606,16.079999923706055,4.057000160217285,0.0017263385880927906,0.5877852522924732,-0.8090169943749473,-2.4492935982947064e-16,1.0,0,30.0,17740268.535322297,0.0,0.0,0.0,8.0,51.0,0.03448355120415641,0.025098555822932436,0.05287686571226701,0.019230751870171137,0.041735024776404804,0.018185079739312462
2025-12-04,17794707.75984296,17797339.470397513,17374847.100094367,17413807.020263672,29874600,0.0021766259782449726,15.779999732971191,4.107999801635742,0.0014162811513354079,6857.1201171875,23505.140625,1.0,0.1936190654812564,1.0,0.0014162811513354079,15.779999732971191,4.107999801635742,0.0021766259782449726,-0.587785252292473,-0.8090169943749475,-2.4492935982947064e-16,1.0,0,30.0,17730106.85614828,0.0,0.0,0.0,7.0,52.0,0.0177801904019648,0.01858971256506323,0.007009752415886705,0.0175788969463504,-0.007850631032043382,0.016823699430844906
2025-12-05,17475507.66870477,17756852.879010893,17433135.21184071,17723427.82470703,21207900,0.0031052881384325826,15.40999984741211,4.138999938964844,0.0,6870.39990234375,23578.130859375,1.0,0.19732559660710214,1.0,0.0,15.40999984741211,4.138999938964844,0.0031052881384325826,-0.9510565162951536,0.30901699437494723,-2.4492935982947064e-16,1.0,0,30.0,17729898.959745277,0.0,0.0,0.0,6.0,53.0,-0.010582282979809609,0.0172718010353569,-0.025183061800294497,0.01652979650173827,-0.034584621167632806,0.01649785525424878
2025-12-08,17602672.842960212,17796493.035533395,17490377.516480546,17535873.49609375,13161000,-0.0013669645376993556,16.65999984741211,4.171999931335449,0.0010101876581380953,6846.509765625,23545.900390625,1.0,0.19568889497646058,1.0,0.0010101876581380953,16.65999984741211,4.171999931335449,-0.0013669645376993556,0.0,1.0,-2.4492935982947064e-16,1.0,0,30.0,17723859.581679955,0.0,0.0,0.0,5.0,54.0,-0.014756940945486366,0.016706590368647054,-0.024259054365946223,0.016674307494649522,-0.019829046738323267,0.02174459653807333
2025-12-09,17456190.72499295,17474861.67000045,17181897.014744796,17277097.646484375,12997100,0.0012991579528713881,16.93000030517578,4.185999870300293,0.0013119879666680934,6840.509765625,23576.490234375,1.0,0.19724228371352948,1.0,0.0013119879666680934,16.93000030517578,4.185999870300293,0.0012991579528713881,0.9510565162951535,0.30901699437494745,-2.4492935982947064e-16,1.0,0,30.0,17709953.34390548,0.0,0.0,0.0,4.0,55.0,-0.009644435789863407,0.016924054771470284,-0.005148075641054844,0.0220702864518939,-0.0201223437023421,0.11010564556690147
2025-12-10,17105732.643922064,17225745.102771584,16933346.555910442,17110469.787597656,16910900,0.003293965958375278,15.770000457763672,4.164000034332275,-0.004333806691045106,6886.68017578125,23654.150390625,1.0,0.20118595904000935,1.0,-0.004333806691045106,15.770000457763672,4.164000034332275,0.003293965958375278,0.5877852522924732,-0.8090169943749473,-2.4492935982947064e-16,1.0,0,30.0,17691293.38158739,0.0,0.0,0.0,3.0,56.0,0.004540147307997062,0.022285214774853287,-0.010579945517684252,0.11117789362320273,-0.004617874419187154,0.02198259799921407
2025-12-11,16940090.904768787,17255831.185818315,16874520.691703063,17188153.840942383,13056700,-0.002548855681956619,14.850000381469727,4.140999794006348,-0.004453916766156141,6901.0,23593.859375,1.0,0.19812430938322367,1.0,-0.004453916766156141,14.850000381469727,4.140999794006348,-0.002548855681956619,-0.587785252292473,-0.8090169943749475,-2.4492935982947064e-16,1.0,0,30.0,17675632.293355048,0.0,0.0,0.0,2.0,57.0,-0.015051755637841538,0.11067541095409801,-0.009116630880036216,0.02188324484404514,0.005138440214151466,0.029581286397663446
2025-12-12,17075813.770881124,18684062.51026995,16781756.520381395,16929441.94946289,14016900,-0.01689801769130872,15.739999771118164,4.193999767303467,0.0005084194461981717,6827.41015625,23195.169921875,1.0,0.1778783836068789,1.0,0.0005084194461981717,15.739999771118164,4.193999767303467,-0.01689801769130872,-0.9510565162951536,0.30901699437494723,-2.4492935982947064e-16,1.0,0,30.0,17652405.828587767,0.0,0.0,0.0,1.0,58.0,0.006025823987989177,0.02221765962760458,0.020498737844918898,0.030033340905968067,0.009386195422829681,0.018695741177449855
2025-12-15,16983847.421081543,17175859.0,16799726.421081543,17031455.786865234,15549100,-0.005939157423247909,16.5,4.182000160217285,-0.0025406503671064895,6816.509765625,23057.41015625,1.0,0.17088277846119704,1.0,-0.0025406503671064895,16.5,4.182000160217285,-0.005939157423247909,0.0,1.0,-2.4492935982947064e-16,1.0,0,30.0,17633077.684791263,0.0,0.0,1.0,0.0,0.0,0.014386224997244712,0.02985344927520134,0.003340243714142096,0.01858375871837765,0.02604472217353133,0.02177320380305612
2025-12-16,16917615.0,17418176.022338867,16909728.32092285,17276474.141845703,14309100,0.002344182667685546,16.479999542236328,4.14900016784668,0.0,6800.259765625,23111.4609375,1.0,0.1736275415763573,1.0,0.0,16.479999542236328,4.14900016784668,0.002344182667685546,0.9510565162951535,0.30901699437494745,-2.4492935982947064e-16,1.0,0,30.0,17621977.782877617,0.0,0.0,0.0,60.0,1.0,-0.01088932500353366,0.018320200196358275,0.011493154075823818,0.02146441194340475,0.0022745278469768265,0.01950478377419027
2025-12-17,17249098.71459961,17396960.786132812,17080452.321166992,17088345.0,15598500,-0.01809234933831194,17.6200008392334,4.151000022888184,0.002241479544400349,6721.43017578125,22693.3203125,1.0,0.15239386210109362,1.0,0.002241479544400349,17.6200008392334,4.151000022888184,-0.01809234933831194,0.5877852522924732,-0.8090169943749473,-2.4492935982947064e-16,1.0,0,30.0,17605367.539751817,0.0,0.0,0.0,59.0,2.0,0.02262889244364635,0.021700718115777524,0.013308776442593255,0.01971951599274768,0.016733773808990864,0.02602161049706069
2025-12-18,17279889.770507812,17635727.935791016,17264898.57788086,17475035.321044922,20260300,0.013794326180095018,16.8700008392334,4.116000175476074,0.0006099172198694713,6774.759765625,23006.359375,1.0,0.1682903589228555,1.0,0.0006099172198694713,16.8700008392334,4.116000175476074,0.013794326180095018,-0.587785252292473,-0.8090169943749475,-2.4492935982947064e-16,1.0,0,30.0,17601310.724073865,0.0,0.0,0.0,58.0,3.0,-0.009113879013120777,0.019283159451544987,-0.005764670525363965,0.025445800220723427,0.0007374373171391069,0.011663781861117993
2025-12-19,17516849.250793457,17637235.0,17300261.10748291,17315769.963378906,49977100,0.013094630085295655,14.90999984741211,4.151000022888184,0.0017270971087903764,6834.5,23307.619140625,1.0,0.18358868900516767,1.0,0.0017270971087903764,14.90999984741211,4.151000022888184,0.013094630085295655,-0.9510565162951536,0.30901699437494723,-2.4492935982947064e-16,1.0,0,30.0,17592422.774139654,0.0,0.0,0.0,57.0,4.0,0.003380013522059576,0.02567984320476759,0.009941925839518678,0.01177106189508576,0.014908434092434366,0.009091652646879623
2025-12-22,17378237.89123535,17691579.148864746,17246912.89123535,17374297.5,15659400,0.005200485590942661,14.079999923706055,4.169000148773193,-0.0031439915151226794,6878.490234375,23428.830078125,1.0,0.1897439249279418,1.0,-0.0031439915151226794,14.079999923706055,4.169000148773193,0.005200485590942661,0.0,1.0,-2.4492935982947064e-16,1.0,0,30.0,17585633.247799452,0.0,0.0,0.0,56.0,5.0,0.006539807679072168,0.011731409572099246,0.011489585615631097,0.009061026255611917,0.0031640561366300837,0.011539668772545426
2025-12-23,17359314.678955078,17515800.0,17311975.0,17487922.064208984,8486800,0.0056771834180993075,14.0,4.169000148773193,-0.0035608756827857357,6909.7900390625,23561.83984375,1.0,0.19649831941032714,1.0,-0.0035608756827857357,14.0,4.169000148773193,0.0056771834180993075,0.9510565162951535,0.30901699437494745,-2.4492935982947064e-16,1.0,0,30.0,17582591.81824785,0.0,0.0,0.0,55.0,6.0,0.004917617662804975,0.009002153900405855,-0.003353818216316804,0.011464691892468862,-0.01109428835498639,0.008797724214482458
2025-12-24,17441765.55126953,17590506.487182617,17433077.521362305,17573920.978637695,5627500,0.002184494227374767,13.470000267028809,4.136000156402588,0.00040842265193208327,6932.0498046875,23613.310546875,1.0,0.19911206308214258,1.0,0.00040842265193208327,13.470000267028809,4.136000156402588,0.002184494227374767,0.5877852522924732,-0.8090169943749473,-2.4492935982947064e-16,1.0,0,30.0,17582321.923371352,0.0,0.0,0.0,54.0,7.0,-0.008230959168930818,0.011408588814606473,-0.015933550906422737,0.008754672084408107,-0.005466219427123361,0.021475095212986094
2025-12-26,17554612.555847168,17577999.47076416,17377505.832458496,17429270.75262451,7133800,-0.0008559129165679469,13.600000381469727,4.136000156402588,0.0004081780441169691,6929.93994140625,23593.099609375,1.0,0.19808572757893828,1.0,0.0004081780441169691,13.600000381469727,4.136000156402588,-0.0008559129165679469,-0.9510565162951536,0.30901699437494723,-2.4492935982947064e-16,1.0,0,30.0,17577557.941025507,0.0,0.0,0.0,53.0,8.0,-0.007766517626964244,0.00882732947287,0.002787685063742964,0.021653322829063796,-0.006793732223249417,0.008365865562801288
2025-12-29,17276052.806396484,17334863.75,17181009.834594727,17293906.01409912,8506500,-0.005033251330520905,14.199999809265137,4.116000175476074,0.00020408358647250324,6905.740234375,23474.349609375,1.0,0.19205546099652326,1.0,0.00020408358647250324,14.199999809265137,4.116000175476074,-0.005033251330520905,0.0,1.0,-2.4492935982947064e-16,1.0,1,30.0,17568728.78430852,0.0,1.0,0.0,52.0,9.0,0.010636813691738831,0.021822810068127804,0.0009803996952292965,0.008431347773906398,-0.01106608131833548,0.031762803309607235
2025-12-30,17287319.114074707,17642413.131103516,17265011.504821777,17477858.070373535,9187500,-0.002354464859291694,14.329999923706055,4.130000114440918,0.00203995253340028,6896.240234375,23419.080078125,1.0,0.1892488083032804,1.0,0.00203995253340028,14.329999923706055,4.130000114440918,-0.002354464859291694,0.9510565162951535,0.30901699437494745,-2.4492935982947064e-16,1.0,1,30.0,17565900.2762035,0.0,1.0,0.0,51.0,10.0,-0.009554781565135924,0.008342608996309628,-0.021474475020157,0.03142850416618153,-0.00886696742361286,0.025260101692745257
2025-12-31,17433068.75,17439625.0,17293814.06402588,17310860.954284668,7940400,-0.0075617762593251925,14.949999809265137,4.163000106811523,0.0004071754519254789,6845.5,23241.990234375,1.0,0.18025597489822198,1.0,0.0004071754519254789,14.949999809265137,4.163000106811523,-0.0075617762593251925,0.5877852522924732,-0.8090169943749473,-2.4492935982947064e-16,1.0,1,30.0,17557961.736294337,0.0,0.0,0.0,50.0,11.0,-0.012034682214789216,0.03173169356690513,0.0006944494543675745,0.025503784785454512,0.0024820081197692184,0.020668160450150356
2026-01-02,17426484.83642578,17470135.435180664,16920832.5,17102530.24383545,13726500,-0.0002736157676632711,14.510000228881836,4.186999797821045,0.001424495231861167,6858.47021484375,23235.630859375,1.0,0.17993303825361107,1.0,0.001424495231861167,14.510000228881836,4.186999797821045,-0.0002736157676632711,-0.9510565162951536,0.30901699437494723,0.49999999999999994,0.8660254037844387,0,30.0,17543785.643558625,0.0,0.0,0.0,49.0,12.0,0.012884188786801294,0.025814453530239388,0.01469352220491048,0.020919925100694407,-0.0034409598375745236,0.022030065740500086
2026-01-05,17118308.20678711,17474078.722229004,17032586.25,17322882.472229004,12213700,0.006894129713735264,14.899999618530273,4.164999961853027,-0.0015240960035521889,6902.0498046875,23395.8203125,1.0,0.18806764967285305,1.0,-0.0015240960035521889,14.899999618530273,4.164999961853027,0.006894129713735264,0.0,1.0,0.49999999999999994,0.8660254037844387,0,30.0,17536909.650364842,0.0,0.0,0.0,48.0,13.0,0.0017863181577316804,0.02065381741791388,-0.0161174878679166,0.021749836737887045,-0.020218360133117078,0.017258334965652992
2026-01-06,17326244.522399902,17482545.393066406,17124761.741333008,17353826.6517334,11074400,0.00646908752731945,14.75,4.178999900817871,0.0031546270334603665,6944.81982421875,23547.169921875,1.0,0.19575336328696347,1.0,0.0031546270334603665,14.75,4.178999900817871,0.00646908752731945,0.9510565162951535,0.30901699437494745,0.49999999999999994,0.8660254037844387,0,30.0,17531210.875445,0.0,0.0,0.0,47.0,14.0,-0.01787188115981967,0.021711053888103234,-0.021965441024703745,0.01722756106051716,-0.01291144139376912,0.01828898991218095
2026-01-07,17226285.744873047,17318507.741455078,16941737.875854492,17043681.124145508,12846300,0.0015759590270558732,15.380000114440918,4.138000011444092,0.0010143890471057126,6920.93017578125,23584.279296875,1.0,0.19763782159396803,1.0,0.0010143890471057126,15.380000114440918,4.138000011444092,0.0015759590270558732,0.5877852522924732,-0.8090169943749473,0.49999999999999994,0.8660254037844387,0,30.0,17516035.66889851,-0.0516,1.0,0.0,46.0,15.0,-0.004168050772966628,0.017541052669239953,0.005050705372236424,0.0186217964452325,-0.012205030177510071,0.019602939145767134
2026-01-08,16967913.608276367,16999963.458618164,16700999.350341797,16972642.195861816,11921700,-0.004420731467457473,15.449999809265137,4.183000087738037,0.0025334414189992494,6921.4599609375,23480.01953125,1.0,0.19234338638943038,1.0,0.0025334414189992494,15.449999809265137,4.183000087738037,-0.004420731467457473,-0.587785252292473,-0.8090169943749475,0.49999999999999994,0.8660254037844387,0,30.0,17499121.607413307,0.0,0.0,0.0,45.0,16.0,0.009257341213403193,0.018699737902250248,-0.008070618150765058,0.019684987171764246,-0.02320836000800705,0.028123320396145443
2026-01-09,16929891.264038086,17179338.82019043,16861954.85961914,17129763.735961914,11634900,0.008148633687052653,14.489999771118164,4.171000003814697,0.002021600602701401,6966.27978515625,23671.349609375,1.0,0.2020593558742978,1.0,0.002021600602701401,14.489999771118164,4.171000003814697,0.008148633687052653,-0.9510565162951536,0.30901699437494723,0.49999999999999994,0.8660254037844387,0,30.0,17487624.70497011,0.0,0.0,0.0,44.0,17.0,-0.01716901988875831,0.01950442802635204,-0.032167911884968405,0.027865361239120166,-0.05676454376456109,0.020886898014985184
2026-01-12,17112600.018310547,17150362.481689453,16816256.23779297,16835662.481689453,14797200,0.002642467889757638,15.119999885559082,4.186999797821045,-0.0027236623680739758,6977.27001953125,23733.900390625,1.0,0.20523575912377856,1.0,-0.0027236623680739758,15.119999885559082,4.186999797821045,0.002642467889757638,0.0,1.0,0.49999999999999994,0.8660254037844387,0,30.0,17467331.25339629,0.0,0.0,0.0,43.0,18.0,-0.01526090680872966,0.028352139689335216,-0.04028721588662291,0.021251770078127882,-0.03279222320359097,0.015486546152944862
2026-01-13,16872433.413085938,16872433.413085938,16395106.358642578,16578735.005493164,18030400,-0.0010125284763347064,15.979999542236328,4.171000003814697,0.0027311009649957363,6963.740234375,23709.869140625,1.0,0.20401542359696867,1.0,0.0027311009649957363,15.979999542236328,4.171000003814697,-0.0010125284763347064,0.9510565162951535,0.30901699437494745,0.49999999999999994,0.8660254037844387,0,30.0,17439672.15861813,0.0,0.0,0.0,42.0,19.0,-0.02541415208447734,0.02158111750114104,-0.01780300641670181,0.01572654752921121,-0.018673168090966488,0.014239325251400729
2026-01-14,16445625.0,16496812.82043457,16139025.192260742,16157400.512695312,15527900,-0.010043039006782273,16.75,4.139999866485596,0.0,6926.60009765625,23471.75,1.0,0.1919234497330169,1.0,0.0,16.75,4.139999866485596,-0.010043039006782273,0.5877852522924732,-0.8090169943749473,0.49999999999999994,0.8660254037844387,0,30.0,17399759.236332424,0.0,0.0,0.0,41.0,20.0,0.0078096205522114924,0.016136646723167267,0.00691676778185185,0.014610642337826146,-0.01945570641144125,0.018503325459060298
2026-01-15,16222729.887695312,16371978.651733398,16111252.387695312,16283583.67980957,13076100,0.0024825388498939116,15.84000015258789,4.159999847412109,0.001916699754570983,6944.47021484375,23530.01953125,1.0,0.1948824460030789,1.0,0.001916699754570983,15.84000015258789,4.159999847412109,0.0024825388498939116,-0.587785252292473,-0.8090169943749475,0.49999999999999994,0.8660254037844387,0,30.0,17365016.342042938,0.0,0.0,0.0,40.0,21.0,-0.0008859339622799187,0.014497422965480823,-0.027054045136732457,0.018359941284269272,-0.01134895526399799,0.029338887158694586
2026-01-16,16372241.207885742,16500768.848266602,16264698.848266602,16269157.5,17012500,-0.0006217124567436949,15.859999656677246,4.230999946594238,0.0007047895191230058,6940.009765625,23515.390625,1.0,0.19413957270205429,1.0,0.0007047895191230058,15.859999656677246,4.230999946594238,-0.0006217124567436949,-0.9510565162951536,0.30901699437494723,0.49999999999999994,0.8660254037844387,0,30.0,17330905.840623338,0.0,0.0,0.0,39.0,22.0,-0.026191314949883412,0.018376221402908482,-0.010472299067124788,0.029364902523138874,0.043944462277887335,0.05483842738673046
2026-01-20,15941653.128051758,16033965.640258789,15735000.0,15843046.871948242,15169600,-0.023859706242919332,20.09000015258789,4.295000076293945,-0.007546030834145623,6796.85986328125,22954.3203125,1.0,0.16564775328433812,1.0,-0.007546030834145623,20.09000015258789,4.295000076293945,-0.023859706242919332,0.9510565162951535,0.30901699437494745,0.49999999999999994,0.8660254037844387,0,30.0,17284593.657415014,0.0,0.0,0.0,38.0,23.0,0.016141790604331744,0.030154693600445374,0.07202213155878892,0.056313348020620935,0.09219200803802313,0.03654121000356841
2026-01-21,15935419.103515625,16238243.79296875,15760501.568847656,16098782.017089844,14494700,0.01178427399798454,16.899999618530273,4.252999782562256,0.0012165728641988505,6875.6201171875,23224.8203125,1.0,0.17938406579417565,1.0,0.0012165728641988505,16.899999618530273,4.252999782562256,0.01178427399798454,0.5877852522924732,-0.8090169943749473,0.49999999999999994,0.8660254037844387,0,30.0,17247683.219602346,0.0,0.0,0.0,37.0,24.0,0.0549926609368397,0.05541878952456979,0.07484213141992903,0.035960739280131555,0.09444263531451272,0.02277248633647491
2026-01-22,16504703.109741211,17323448.442077637,16431273.429870605,16984096.878051758,21394700,0.00909368580287051,15.640000343322754,4.249000072479248,-0.004050238125016814,6913.35009765625,23436.01953125,1.0,0.19010901392941992,1.0,-0.004050238125016814,15.640000343322754,4.249000072479248,0.00909368580287051,-0.587785252292473,-0.8090169943749475,0.49999999999999994,0.8660254037844387,0,30.0,17239478.638927624,0.0,0.0,0.0,36.0,25.0,0.018814794849343196,0.03408624591587036,0.037393600769356265,0.0215854452639062,0.037383790818295806,0.018744703185826248
2026-01-23,16936174.103027344,17506692.573486328,16927768.47064209,17303649.176513672,22797700,0.0027829257881455405,16.09000015258789,4.238999843597412,-0.007726739848662456,6915.60986328125,23501.240234375,1.0,0.19342099899498866,1.0,-0.007726739848662456,16.09000015258789,4.238999843597412,0.0027829257881455405,-0.9510565162951536,0.30901699437494723,0.49999999999999994,0.8660254037844387,0,30.0,17241476.057873793,0.0,0.0,0.0,35.0,26.0,0.018235704873877885,0.021186819599629134,0.018226076086477028,0.01839853845918886,0.009839844266252661,0.017486822777724738
2026-01-26,17429731.7779541,17695713.16772461,17329103.874206543,17619193.416137695,16327400,0.0042601641286383884,16.149999618530273,4.2129998207092285,-0.005737679993327416,6950.22998046875,23601.359375,1.0,0.198505168325271,1.0,-0.005737679993327416,16.149999618530273,4.2129998207092285,0.0042601641286383884,0.0,1.0,0.49999999999999994,0.8660254037844387,0,30.0,17253233.163799267,0.0,0.0,0.0,34.0,27.0,-9.456344297071165e-06,0.018069036836090683,-0.008245498137059696,0.01717364917967664,0.09033516363349033,0.04644533369373382
2026-01-27,17661441.493103027,17719824.61175537,17401462.756896973,17619026.802978516,13297400,0.009141008826954566,16.350000381469727,4.2230000495910645,-0.008450120435778086,6978.60009765625,23817.099609375,1.0,0.2094607146480829,1.0,-0.008450120435778086,16.350000381469727,4.2230000495910645,0.009141008826954566,0.9510565162951535,0.30901699437494745,0.49999999999999994,0.8660254037844387,0,30.0,17264619.12334972,0.0,0.0,0.0,33.0,28.0,-0.008236119676345955,0.017173811581151846,0.0903454743156982,0.04644577290095351,0.05528955758537149,0.027365294633505677
2026-01-28,17624685.0,17707778.208618164,17405192.362060547,17473914.389648438,25709600,0.0016941445447504755,16.350000381469727,4.250999927520752,0.0023903110020910834,6978.02978515625,23857.44921875,1.0,0.21150971591989376,1.0,0.0023903110020910834,16.350000381469727,4.250999927520752,0.0016941445447504755,0.5877852522924732,-0.8090169943749473,0.49999999999999994,0.8660254037844387,0,30.0,17271133.800427005,0.0,0.0,0.0,32.0,29.0,0.099400266482656,0.04683148259623683,0.06405322730747802,0.02759255017895513,0.046238964968872504,0.026333285625221553
2026-01-29,19187928.409423828,19358880.0,18540550.682373047,19210826.13647461,59852900,-0.007223323690009664,16.8799991607666,4.2270002365112305,-0.001762552351728286,6969.009765625,23685.119140625,1.0,0.20275858908821287,1.0,-0.001762552351728286,16.8799991607666,4.2270002365112305,-0.007223323690009664,-0.587785252292473,-0.8090169943749475,0.49999999999999994,0.8660254037844387,0,30.0,17331510.078505844,-0.0258,1.0,0.0,31.0,30.0,-0.03215120120742267,0.025097820166291935,-0.04835481956345529,0.02395240971649972,-0.06493093064278363,0.041352880495242904
2026-01-30,18878625.0,18999811.056518555,18517661.196899414,18593175.0,23744600,-0.009427811057196478,17.440000534057617,4.241000175476074,0.007374315470237924,6939.02978515625,23461.8203125,1.0,0.19141920836286896,1.0,0.007374315470237924,17.440000534057617,4.241000175476074,-0.009427811057196478,-0.9510565162951536,0.30901699437494723,0.49999999999999994,0.8660254037844387,0,30.0,17370781.58086052,0.0,0.0,0.0,30.0,31.0,-0.016741890237656088,0.024748090555447428,-0.03386864712365685,0.042726591743288786,-0.06450943714057712,0.029883001318864313
2026-02-02,18493847.368164062,18667243.68408203,18207098.10546875,18281890.10498047,14365200,0.005553237590460336,16.34000015258789,4.275000095367432,0.006392440047816805,6976.43994140625,23592.109375,1.0,0.19803544229674608,1.0,0.006392440047816805,16.34000015258789,4.275000095367432,0.005553237590460336,0.0,1.0,0.8660254037844386,0.5000000000000001,0,30.0,17399141.409164198,0.0,0.0,0.0,29.0,32.0,-0.01741837338126847,0.04345409543951376,-0.04858088270888157,0.030391817796536776,-0.04765230231514595,0.03978713337751885
2026-02-03,18370398.77319336,18620490.0,17826067.002563477,17963449.3170166,13760700,-0.01428104272151376,18.0,4.27400016784668,-0.0017416060637467368,6917.81005859375,23255.189453125,1.0,0.18092624696341852,1.0,-0.0017416060637467368,18.0,4.27400016784668,-0.01428104272151376,0.9510565162951535,0.30901699437494745,0.8660254037844386,0.5000000000000001,0,30.0,17416706.468598317,0.0,0.0,0.0,28.0,33.0,-0.03171493185237933,0.030930578155752175,-0.03076989037330033,0.040492445919668454,-0.04482303664715232,0.03680865155743387
2026-02-04,17880979.4921875,17909580.444335938,17353960.571289062,17393739.74609375,16882800,-0.015076607984928048,18.639999389648438,4.275000095367432,0.00184729372604453,6882.72021484375,22904.580078125,1.0,0.16312188487883872,1.0,0.00184729372604453,18.639999389648438,4.275000095367432,-0.015076607984928048,0.5877852522924732,-0.8090169943749473,0.8660254037844386,0.5000000000000001,0,30.0,17415991.589646265,0.0,0.0,0.0,27.0,34.0,0.000975995097070861,0.041818723898255084,-0.013537443905697595,0.03801427159033932,0.008408628463584648,0.03652614028108566
2026-02-05,17238481.68395996,17704007.0,16976623.0,17410715.950805664,17131800,-0.01589159168749088,21.770000457763672,4.210000038146973,0.002048729180651243,6798.39990234375,22540.58984375,1.0,0.14463802680155946,1.0,0.002048729180651243,21.770000457763672,4.210000038146973,-0.01589159168749088,-0.587785252292473,-0.8090169943749475,0.8660254037844386,0.5000000000000001,0,30.0,17415827.376264706,0.0,0.0,0.0,26.0,35.0,-0.014499287768994899,0.037977206023459976,0.007425386225963389,0.03649052570690618,-0.0037848821730850314,0.016130341816733347
2026-02-06,17262810.346679688,17431420.346679688,16770210.0,17158272.969970703,18159300,0.021766116022293724,20.3700008392334,4.205999851226807,-0.0019423680433348078,6932.2998046875,23031.2109375,1.0,0.1695523508964516,1.0,-0.0019423680433348078,20.3700008392334,4.205999851226807,0.021766116022293724,-0.9510565162951536,0.30901699437494723,0.8660254037844386,0.5000000000000001,0,30.0,17407810.55000528,0.0,0.0,0.0,25.0,36.0,0.022247243175831474,0.03702739658533363,0.0108720424682944,0.016367661247262834,0.007033149159384217,0.03338762220122514
2026-02-09,17176361.810302734,17697728.936767578,17062402.758789062,17539997.241210938,14837500,0.00900773237403718,17.360000610351562,4.197999954223633,-0.008296605360863074,6964.81982421875,23238.669921875,1.0,0.17414517927124673,1.0,-0.008296605360863074,17.360000610351562,4.197999954223633,0.00900773237403718,0.0,1.0,0.8660254037844386,0.5000000000000001,0,30.0,17411925.089346513,-0.1027,1.0,0.0,24.0,37.0,-0.011127641364135707,0.016011450611902036,-0.014882988550970698,0.032661004883221094,-0.038621887748863805,0.04544945069165001
2026-02-10,17522735.368652344,17601609.631347656,17320768.83178711,17344818.442382812,10455800,-0.005860887013236171,17.790000915527344,4.146999835968018,-0.0002065342194735864,6941.81005859375,23102.470703125,1.0,0.18332207714280369,1.0,-0.0002065342194735864,17.790000915527344,4.146999835968018,-0.005860887013236171,0.9510565162951535,0.30901699437494745,0.8660254037844386,0.5000000000000001,0,30.0,17409836.278918836,0.0,0.0,0.0,23.0,38.0,-0.0037976055797691024,0.03302853457070688,-0.027803635266593994,0.045960886958501805,-0.04430010258571298,0.025185747657729386
2026-02-11,17416160.0,17552337.3046875,16979463.369140625,17278949.663085938,14323800,-0.0015582748902752686,17.649999618530273,4.171999931335449,0.0003099047350323403,6941.47021484375,23066.470703125,1.0,0.17003932945936806,1.0,0.0003099047350323403,17.649999618530273,4.171999931335449,-0.0015582748902752686,0.5877852522924732,-0.8090169943749473,0.8660254037844386,0.5000000000000001,0,30.0,17405762.206671674,0.0,0.0,0.0,22.0,39.0,-0.0240975426492484,0.0461360936451574,-0.040656895860519876,0.02528175780222549,-0.04100674210139711,0.020701239980918336
2026-02-12,17385720.739746094,17542200.0,16745016.760253906,16862569.436645508,14960100,-0.020346429175938763,20.81999969482422,4.104000091552734,0.001032722010018805,6832.759765625,22597.150390625,1.0,0.15034168995241037,1.0,0.001032722010018805,20.81999969482422,4.104000091552734,-0.020346429175938763,-0.587785252292473,-0.8090169943749475,0.8660254037844386,0.5000000000000001,0,30.0,17388854.392414726,0.0,0.0,0.0,21.0,40.0,-0.016968246248938213,0.025906029451813244,-0.017326731093649995,0.021212406859918428,-0.011285812446051873,0.02590064158540144
2026-02-13,16714540.36743164,16878551.110229492,16441708.889770508,16576441.206054688,12336400,-0.0022339307336266545,20.600000381469727,4.056000232696533,-0.0005158676529494199,6836.169921875,22546.669921875,1.0,0.14741619282969687,1.0,-0.0005158676529494199,20.600000381469727,4.056000232696533,-0.0022339307336266545,-0.9510565162951536,0.30901699437494723,0.8660254037844386,0.5000000000000001,0,30.0,17363566.627162978,0.0,0.0,0.0,20.0,41.0,-0.0003646727009009341,0.02157855713101426,0.005780519073980322,0.02634771612063347,0.008219928006654614,0.01637162158528484
2026-02-17,16575840.0,16656191.3671875,16298495.68359375,16570396.23046875,12674700,0.001406457699069552,20.290000915527344,4.052000045776367,0.0028902396431635946,6843.22021484375,22578.380859375,1.0,0.1319957721024565,1.0,0.0028902396431635946,20.290000915527344,4.052000045776367,0.001406457699069552,0.9510565162951535,0.30901699437494745,0.8660254037844386,0.5000000000000001,0,30.0,17338877.82701424,0.0,1.0,0.0,19.0,42.0,0.006147433576087057,0.026357327918594076,0.008587732419131447,0.016377594046740124,0.02560652548895006,0.03843317920433846
2026-02-18,16428095.68359375,16718400.0,16281648.6328125,16672261.640625,14649200,0.007761849757584871,19.6200008392334,4.078999996185303,0.005557773423009893,6881.31005859375,22753.630859375,1.0,0.1361608183421681,1.0,0.005557773423009893,19.6200008392334,4.078999996185303,0.007761849757584871,0.5877852522924732,-0.8090169943749473,0.8660254037844386,0.5000000000000001,0,30.0,17318128.245499007,0.0,0.0,0.0,18.0,43.0,0.0024253889257273035,0.01627752901831719,0.019340199322181607,0.038198357339875935,-0.009281382691832513,0.033736533682731044
2026-02-19,16551734.58984375,16775164.86328125,16503781.640625,16712698.359375,10035700,-0.0031160033782383634,20.229999542236328,4.074999809265137,0.0023541797760284755,6861.89013671875,22682.73046875,1.0,0.13180162993823785,1.0,0.0023541797760284755,20.229999542236328,4.074999809265137,-0.0031160033782383634,-0.587785252292473,-0.8090169943749475,0.8660254037844386,0.5000000000000001,0,30.0,17299283.193382986,0.0,0.0,0.0,17.0,44.0,0.01687388466345755,0.03810593562560512,-0.011678446841919729,0.0336549074429226,-0.0023787108987146045,0.0189287522900988
2026-02-20,16580764.86328125,17194031.3671875,16557178.359375,16994706.50390625,14183500,0.008964522328127167,19.09000015258789,4.085999965667725,-0.0013274507608788122,6909.509765625,22886.0703125,1.0,0.14109418822062958,1.0,-0.0013274507608788122,19.09000015258789,4.085999965667725,0.008964522328127167,-0.9510565162951536,0.30901699437494723,0.8660254037844386,0.5000000000000001,0,30.0,17289802.71724848,0.0,0.0,0.0,16.0,45.0,-0.028078537502049136,0.033096441899538954,-0.018933120274343514,0.018614650819126326,0.006996164363440867,0.01808521637400988
2026-02-23,16913836.23046875,17047584.31640625,16485120.0,16517520.0,8605900,-0.011308222762413167,21.010000228881836,4.0289998054504395,-0.001022557263752888,6837.75,22627.26953125,1.0,0.13349675287318075,1.0,-0.001022557263752888,21.010000228881836,4.0289998054504395,-0.011308222762413167,0.0,1.0,0.8660254037844386,0.5000000000000001,0,30.0,17265764.082241505,0.0,0.0,0.0,15.0,46.0,0.00940962575741546,0.019152422842154876,0.03608800013052901,0.01860769318492955,0.03812825683716725,0.02133107754675036
2026-02-24,16510726.845703125,16720148.41796875,16403797.890625,16672943.681640625,10135600,0.01044801963062758,19.549999237060547,4.0329999923706055,0.0018423777973211042,6890.06982421875,22863.6796875,1.0,0.17105450990682236,1.0,0.0018423777973211042,19.549999237060547,4.0329999923706055,0.01044801963062758,0.9510565162951535,0.30901699437494745,0.8660254037844386,0.5000000000000001,0,30.0,17247311.522166736,0.0,0.0,0.0,14.0,47.0,0.02642968096633248,0.018434233942406855,0.02845091858342705,0.02113223116011449,0.011946392401558294,0.017672931443646515
2026-02-25,16821436.166992188,17118578.52783203,16811225.583496094,17113604.263916016,11330700,0.012613909684129787,17.93000030517578,4.047999858856201,-0.0018389896835586672,6946.1298828125,23152.080078125,1.0,0.20040257590247923,1.0,-0.0018389896835586672,17.93000030517578,4.047999858856201,0.012613909684129787,0.5877852522924732,-0.8090169943749473,0.8660254037844386,0.5000000000000001,0,30.0,17243149.65254686,0.0,0.0,0.0,13.0,48.0,0.0019691924878786383,0.02058809439358724,-0.01411035634817077,0.017217868667835413,-0.005545408554896575,0.03870941815401264
2026-02-26,16978704.13140869,17251439.0,16899102.5,17147304.244873047,10637700,-0.011821798206745227,18.6299991607666,4.017000198364258,0.0009212279436696669,6908.85986328125,22878.380859375,1.0,0.20245512195642723,1.0,0.0009212279436696669,18.6299991607666,4.017000198364258,-0.011821798206745227,-0.587785252292473,-0.8090169943749475,0.8660254037844386,0.5000000000000001,0,30.0,17240166.29849697,0.0,0.0,0.0,12.0,49.0,-0.01604794733870416,0.017184030005038008,-0.00749983242909549,0.038633341667818726,-0.0006071507015948124,0.030817131084278044
2026-02-27,16749003.817749023,16904923.263549805,16610263.47290039,16872125.209350586,15703000,-0.00918639842420832,19.860000610351562,3.9619998931884766,-0.0018406821095263703,6878.8798828125,22668.2109375,1.0,0.18835660515353814,1.0,-0.0018406821095263703,19.860000610351562,3.9619998931884766,-0.00918639842420832,-0.9510565162951536,0.30901699437494723,0.8660254037844386,0.5000000000000001,0,30.0,17228710.383179996,0.0,0.0,0.0,11.0,50.0,0.008687531965087706,0.03926343927361815,0.015692631155498495,0.03131974876308955,0.034910467566989914,0.02340345112083246
2026-03-02,16591645.700683594,17184837.66357422,16522380.0,17018702.33642578,9816100,0.0035577769115684443,21.440000534057617,4.047999858856201,0.007888501570040507,6881.6201171875,22748.859375,1.0,0.22672261903244784,1.0,0.007888501570040507,21.440000534057617,4.047999858856201,0.0035577769115684443,0.0,1.0,1.0,6.123233995736766e-17,0,30.0,17222173.51957849,0.0,0.0,0.0,10.0,51.0,0.006944766311093103,0.031050000887860262,0.025997085094147696,0.023201884011829432,0.015577680364323264,0.031348144102296596
2026-03-03,16959265.825195312,17240485.825195312,16712055.102539062,17136893.247070312,12263800,-0.010205782982251166,23.56999969482422,4.056000232696533,0.00681038643062748,6816.6298828125,22516.689453125,1.0,0.1946917694830581,1.0,0.00681038643062748,23.56999969482422,4.056000232696533,-0.010205782982251166,0.9510565162951535,0.30901699437494745,1.0,6.123233995736766e-17,0,30.0,17219519.023629878,0.0,0.0,0.0,9.0,52.0,0.01892091743309029,0.023041863653384606,0.00857337397447979,0.031131940053811914,-0.013719699808835176,0.020433412930568183
2026-03-04,17205654.57458496,17592936.010742188,17198070.053100586,17461138.989257812,10810100,0.012914465789047869,21.149999618530273,4.079999923706055,-0.002826919738155853,6869.5,22807.48046875,1.0,0.24290163472213822,1.0,-0.002826919738155853,21.149999618530273,4.079999923706055,0.012914465789047869,0.5877852522924732,-0.8090169943749473,1.0,6.123233995736766e-17,0,30.0,17227039.86286971,0.0,0.0,0.0,8.0,53.0,-0.010155394085616068,0.03055383349302598,-0.03203449520317546,0.020053973356484744,-0.029349082329451253,0.03144089474034635
2026-03-05,17319398.258361816,17548865.819396973,17015361.086120605,17283814.241638184,13341400,-0.0025645197616256388,23.75,4.145999908447266,0.005568523544102311,6830.7099609375,22748.990234375,1.0,0.24412310529307724,1.0,0.005568523544102311,23.75,4.145999908447266,-0.0025645197616256388,-0.587785252292473,-0.8090169943749475,1.0,6.123233995736766e-17,0,30.0,17228807.063583232,0.0,0.0,0.0,7.0,54.0,-0.022103571597835037,0.020259718784808232,-0.019390607504603943,0.031763465247459065,-0.006812552933507013,0.01715872292309222
2026-03-06,16981459.639892578,17022607.932128906,16672442.716064453,16901780.216064453,13159400,-0.015882487229215148,29.489999771118164,4.132999897003174,-0.0033226120828501182,6740.02001953125,22387.6796875,1.0,0.20670538092544066,1.0,-0.0033226120828501182,29.489999771118164,4.132999897003174,-0.015882487229215148,-0.9510565162951536,0.30901699437494723,1.0,6.123233995736766e-17,0,30.0,17218627.78745882,0.0,0.0,0.0,6.0,55.0,0.0027742857161917917,0.032481420654495094,0.015636644352319398,0.017546564671607128,0.014151166176292161,0.01666352609102939
2026-03-09,16618541.166992188,16958095.0,16409101.166992188,16948670.583496094,13489700,0.01376960612055389,25.5,4.136000156402588,0.0019194105011268725,6795.990234375,22695.94921875,1.0,0.256053070969007,1.0,0.0019194105011268725,25.5,4.136000156402588,0.01376960612055389,0.0,1.0,1.0,6.123233995736766e-17,0,30.0,17210224.902675014,0.0,0.0,0.0,5.0,56.0,0.012826773501617242,0.01749802016420394,0.011345405064884451,0.016617424607301458,-0.01384985177220681,0.025651177681100708
2026-03-10,17152682.135925293,17329573.179626465,17033005.0,17166067.34222412,9859300,5.0687046129427316e-05,24.93000030517578,4.136000156402588,-0.0035289218899390296,6781.47998046875,22697.099609375,1.0,0.24735240244019585,1.0,-0.0035289218899390296,24.93000030517578,4.136000156402588,5.0687046129427316e-05,0.9510565162951535,0.30901699437494745,1.0,6.123233995736766e-17,0,30.0,17208850.42224865,-0.4588,1.0,0.0,4.0,57.0,-0.0014626078965224215,0.01640697604176725,-0.026338783661490024,0.025326322676500364,-0.06188466726147552,0.02999106677209949
2026-03-11,17138343.255615234,17252465.872192383,16970822.61657715,17140960.11657715,8977200,0.0008384881913343634,24.229999542236328,4.208000183105469,0.004047369406738444,6775.7998046875,22716.130859375,1.0,0.3004187267575902,1.0,0.004047369406738444,24.229999542236328,4.208000183105469,0.0008384881913343634,0.5877852522924732,-0.8090169943749473,1.0,6.123233995736766e-17,0,30.0,17206737.21908859,0.0,0.0,0.0,3.0,58.0,-0.02491261314968334,0.02536341941401812,-0.060510562591622616,0.030034996194705885,-0.03923258239639615,0.017838813696005797
2026-03-12,16990762.5,17115165.0,16680411.639404297,16713934.008178711,11617500,-0.0177913392525737,27.290000915527344,4.2729997634887695,0.005139519193620101,6672.6201171875,22311.98046875,1.0,0.27964286558407525,1.0,0.005139519193620101,27.290000915527344,4.2729997634887695,-0.0177913392525737,-0.587785252292473,-0.8090169943749475,1.0,6.123233995736766e-17,0,30.0,17191397.866992854,0.0,0.0,0.0,2.0,59.0,-0.03650744530387801,0.030802363562227562,-0.014685831690397033,0.01829457947725888,-0.02261723681301238,0.023309849351877073
2026-03-13,16370873.984375,16509420.3515625,15994591.6796875,16103750.9765625,18904300,-0.009260544757082045,27.190000534057617,4.284999847412109,0.006216189691811147,6632.18994140625,22105.359375,1.0,0.2525383449280578,1.0,0.006216189691811147,27.190000534057617,4.284999847412109,-0.009260544757082045,-0.9510565162951536,0.30901699437494723,1.0,6.123233995736766e-17,0,30.0,17157542.976767316,0.0,0.0,0.0,1.0,60.0,0.022648450688197947,0.018987774620665178,0.014416518761005373,0.024193076779123444,0.0038089159824892796,0.013108535264739436
2026-03-16,16587898.03322581,16660076.387009624,16354301.992919339,16468475.986450195,15134900,0.012160865966468926,23.510000228881836,4.21999979019165,-0.0064766991024894915,6699.3798828125,22374.1796875,1.0,0.2930802207572947,1.0,-0.0064766991024894915,23.510000228881836,4.21999979019165,0.012160865966468926,0.0,1.0,1.0,6.123233995736766e-17,0,30.0,17136094.57515786,0.0,0.0,1.0,0.0,0.0,-0.008049620494367192,0.023657276127336382,-0.018422298193509684,0.012818222387094961,-0.03200297059324706,0.01713578116623635
2026-03-17,16475747.6547981,16700325.05554368,16310725.771735819,16335911.004638672,10348800,0.004708535054532392,22.3700008392334,4.202000141143799,-0.0013037534310660348,6716.08984375,22479.529296875,1.0,0.2661606139606476,1.0,-0.0013037534310660348,22.3700008392334,4.202000141143799,0.004708535054532392,0.9510565162951535,0.30901699437494745,1.0,6.123233995736766e-17,0,30.0,17111187.47784663,0.0,0.0,0.0,60.0,1.0,-0.01045685138435253,0.01292224152732649,-0.024147730162488282,0.017274837048579447,-0.04675590645825485,0.026831402602427768
2026-03-18,16182418.44860645,16348091.642709732,16136995.05513888,16165088.811035156,11726300,-0.014551433469982555,25.09000015258789,4.258999824523926,0.005121455085943749,6624.7001953125,22152.419921875,1.0,0.24391277768869912,1.0,0.005121455085943749,25.09000015258789,4.258999824523926,-0.014551433469982555,0.5877852522924732,-0.8090169943749473,1.0,6.123233995736766e-17,0,30.0,17081738.520846665,0.0,0.0,0.0,60.0,2.0,-0.013835555121865113,0.01745738634312877,-0.03668263998864933,0.027114939495022933,-0.01868679270286732,0.015644225765708286
2026-03-19,16084638.434932604,16106972.094057117,15824771.893411888,15941435.833740234,13247700,-0.0027866241687231064,24.059999465942383,4.281000137329102,-0.008592197146793823,6606.490234375,22090.689453125,0.0,0.26202805611937996,1.0,-0.008592197146793823,24.059999465942383,4.281000137329102,-0.0027866241687231064,-0.587785252292473,-0.8090169943749475,1.0,6.123233995736766e-17,0,30.0,17046244.62789709,0.0,0.0,0.0,60.0,3.0,-0.023167621774893277,0.02749535296658729,-0.004919298810860797,0.01586370898581881,-0.021263882011901145,0.016507052320690788
2026-03-20,15831009.060292443,15842288.064841866,15403972.659798976,15572110.67779541,21214900,-0.020057322297033164,26.780000686645508,4.390999794006348,0.004232572354498032,6506.47998046875,21647.609375,0.0,0.21952941352519106,1.0,0.004232572354498032,26.780000686645508,4.390999794006348,-0.020057322297033164,-0.9510565162951536,0.30901699437494723,1.0,6.123233995736766e-17,0,30.0,17000359.659625188,0.2617,1.0,0.0,59.0,4.0,0.01868112008857597,0.016239950005182045,0.0019488909309611593,0.016898551572055703,0.005697783416320545,0.01736199001659653
2026-03-23,15908445.578965312,15983289.426056296,15730399.127173737,15863015.147399902,13638000,0.013819095930771796,26.149999618530273,4.334000110626221,-0.007024631880762522,6581.0,21946.759765625,0.0,0.24051648714992035,1.0,-0.007024631880762522,26.149999618530273,4.334000110626221,0.013819095930771796,0.0,1.0,1.0,6.123233995736766e-17,0,30.0,16964957.84498407,0.0,0.0,0.0,58.0,5.0,-0.01642538457585227,0.016588656880758078,-0.012745241289174479,0.017043596542838525,-0.09163579315063206,0.06577905618544497
2026-03-24,15765083.129638748,15815081.53400647,15551935.418631986,15602459.023071289,10739700,-0.008423527782655094,26.950000762939453,4.392000198364258,0.0048509688907283355,6556.3701171875,21761.890625,0.0,0.22367456619860193,1.0,0.0048509688907283355,26.950000762939453,4.392000198364258,-0.008423527782655094,0.9510565162951535,0.30901699437494745,1.0,6.123233995736766e-17,0,30.0,16922547.713116705,0.0,0.0,0.0,57.0,6.0,0.0037416005140502744,0.01732821920733365,-0.07646639857856309,0.06687754559127068,-0.11303448200372616,0.03937789322734164
2026-03-25,15762190.11308397,15891975.133425368,15621612.303300148,15660837.191772461,12585000,0.007716686495385705,25.329999923706055,4.328000068664551,0.0017097271288699645,6591.89990234375,21929.8203125,0.0,0.20569106791066427,1.0,0.0017097271288699645,25.329999923706055,4.328000068664551,0.007716686495385705,0.5877852522924732,-0.8090169943749473,1.0,6.123233995736766e-17,0,30.0,16883274.79138784,0.0,1.0,0.0,56.0,7.0,-0.07990901149412967,0.06662824929944162,-0.11634078178883034,0.039231106100588914,-0.09938083703355963,0.01848656864369123
2026-03-26,15329160.956638295,15342582.683908798,14299128.519257415,14409395.172607422,35780100,-0.023791359297075876,27.440000534057617,4.415999889373779,0.00301207887905508,6477.16015625,21408.080078125,0.0,0.17164212129478473,1.0,0.00301207887905508,27.440000534057617,4.415999889373779,-0.023791359297075876,-0.587785252292473,-0.8090169943749475,1.0,6.123233995736766e-17,0,30.0,16806271.010416366,-0.8225,1.0,0.0,55.0,8.0,-0.039595834270545326,0.04263828968078043,-0.02116293473436808,0.020092109231187504,0.04467200782412318,0.04915412993084367
2026-03-27,14217376.671347601,14309509.277529877,13695117.312035402,13838843.149414062,30133000,-0.021474167765036856,31.049999237060547,4.440000057220459,0.002502502464279077,6368.85009765625,20948.359375,0.0,0.17036351284080897,1.0,0.002502502464279077,31.049999237060547,4.440000057220459,-0.021474167765036856,-0.9510565162951536,0.30901699437494723,1.0,6.123233995736766e-17,1,30.0,16713904.686961258,0.0,0.0,0.0,54.0,9.0,0.01919285670963008,0.020920472805245453,0.0877420622500785,0.051180671309885135,0.10073892503183542,0.03559349353836053
2026-03-30,14104450.083007812,14187806.780336704,13898291.63857333,14104450.083007812,22795200,-0.0073379851494933535,30.610000610351562,4.3420000076293945,0.003594614127474971,6343.72021484375,20794.640625,0.0,0.16797384896743117,1.0,0.003594614127474971,30.610000610351562,4.3420000076293945,-0.0073379851494933535,0.0,1.0,1.0,6.123233995736766e-17,1,30.0,16632680.900139773,0.0,0.0,0.0,53.0,10.0,0.06725832612460922,0.050216866192643074,0.08001043942308356,0.03492321723414627,0.07058752645788294,0.035036437104183256
2026-03-31,14470311.041331897,15094136.28029556,14385854.997756343,15053091.786499023,32898300,0.03827862422484163,25.25,4.310999870300293,-0.005472122575545746,6528.52001953125,21590.630859375,0.0,0.24635704155345395,1.0,-0.005472122575545746,25.25,4.310999870300293,0.03827862422484163,0.9510565162951535,0.30901699437494745,1.0,6.123233995736766e-17,1,30.0,16583513.457549466,0.0,0.0,0.0,52.0,11.0,0.011948478626331605,0.03272236569093654,0.003119395044087027,0.03282845047590898,0.000909136792240406,0.018847138363840173
2026-04-01,15256622.73852606,15583251.239179928,15090678.464962874,15232953.331970215,23608100,0.011593841838405838,24.540000915527344,4.318999767303467,-0.0031012161007702987,6575.31982421875,21840.94921875,0.0,0.26253449721786803,1.0,-0.0031012161007702987,24.540000915527344,4.318999767303467,0.011593841838405838,0.5877852522924732,-0.8090169943749473,0.8660254037844387,-0.4999999999999998,0,30.0,16541474.938249897,0.0,0.0,0.0,51.0,12.0,-0.008724835076811032,0.032440831889457386,-0.010908995929394094,0.01862460269659598,-0.007631377827323169,0.018068116896628943
2026-04-02,14878722.097224008,15206241.727379002,14712072.049156606,15100048.326416016,13518500,0.0017504032616484366,23.8700008392334,4.313000202178955,0.0038133190928180127,6582.68994140625,21879.1796875,0.0,0.2538290444155722,1.0,0.0038133190928180127,23.8700008392334,4.313000202178955,0.0017504032616484366,-0.587785252292473,-0.8090169943749475,0.8660254037844387,-0.4999999999999998,0,30.0,16496608.042439166,0.4963,1.0,0.0,50.0,13.0,-0.0022033850235240247,0.018788529517976115,0.001103081453243703,0.018227145737106196,0.0658767657757463,0.0663453483568903
2026-04-06,15189567.91477385,15323664.79233604,15039957.088632306,15066777.106079102,9515700,0.005354869694540465,24.170000076293945,4.335000038146973,-0.0004998042884474252,6611.830078125,21996.33984375,0.0,0.24971742409732722,1.0,-0.0004998042884474252,24.170000076293945,4.335000038146973,0.005354869694540465,0.0,1.0,0.8660254037844387,-0.4999999999999998,0,30.0,16452102.08207882,0.0,0.0,0.0,49.0,14.0,0.003313767983514036,0.01826739584352661,0.06823048883652044,0.0664918555155195,0.09604501981089114,0.02529106512959034
2026-04-07,15049145.491946725,15121436.491658134,14846205.710175203,15116704.909667969,9580800,0.0009778793098211835,25.780000686645508,4.3429999351501465,-0.0034007197026322267,6616.85009765625,22017.849609375,0.0,0.3303346789534751,1.0,-0.0034007197026322267,25.780000686645508,4.3429999351501465,0.0009778793098211835,0.9510565162951535,0.30901699437494745,0.8660254037844387,-0.4999999999999998,0,30.0,16410535.535916422,0.0,0.0,0.0,48.0,15.0,0.06470231240171029,0.06627224467292675,0.0924249768980553,0.025207533213085453,0.09564642043479989,0.024787987575494913
2026-04-08,15926069.397054324,16555491.107399996,15553673.140978048,16094790.673217773,32036600,0.028029105291791367,21.040000915527344,4.290999889373779,-0.005118447805645521,6782.81005859375,22634.990234375,1.0,0.45209745433139936,1.0,-0.005118447805645521,21.040000915527344,4.290999889373779,0.028029105291791367,0.5877852522924732,-0.8090169943749473,0.8660254037844387,-0.4999999999999998,0,30.0,16400707.431078361,0.5859,1.0,0.0,47.0,16.0,0.026037948986707284,0.023675663065127913,0.029063624332032485,0.023281613354984854,0.037284436005101576,0.01732808407745611
2026-04-09,16476547.762069663,16753273.185539914,16372218.344457047,16513866.01171875,19012900,0.008280528754784022,19.489999771118164,4.293000221252441,-0.003127182156590469,6824.66015625,22822.419921875,1.0,0.46266999746772663,1.0,-0.003127182156590469,19.489999771118164,4.293000221252441,0.008280528754784022,-0.587785252292473,-0.8090169943749475,0.8660254037844387,-0.4999999999999998,0,30.0,16404229.687574808,0.6908,1.0,0.0,46.0,17.0,0.0029488922396226098,0.022690791678784655,0.010961082900979515,0.0168883461811222,0.05510723723915824,0.04282607961366504
2026-04-10,16683786.081152307,16791862.33040905,16417149.636925777,16562563.623046875,13294800,0.003525949632005032,19.229999542236328,4.316999912261963,-0.0017202810106283772,6816.89013671875,22902.890625,1.0,0.5000671598545254,1.0,-0.0017202810106283772,19.229999542236328,4.316999912261963,0.003525949632005032,-0.9510565162951536,0.30901699437494723,0.8660254037844387,-0.4999999999999998,0,30.0,16409158.105107691,0.6908,1.0,0.0,45.0,18.0,0.00798863304337012,0.016838690696801,0.052004987894312425,0.04270016143896704,0.0670472972062846,0.022688981621706947
2026-04-13,16562532.69738624,16707241.084734332,16428349.198739758,16694875.866088867,9538900,0.01226262719293758,19.1200008392334,4.296999931335449,-0.0028383048653417564,6886.240234375,23183.740234375,1.0,0.35379736621355984,1.0,-0.0028383048653417564,19.1200008392334,4.296999931335449,0.01226262719293758,0.0,1.0,0.8660254037844387,-0.4999999999999998,0,30.0,16418051.564481879,0.0,1.0,0.0,44.0,19.0,0.04366751112861849,0.042361748971359484,0.05859060531724608,0.02250916416904745,0.06538973090822,0.015472394016163524
2026-04-14,16917086.022851422,17523053.40655081,16815829.266003545,17423899.543762207,17818000,0.019640482473783916,18.360000610351562,4.25600004196167,-0.0025414251603107507,6967.3798828125,23639.080078125,1.0,0.44252347024892913,1.0,-0.0025414251603107507,18.360000610351562,4.25600004196167,0.019640482473783916,0.9510565162951535,0.30901699437494745,0.8660254037844387,-0.4999999999999998,0,30.0,16449360.322151052,0.2732,1.0,0.0,43.0,20.0,0.014298705315153301,0.021567370766103582,0.020813352478617625,0.014825022194503046,0.038349449688061116,0.0247165245694571
2026-04-15,17552512.798871454,17855142.329886477,17479354.628234815,17673038.748779297,14952600,0.015945605830651965,18.170000076293945,4.2820000648498535,-0.0006115489839850774,7022.9501953125,24016.01953125,1.0,0.4359816810239119,1.0,-0.0006115489839850774,18.170000076293945,4.2820000648498535,0.015945605830651965,0.5877852522924732,-0.8090169943749473,0.8660254037844387,-0.4999999999999998,0,30.0,16487449.429166717,0.0,1.0,0.0,42.0,21.0,0.006422809305903783,0.014616031862030974,0.023711697793634665,0.02436809239717743,-0.0020217619513563777,0.022877749308433996
2026-04-16,17763424.850786977,17805207.011715215,17546897.31426415,17786549.306518555,9544800,0.003609244545592194,17.940000534057617,4.309000015258789,0.001631691475555641,7041.27978515625,24102.69921875,1.0,0.43200113997696366,1.0,0.001631691475555641,17.940000534057617,4.309000015258789,0.003609244545592194,-0.587785252292473,-0.8090169943749475,0.8660254037844387,-0.4999999999999998,0,30.0,16527886.159255058,0.0,0.0,0.0,41.0,22.0,0.017178553911804176,0.024212579615503042,-0.008390679522738658,0.022731747628227956,-0.011637954340597816,0.013107419064360054
2026-04-17,17830653.49310897,18170136.008571327,17739477.767402176,18092096.502685547,16283500,0.015175945510511601,17.479999542236328,4.245999813079834,-0.0012217750467380384,7126.06005859375,24468.48046875,1.0,0.4544512468446198,1.0,-0.0012217750467380384,17.479999542236328,4.245999813079834,0.015175945510511601,-0.9510565162951536,0.30901699437494723,0.8660254037844387,-0.4999999999999998,0,30.0,16576574.911029575,0.0,0.0,0.0,40.0,23.0,-0.025137409097164123,0.02234784398551028,-0.028329842525268743,0.012886055269207485,-0.019154218632008103,0.012545506654665698
2026-04-20,17912024.63855821,17965128.196724236,17560808.846711423,17637308.071472168,12534000,-0.002619281725804501,18.8700008392334,4.25,-0.0005096373408860488,7109.14013671875,24404.390625,1.0,0.49654448666505524,1.0,-0.0005096373408860488,18.8700008392334,4.25,-0.002619281725804501,0.0,1.0,0.8660254037844387,-0.4999999999999998,0,30.0,16609592.064869974,0.6908,1.0,0.0,39.0,24.0,-0.00327475221420493,0.013218329833821506,0.0061374705737912184,0.0128689999716238,-0.017267027416254854,0.024614928883272272
2026-04-21,17636322.213624313,17772997.4607152,17539861.70524576,17579550.2578125,8660100,-0.005918184547990535,19.5,4.291999816894531,0.003671602235050697,7064.009765625,24259.9609375,1.0,0.48957941396476956,1.0,0.003671602235050697,19.5,4.291999816894531,-0.005918184547990535,0.9510565162951535,0.30901699437494745,0.8660254037844387,-0.4999999999999998,0,30.0,16639783.690878702,0.2732,1.0,0.0,38.0,25.0,0.009443146753737012,0.012911281218381917,-0.014038246982439223,0.024695801513961682,0.008717741660826929,0.04009281292053627
2026-04-22,17736088.691237506,17841817.71504604,17614843.197974745,17745556.53076172,9215600,0.0163895307178914,18.920000076293945,4.294000148773193,0.0018290079167078144,7137.89990234375,24657.5703125,1.0,0.5536339908645207,1.0,0.0018290079167078144,18.920000076293945,4.294000148773193,0.0163895307178914,0.5877852522924732,-0.8090169943749473,0.8660254037844387,-0.4999999999999998,0,30.0,16674202.782624377,0.1027,1.0,0.0,37.0,26.0,-0.023261729807854882,0.02446477703413093,-0.0007186190675947514,0.039717752356307076,0.0067353838787070205,0.017297615195744423
2026-04-23,17452408.978286322,17606500.976299323,17172359.89242767,17332764.189453125,11667000,-0.008884505234035278,19.309999465942383,4.322999954223633,0.0021301016499426506,7108.39990234375,24438.5,1.0,0.49925585458100863,1.0,0.0021301016499426506,19.309999465942383,4.322999954223633,-0.008884505234035278,-0.587785252292473,-0.8090169943749475,0.8660254037844387,-0.4999999999999998,0,30.0,16694701.645197451,0.0,0.0,0.0,36.0,27.0,0.023079991260939764,0.04066365941460833,0.030711516689789206,0.017709570438293173,0.019654408244702506,0.01906135470047379
2026-04-24,17346377.071318675,17880963.85649915,17176150.23678551,17732804.235473633,13348300,0.016289854507232526,18.709999084472656,4.309999942779541,-0.0029352318478717,7165.080078125,24836.599609375,1.0,0.4865049151781946,1.0,-0.0029352318478717,18.709999084472656,4.309999942779541,0.016289854507232526,-0.9510565162951536,0.30901699437494723,0.8660254037844387,-0.4999999999999998,0,30.0,16727014.3834086,0.5136,3.0,0.0,35.0,28.0,0.007459363387063834,0.0173100545309915,-0.0033483041849105524,0.018631343456322304,-0.007398039494596632,0.015487157709591607
2026-04-27,17664478.71007446,17967223.12909958,17660267.320796136,17865079.666137695,12805200,0.0020332896126786792,18.020000457763672,4.335999965667725,-0.000304525212123985,7173.91015625,24887.099609375,1.0,0.44978696126481577,1.0,-0.000304525212123985,18.020000457763672,4.335999965667725,0.0020332896126786792,0.0,1.0,0.8660254037844387,-0.4999999999999998,0,30.0,16762438.633278007,0.0,0.0,0.0,34.0,29.0,-0.010727646160971858,0.01849339450643845,-0.014747396690731121,0.01537248872999106,-0.09813137243938003,0.03072991075751021
2026-04-28,17749772.69050541,17853495.621135328,17523109.65498049,17673429.412841797,10606800,-0.008972472953050814,17.829999923706055,4.354000091552734,0.001421602202236194,7138.7998046875,24663.80078125,1.0,0.4188509859197658,1.0,0.001421602202236194,17.829999923706055,4.354000091552734,-0.008972472953050814,0.9510565162951535,0.30901699437494745,0.8660254037844387,-0.4999999999999998,0,30.0,16790794.79657877,0.0,1.0,0.0,33.0,30.0,-0.004063340610055445,0.015539187636585296,-0.08835153023252308,0.031063145187731084,-0.09305938168378705,0.019025296771387378
2026-04-29,17596091.491209332,17736564.20784805,17461933.472019956,17601616.24938965,18947500,0.00038272499882396893,18.809999465942383,4.418000221252441,0.00304193281290166,7135.9501953125,24673.240234375,1.0,0.42076784023859304,1.0,0.00304193281290166,18.809999465942383,4.418000221252441,0.00038272499882396893,0.5877852522924732,-0.8090169943749473,0.8660254037844387,-0.4999999999999998,0,30.0,16816033.016371373,-0.7269,1.0,0.0,32.0,31.0,-0.0846320785842926,0.031189880294956347,-0.08935913768677381,0.01910291843563748,-0.08687593517478504,0.01682909221873306
2026-04-30,16307065.50321909,16347350.480882717,15798358.177066496,16111954.879760742,52765000,0.00887886270384497,16.889999389648438,4.389999866485596,-0.00849167360937464,7209.009765625,24892.310546875,1.0,0.42556863406574075,1.0,-0.00849167360937464,16.889999389648438,4.389999866485596,0.00887886270384497,-0.587785252292473,-0.8090169943749475,0.8660254037844387,-0.4999999999999998,0,30.0,16794117.36687623,0.0,0.0,0.0,31.0,32.0,-0.005164108323973543,0.020869115017809362,-0.0024513166105079244,0.018385057882195827,-0.012970881361612082,0.022825521074546207
2026-05-01,16185154.81065303,16295480.076887762,15959237.83734028,16028750.999450684,21404000,0.0089235953340574,16.989999771118164,4.377999782562256,0.0013254205851453982,7230.1201171875,25114.439453125,1.0,0.4395248331770878,1.0,0.0013254205851453982,16.989999771118164,4.377999782562256,0.0089235953340574,-0.9510565162951536,0.30901699437494723,0.49999999999999994,-0.8660254037844387,0,30.0,16770294.015217258,0.1027,1.0,0.0,30.0,33.0,0.0027268735840393797,0.018480493150706528,-0.007847297331106803,0.022944006409028373,0.003919301045444486,0.03579113907731412
2026-05-04,16007423.572455343,16166986.92965983,15870767.706600102,16072459.37713623,16203900,-0.0018570461013891482,18.290000915527344,4.446000099182129,0.0026474100260081013,7200.75,25067.80078125,1.0,0.41540107581701124,1.0,0.0026474100260081013,18.290000915527344,4.446000099182129,-0.0018570461013891482,0.0,1.0,0.49999999999999994,-0.8660254037844387,0,30.0,16748572.705410117,0.1531,1.0,0.0,29.0,34.0,-0.01054541490181768,0.022881611148028554,0.0011891847050463711,0.03569380657903992,0.00914276029097451,0.018716615630666057
2026-05-05,16122469.740181483,16149808.303620933,15782044.537960816,15902968.624511719,17171300,0.010305254951532117,17.3799991607666,4.415999889373779,0.00010157546568989595,7259.22021484375,25326.130859375,1.0,0.40875017029532423,1.0,0.00010157546568989595,17.3799991607666,4.415999889373779,0.010305254951532117,0.9510565162951535,0.30901699437494745,0.49999999999999994,-0.8660254037844387,0,30.0,16722251.81617211,0.0,1.0,0.0,28.0,35.0,0.011859664691633767,0.03607422424092165,0.019898007942263016,0.018916093686916245,0.005727934451485546,0.017668697718643454
2026-05-06,15780967.526496487,16277200.248542637,15703512.99228566,16091572.5,19915500,0.020248201219420503,17.389999389648438,4.355999946594238,-0.004671067203358303,7365.1201171875,25838.939453125,1.0,0.4480268766696536,1.0,-0.004671067203358303,17.389999389648438,4.355999946594238,0.020248201219420503,0.5877852522924732,-0.8090169943749473,0.49999999999999994,-0.8660254037844387,0,30.0,16702620.831884485,-0.3612,1.0,0.0,27.0,36.0,0.00794412854976184,0.01869438455448361,-0.006059862305131887,0.01746160889220545,-0.021908891622887443,0.011155060366530677
2026-05-07,16164447.452558544,16434240.848939475,16133418.804538121,16219406.020507812,12307400,-0.0012670889389402307,17.079999923706055,4.392000198364258,0.002346494233938179,7337.10986328125,25806.19921875,1.0,0.4588295643222018,1.0,0.002346494233938179,17.079999923706055,4.392000198364258,-0.0012670889389402307,-0.587785252292473,-0.8090169943749475,0.49999999999999994,-0.8660254037844387,0,30.0,16687579.935304495,-0.0897,3.0,0.0,26.0,37.0,-0.013893618166160441,0.017323984928935846,-0.02961773309360118,0.011067141571210568,-0.022389339151347845,0.0180769199600501
2026-05-08,16140192.734953258,16181382.950014,15900398.204558432,15994059.786376953,13557000,0.0170843003899106,17.190000534057617,4.363999843597412,-0.004173065263199716,7398.93017578125,26247.080078125,1.0,0.4796957433534561,1.0,-0.004173065263199716,17.190000534057617,4.363999843597412,0.0170843003899106,-0.9510565162951536,0.30901699437494723,0.49999999999999994,-0.8660254037844387,0,30.0,16665992.921432879,0.15105000000000002,2.0,0.0,25.0,38.0,-0.01594565780843945,0.011223070629184304,-0.0086154203458131,0.01833161238286772,0.012984596129633463,0.03817818426427701
2026-05-11,15889092.737631215,15898027.597748538,15718525.135118634,15739023.982055664,15940600,0.0010306205935852741,18.3799991607666,4.409999847412109,0.0010221392810589869,7412.83984375,26274.130859375,1.0,0.46552458556337317,1.0,0.0010221392810589869,18.3799991607666,4.409999847412109,0.0010306205935852741,0.0,1.0,0.49999999999999994,-0.8660254037844387,0,30.0,16637139.410278464,0.25,1.0,0.0,24.0,39.0,0.007449016937724575,0.01862865859830656,0.02939904098552437,0.03879682516237001,0.03311057812483489,0.014583760936409071
2026-05-12,15641166.186317082,15875985.959970653,15582789.055538379,15856264.23828125,11351600,-0.007076604802653486,17.989999771118164,4.4629998207092285,0.0035736008310851552,7400.9599609375,26088.19921875,1.0,0.45509039766081494,1.0,0.0035736008310851552,17.989999771118164,4.4629998207092285,-0.007076604802653486,0.9510565162951535,0.30901699437494745,0.49999999999999994,-0.8660254037844387,0,30.0,16612833.320259348,0.296,1.0,0.0,23.0,40.0,0.02178772690107914,0.03850996378982842,0.025471821159855853,0.014475929492430649,0.019397583864014294,0.019733084659063756
2026-05-13,15734047.78330357,16287654.804616392,15677030.64295823,16201736.19317627,14634400,0.012041483674895437,17.8700008392334,4.480999946594238,0.0019330800654844271,7444.25,26402.33984375,1.0,0.41126043594778805,1.0,0.0019330800654844271,17.8700008392334,4.480999946594238,0.012041483674895437,0.5877852522924732,-0.8090169943749473,0.49999999999999994,-0.8660254037844387,0,30.0,16600037.211309021,0.38915,2.0,0.0,22.0,41.0,0.0036055377861603285,0.01416725716243809,-0.002339177672757701,0.019312313252098933,-0.006867514667753268,0.019335908111763604
2026-05-14,16196261.262231484,16399502.793438984,16169968.630312275,16260152.165222168,10651200,0.008820462911741878,17.260000228881836,4.460999965667725,0.0040616763083833884,7501.240234375,26635.220703125,1.0,0.4011096697621308,1.0,0.0040616763083833884,17.260000228881836,4.460999965667725,0.008820462911741878,-0.587785252292473,-0.8090169943749475,0.49999999999999994,-0.8660254037844387,0,30.0,16589457.701519756,0.0,1.0,0.0,21.0,42.0,-0.005923358565788104,0.019242932133176245,-0.010435427127092143,0.01926644222631176,-0.025210656434016532,0.021643660897881424
2026-05-15,16157521.963874515,16347258.100026738,16034365.095436249,16163837.453613281,13272600,-0.015396158443578667,18.43000030517578,4.59499979019165,0.003944168694189232,7408.5,26225.140625,1.0,0.36968716334221385,1.0,0.003944168694189232,18.43000030517578,4.59499979019165,-0.015396158443578667,-0.9510565162951536,0.30901699437494723,0.49999999999999994,-0.8660254037844387,0,30.0,16576209.535320394,0.0,1.0,0.0,20.0,43.0,-0.004538954415822725,0.0193812442856669,-0.01940222419913371,0.02177262798032842,-0.015340625782918083,0.016582952876923608
2026-05-18,16035185.808230631,16205776.788610322,15892501.506328031,16090470.532226562,13772400,-0.005125240629667793,17.81999969482422,4.623000144958496,-0.0030220150348341246,7403.0498046875,26090.73046875,1.0,0.3651262663113657,1.0,-0.0030220150348341246,17.81999969482422,4.623000144958496,-0.005125240629667793,0.0,1.0,0.49999999999999994,-0.8660254037844387,0,30.0,16561090.068908371,0.1366,2.0,0.0,19.0,44.0,-0.014931041098236654,0.021871903553545232,-0.010850923212928434,0.016658565345660566,-0.006077732920403518,0.02420245706611826
2026-05-19,16016192.54018463,16147968.9365692,15796039.71695718,15850223.055419922,11749900,-0.008432862066224178,18.059999465942383,4.666999816894531,0.003334362200509533,7353.60986328125,25870.7109375,1.0,0.34665435417736923,1.0,0.003334362200509533,18.059999465942383,4.666999816894531,-0.008432862066224178,0.9510565162951535,0.30901699437494745,0.49999999999999994,-0.8660254037844387,0,30.0,16538963.103881069,0.0,1.0,0.0,18.0,45.0,0.004141961685461164,0.016911065154497324,0.00898750092349224,0.024569302328946763,0.013579542606075499,0.01305463282869664
2026-05-20,15802764.521728512,15993209.722729953,15725165.567926431,15915874.072021484,11329700,0.015447910900689754,17.440000534057617,4.572000026702881,-0.0019134182836552105,7432.97021484375,26270.359375,1.0,0.36714697921880135,1.0,-0.0019134182836552105,17.440000534057617,4.572000026702881,0.015447910900689754,0.5877852522924732,-0.8090169943749473,0.49999999999999994,-0.8660254037844387,0,30.0,16519568.380317803,-0.2263,1.0,0.0,17.0,46.0,0.004825551986591413,0.024467956988578562,0.009398652063870801,0.013000784079159807,0.011762791225581595,0.015151463399044423
2026-05-21,15798357.02973497,16051130.099373933,15661701.177144079,15992676.949768066,13476100,0.0008656232695711807,16.760000228881836,4.585999965667725,0.0008072024070426842,7445.72021484375,26293.099609375,1.0,0.3735306193161807,1.0,0.0008072024070426842,16.760000228881836,4.585999965667725,0.0008656232695711807,-0.587785252292473,-0.8090169943749475,0.49999999999999994,-0.8660254037844387,0,30.0,16503167.973440366,-0.3612,1.0,0.0,16.0,47.0,0.004551138322705007,0.012938349401502174,0.006903923994841599,0.015078700346631519,0.043481383936390956,0.04845685286797868
2026-05-22,16002806.774579484,16185243.000230886,15978324.157989437,16065461.834716797,11688600,0.001934769749697418,16.700000762939453,4.558000087738037,0.001310588267146695,7473.47021484375,26343.970703125,1.0,0.39588154231199435,1.0,0.001310588267146695,16.700000762939453,4.558000087738037,0.001934769749697418,-0.9510565162951536,0.30901699437494723,0.49999999999999994,-0.8660254037844387,0,30.0,16489543.61299038,0.0,1.0,0.0,15.0,48.0,0.0023421263312338966,0.015010386003651705,0.038753871384474885,0.048237318160712944,0.03797316830486085,0.0223675104278068
2026-05-26,16012362.044258712,16159101.643183317,15917952.859717283,16103089.17590332,12234200,0.011851250059960128,17.010000228881836,4.493000030517578,-0.001510285202776962,7519.1201171875,26656.1796875,1.0,0.40846166952477403,1.0,-0.001510285202776962,17.010000228881836,4.493000030517578,0.011851250059960128,0.9510565162951535,0.30901699437494745,0.49999999999999994,-0.8660254037844387,0,30.0,16477514.55037836,-0.10115,2.0,0.0,14.0,49.0,0.036326663418323066,0.04812460425790031,0.03554778457136533,0.02231524530419191,0.03309615763695358,0.018211644403848204
2026-05-27,16008727.807954486,16773174.098913059,15998219.304993033,16688060.676391602,23143600,0.0006959279787079886,16.290000915527344,4.480999946594238,0.00040335702597471546,7520.35986328125,26674.73046875,1.0,0.4236233214071432,1.0,0.00040335702597471546,16.290000915527344,4.480999946594238,0.0006959279787079886,0.5877852522924732,-0.8090169943749473,0.49999999999999994,-0.8660254037844387,0,30.0,16484068.162627248,0.2023,1.0,0.0,13.0,50.0,-0.0007515765775905091,0.021533022445437314,-0.003117265911805901,0.017573266274725677,-0.05616711184039328,0.056931405774974755
2026-05-28,16786025.807150602,16877896.15949623,16518551.774380669,16675518.320861816,16772400,0.009100007014480438,15.739999771118164,4.454999923706055,-0.0019151541493763746,7563.6298828125,26917.470703125,1.0,0.402012925776986,1.0,-0.0019151541493763746,15.739999771118164,4.454999923706055,0.009100007014480438,-0.587785252292473,-0.8090169943749475,0.49999999999999994,-0.8660254037844387,0,30.0,16490027.379858246,-0.19934999999999997,2.0,0.0,12.0,51.0,-0.002367468668214601,0.017586483864080092,-0.05545721560711146,0.05697422626896485,-0.059566450999224696,0.019197999906247935
2026-05-29,16662077.90321145,16688379.525789525,16395115.791914517,16636039.553710938,19806500,0.002048797158850313,15.319999694824219,4.453000068664551,-0.001110815842112367,7580.06005859375,26972.619140625,1.0,0.4121095565387052,1.0,-0.001110815842112367,15.319999694824219,4.453000068664551,0.002048797158850313,-0.9510565162951536,0.30901699437494723,0.49999999999999994,-0.8660254037844387,0,30.0,16494572.261253916,0.0,1.0,0.0,11.0,52.0,-0.05321573352066309,0.05710943105765341,-0.05733472048536003,0.01924355842789092,-0.016975021169218018,0.03768121292877281
2026-06-01,16535826.409243269,16676159.950100882,15726085.196135832,15750740.505981445,29138800,0.004233604666074475,16.049999237060547,4.474999904632568,0.00293189035887087,7599.9599609375,27086.810546875,1.0,0.41254669335901384,1.0,0.00293189035887087,16.049999237060547,4.474999904632568,0.004233604666074475,0.0,1.0,1.2246467991473532e-16,-1.0,0,30.0,16471419.211635897,-0.05135,2.0,0.0,10.0,53.0,-0.004350502126544188,0.020325177666343175,0.038277687573123616,0.039799154108139355,0.04652463507638566,0.033301671420654155
2026-06-02,15829426.69843969,15977424.510091532,15657287.910930991,15682216.875915527,18252000,0.00026174524083333317,15.770000457763672,4.454999923706055,0.00020165597859223006,7609.77978515625,27093.900390625,1.0,0.4175069102056457,1.0,0.00020165597859223006,15.770000457763672,4.454999923706055,0.00026174524083333317,0.9510565162951535,0.30901699437494745,1.2246467991473532e-16,-1.0,0,30.0,16446853.924246551,0.17,2.0,0.0,9.0,54.0,0.04281445407315992,0.03997305697752455,0.051097436709997654,0.033447183463438765,-0.007369414070042143,0.07740183673710982
2026-06-03,15829154.538704881,16384356.868634526,15757490.719919657,16353642.430114746,23020100,-0.008855126741294739,16.059999465942383,4.491000175476074,0.0031243454422480443,7553.68017578125,26853.98046875,1.0,0.39554776306163,1.0,0.0031243454422480443,16.059999465942383,4.491000175476074,-0.008855126741294739,0.5877852522924732,-0.8090169943749473,1.2246467991473532e-16,-1.0,0,30.0,16443952.555310221,0.30665000000000003,2.0,0.0,8.0,55.0,0.00794291122882406,0.03207395460697386,-0.04812348730609496,0.07422397765468601,-0.06051780132094575,0.020510445553502718
2026-06-04,16381101.26035541,16873058.08831509,16348532.103352906,16483537.960205078,21469200,-0.0008572111414465455,15.399999618530273,4.4770002365112305,-0.0012056175892615206,7584.31005859375,26830.9609375,1.0,0.38311330302404234,1.0,-0.0012056175892615206,15.399999618530273,4.4770002365112305,-0.0008572111414465455,-0.587785252292473,-0.8090169943749475,1.2246467991473532e-16,-1.0,0,30.0,16445184.719488725,-0.5994,1.0,0.0,7.0,56.0,-0.055624577454060575,0.07363906906612057,-0.06792122032616568,0.02034881670877332,-0.0686635189781512,0.02647805651133482
2026-06-05,16366244.15314362,16515610.53736404,15301778.147058478,15566648.126220703,30091600,-0.04179989127532524,21.510000228881836,4.535999774932861,0.006639130956660466,7383.740234375,25709.4296875,1.0,0.321109045962618,1.0,0.006639130956660466,21.510000228881836,4.535999774932861,-0.04179989127532524,-0.9510565162951536,0.30901699437494723,1.2246467991473532e-16,-1.0,0,30.0,16417838.748856254,0.296,1.0,0.0,6.0,57.0,-0.013020926401234176,0.02154738065282872,-0.013806947123781537,0.02803763829426299,-0.037316487760706764,0.034934382307314334
2026-06-08,15537439.472523807,15537439.472523807,15202018.979859486,15363955.946655273,19512400,0.008566135905265782,18.920000076293945,4.552000045776367,-0.00019982655268702132,7405.72998046875,25929.66015625,1.0,0.3436136687634592,1.0,-0.00019982655268702132,18.920000076293945,4.552000045776367,0.008566135905265782,0.0,1.0,1.2246467991473532e-16,-1.0,0,30.0,16385034.824261777,0.0,0.0,0.0,5.0,58.0,-0.0007963904641679351,0.028407530660230655,-0.02461608559833499,0.0353952614009688,-0.029157023409917333,0.02589228865876743
2026-06-09,15520050.367338516,15694158.674812205,15257706.625195162,15351720.238647461,16977400,-0.009673857745857828,19.8700008392334,4.5279998779296875,-0.001399294206677948,7386.64990234375,25678.8203125,1.0,0.3148431685550257,1.0,-0.001399294206677948,19.8700008392334,4.5279998779296875,-0.009673857745857828,0.9510565162951535,0.30901699437494745,1.2246467991473532e-16,-1.0,0,30.0,16352871.120975155,0.0,0.0,0.0,4.0,59.0,-0.023838680031622587,0.0354234723165294,-0.02838323708510619,0.025912925465506855,-0.028647833185537507,0.02598926995294654
2026-06-10,15241650.831612704,15519593.243847338,14975782.006962506,14985755.49194336,17064000,-0.019834256648155746,22.219999313354492,4.541999816894531,0.0004002931104682972,7266.990234375,25169.5,1.0,0.2847323446035501,1.0,0.0004002931104682972,22.219999313354492,4.541999816894531,-0.019834256648155746,0.5877852522924732,-0.8090169943749473,1.2246467991473532e-16,-1.0,0,30.0,16310317.28300282,-0.4767,1.0,0.0,3.0,60.0,-0.004655538957055608,0.026545740888756275,-0.004926596716688909,0.026623949772757293,0.039577183524727014,0.0384841013481059
2026-06-11,14847763.599827126,15014128.6050192,14616320.622707816,14915988.723449707,17628000,0.02543396397425446,19.440000534057617,4.4629998207092285,-0.0009004136131912643,7394.2998046875,25809.66015625,1.0,0.3091388760238061,1.0,-0.0009004136131912643,19.440000534057617,4.4629998207092285,0.02543396397425446,-0.587785252292473,-0.8090169943749475,1.2246467991473532e-16,-1.0,0,30.0,16266916.395511363,0.1806,2.0,0.0,2.0,60.0,-0.00027232558198925417,0.026748478355784606,0.04443961283055173,0.03866410358860227,0.055478732803820534,0.024285097198580987
2026-06-12,15068942.272220794,15151000.087577853,14752020.086053532,14911926.718139648,14326400,0.0030678314639034365,17.68000030517578,4.486999988555908,-0.001101548264362373,7431.4599609375,25888.83984375,1.0,0.3197898187364332,1.0,-0.001101548264362373,17.68000030517578,4.486999988555908,0.0030678314639034365,-0.9510565162951536,0.30901699437494723,1.2246467991473532e-16,-1.0,0,30.0,16224739.998752665,-0.2679333333333333,3.0,0.0,1.0,60.0,0.04472411793398631,0.0386746356812724,0.055766244960924125,0.02429171245331235,-0.0012491390317449385,0.04860194699008129
2026-06-15,15222375.64086914,15783338.012695312,15206624.67956543,15578849.487304688,17653300,0.030712060261246066,16.200000762939453,4.486999988555908,-0.0012030350534539824,7554.2900390625,26683.939453125,1.0,0.3570986754503116,1.0,-0.0012030350534539824,16.200000762939453,4.486999988555908,0.030712060261246066,0.0,1.0,1.2246467991473532e-16,-1.0,0,30.0,16204635.539708853,-0.35015,2.0,1.0,0.0,0.0,0.01056941908144552,0.0232517963702713,-0.04400516478613179,0.046521321902853144,-0.026841966547521787,0.028863278518696647
2026-06-16,15571440.14038086,15890396.235961914,15528160.0,15743508.876342773,11344400,-0.01152751863776913,16.40999984741211,4.486999988555908,-0.0009033056345641999,7511.35009765625,26376.33984375,1.0,0.3591266444632242,1.0,-0.0009033056345641999,16.40999984741211,4.486999988555908,-0.01152751863776913,0.9510565162951535,0.30901699437494745,1.2246467991473532e-16,-1.0,1,30.0,16190282.174930556,-0.0772,1.0,0.0,60.0,1.0,-0.05400379512491357,0.046034761219213,-0.037020104628707536,0.028561401100907893,,
2026-06-17,15534080.0,15581574.3359375,14856825.6640625,14893299.6484375,20478300,-0.013446887991323875,18.440000534057617,4.486999988555908,0.00552537087909033,7420.10009765625,26021.66015625,1.0,0.3208152655591048,1.0,0.00552537087909033,18.440000534057617,4.486999988555908,-0.013446887991323875,0.5877852522924732,-0.8090169943749473,1.2246467991473532e-16,-1.0,1,30.0,16149911.35104902,0.1591,2.0,0.0,60.0,2.0,0.017953233225125504,0.030191877043184618,,,,
2026-06-18,15045117.492370605,15239477.530517578,14789820.858764648,15160682.530517578,28824600,0.019071401604282556,16.399999618530273,4.486999988555908,0.007593187771381293,7500.580078125,26517.9296875,1.0,0.3584246525042327,1.0,0.007593187771381293,16.399999618530273,4.486999988555908,0.019071401604282556,-0.587785252292473,-0.8090169943749475,1.2246467991473532e-16,-1.0,1,30.0,16119119.893433785,-0.13446,5.0,0.0,60.0,3.0,,,,,,
