date,close,high,low,open,volume,rsi_14,MACD_12_26_9,MACDh_12_26_9,MACDs_12_26_9,volatility_20,close_lag1,volume_change,intraday_return,target_return
2023-09-12,68716.453125,69058.75177070362,67004.95989648195,67603.98252646327,2708500,72.4671219280044,1601.9960087495128,314.84817111986354,1287.1478376296493,0.012442874107545675,68031.859375,-0.3604335403433375,0.016455696202531577,-0.008717232293732844
2023-09-13,67689.5625,68716.45851769912,67347.26382743364,68117.43584070797,2507600,64.1931399323442,1534.3519765478122,197.76331113453034,1336.588665413282,0.013131608379971852,68716.453125,-0.07417389699095445,-0.00628140703517597,-0.007585297656047745
2023-09-14,67946.2890625,68459.73709068011,67090.5423488665,67176.11702022985,2660100,65.26101866539226,1484.3486346342543,118.20797537677777,1366.1406592574765,0.012825032621396467,67689.5625,0.06081512202903183,0.011464968152866186,-6.407090895135876e-08
2023-09-15,68031.859375,69486.62869496855,67603.98604559748,67946.2847091195,5614800,65.62896569009764,1435.0826949910406,55.15362858685103,1379.9290664041896,0.012844556543409024,67946.2890625,1.110747716251269,0.0012594458438286707,-0.005031522133700053
2023-09-18,67518.40625,68288.57818441064,67347.25693124207,67689.55556875792,1499600,61.42484973733598,1339.1705819373456,-32.60678757347523,1371.7773695108208,0.013094237146924603,68031.859375,-0.7329201396309752,-0.0025284450063210633,-0.0050697084917618405
2023-09-19,67518.40625,67518.40625,66234.78635931559,67176.10761248415,2571703,61.42484973733599,1248.7645608048333,-98.41024696479008,1347.1748077696234,0.013000465527863627,67518.40625,0.714925980261403,0.005095541401274003,-0.006336980551387285
2023-09-20,67004.96875,67432.84211366539,66748.24473180076,67090.54342273308,2403202,57.177113848565504,1122.7447201932664,-179.54407006108568,1302.288790254352,0.013089226565326084,67518.40625,-0.06552117410136393,-0.0012755102040817277,-0.0025543164368514674
2023-09-21,66748.2421875,67004.96619591345,66149.21950120192,66833.81685697116,2577902,55.124414717530286,990.7368033871171,-249.24158949378807,1239.9783928809052,0.013119460970943908,67004.96875,0.07269467984796951,-0.00128040973111399,-0.011538486170038432
2023-09-22,66320.3671875,67004.96452620967,64865.59784274193,65978.06851814516,4361903,51.78740112371059,841.8888708081067,-318.47161765823876,1160.3604884663455,0.013180302654971231,66748.2421875,0.6920360044718534,0.005188067444876873,-0.003870915874938236
2023-09-25,66405.9453125,67176.11735865014,65635.77326634988,66063.64662532217,2795503,52.40795414860747,722.5026900603407,-350.286238724804,1072.7889287851447,0.01278715665342419,66320.3671875,-0.35910931536074964,0.005181347150258939,-1.5614201682809787e-08
2023-09-26,65122.32421875,66748.24295745729,65036.74954829172,66405.94427562418,2634600,43.3872706213359,518.3357353854808,-443.5625547197311,961.8982901052119,0.013642504756929606,66405.9453125,-0.057557799079450134,-0.019329896907216468,0.0026280863478664227
2023-09-27,65550.1953125,65550.1953125,64009.85129732376,65293.47130997063,2273300,46.681693694457856,386.6010776871117,-460.2377699344802,846.8388476215919,0.010203625700181703,65122.32421875,-0.13713656722083045,0.0039318479685451985,-0.0065274110279035106
2023-09-28,64009.8515625,65379.04624832887,64009.8515625,65122.32224473596,2034300,38.08859794667412,156.10802874750516,-552.5846550992694,708.6926838467746,0.011349748838821148,65550.1953125,-0.10513350635639818,-0.017082785808147115,0.002673777659594135
2023-09-29,63496.40234375,65379.045000842314,63496.40234375,64180.99967360175,1403900,35.727723349905546,-67.21561426781409,-620.7266384916709,553.5110242238568,0.011316125669741004,64009.8515625,-0.3098854642874699,-0.010666666666666623,2.39241462967388e-08
2023-10-02,64694.44921875,64694.44921875,63496.40386284722,63496.40386284722,1304901,44.389305835496984,-145.84759965854755,-559.4868991059235,413.63929944737595,0.012265130303304866,63496.40234375,-0.07051713084977562,0.018867924528301938,-0.013227462019792836
2023-10-03,63325.2578125,64266.57921241554,63239.683139780405,63838.70584881757,2013700,38.07421555662242,-315.0150211936416,-582.923456512814,267.90843531917244,0.010675441987289338,64694.44921875,0.5431822030943343,-0.008042895442359256,-0.005405372750275705
2023-10-04,63667.55859375,63838.70794480846,62811.81183845766,62982.96118951613,1177900,40.358641817106495,-416.65763932006666,-547.6528597113913,130.99522039132464,0.010864380682255991,63325.2578125,-0.41505686050553703,0.010869565217391308,-0.004032321356349457
2023-10-05,62212.78515625,63667.554547799176,62212.78515625,63410.83053752579,2645700,34.52877132028933,-607.5942366918171,-590.8715656665133,-16.722671025303697,0.011683422205156618,63667.55859375,1.2461159690975463,-0.018893387314439954,-4.5102819753664084e-08
2023-10-06,63496.40234375,63496.40234375,62127.207684046494,62212.782350277965,1327000,42.43078083435706,-647.8674733882945,-504.9158418903926,-142.95163149790184,0.0127640617158541,62212.78515625,-0.49843141701629057,0.020632737276478682,-0.0026953824095664524
2023-10-09,63068.53125,63410.8299270692,62982.9565807327,63325.2552578019,1621374,40.66876367253895,-706.1696409751312,-450.5744075817835,-255.5952333933477,0.012769706349732245,63496.40234375,0.2218342125094197,-0.004054054054054095,0.008141186389539794
2023-10-10,63667.55859375,64181.0066469254,63325.25989163306,63581.983918220765,1123900,44.16464570815804,-696.0148030762139,-352.3356557462929,-343.67914732992097,0.012738247097610598,63068.53125,-0.3068224851268122,0.00134589502018844,0.002688172043010668
2023-10-11,63667.55859375,64009.85729586693,63325.25989163306,63838.70794480846,1898774,44.16464570815804,-680.1269408696389,-269.1582348317744,-410.96870603786454,0.012481618338621221,63667.55859375,0.6894510187739122,-0.0026809651474529986,0.001344129230359004
2023-10-12,64608.8828125,64951.18152938742,63753.136020281454,63753.136020281454,2534800,49.57900121167861,-584.837060541191,-139.09468360266118,-445.74237693852984,0.013025875670820293,63667.55859375,0.3349666679657506,0.013422818791946357,-0.0013246448614362214
2023-10-13,64865.59765625,65293.470991713395,64181.000319508574,64523.29898787929,1560000,50.9752078068795,-483.0362600925,-29.835106523176137,-453.2011535693239,0.01308040320374273,64608.8828125,-0.3845668297301562,0.0053050397877984195,-0.009234847220554034
2023-10-16,64352.1484375,64865.596430352394,63924.275110123,64266.5737720246,1374400,48.10595832995717,-438.7320235148363,11.575304043590052,-450.3073275584264,0.013088438997832075,64865.59765625,-0.11897435897435893,0.0013315579227696044,0.0013298151872060023
2023-10-17,64009.8515625,65122.32224473596,64009.8515625,64437.72490182152,1595900,46.237457183560174,-426.32666552931914,19.184529623285812,-445.51119515260496,0.013092920400558922,64352.1484375,0.16116123399301507,-0.006640106241699843,-5.962192217414234e-08
2023-10-18,63239.67578125,64009.84774610961,61956.05583981732,64009.84774610961,2572400,42.26008300008452,-473.18746828391886,-22.141018505051136,-451.0464497788677,0.01321912169543976,64009.8515625,0.6118804436368193,-0.012032085561497392,-0.006765782919607424
2023-10-19,61100.31640625,62811.80986300771,60672.44304206058,62811.80986300771,4007700,33.61111962517411,-675.1704693790234,-179.29921568012446,-495.87125369889895,0.014932587154164333,63239.67578125,0.5579614367905459,-0.027247956403269824,-0.0014006892330311752
2023-10-20,61870.48046875,62041.629792315005,60073.41257131743,61014.73385092497,2371808,38.491493386744594,-764.287420016175,-214.73293305382083,-549.5544869623542,0.015389790369940497,61100.31640625,-0.4081872395638396,0.014025245441795196,-0.008298666085065048
2023-10-23,60073.41796875,61613.762019230766,59987.843299278844,61357.038010817305,2804900,32.489851465394906,-968.7539776946651,-335.35959258584865,-633.3943851088164,0.01637162074866889,61870.48046875,0.18259994063600415,-0.020920502092050163,-1.373563751302294e-07
2023-10-24,60158.984375,60586.85766358463,59987.83505956614,60073.409717283066,1099508,33.02532832338011,-1111.082832611486,-382.1507580021357,-728.9320746093504,0.0160616822294827,60073.41796875,-0.608004563442547,0.0014245014245015315,9.664533414913273e-08
2023-10-25,59046.51953125,60586.86351902174,59046.51953125,60158.99018908515,2477700,29.724288270635768,-1298.675765365566,-455.7949526049724,-842.8808127605935,0.016184544389718763,60158.984375,1.2534624577538316,-0.018492176386913264,-0.007246357206794745
2023-10-26,57335.02734375,58704.22202658582,56393.70599930037,58618.64735890858,5201700,25.501138120563706,-1567.379852818296,-579.5992320461619,-987.7806207721342,0.016555339961916205,59046.51953125,1.0994067078338783,-0.021897810218978065,0.004477467018454435
2023-10-27,58190.765625,58190.765625,56992.72045036765,57591.743037683824,1811000,30.795460289571288,-1691.7770971579885,-563.1971811086833,-1128.5799160493052,0.01714579680962174,57335.02734375,-0.6518445892688929,0.010401188707280828,-0.0014703558130253012
2023-10-30,57848.48046875,58190.779169748515,57420.60709250184,58105.20449449889,1112000,29.880749089911408,-1797.2646133396993,-534.9477578323151,-1262.3168555073842,0.016262695390306604,58190.765625,-0.3859745996686913,-0.004418262150220877,0.004437636024991149
2023-10-31,58190.765625,59474.38545496324,57848.46700367647,58105.19096966912,2183600,32.05417459429171,-1832.1250809226476,-455.8465803322106,-1376.278500590437,0.016010936118925467,57848.48046875,0.9636690647482014,0.0014727540500735655,0.01470590325202435
2023-11-01,60244.55859375,60330.1332508434,58105.19216641513,59046.513394442474,2337200,43.39219179235611,-1674.7231582349486,-238.75572611560915,-1435.9674321193395,0.018190947838719294,58190.765625,0.07034255358124208,0.02028985507246372,0.0014206762666543484
2023-11-02,60672.4453125,60672.4453125,59731.12387605783,60330.14660833921,2390200,45.435080367753926,-1498.1839858786625,-49.773243007458404,-1448.410742871204,0.017661502161882333,60244.55859375,0.02267670717097392,0.005673758865248265,-1.9213608435722737e-07
2023-11-03,59902.26171875,60672.43365513393,59731.112399553575,60672.43365513393,1692700,42.4644796184813,-1404.2356448060236,35.34007845214455,-1439.5757232581682,0.017064812132585892,60672.4453125,-0.2918165843862438,-0.012693935119887177,0.002857199043046946
2023-11-06,60758.01171875,61185.88504071303,59987.83973921655,60073.41440360916,1136800,46.639068534578385,-1246.3617520020416,154.5711770049013,-1400.932929006943,0.017450709536523074,59902.26171875,-0.32841023217345067,0.011396011396011306,-0.007042302933367743
2023-11-07,60586.859375,60586.859375,59731.11277365819,60330.135394597455,1474700,45.921417066185164,-1122.1210058365032,223.04953853635197,-1345.1705443728551,0.01725018988666501,60758.01171875,0.29723786066150604,0.004255319148936211,1.4845170692426314e-07
2023-11-08,61100.31640625,61185.89107908789,59731.12164084384,60586.86836922269,2339600,48.48250441168832,-971.0341508682177,299.3091148037099,-1270.3432656719276,0.01741387708292229,60586.859375,0.5864921678985557,0.008474576271186402,0.002800978896549176
2023-11-09,60501.28515625,61699.330406868816,60501.28515625,61271.457103076384,3420100,45.759724454563724,-889.3813112108037,304.76956356889923,-1194.150874779703,0.017036985419954884,61100.31640625,0.46183108223627967,-0.01256983240223471,0.0014145089060508256
2023-11-10,59559.96875,60586.864762931036,59559.96875,60586.864762931036,2833100,41.788243798625054,-890.3636565793713,243.02977456026542,-1133.3934311396367,0.017167038535177925,60501.28515625,-0.17163240840911087,-0.01694915254237291,0.0014367173638529752
2023-11-13,58789.79296875,59902.263578056765,58704.218306495626,59645.539591293666,1730800,38.81959409833276,-942.4252298700812,152.7745610156444,-1095.1997908857256,0.017261815137490068,59559.96875,-0.3890791006318167,-0.014347202295552326,0.004366930198960609
2023-11-14,58960.94921875,59388.82258027939,58361.92651260886,59046.52389105588,2996000,39.8423761455495,-958.8208331050264,109.10316622455957,-1067.923999329586,0.01733589783522704,58789.79296875,0.730991449040906,-0.0014492753623188128,0.0159650298148736
2023-11-15,60501.28515625,61442.60642459335,59902.26253094059,59902.26253094059,3949400,48.230288034978,-837.8638567722373,184.04811404587895,-1021.9119708181163,0.018463341462560658,58960.94921875,0.3182242990654205,0.010000000000000033,-0.0014144626494827413
2023-11-16,60158.984375,61014.73095216927,59816.685744132286,60415.70834815078,2368200,46.672871321065486,-760.8547341408776,208.84578934179103,-969.7005234826686,0.01692139463131515,60501.28515625,-0.40036461234617915,-0.0042492917847025075,0.009957347949861263
2023-11-17,59902.26171875,60843.582974330355,59217.66444196428,60758.00831473214,2335800,45.48653235288608,-712.3285424451897,205.8975848299832,-918.2261272751729,0.016644628388048213,60158.984375,-0.013681276919179086,-0.014084507042253508,-0.011428650219286905
2023-11-20,59303.234375,59816.68229166667,59046.51041666667,59217.659722222226,2001000,42.755638583572676,-713.977399251191,163.3989824191856,-877.3763816703765,0.015489501985089678,59902.26171875,-0.14333418957102495,0.0014450867052022438,0.0014431183751132779
2023-11-21,59474.390625,59731.11461330935,58960.94264838129,59388.81596223021,2989800,43.79396927707136,-693.4792540222552,147.11770211849716,-840.5969561407524,0.015502659647169853,59303.234375,0.4941529235382309,0.0014409221902017956,1.3902482563603335e-07
2023-11-22,59388.82421875,60073.42161608429,59046.525520082854,59474.39889341679,1533200,43.37043171224981,-676.3423663326685,131.4036718464672,-807.7460381791357,0.014916475783462094,59474.390625,-0.48718977858050705,-0.0014388489208633044,0.005763542876977276
2023-11-23,58789.79296875,59816.6889158024,58789.79296874999,59731.11425354803,1653100,40.42304247006209,-702.9943931703674,83.80131600701463,-786.795709177382,0.013487507885255528,59388.82421875,0.07820245238716406,-0.01575931232091686,-0.0014555070313388733
2023-11-24,58447.5,58960.94802342606,57848.477306002926,58704.22401171303,3128900,38.80043480326244,-743.1697006708928,34.90080680519145,-778.0705074760842,0.013181982342325128,58789.79296875,0.8927469602564879,-0.004373177842565547,1.550615313256364e-08
2023-11-27,58276.3515625,58533.075578193835,58105.20221870411,58447.500906295885,1333300,37.97952822597209,-779.8297776223553,-1.4074161170168509,-778.4223615053385,0.013125476279092878,58447.5,-0.5738758029978587,-0.0029282576866763734,-3.0921758969654604e-08
2023-11-28,58618.6484375,58618.6484375,57762.901744981755,58276.3497604927,2192953,40.682578279570436,-772.3593774832116,4.850387217701609,-777.2097647009132,0.013124531791938497,58276.3515625,0.6447558688967223,0.005873715124816401,-5.903923981194386e-08
2023-11-29,58533.0703125,58875.368969298244,58361.92098410088,58618.64497669956,1419153,40.21072664951691,-764.5314286279463,10.142668858373554,-774.6740974863199,0.010245947240047551,58618.6484375,-0.3528575395824717,-0.0014598540145984728,9.505392812915506e-09
2023-11-30,57677.32421875,58789.79486391877,57677.32421875,58533.070868879826,2630600,35.74603281625577,-817.9504570475838,-34.62108764901109,-783.3293693985727,0.010447633658410449,58533.0703125,0.8536408688844683,-0.014619883040935738,0.00890206756132494
2023-12-01,58533.0703125,58618.64497669956,57934.04766310307,58190.771655701756,1558800,42.608524552059244,-782.2169538060116,0.8899324740489192,-783.1068862800605,0.010836970865321757,57677.32421875,-0.4074355660305634,0.005882352941176449,0.0014620244407279731
2023-12-04,58875.37109375,59474.393764762,58533.072424600294,58618.647091887724,3006600,45.132831063129046,-718.0004208098399,52.085172376176615,-770.0855931860165,0.010360229777736258,58533.0703125,0.9287913779830639,0.004379562043795519,5.3877122922576136e-08
2023-12-05,58276.3515625,59046.5236095815,58190.77689060206,58875.374265785606,2302100,41.67805488918105,-707.2910151625838,50.23566241874619,-757.52667758133,0.01053774052159331,58875.37109375,-0.23431783409831708,-0.010174418604651098,-3.0921758969654604e-08
2023-12-06,58618.6484375,58704.22310675183,58276.3497604927,58276.3497604927,1606600,44.30176245135039,-663.5344250952257,75.19380198888348,-738.7282270841092,0.010418470792168504,58276.3515625,-0.30211545979757615,0.005873715124816401,0.004379502745989841
2023-12-07,58533.0703125,58875.368969298244,57762.89833470395,58875.368969298244,3921300,43.771586250557704,-628.5172955541784,88.1687452239446,-716.686040778123,0.010256147349785418,58618.6484375,1.4407444292294285,-0.005813953488372071,2.089120018533542e-08
2023-12-08,59046.51953125,59303.243529211955,58190.772871376816,58533.07153532609,3729400,47.80736942035839,-552.9607202521729,130.98025642076016,-683.9409766729331,0.009952099102291995,58533.0703125,-0.04893785224287861,0.008771929824561361,0.021739054150545244
2023-12-11,59902.26171875,60330.13501674107,59816.68705915179,60330.13501674107,4763200,53.76377777792057,-419.19809250556864,211.79430733389154,-630.9923998394602,0.01002164438208396,59046.51953125,0.27720276720115833,-0.007092198581560277,1.7608685241676176e-07
2023-12-12,59388.82421875,59987.846941417505,59046.525520082854,59902.27226675072,2788700,50.07149335862755,-350.5791039006144,224.33063675107667,-574.9097406516911,0.010232190773968676,59902.26171875,-0.4145322472287538,-0.008571428571428542,0.0028818041444744666
2023-12-13,58361.92578125,59645.54584975256,58276.35111001649,59559.97117851906,4601000,43.619283439415824,-374.7404086528477,160.1354655990748,-534.8758742519225,0.009023905473482956,59388.82421875,0.6498727005414708,-0.020114942528735594,0.004398834778071286
2023-12-15,58276.3515625,58704.22492198972,58276.3515625,58618.65025009178,4122500,43.120625055654386,-396.2260932604113,110.91982479320899,-507.1459180536203,0.008977163207809476,58361.92578125,-0.10399913062377741,-0.005839416058394176,-4.932189990522944e-08
2023-12-18,57335.02734375,58361.92335587686,57335.02734375,58276.34868819962,3613100,37.97744931840671,-483.6356004371555,18.808254093171854,-502.44385453032737,0.009542120899850305,58276.3515625,-0.12356579745300178,-0.016152716593245135,0.0014925373134328501
2023-12-19,57335.02734375,57677.32601445895,56736.00467000932,57420.60201142724,3151900,37.97744931840672,-546.6073157415885,-35.330768969008886,-511.27654677257965,0.009369256980597231,57335.02734375,-0.12764661924663034,-0.001490312965722816,4.932190229557853e-08
2023-12-20,58276.3515625,58361.92623439794,57335.03017162262,57335.03017162262,2623900,45.51442664133515,-514.6235958577017,-2.677639268097664,-511.94595658960407,0.010168177564482666,57335.02734375,-0.1675180050128494,0.01641791044776114,-0.002936901329089642
2023-12-21,58019.625,58447.49834070797,58019.625,58105.1996681416,2875900,43.94593380424402,-504.18008132350224,6.2127002128814866,-510.3927815363837,0.010197005501254994,58276.3515625,0.09604024543618284,-0.001472754050073734,8.30623992152533e-08
2023-12-22,57848.48046875,58276.35384499815,57762.905793500366,58019.629819249254,2620700,42.88493445371376,-503.9047538386076,5.19042215822094,-509.0951759968285,0.00998932627102314,58019.625,-0.08873743871483708,-0.0029498525073745232,-9.079649460764546e-08
2023-12-25,58105.19921875,58789.796558588,57848.475216310755,57848.475216310755,3128279,45.028863381650396,-477.46754850042635,25.30210199712178,-502.7696504975481,0.009979079488906481,57848.48046875,0.19368069599725257,0.004437869822485139,0.005890873395924872
2023-12-26,58190.765625,58618.63890165441,58190.765625,58447.48959099265,1975400,45.75968650791675,-444.48760252606735,46.62563837718466,-491.113240903252,0.009965340241614645,58105.19921875,-0.3685345840316673,-0.004392386530014675,0.007407475033002976
2023-12-27,58190.76953125,58794.229363425926,58190.76953125,58621.812268518515,1736400,45.7597219599296,-413.5829161213551,62.02425982551756,-475.60717594687264,0.0098683928295917,58190.765625,-0.12098815429786369,-0.007352941176470534,7.839806672114607e-09
2023-12-28,59052.85546875,59052.85546875,58190.76998745438,58190.76998745438,2873700,53.052694638541205,-315.8862589253986,127.77673361717927,-443.66299254257785,0.01042476032086839,58190.76953125,0.654975812024879,0.014814814814814751,0.002919875747579244
2023-12-29,58276.98828125,59225.282469258505,58276.98828125,59225.282469258505,2257800,46.936081457587704,-297.635989653063,116.82160231161191,-414.4575919646749,0.010316426095406284,59052.85546875,-0.21432299822528444,-0.016011644832605525,0.008875689842842992
2024-01-02,58880.4453125,59052.86242908126,58535.61107933748,58794.23675420937,2142800,51.60923162542348,-231.80646007043106,146.12090551539507,-377.9273655858261,0.01003500550002565,58276.98828125,-0.050934538045885325,0.0014662756598240421,0.0014641461753014718
2024-01-03,59483.90625,59483.90625,58621.82065217391,58966.654891304344,1979801,55.80111531918252,-129.449614698613,198.7822007097705,-328.2318154083835,0.010208800613572818,58880.4453125,-0.07606822848609296,0.008771929824561464,0.00144927536231883
2024-01-04,59483.90625,59914.94904891304,59483.90625,59570.11480978261,3401500,55.80111531918252,-47.78029579250142,224.36121569270568,-272.1415114852071,0.009894193451408469,59483.90625,0.7181019708546466,-0.0014471780028943455,0.004347745561064171
2024-01-05,59311.484375,59742.527139353195,59052.85871638808,59742.527139353195,1775700,54.24403414445707,2.995691051793983,220.1097620296009,-217.1140709778069,0.009864549805086388,59483.90625,-0.4779656034102602,-0.007215007215007167,0.002906999213277036
2024-01-08,58794.234375,59570.11136821847,58794.234375,59483.90281341642,2396400,49.758364452746335,1.4811999349112739,174.87621673017458,-173.3950167952633,0.010076992935775032,59311.484375,0.34955228923804693,-0.011594202898550657,-4.058555735062646e-08
2024-01-09,58708.0234375,59052.85764271292,58621.81488619677,58794.23198880323,2579400,49.03060292144255,-6.599472734269511,133.43643524879505,-140.03590798306456,0.009880544657635095,58794.234375,0.0763645468202303,-0.0014662756598240187,-4.4653654297178955e-08
2024-01-10,58190.76953125,58708.02081597222,58104.56098379629,58708.02081597222,3006600,44.7971077497353,-54.11769629006449,68.73456935440007,-122.85226564446455,0.009414659725458865,58708.0234375,0.16561991160735046,-0.00881057268722458,2.9856789318548574e-08
2024-01-11,58535.60546875,59052.856768915684,58190.771268639546,58190.771268639546,2083900,48.01941132324319,-63.22206792164798,47.704158178253266,-110.92622609990124,0.00939203216407548,58190.76953125,-0.30689150535488596,0.005925925925925879,-0.0044182808359209055
2024-01-12,57932.14453125,58535.60437011719,57759.7274344308,58276.978724888395,3283000,43.26040257019123,-117.77397725782066,-5.478200926335532,-112.29577633148513,0.008856669459415104,58535.60546875,0.5754114880752434,-0.005917159763313645,5.25334749318185e-08
2024-01-15,57759.73046875,58190.77323344217,57759.73046875,57932.14757462686,2336501,41.98027527100864,-172.92575192567165,-48.50398047534921,-124.42177145032244,0.008873263795516681,57932.14453125,-0.2883030764544624,-0.0029761904761904214,9.692863719568939e-08
2024-01-16,58104.5703125,58104.5703125,57501.11038343843,57759.73606732196,2072400,45.456704667900205,-186.6565764298357,-49.7878439836106,-136.8687324462251,0.00815721763549291,57759.73046875,-0.11303269290276363,0.005970149253731331,0.0014835561078750219
2024-01-17,57845.9375,58535.605905365126,57759.728949329365,58190.77170268256,1916400,43.35833862848194,-215.91888179428497,-63.240119478447895,-152.67876231583708,0.008237600845171765,58104.5703125,-0.0752750434279097,-0.005925925925925921,0.0044709723136284385
2024-01-19,58621.81640625,59139.06772748162,58104.56508501838,58104.56508501838,2809300,50.70928749428929,-174.49110137562093,-17.449871247827076,-157.04123012779385,0.007954034849604733,57845.9375,0.46592569400960127,0.008902077151335334,5.512244945996259e-08
2024-01-22,58880.4453125,59225.27954566252,58621.81963762811,58621.81963762811,1959800,52.90342839880767,-119.41357033391978,30.102127835099253,-149.51569816901903,0.007922305380519457,58621.81640625,-0.3023884953547147,0.004411764705882339,-1.1073342269420957e-07
2024-01-23,58363.1875,58880.43879246676,58276.978951255536,58880.43879246676,2252000,48.27497248084116,-116.16355162223044,26.68171723743086,-142.8452688596613,0.008169940385755548,58880.4453125,0.14909684661700173,-0.00878477306002921,0.001477074796101135
2024-01-24,58018.3515625,58621.81138558692,57932.14301634473,58449.394293276375,2083500,45.42193120837249,-139.80171942221932,2.4348395499535798,-142.2365589721729,0.008233105637121011,58363.1875,-0.07482238010657194,-0.007374631268436584,0.0014859214937786934
2024-01-25,57673.51953125,58190.770827494394,57673.51953125,58104.56227812033,2800500,42.70402424623392,-184.23643777637335,-33.59990304336034,-150.636534733013,0.008327730689524105,58018.3515625,0.3441324694024479,-0.007418397626112735,0.0014948097185795502
2024-01-26,57759.73046875,58190.77323344217,57759.73046875,57759.73046875,1675800,43.612454588598766,-210.07317722448352,-47.54931399317641,-162.5238632313071,0.008338337522597007,57673.51953125,-0.4016068559185859,0.0,0.0014925373134328712
2024-01-29,57759.73046875,58018.3561275653,57673.521915811565,57845.939021688435,2153800,43.61245458859877,-227.9216405844054,-52.31822188247861,-175.60341870192678,0.007541258701556363,57759.73046875,0.2852369017782552,-0.0014903129657228371,0.004477570409304187
2024-01-30,57673.51953125,58018.35372874626,57673.51953125,58018.35372874626,1840400,42.824984452899585,-246.18530756913242,-56.46551109376449,-189.71979647536793,0.00699062893797998,57759.73046875,-0.14551026093416286,-0.005943536404160431,0.004484346464008091
2024-01-31,57759.73046875,58794.2331040112,57673.521915811565,57932.14757462686,4441100,43.91554738254281,-250.81169201507146,-48.873516431762795,-201.93817558330866,0.0065324417602694316,57673.51953125,1.4131167137578786,-0.0029761904761904214,0.0029850108153148236
2024-02-01,58190.76953125,58449.395173611105,57932.14388888889,57932.14388888889,2549300,49.139115835727324,-217.19321681443398,-12.204032984900238,-204.98918382953374,0.006307081367534294,57759.73046875,-0.42597554659881565,0.004464285714285731,1.6055028299046989e-07
2024-02-02,58104.5703125,58363.19599638353,57759.73606732196,58190.778873794516,2677300,48.172845845375264,-195.2551101978097,7.787258905379247,-203.04236910318895,0.006302433744150787,58190.76953125,0.05020986153061635,-0.0014814814814815723,-8.996678902909753e-08
2024-02-05,58621.81640625,58794.233513327206,57932.147977941175,58104.56508501838,3565900,54.01610898380101,-134.58020881500852,54.76972823054436,-189.34993704555288,0.0066720081232923495,58104.5703125,0.33190154259888693,0.008902077151335334,0.0014706928753907907
2024-02-06,58276.98828125,58794.23965652737,58276.98828125,58708.03109398114,2463800,49.971206450791406,-113.01687201861932,61.066452021546866,-174.0833240401662,0.006517753331761022,58621.81640625,-0.30906643484113405,-0.007342143906020554,0.0
2024-02-07,58276.98828125,58535.61396888868,57932.15403106509,58276.98828125,2736300,49.97120645079141,-94.8345782662509,63.39899661913222,-158.23357488538312,0.006513628567133349,58276.98828125,0.11060150986281347,0.0,0.0
2024-02-15,58276.98828125,58621.82253143491,57932.15403106509,58276.98828125,4115500,49.97120645079142,-79.50845548856887,62.98009551745142,-142.4885510060203,0.006201647240248458,58276.98828125,0.5040382998940174,0.0,0.0029584884524734207
2024-02-16,60345.98828125,60604.61394531251,58190.7744140625,58449.40007812501,11114600,67.95435261198753,98.45370287557307,192.7538031052747,-94.30010022970161,0.010018105676363959,58276.98828125,1.7006682055643298,0.03244837758112082,0.012857116686593954
2024-02-19,61983.94921875,62587.409085970095,60949.44658922983,61121.86369414986,7144500,75.47138476677976,367.424315378812,369.37953248681094,-1.955217107998891,0.011120207413505624,60345.98828125,-0.3571968401921797,0.014104372355430156,-0.002781669118953647
2024-02-20,61639.11328125,62414.99023164335,61466.69618116258,61811.53038133741,4435700,71.66029137776273,546.4608251419995,438.73283379999873,107.72799134200079,0.011213475514649315,61983.94921875,-0.3791447966967597,-0.00278940027894002,-1.4132247966669902e-08
2024-02-21,61466.6953125,61983.94660545231,61208.06966602384,61639.11241015077,3590200,69.76336965651824,666.7499811514208,447.21759184753597,219.53238930388483,0.011275387754313896,61639.11328125,-0.19061253015307622,-0.002797202797202721,1.7937976934530782e-07
2024-02-22,61725.33203125,62673.62623843401,61294.28920980272,61466.70633838163,4698100,71.00333961332902,774.0273204761688,443.5959449378272,330.4313755383416,0.011144719098000402,61466.6953125,0.3085900506935546,0.004207573632538676,0.002793062802577657
2024-02-23,61208.06640625,62673.611658230635,61208.06640625,61897.73476012324,6142500,65.24090672696536,807.9923390869881,382.0487708389171,425.94356824807096,0.011170188277186764,61725.33203125,0.3074434345799366,-0.011142061281337049,0.0
2024-02-26,61208.06640625,61811.526215889084,60949.44077354753,61208.06640625,3138400,65.24090672696538,825.3952187497416,319.5613204013365,505.8338983484051,0.01116817353043337,61208.06640625,-0.4890679690679691,0.0,0.002816972518423163
2024-02-27,62070.15625,62414.99045138889,61294.279296875,61380.487847222226,5282500,69.95415018638329,898.3944399954926,314.04843331766995,584.3460066778226,0.01117672860085727,61208.06640625,0.6831825133826153,0.011235955056179709,0.005555569579366502
2024-02-28,62242.57421875,62587.40842494806,61639.11435790339,62414.991321849026,3509000,70.80675634565013,959.1035887350954,299.8060656458182,659.2975230892772,0.01097344259703646,62070.15625,-0.3357311878845244,-0.0027624309392264407,0.005540152181389983
2024-02-29,62070.15625,63190.86740451389,61725.32204861111,62587.407552083336,6568800,68.70709035319182,981.98364122356,258.14889450742623,723.8347467161337,0.010850801249800202,62242.57421875,0.8719863208891423,-0.008264462809917394,0.0013888853632817515
2024-03-01,61639.11328125,62156.364581512236,61380.48763111888,62156.364581512236,4487700,63.62734393331523,954.333717418529,184.3991765619162,769.9345408566128,0.011103654289329157,62070.15625,-0.3168158567774936,-0.008321775312066551,0.004195807731293665
2024-03-04,62070.15625,62673.616102430555,61725.32204861111,61897.739149305555,5014600,66.30977786210886,956.180267871343,148.9965816117841,807.1836862595588,0.011103935541840262,61639.11328125,0.11740980903358067,0.002785515320334275,6.896747444577991e-08
2024-03-05,62932.24609375,62932.24609374999,61811.53486194349,62070.160530821915,5530900,70.92773165578396,1015.5010539911164,166.65389418524592,848.8471598058704,0.011259652512425411,62070.15625,0.1029593586726758,0.013888888888888935,0.004109505708539249
2024-03-06,61897.73828125,63363.283616599925,61897.73828125,63190.86651832346,4833900,60.25439165665211,967.8799520451794,95.22623379144716,872.6537182537322,0.012182128737462281,62932.24609375,-0.12601927353595255,-0.02046384720327413,-0.0013927436556721198
2024-03-07,62070.15625,62156.364800347226,61466.696397569445,61811.530598958336,5217600,61.29967098888541,933.2941408818806,48.5123381025187,884.7818027793619,0.012147612089905566,61897.73828125,0.0793769006392353,0.0041841004184100025,0.0013889393050707077
2024-03-08,60345.98828125,62846.0363671875,60345.98828125001,62156.367929687505,7361000,47.770171106482195,758.0206999746661,-101.4088822437567,859.4295822184228,0.013977779662447808,62070.15625,0.410801901257283,-0.02912621359223309,0.02026036089520207
2024-03-11,61393.95703125,62267.27078702881,61131.96290451636,61568.61978240576,4268400,54.36329614784682,695.6584377257168,-131.01691559416474,826.6753533198815,0.01432206610720586,60345.98828125,-0.4201331340850428,-0.0028368794326240955,0.0014226348529914298
2024-03-12,61131.97265625,61655.96099330357,61131.97265625,61481.298214285714,3844000,52.576495563083164,617.9723455053027,-166.9624062516632,784.9347517569659,0.014277337121555338,61393.95703125,-0.09942835722987531,-0.0056818181818181854,0.0014285280455712274
2024-03-13,61830.62109375,61917.952479475636,61131.97000794491,61219.30139367055,5706500,56.6668294163676,605.7973925348269,-143.30988737771122,749.1072799125382,0.014400583205505165,61131.97265625,0.48452133194588964,0.009985734664764693,0.0028248908390016672
2024-03-14,61568.62890625,62267.28001440603,61393.966129210996,62005.28584884752,5476400,54.759443926628556,568.4552760475999,-144.52160309195062,712.9768791395505,0.014478958217236788,61830.62109375,-0.040322439323578374,-0.007042253521126759,0.0071839377674871325
2024-03-15,60860.9453125,62010.93410474201,60772.48463617369,62010.93410474201,4851100,49.87589306286535,476.2671171781549,-189.36780956911662,665.6349267472715,0.012591318127434374,61568.62890625,-0.11418084873274414,-0.018544935805991498,-1.0416772069544314e-07
2024-03-18,60064.79296875,61126.32097408873,59799.410967415315,60860.93897275405,6796300,45.01237686843344,335.1016534094597,-264.42661867024947,599.5282720797092,0.011253118935692278,60860.9453125,0.40098122075405573,-0.013081395348837167,0.008836519752352228
2024-03-19,59976.33203125,60595.55669823931,59976.33203125,60595.55669823931,3222100,44.49322595856938,213.62639585951547,-308.72150097615497,522.3478968356704,0.01121269115782729,60064.79296875,-0.525903800597384,-0.010218978102189778,-5.593505462299955e-08
2024-03-20,60153.25,60684.01397058824,59710.94669117647,59976.32867647059,3657800,45.838641113658845,130.13209875218308,-313.7726384667899,443.90473721897297,0.011246066437111627,59976.33203125,0.13522237050370878,0.0029498525073745727,0.0029413242493473036
2024-03-21,60507.1015625,60595.56223729898,60064.79818850512,60330.18021290205,5061700,48.526037836987854,91.46082710111659,-281.95512809428516,373.41595519540175,0.011293169885497082,60153.25,0.3838099404013342,0.002932551319648029,0.0029238849305864636
2024-03-22,59976.33203125,60772.47803166482,59976.33203125,60684.01736495206,6162600,44.92521353290381,17.77994423090422,-284.50880877159807,302.2887530025023,0.011307098769965667,60507.1015625,0.2174960981488432,-0.011661807580174821,0.0014749691884310277
2024-03-25,59534.03125,60330.1772845468,59357.109908989594,60064.7952730312,5588600,42.1203273561751,-75.43311685523076,-302.1774958861864,226.74437903095568,0.011394226947809432,59976.33203125,-0.09314250478694053,-0.008836524300441812,0.0014858366375395345
2024-03-26,59887.87109375,60064.792426375556,59534.028428498896,59622.48909481167,2524500,45.07473852640304,-119.37711601838964,-276.8971960394763,157.5200800210866,0.010951623665772767,59534.03125,-0.5482768493003615,0.004451038575667581,0.004431314623338304
2024-03-27,59887.87109375,60153.253092688334,59710.949761124444,60153.253092688334,2815600,45.07473852640304,-152.44575221723062,-247.9726657906538,95.52691357342317,0.010908967767225542,59887.87109375,0.11530996236878588,-0.0044117647058824,0.0
2024-03-28,59887.87109375,60507.09575793944,59799.41042743722,59887.87109375,4492200,45.07473852640304,-176.61695434205467,-217.71509433238228,41.0981399903276,0.010914517022289396,59887.87109375,0.5954681062650944,0.0,0.010339795537252536
2024-03-29,59799.4140625,60507.09943602071,59710.95339080991,60507.09943602071,3694900,44.36762246411483,-200.59817839322204,-193.3570547068397,-7.2411236863823305,0.010845319390086094,59887.87109375,-0.17748541917100757,-0.01169590643274856,-2.690898929523596e-08
2024-04-01,59268.6484375,59887.87312266791,59268.6484375,59799.41245335821,5013000,40.284003405302855,-259.44114534620167,-201.76001732785545,-57.6811280183462,0.010774772682779186,59799.4140625,0.35673495899753704,-0.008875739644970383,1.3514470401198378e-08
2024-04-02,59534.03125,59622.4919205052,59003.26722696879,59268.649238484395,4322900,43.10379525451019,-281.41645184387744,-178.98825906042498,-102.42819278345246,0.010224230025292576,59268.6484375,-0.13766207859565127,0.0044776119402985615,3.905345100791603e-08
2024-04-03,59003.26953125,59534.03357500937,59003.26953125,59534.03357500937,5046100,39.12466229518914,-337.7665133951232,-188.27065648933657,-149.4958569057866,0.009823561924651178,59534.03125,0.1672951028244929,-0.008915304606240753,-6.397127347077438e-08
2024-04-04,60330.17578125,60507.09711785191,59003.26575673571,59003.26575673571,8598100,51.242825591050526,-272.21615975697205,-98.17624228094834,-174.0399174760237,0.011249672864852404,59003.26953125,0.7039099502586155,0.022488755622188814,-1.3445432647838602e-08
2024-04-05,60064.79296875,60330.174970084685,59887.87163452688,60330.174970084685,4233800,49.1360750437926,-238.9270055133311,-51.9096704298459,-187.0173350834852,0.009427221830956685,60330.17578125,-0.507588885916656,-0.004398826979472166,0.0014727789354578517
2024-04-08,59268.6484375,60153.25513059701,59180.1877681903,60153.25513059701,3716000,43.374768033991224,-273.6330494903814,-69.29257152551693,-204.34047796486445,0.008897306788472116,60064.79296875,-0.12230147857716467,-0.014705882352941126,0.0014925373134328306
2024-04-09,59268.6484375,59534.0304454291,59091.7270988806,59357.1091068097,2516000,43.374768033991224,-297.70606913632946,-74.692472937172,-223.01359619915746,0.008884226908718207,59268.6484375,-0.32292787944025836,-0.0014903129657227966,0.001492528222800485
2024-04-10,59091.7265625,59534.02990503368,59091.7265625,59357.10856802021,4464100,42.10247495067218,-327.287461233449,-83.41909202743324,-243.86836920601576,0.00834791801039807,59268.6484375,0.7742845786963435,-0.004470938897168389,-0.0014970151059554313
2024-04-11,58914.8046875,59180.18669059685,58826.34401980105,59003.26535519895,2947700,40.81322939047752,-360.8474198709955,-93.58324053198379,-267.2641793390117,0.008336804776056953,59091.7265625,-0.33968773100961,-0.0014992503748126062,0.0030030739921545575
2024-04-12,59003.26953125,59357.11222708958,58914.8088572901,59091.7302052099,2509200,41.77334542234148,-375.97158887622936,-86.96592762977411,-289.00566124645525,0.008073930255456795,58914.8046875,-0.14876005020863725,-0.0014970059880239793,-8.262743647767368e-08
2024-04-15,57410.97265625,59003.264655961095,57410.97265625,59003.264655961095,5776100,31.780348671051915,-510.5572658589517,-177.2412836899972,-333.3159821689545,0.009580265703739849,59003.26953125,1.3019687549816674,-0.026986506746626702,2.5940299378617813e-08
2024-04-16,56614.828125,57499.434814453125,55730.221435546875,57410.97414550782,7128700,28.153855062199117,-673.6936732145405,-272.30215283646874,-401.39152037807173,0.009924561883509707,57410.97265625,0.23417184605529684,-0.01386748844375973,0.006250078728519818
2024-04-17,56791.75390625,57410.978637315035,56791.75390625,56968.67525798287,5144500,30.063771454805572,-779.7159394679038,-302.6595352718656,-477.0564041960382,0.009930013072117615,56614.828125,-0.2783396692244028,-0.0031055900621118366,0.0
2024-04-19,56791.75390625,56968.67525798287,55995.607823452105,56791.75390625,4677100,30.063771454805572,-853.8961658548069,-301.47180932701485,-552.424356527792,0.009743927104264732,56791.75390625,-0.09085431042861303,0.0,0.0077880831449108475
2024-04-22,56614.828125,57764.81682128907,56614.828125,57234.05280761719,2035200,29.164612520932074,-916.3973039402117,-291.1783579299357,-625.218946010276,0.009652851157476664,56791.75390625,-0.5648585662055547,-0.010819165378670838,0.0031249760208463128
2024-04-23,56172.5234375,56880.20877214566,55907.14143700787,56791.74810531496,2139400,26.99125495514423,-990.2057227656478,-291.98942140429745,-698.2163013613504,0.009664179920865696,56614.828125,0.05119889937106925,-0.010903426791277255,0.007874039840708376
2024-04-24,56614.828125,56880.21013183594,56172.52478027344,56614.828125,2478300,32.41512379118583,-1001.4648710161637,-242.59885572385065,-758.866015292313,0.009765817306678514,56172.5234375,0.1584088996915023,0.0,3.2845530232443864e-08
2024-04-25,57234.0546875,57322.51535935085,56526.369312693205,56614.82998454405,2006000,39.22264228028967,-949.4764451894589,-152.48834391771675,-796.9881012717422,0.0102240507596852,56614.828125,-0.19057418391639436,0.010937500000000011,-5.4075356663107347e-08
2024-04-26,57499.43359375,58207.11893028847,57057.13025841346,57234.05159254808,2940600,41.92254662195299,-876.7547008643742,-63.8132796741055,-812.9414211902687,0.01032892709854753,57234.0546875,0.465902293120638,0.004636785162287435,0.006153797031288691
2024-05-02,57853.2734375,57941.734100248475,57410.97012375765,57853.2734375,2563400,45.40499351342668,-781.560928448831,25.104394193150256,-806.6653226419812,0.010488273607445581,57499.43359375,-0.128273141535741,0.0,0.0030581809937018744
2024-05-03,58030.19921875,58384.041896913106,57941.73854920922,58030.19921875,2204400,47.112639724683696,-683.9584982406668,98.16545952105162,-782.1239577617184,0.010391614376897484,57853.2734375,-0.14004837325427166,0.0,0.0030487224088804514
2024-05-06,58207.1171875,58737.88117401216,57941.73519424393,58207.1171875,2261300,48.8359957585921,-585.5818446075937,157.23369052329986,-742.8155351308935,0.010356798098494744,58030.19921875,0.025812012338958468,0.0,0.0030394835847303327
2024-05-07,60153.25,60595.55330882353,58295.57610294118,58384.03676470588,8723900,63.085631798447636,-346.5857594864283,316.9838205155721,-663.5695800020004,0.012727496084617386,58207.1171875,2.8579135895281476,0.030303030303030325,6.044331040523407e-08
2024-05-08,60064.79296875,60153.25363586156,59357.107631857514,60153.25363586156,2984400,62.23716738469387,-162.44482053695538,400.899807572036,-563.3446281089914,0.011687722854972755,60153.25,-0.6579052946503284,-0.001470588235294126,6.640101780180267e-09
2024-05-09,58914.8046875,60064.79336758634,58914.8046875,60064.79336758634,2998000,52.374988912934434,-108.06058800633036,364.2272320821288,-472.28782008845917,0.012412216028567945,60064.79296875,0.004557029888754949,-0.01914580265095733,0.0015015634109936593
2024-05-10,58826.34765625,59710.95438792293,58472.50496358083,59003.26900258459,2438800,51.69639967784726,-71.27680047655303,320.8088156895249,-392.08561616607795,0.012069646996529813,58914.8046875,-0.18652434956637753,-0.0029985007496252086,0.0015036603515899028
2024-05-13,58207.1171875,59091.72383168693,57853.274529825234,58914.80250284955,2882500,47.096230428846695,-91.04262484239007,240.8343930589503,-331.87701790134037,0.012283249694476394,58826.34765625,0.18193373790388723,-0.012012012012012057,0.0015198558874041318
2024-05-14,58826.34765625,59268.651022086466,58295.583617246244,58295.583617246244,2704800,51.72261696955438,-56.09384443279123,220.62653877483928,-276.7203832076305,0.012532764674616679,58207.1171875,-0.06164787510841285,0.009104704097116783,0.0060149937236959345
2024-05-15,59268.6484375,59534.0304454291,59003.2664295709,59180.1877681903,3895400,54.76543373633949,7.210177975655824,227.14444894662907,-219.93427097097324,0.01262733260006982,58826.34765625,0.44018041999408464,0.0014947683109118035,0.001492480540504706
2024-05-16,59445.56640625,59887.869727725076,59268.64507765997,59357.10574195498,3153300,55.961093269197235,70.8382935751506,232.61805163689908,-161.77975806174848,0.01263864966688507,59268.6484375,-0.19050675155311392,0.001490312965722831,0.001488152010774728
2024-05-17,59268.6484375,59976.33379197761,59091.7270988806,59534.0304454291,4349200,54.41221187026065,105.76899297846103,214.03900083216763,-108.27000785370659,0.010918736625773013,59445.56640625,0.3792534804807661,-0.004457652303120342,0.0014925764795817571
2024-05-20,58737.88671875,59799.41479198042,58737.88671875,59357.11142813441,4941500,49.94594623235962,89.59103924340161,158.28883767768656,-68.69779843428495,0.010601964807489293,59268.6484375,0.13618596523498572,-0.010432190760059612,5.766278582629537e-08
2024-05-21,58560.96875,58914.81146148036,58207.12603851964,58737.89010574018,3821200,48.51641417046366,61.781909445358906,104.38376630371508,-42.60185685835618,0.010653189266014036,58737.88671875,-0.22671253667914604,-0.0030120481927710927,0.003020995516098938
2024-05-22,58207.1171875,59003.26316726824,58207.1171875,58737.88117401216,3728300,45.69910073939683,11.06258727372915,42.93155530566827,-31.86896803193912,0.010785470536070626,58560.96875,-0.024311734533654317,-0.009036144578313287,0.00303956913607423
2024-05-23,59268.6484375,59268.6484375,58207.12040578358,58384.04174440298,2991400,54.27694339634268,55.87971278285113,70.19894465183219,-14.31923186898107,0.011367907056745633,58207.1171875,-0.1976504036692326,0.015151515151515225,-0.004477591063620047
2024-05-24,58384.04296875,59180.189009232956,58118.660955255684,59003.26766690341,4194100,47.537705473655755,19.78922144063108,27.28676264768972,-7.4975412070586405,0.01180554161400151,59268.6484375,0.40205255064518286,-0.0104947526236882,0.0015151560769326754
2024-05-27,58472.50390625,58914.8072640885,58207.1218915469,58472.50390625,2426600,48.22995167005714,-1.6556097698412486,4.673545149773914,-6.329154919615163,0.011724319815868203,58384.04296875,-0.42142533559047235,0.0,0.0030256839009318707
2024-05-28,59091.7265625,59534.02990503368,58472.50188295284,58649.42321996632,5787500,52.913644036757844,30.958430774895533,29.830068555608555,1.1283622192869762,0.011710125888040766,58472.50390625,1.3850243138547764,0.007541478129713438,0.0029939889750857144
2024-05-29,58649.421875,59534.0285397813,58384.03987556561,59268.646540346905,3644200,49.47079434352069,20.874374298255134,15.796809663174527,5.077564635080607,0.01186084290172864,59091.7265625,-0.3703326133909287,-0.010447761194029796,-0.003016619146986593
2024-05-30,58118.65625,58560.95957001522,57941.73492199391,58472.49890601218,4502600,45.633703859630714,-29.6044021355483,-27.745573416503124,-1.8588287190451735,0.012003341731671394,58649.421875,0.2355523846111629,-0.00605143721633895,0.0030441258049966596
2024-05-31,57853.2734375,58295.576751242355,57764.81277475153,58295.576751242355,4165400,43.80423935439383,-89.98606783569994,-70.5017912933238,-19.48427654237613,0.01203206485694648,58118.65625,-0.07489006351885574,-0.007587253414264047,0.006116308257460472
2024-06-03,58472.50390625,58914.8072640885,58118.6612199792,58207.1218915469,3302200,48.94729511944084,-86.87085607274639,-53.90926362429621,-32.96159244845018,0.012256627354703294,57853.2734375,-0.20723099822345992,0.004559270516717304,-4.554879817720786e-09
2024-06-04,58384.04296875,58914.80699573864,58384.04296875,58472.50363991477,3755800,48.26768775312806,-90.49689479324297,-46.028241875834226,-44.46865291740875,0.009454801767990385,58472.50390625,0.1373629701411181,-0.0015128593040847089,0.0030302839263182963
2024-06-05,60595.55859375,61214.78328010949,58560.96319571168,58560.96319571168,11865800,62.34394883962263,84.11069617837347,102.86347927662578,-18.752783098252305,0.012912115848753415,58384.04296875,2.159326907716066,0.03474320241691841,0.007299211032537457
2024-06-06,59445.56640625,61037.85836356027,59445.56640625,61037.85836356027,4907800,54.10037948691581,128.2157203449824,117.57480275458776,10.640917590394636,0.012898726586390961,60595.55859375,-0.5863911409260227,-0.026086956521739164,0.005952408446347635
2024-06-07,59976.33203125,60684.01736495206,59710.95003111172,59799.41069782448,4127600,56.930979874007555,203.65006867671764,154.4073208690584,49.24274780765924,0.013022659186325223,59445.56640625,-0.15897143322873797,0.0029585798816568385,0.008849529948974368
2024-06-10,59445.56640625,60595.555042085194,59445.56640625,60507.09437779018,4584100,53.38548131812936,218.08997755568998,135.0777837984246,83.0121937572654,0.012949409635120434,59976.33203125,0.11059695706948358,-0.01754385964912279,0.0029762910710030566
2024-06-11,58826.34765625,59710.95438792293,58737.88698308271,59622.49371475564,6177000,49.51147344757346,177.52157308701135,75.60750346379676,101.91406962321459,0.012991686490452363,59445.56640625,0.34748369363670073,-0.013353115727003002,-4.3607985335628554e-08
2024-06-12,59268.6484375,59534.0304454291,58649.423752332084,58826.345090951494,3522696,52.18077803769612,178.997425946749,61.66668505882751,117.33074088792148,0.012991686490452363,58826.34765625,-0.42970762506070903,0.007518796992481177,-4.531758177874363e-09
2024-06-13,59180.1875,59622.490844544096,59091.726831091175,59268.64816890882,4003600,51.59326572884994,171.05715125340794,42.981128292389144,128.0760229610188,0.012977551835650735,59268.6484375,0.13651589577982315,-0.0014925373134328126,0.0014948697646610149
2024-06-14,58560.96875,59534.03620657099,58560.96875,59268.65417296072,4124200,47.55684267955189,113.49040155061812,-11.668497128320553,125.15889867893867,0.013170094328800416,59180.1875,0.030122889399540442,-0.011940298507462598,0.0015104981036421715
2024-06-17,58384.04296875,58914.80699573864,58384.04296875,58649.42498224432,3617600,46.438905646844795,52.98117178004759,-57.742181519112876,110.72335329916046,0.013036196468533531,58560.96875,-0.12283594394064301,-0.004524886877828144,0.0075757529724427035
2024-06-18,58295.58203125,58826.34605581373,58295.58203125,58826.34605581373,2751700,45.85845031796366,-2.0868314223116613,-90.2481477771777,88.16131635486605,0.01302362753853946,58384.04296875,-0.23935758513931893,-0.0090225563909774,0.0015174906606935886
2024-06-19,57764.8203125,58384.04503254212,57587.898963916545,58384.04503254212,6211000,42.43149897967334,-87.54746298914688,-140.56702347521033,53.019560486063455,0.013114265536329495,58295.58203125,1.2571501253770396,-0.0106060606060607,0.0015313581654511894
2024-06-20,58384.04296875,59091.728338068184,57676.35759943182,57853.27894176137,4397100,47.37269021921541,-104.10942724534107,-125.70319018512362,21.593762939782554,0.012654668186790743,57764.8203125,-0.29204636934471095,0.009174311926605436,0.007575757575757644
2024-06-21,58384.04296875,59357.1103515625,58384.04296875,58826.34632457387,4023700,47.3726902192154,-115.89889294753812,-109.99412470985654,-5.90476823768158,0.012202147210039246,58384.04296875,-0.08491960610402316,-0.00751879699248127,0.0015150609783049994
2024-06-24,57941.734375,58914.80166984733,57764.813048664124,58472.498354007635,3871900,44.227904823549565,-159.09874514500552,-122.55518152585915,-36.54356361914637,0.01231429017075713,58384.04296875,-0.03772647066133161,-0.009077155824508354,0.004580152671755742
2024-06-25,57941.734375,58560.95901717558,57941.734375,58207.11636450382,3680600,44.227904823549565,-191.13169207869942,-123.67050276764243,-67.46118931105698,0.012042233940224252,57941.734375,-0.049407267749683625,-0.0045592705167173415,0.004580206374451221
2024-06-26,57676.35546875,58207.119476131134,57587.894800853144,58207.119476131134,2599300,42.27510361392998,-235.22041861275648,-134.20738344135958,-101.0130351713969,0.011976144410039868,57941.734375,-0.293783622235505,-0.009118541033434641,7.229059871845131e-08
2024-06-27,57764.8203125,58030.202335375194,57587.898963916545,57676.35963820827,2755400,43.17581138679071,-260.0252690327252,-127.20978708906262,-132.81548194366258,0.011823838132089263,57676.35546875,0.060054630092717165,0.0015337423312883573,0.003062661002716159
2024-06-28,57941.734375,58384.037690839694,57764.813048664124,57941.734375,2821700,45.02327518148724,-262.3832150138187,-103.65418645612488,-158.72902855769382,0.011799946263809176,57764.8203125,0.024061842200769457,0.0,0.004580243485686234
2024-07-01,58384.04296875,58384.04296875,57764.818270596596,58207.121626420456,1909300,49.44839793054897,-225.95661005582224,-53.78206519850272,-172.17454485731952,0.011674633208350774,57941.734375,-0.323351171279725,0.003039513677811527,7.579998905893292e-08
2024-07-02,58560.96875,58649.42942787009,58207.12603851964,58384.04739425982,2042800,51.1424568485207,-180.72850555817422,-6.8431685606837505,-173.88533699749047,0.011688079501478212,58384.04296875,0.06992091342376794,0.0030303030303030385,0.0
2024-07-03,58560.96875,58649.42942787009,58384.04739425982,58560.96875,1437600,51.14245684852069,-143.23379684283282,24.521232123726122,-167.75502896655894,0.007627493999217326,58560.96875,-0.2962600352457412,0.0,0.001510516268240512
2024-07-04,58737.88671875,59180.19008259601,58649.4260459808,58649.4260459808,2688900,52.97020706000928,-98.11219225854438,55.714269366411656,-153.82646162495604,0.006505071466173834,58560.96875,0.8704090150250416,0.0015082956259426668,-9.579609401504896e-08
2024-07-05,59445.56640625,59710.94839913504,58737.88109188988,58737.88109188988,4285100,59.497285325225484,-5.189339609780291,118.9096976121406,-124.0990372219209,0.006776750703420799,58737.88671875,0.5936256461750158,0.012048192771084326,0.0014881789598093912
2024-07-08,59799.4140625,59887.87473419009,59268.65003235947,59534.03204742973,4942400,62.31368149085806,95.8997664068811,175.9990429030416,-80.09927649616051,0.006614311371002179,59445.56640625,0.1533919861846864,0.004457652303120365,-4.451610515282988e-09
2024-07-09,59710.953125,59976.33513888889,59445.571111111116,59799.4137962963,5045200,61.16854395023848,166.95104515033017,197.64025731719255,-30.68921216686237,0.006135515955231901,59799.4140625,0.020799611524765282,-0.0014792899408284568,-3.153446299467793e-08
2024-07-10,59091.7265625,59976.33324756737,59091.7265625,59710.95124204716,3991700,53.725697972726216,171.31843467696308,161.60611747506036,9.712317201902724,0.0063974048204945705,59710.953125,-0.20881233647823672,-0.010370370370370413,0.0014969830213916525
2024-07-11,58649.421875,59268.646540346905,58649.421875,59180.18587386878,3787100,49.12745608955968,137.5042669593604,102.23355980596614,35.27070715339426,0.006601648078811642,59091.7265625,-0.05125635694065189,-0.008968609865470892,0.0015082956259427122
2024-07-12,58649.421875,58914.80387443439,58472.50054204374,58737.88254147813,2189900,49.12745608955968,109.44468522095121,59.339182454045556,50.10550276690566,0.006164799945403246,58649.421875,-0.4217475112883209,-0.0015060240963855694,1.2877995808677765e-07
2024-07-15,58560.96875,59180.193495090636,58560.96875,58649.42942787009,2155300,48.17123453553372,79.15735981085163,23.241485635156778,55.91587417569485,0.0061337708469410765,58649.421875,-0.015799808210420596,-0.001508295625942689,0.0030210765759079105
2024-07-16,58472.50390625,59003.2679356562,58472.50390625,58737.8859209531,2243700,47.18210363354364,47.46887105865608,-6.757602493631019,54.226473552287096,0.0061337057354804315,58560.96875,0.041015171901823466,-0.0045180722891566055,0.0015127736603693749
2024-07-17,58118.65625,58826.341562024354,58030.19558599696,58560.95957001522,3464800,43.34798781131311,-6.1264117507162155,-48.28230824240265,42.155896491686434,0.005925192303961501,58472.50390625,0.5442349690243793,-0.0075528700906344354,0.004566286785245861
2024-07-18,58295.58203125,58384.04270201062,57941.739348207506,58384.04270201062,2363000,45.72298639019616,-33.93346374664543,-60.871488190665495,26.938024444020066,0.005445437853056288,58118.65625,-0.31799815285153543,-0.0015151515151515078,3.9917268281970676e-08
2024-07-19,57764.8203125,58295.58435825039,57587.898963916545,58295.58435825039,3412700,40.2690225367027,-97.67287562384445,-99.68872005429161,2.01584443044716,0.005808474560468855,58295.58203125,0.4442234447735929,-0.009104704097116924,-1.3049029543221056e-07
2024-07-22,57853.2734375,58384.03741399083,57676.352112003064,57764.81277475153,2654800,41.52094176334998,-139.44199033534096,-113.1662678126305,-26.275722522710467,0.00557838684820966,57764.8203125,-0.22208222228733843,0.0015313935681469655,0.0030581948255575327
2024-07-23,58295.58203125,58649.42471429249,57941.739348207506,58030.20001896813,3777800,47.451970183820045,-135.29412127356045,-87.21471900067998,-48.07940227288047,0.0058387114162917,57853.2734375,0.4230073828536989,0.004573170731707421,-0.001517464451611832
2024-07-24,58030.19921875,58472.502566453884,58030.19921875,58207.12055783156,3913500,44.53354224603832,-151.67269185168698,-82.8746316630452,-68.79806018864178,0.005837489400948702,58295.58203125,0.03592037693895911,-0.0030395136778115805,0.0
2024-07-25,58030.19921875,58118.65988829078,57764.817210127665,58030.19921875,1957600,44.533542246038316,-162.77644154278823,-75.18270508331716,-87.59373645947107,0.005830803256264962,58030.19921875,-0.4997828031174141,0.0,-0.0030488382136658315
2024-07-26,58207.1171875,58560.95984517477,57853.274529825234,57853.274529825234,3275400,47.051325477872126,-155.50784403247962,-54.331286058406846,-101.17655797407278,0.005830449615399412,58030.19921875,0.673171230077646,0.006116207951070233,0.006079025949009484
2024-07-29,59445.56640625,59799.40906343006,58295.577770414806,58560.95976329985,5781800,60.550804277962484,-49.2472348687661,41.54345848424535,-90.79069335301145,0.007342475509754971,58207.1171875,0.7652195151737193,0.01510574018126893,0.00148811808174806
2024-07-30,59887.87109375,60507.09575793944,59180.185763247784,59534.028428498896,6465600,64.07371945961381,69.8501660129914,128.51268749280229,-58.662521479810884,0.007474017208229147,59445.56640625,0.11826766750838846,0.005943536404160416,0.011816820745049247
2024-07-31,63337.8359375,63691.678596368714,60595.55533126746,60595.55533126746,21564900,79.47232933288808,437.5749529173627,396.98997951773885,40.58497339962383,0.014657165276878376,59887.87109375,2.3353285077951003,0.04525547445255471,0.0027932389064734917
2024-08-01,62187.84375,63603.214304765286,62010.92243065433,63514.75364509246,8955800,68.87501387458167,628.9545407721525,470.69565389802295,158.2588868741296,0.015475814640841109,63337.8359375,-0.5847047748888239,-0.02089136490250695,-0.004267372834179669
2024-08-02,63249.375,63603.21765734266,61922.46503496504,61922.46503496504,10290200,72.51795049027982,856.4087957492957,558.5199271001329,297.8888686491628,0.015670385342381965,62187.84375,0.148998414435338,0.021428571428571346,-0.0069929102296889456
2024-08-05,61391.70703125,62983.99914445245,60595.560974648775,62807.07779854107,12245500,59.41278890924392,876.6640145832571,463.02011674727544,413.64389783598165,0.017256486274620564,63249.375,0.19001574313424419,-0.022535211267605656,0.012968314162864564
2024-08-06,64310.91015625,64841.67420155606,61922.47195237277,62187.85397502579,13950400,68.91841826422699,1115.4139194864038,561.4160173203377,553.9979021660661,0.020070992733592988,61391.70703125,0.1392266546894778,0.03413940256045518,0.006877563512658798
2024-08-07,65283.9765625,65283.9765625,64045.527142615174,64753.2125254065,10740700,71.3288745224285,1367.380949530343,650.7064378914215,716.6745116389216,0.01992585325378174,64310.91015625,-0.23007942424589978,0.008196721311475424,0.0013550290441854784
2024-08-08,64310.91015625,65814.74161795048,63868.606785161624,65372.43824686211,7608800,65.8308077448822,1471.5847959376406,603.9282274389752,867.6565684986654,0.02024067414599701,65283.9765625,-0.2915917956930182,-0.016238159675236914,0.001375479888510346
2024-08-09,64841.671875,64930.13254604365,64133.98650665075,64399.36851978172,4527500,67.31090199603808,1578.795755206178,568.91134936601,1009.884405840168,0.020221585833684788,64310.91015625,-0.40496530333298286,0.006868131868131889,4.8111791112613226e-08
2024-08-12,64576.29296875,65814.7424229452,64399.37161815068,64841.67499464897,5804000,65.77671488328296,1623.6311438187695,490.9973903828811,1132.6337534358884,0.020275046299416722,64841.671875,0.2819436775262285,-0.004092769440654844,-0.0027397536558002606
2024-08-13,65283.9765625,65814.7405995935,64310.90916116192,64399.36983401084,6834400,67.8792170577914,1696.7090581156008,451.26024374376993,1245.4488143718308,0.02025301340980605,64576.29296875,0.17753273604410746,0.01373626373626376,0.0027099753732162217
2024-08-14,65460.89453125,65549.35519953548,64841.66985325169,65460.89453125,5456225,68.40184660787601,1748.7412328283244,402.6339347651947,1346.1072980631297,0.020079089931906782,65283.9765625,-0.20165266885169142,0.0,5.1587254596432485e-08
2024-08-15,65283.9765625,65991.66194529133,65195.515889651084,65460.89790819783,4255830,67.22392500065048,1755.4653923431033,327.48647542397885,1427.9789169191245,0.0201668670792758,65460.89453125,-0.22000467356093267,-0.0027027027027027076,0.0027100271002710075
2024-08-16,65283.9765625,65549.35858104675,64753.2125254065,65460.89790819783,7392917,67.2239250006505,1740.7283048707177,250.19951036127463,1490.528794509443,0.01991227644140777,65283.9765625,0.7371269529093032,-0.0027027027027027076,0.002709997417595502
2024-08-19,67230.109375,67230.109375,65283.974629934215,65460.89597039474,7917931,73.12762756789964,1864.5918560832797,299.2504492590692,1565.3414068242105,0.020548059218311113,65283.9765625,0.07101581148550706,0.027027027027026973,-1.3280614152289632e-07
2024-08-20,66876.2578125,67407.02176339286,66610.87583705358,67230.10044642858,4177349,70.63631130829937,1912.1595638015715,277.4545255818887,1634.7050382196828,0.020752774678339882,67230.109375,-0.47241912060107627,-0.005263157894736965,-0.005290784460650877
2024-08-21,66610.890625,67318.5760499668,66433.9692687583,66522.42994687914,3991045,68.74484630172827,1906.4678262440939,217.41023041952872,1689.0575958245652,0.020735924931536892,66876.2578125,-0.044598619842392884,0.001329787234042656,0.009296104865898725
2024-08-22,65637.8203125,67230.11244946091,65107.05626684636,67230.11244946091,6025954,62.170722229391444,1802.6585160353134,90.88073616859833,1711.777779866715,0.0212508109105411,66610.890625,0.5098687185937518,-0.0236842105263157,0.009433871311568776
2024-08-23,66257.0390625,66876.26372663552,65814.73573097463,66257.0390625,3307633,64.49743131673681,1750.179685916919,30.721524840163056,1719.458161076756,0.021245943243720103,65637.8203125,-0.451102182326649,0.0,5.7670855678064384e-08
2024-08-26,64930.1328125,66345.50355500681,64841.672141093324,66257.04288360014,6324827,56.480738745171905,1583.2686545031756,-108.95160525886422,1692.2202597620399,0.02175663126057723,66257.0390625,0.9121912860344543,-0.020026702269692942,0.002724875964480569
2024-08-28,65372.44140625,65460.9020847429,64753.21665679973,65107.05937077131,3352840,58.339596279568525,1469.7388321903709,-177.98514205733545,1647.7239742477063,0.0217528326786814,64930.1328125,-0.4698922199769259,0.0040760869565217425,-0.0027063758370881926
2024-08-29,65018.59765625,65460.901041666664,64930.136979166666,65195.51901041666,2042980,56.26895772045075,1335.8149533733304,-249.52721669950097,1585.3421700728313,0.017894406978909327,65372.44140625,-0.390671788692571,-0.002713704206241438,0.0013605601737060671
2024-08-30,65372.44140625,66168.58751268606,64930.13801378552,65107.05937077131,3675800,57.87895341514751,1243.8927269112755,-273.1595545292446,1517.0522814405201,0.017300958082420912,65018.59765625,0.7992344516343772,0.0040760869565217425,-0.008119241051474472
2024-09-04,65726.2734375,65903.19476573015,64664.745468119116,64841.666796349265,2839125,59.48522372270885,1185.9243898465793,-264.9023132751529,1450.8267031217322,0.016982714501837737,65372.44140625,-0.2276171173622069,0.01364256480218272,1.3477639304092674e-07
2024-09-05,66080.125,66699.34973226239,65549.3609437751,65726.28229585006,5857542,61.0835355424038,1155.220268757752,-236.4851474911843,1391.7054162489362,0.015291449625481818,65726.2734375,1.063150442477876,0.005383580080753778,0.002677286241252845
2024-09-06,66699.34375,66787.80441810345,66168.57974137932,66257.04040948277,3641800,63.77658957319046,1167.3957976054444,-179.44769491479337,1346.8434925202378,0.011439715445174204,66080.125,-0.3782716368060186,0.00667556742323083,-0.0039788041718545036
2024-09-09,66168.578125,66433.96012282754,65637.81412934492,66433.96012282754,2638800,59.94724629325829,1121.2910960176741,-180.44191720205117,1301.7330132197253,0.011195250856597836,66699.34375,-0.2754132571805151,-0.003994673768308955,4.098545378259552e-09
2024-09-10,66257.0390625,66787.80306033044,65726.27506466956,66168.57839619492,3332434,60.37429114026627,1079.447645673783,-177.82829403675396,1257.275939710537,0.010573000196097368,66168.578125,0.2628596331665909,0.0013368983957220237,-0.0013351257967868205
2024-09-11,65991.65625,66433.95957607239,65372.43159349866,66168.57758042894,3165231,58.36385172900363,1013.1927790718837,-195.26652851092263,1208.4593075828063,0.010518814699168898,66257.0390625,-0.05017443706311964,-0.002673796791443696,0.005362053299161588
2024-09-12,66080.125,66522.42838018741,65814.74297188755,66345.50702811245,2052124,58.85572155015045,956.7946752775533,-201.3317058442026,1158.126381121756,0.010452172287137245,65991.65625,-0.351666908355188,-0.004000000000000002,0.0013387363169898162
2024-09-13,64487.8359375,66168.58886316873,64487.8359375,66168.58886316873,5347113,47.88991867837135,774.6842735836835,-306.75368603045786,1081.4379596141414,0.011605741359592324,66080.125,1.6056480992376678,-0.025401069518716613,0.0013715786182470322
2024-09-16,63603.21875,64576.2860744089,63603.21875,64576.2860744089,4034700,43.086891404089116,552.6091202784082,-423.0630714685866,975.6721917469948,0.011939442899376514,64487.8359375,-0.245443288742916,-0.015068493150684875,0.0013908834261086573
2024-09-17,64930.1328125,64930.1328125,63426.30139858651,63691.68341280654,2526732,51.02186214101431,478.17177016427013,-398.0003372661798,876.17210743045,0.012923314879114295,63603.21875,-0.3737497211688602,0.019444444444444462,0.002724791525405632
2024-09-18,64841.671875,65372.43590126193,64576.28986186903,65107.05388813096,2845344,50.516203825874626,407.3459450587252,-375.0609298973799,782.4068749561051,0.012925837065614657,64930.1328125,0.12609647560564397,-0.00407608695652164,0.0
2024-09-19,64841.671875,65018.593217087306,64576.28986186903,64841.671875,1572742,50.51620382587462,347.2135072118326,-348.1546941954181,695.3682014072507,0.010823569265962323,64841.671875,-0.4472576953788364,0.0,0.002728548938905738
2024-09-20,64310.91015625,65460.89892107978,64310.91015625001,65018.595549991405,6555403,47.257190278342584,253.80438310431055,-353.2510546423521,607.0554377466626,0.010892977272479567,64841.671875,3.1681362868162735,-0.010884353741496633,0.005502132390709456
2024-09-23,64487.8359375,64753.21797839506,64222.45389660494,64664.75729809671,2997201,48.45104515261069,191.84197630377457,-332.1707691543105,524.0127454580851,0.010929304170315285,64310.91015625,-0.5427892076200349,-0.002735978112175118,0.007806723953964803
2024-09-24,64350.515625,64991.27467105263,64167.44161184211,64991.27467105263,2199514,47.55138234668436,130.15537081841467,-315.0858997117364,445.24127053015104,0.01049274813742125,64487.8359375,-0.2661439789990728,-0.009859154929577493,1.4198849783216012e-07
2024-09-25,63709.765625,64442.0617816092,63709.765625,64350.52476203305,4847436,43.49315781167872,29.228197052754695,-332.8104587819171,362.0386558346718,0.010379258705748582,64350.515625,1.2038668542232513,-0.009957325746799467,-7.527561962074247e-08
2024-09-26,64716.66796875,65082.81601949257,63709.76082920792,63709.76082920792,4484109,50.62445087639266,30.14380973432708,-265.51587688027575,295.65968661460283,0.010177448201178295,63709.765625,-0.07495240782962376,0.01580459770114949,0.00141440153188318
2024-09-27,64991.27734375,65174.35136443662,64716.666312720066,64808.203323063375,3168700,52.389209567561615,52.423811866792676,-194.58869979824814,247.01251166504082,0.010101346610284691,64716.66796875,-0.29334902429891874,0.0028248587570622267,7.742383763945429e-08
2024-09-30,64167.44921875,64991.282375624105,64167.44921875,64991.282375624105,2043516,46.96592705939867,3.563748729924555,-194.75901034809303,198.32275907801758,0.010422420749403551,64991.27734375,-0.35509325590936347,-0.012676056338028117,0.0014265335235377848
2024-10-01,64167.44921875,64716.67132333274,64167.44921875,64258.986236180455,2040200,46.96592705939867,-34.75754003804468,-186.4642392928498,151.70669925480513,0.0103267802373753,64167.44921875,-0.001622693436214795,-0.0014245014245014061,0.0014265335235377848
2024-10-02,64167.44921875,64258.986236180455,63709.764131597716,64258.986236180455,3279930,46.96592705939867,-64.38524445695657,-172.87355496940938,108.4883105124528,0.010223627770941568,64167.44921875,0.6076512106656211,-0.0014245014245014061,0.0014264148066572687
2024-10-03,64350.515625,64533.58963815789,63984.367598684206,64258.97861842105,2948030,48.44707946260377,-72.26051044662745,-144.5990567672642,72.33854632063675,0.010153931395898746,64167.44921875,-0.10119118395819426,0.0014245014245014126,0.0028450455700125715
2024-10-04,62702.85546875,64533.59577440693,62611.31845346715,64533.59577440693,6751000,38.12628885717222,-209.04438645908522,-225.10634622377756,16.061959764692354,0.011183364033125255,64350.515625,1.2900038330681847,-0.028368794326241085,0.002919750303087169
2024-10-07,61421.33984375,63435.15426485656,61421.33984375,62885.932150009314,6381300,32.353252846109555,-416.05813534111076,-345.69607608464247,-70.36205925646827,0.011804049662799108,62702.85546875,-0.05476225744334173,-0.02328966521106258,0.0014902348911881812
2024-10-08,62428.2421875,62428.2421875,61512.87206744868,61512.87206744868,3177649,40.03603006278847,-493.18429709663906,-338.2577902721366,-154.92650682450244,0.012592560573193324,61421.33984375,-0.5020373591587921,0.014880952380952337,0.0014662693749803394
2024-10-09,62062.09375,62794.38984144542,62062.09375,62519.77880715339,3827960,38.331210677494354,-577.1988655991663,-337.8178870197311,-239.38097857943524,0.0126080390580196,62428.2421875,0.20465161507768803,-0.007320644216690982,0.007374597926873823
2024-10-10,61970.5546875,62977.46177991137,61970.5546875,62519.7767379062,3122515,37.89673732176485,-643.7467420259418,-323.4926107572052,-320.25413126873656,0.01257281895790686,62062.09375,-0.18428745336941865,-0.008784773060029203,0.005908419497784328
2024-10-11,61970.5546875,62428.23972950517,61787.48067069793,62336.702721104135,2690038,37.89673732176485,-688.549246439783,-294.63609213683714,-393.9131543029459,0.011572689873814714,61970.5546875,-0.1385027774085953,-0.005873715124816432,0.005908443180829406
2024-10-14,61512.87109375,62336.704188755575,61421.33408319382,62336.704188755575,3220500,35.5595419318219,-752.3145807789479,-286.72114118080157,-465.5934395981463,0.011316883145333375,61970.5546875,0.19719498386268142,-0.013215859030836921,5.741885289251086e-08
2024-10-15,61146.7265625,61695.94865737275,61055.18954668787,61512.874625748496,3473302,33.7654776981845,-822.9079012779621,-285.8515693438526,-537.0563319341095,0.010029797816233471,61512.87109375,0.07849774879677063,-0.0059523809523808445,-2.101048243218707e-08
2024-10-16,61787.484375,62336.706458333334,61146.725277777776,61146.725277777776,2003900,39.51649679187981,-817.7236072099258,-224.53382022065307,-593.1897869892728,0.010468323372964435,61146.7265625,-0.42305621567027574,0.010479041916167697,0.001481514637243232
2024-10-17,61879.0234375,62153.63448825814,61604.41238674187,61879.0234375,1655019,40.313814589235754,-797.040789410632,-163.08080193708736,-633.9599874735446,0.010491098239044058,61787.484375,-0.17410100304406406,0.0,-2.997137466421725e-09
2024-10-18,61695.94921875,62245.17131862018,61695.94921875,61879.02325204006,1737502,39.20081493632927,-786.357427793977,-121.91795225634587,-664.4394755376311,0.010401042203148317,61879.0234375,0.04983809853542476,-0.002958579881656823,-3.320955262180396e-08
2024-10-21,61604.41015625,62153.63223788076,61512.87314264488,61695.94716985513,1860000,38.626577739542334,-776.3281958687439,-89.51097626489025,-686.8172196038537,0.01034169971483371,61695.94921875,0.07050236488936412,-0.0014836795252225774,0.0
2024-10-22,61604.41015625,62062.09522427563,61512.87314264488,61604.41015625,2250400,38.62657773954234,-759.6234905612946,-58.24501676595264,-701.378473795342,0.010353782380593443,61604.41015625,0.20989247311827963,0.0,0.0
2024-10-23,61604.41015625,61879.02119706538,61512.87314264488,61604.41015625,1835900,38.62657773954234,-737.8790805276949,-29.200485385882303,-708.6785951418126,0.010195642861201535,61604.41015625,-0.18418947742623537,0.0,4.801997051467508e-08
2024-10-24,62611.3203125,63160.54242050439,61604.41311449196,61604.41311449196,4365000,48.90867489739054,-632.1106661221347,61.254343215742324,-693.365009337877,0.010244860169323527,61604.41015625,1.3775804782395555,0.016344725111441305,0.002923844840388085
2024-10-25,62245.1640625,62794.38609834559,62153.62705652574,62794.38609834559,2170200,45.897403535975904,-571.2491800081261,97.69266346380073,-668.9418434719269,0.010190172753993934,62611.3203125,-0.5028178694158076,-0.008746355685131204,-0.004411714871429843
2024-10-28,61512.87109375,62245.1671781994,61055.18604096912,61970.55614653088,2923300,40.5236728857083,-575.472250445775,74.77567442092152,-650.2479248666965,0.010142349476381622,62245.1640625,0.3470187079531841,-0.007385524372230434,0.001488155798072519
2024-10-29,61329.80078125,61604.41182952425,61146.726749067166,61604.41182952425,2030600,39.285343791427586,-586.8267351140603,50.73695180210905,-637.5636869161693,0.010132344208278127,61512.87109375,-0.30537406355830743,-0.004457652303120321,-0.0059701309592620775
2024-10-31,60505.96875,60963.653838880484,59773.672607791224,60963.653838880484,5269100,34.21792924454724,-654.7540092403433,-13.752257859339124,-641.0017513810042,0.010419287132601839,61329.80078125,1.5948488131586722,-0.007507507507507502,-1.0184349053926047e-07
2024-11-01,60231.3515625,60689.03660476824,60048.277545592704,60505.962587860944,2178005,32.703583826244866,-722.4185835929457,-65.13346576955314,-657.2851178233925,0.010335931038652523,60505.96875,-0.586645726974246,-0.00453857791225419,0.0015198186231441938
2024-11-04,60048.28125,60963.6513910061,60048.28125,60322.89229230183,2118800,31.696518422376712,-781.8033481587408,-99.61458426827858,-682.1887638904623,0.008899190322169178,60231.3515625,-0.02718313318839949,-0.0045523520485584775,0.00609749890896829
2024-11-06,60231.3515625,60414.425579407296,59773.66652023176,60414.425579407296,2594600,33.888925661196936,-804.8165336657476,-98.10221582022814,-706.7143178455194,0.007842005269632886,60048.28125,0.22456107230507838,-0.00303030303030305,0.00303961278468293
2024-11-07,60322.89453125,60597.505583744314,60048.28347875569,60414.43154874811,1152300,35.01224102866719,-806.3725358160737,-79.72657437644341,-726.6459614396302,0.006738465728961131,60231.3515625,-0.5558853002389579,-0.0015151515151515809,0.0015173825714062368
2024-11-08,60139.81640625,60597.50146261416,60048.279394977166,60414.427440068495,1852400,33.77619579072327,-813.0067180043261,-69.08860525175669,-743.9181127525694,0.006675648852727757,60322.89453125,0.6075674737481558,-0.004545454545454582,2.4506734575377828e-08
2024-11-11,59682.1328125,60231.354893596625,59224.447744919475,60139.81788008052,2737600,30.84458100350463,-845.4497774195697,-81.22533173360023,-764.2244456859695,0.006811566935823281,60139.81640625,0.47786655150075585,-0.007610350076103445,-3.771747456309662e-08
2024-11-12,59407.51953125,60139.81561175847,59315.98252118644,59682.130561440674,1729600,29.20656718596426,-883.1398460933997,-95.13232032594408,-788.0075257674556,0.006823219537823549,59682.1328125,-0.3682057276446522,-0.004601226993864961,0.0030816987001931746
2024-11-13,59499.05859375,60048.28067307693,59224.44755408654,59590.595606971154,2820700,30.530908451907678,-895.3025690305221,-85.83603461045323,-809.4665344200689,0.006749989220112743,59407.51953125,0.6308395004625347,-0.0015360983102918572,0.0
2024-11-14,59499.05859375,59499.05859375,59224.44755408654,59499.05859375,1779900,30.53090845190768,-894.6288896333353,-68.1298841706132,-826.4990054627222,0.006680774906078943,59499.05859375,-0.3689864218101889,0.0,-0.0015384494984276246
2024-11-15,58309.078125,59407.52229689953,58309.078125,59407.52229689953,3688300,23.814330541620045,-978.8330939986845,-121.86727082876985,-856.9658231699146,0.007290420569177946,59499.05859375,1.0721950671386034,-0.018489984591679515,2.5546053855889414e-08
2024-11-18,57851.39453125,58766.7646978837,57851.39453125,58309.07961456685,3797000,21.82556318151092,-1070.1606280427804,-170.55584389829255,-899.6047841444879,0.007296006778582887,58309.078125,0.029471572269067048,-0.007849293563579258,0.0015822074169103098
2024-11-19,57668.31640625,58126.001457093254,57668.31640625,57942.92743675595,2833600,21.067653309780454,-1144.1224994101722,-195.61417221254737,-948.5083271976248,0.007295593958780621,57851.39453125,-0.2537266262839083,-0.004739336492890925,7.732185548757945e-08
2024-11-20,58217.54296875,58400.61700324292,57576.78384802476,57668.32086527123,2818000,29.02976241432926,-1145.218456328672,-157.36810330483763,-987.8503530238343,0.007838375154385263,57668.31640625,-0.005505364201016327,0.009523809523809507,0.0015722983328963665
2024-11-21,58492.15234375,58675.22637299492,58034.46727063772,58309.07831450509,2253500,32.68594098481602,-1111.120028486148,-98.61574036985087,-1012.5042881162971,0.007996245442180229,58217.54296875,-0.20031937544357703,0.0031397174254316745,6.439366556389751e-09
2024-11-22,58858.30078125,59315.98585730948,58492.15272040241,58492.15272040241,2585700,37.322435606239225,-1042.5339771453,-24.023751223202225,-1018.5102259220978,0.008221002967488837,58492.15234375,0.14741513201686263,0.006259780907668248,0.0
2024-11-25,58858.30078125,59132.91182688569,58766.7637660381,58858.30078125,2446600,37.322435606239225,-976.9177377512387,33.27399053668728,-1010.191728287926,0.006997017389856605,58858.30078125,-0.05379587732528912,0.0,0.003110460898672221
2024-11-26,59315.98828125,59499.0623191551,58949.84020543982,59041.37722439237,1675600,43.012829245980235,-877.8653537501741,105.86109963020158,-983.7264533803757,0.007365073086086929,58858.30078125,-0.3151312024850813,0.004651162790697578,-6.91170892145112e-08
2024-11-27,59132.91015625,59499.0582067531,59041.37314362422,59315.984181501546,1586400,41.39393313363703,-804.8605688063253,143.09270765924032,-947.9532764655656,0.007031231571091688,59315.98828125,-0.0532346622105514,-0.0030864197530863884,0.006191982101031125
2024-11-28,59041.375,59499.06007751938,59041.375,59499.06007751938,1273300,40.57172717248633,-745.7928372969618,161.7283513348832,-907.521188631845,0.007027485119959928,59132.91015625,-0.19736510337871915,-0.007692307692307721,-3.144194688380733e-08
2024-11-29,59132.91015625,59315.984181501546,58858.29911837268,59041.37314362422,1105500,41.81632702265939,-683.7136866153014,179.04600161323492,-862.7596882285363,0.0065102349378061385,59041.375,-0.1317835545433127,0.0015503875968992708,3.144194783253327e-08
2024-12-02,59041.375,59315.98604651163,58766.76395348838,59132.912015503876,1229100,40.894008351202366,-634.586516219526,182.53853760720835,-817.1250538267343,0.006461910267843593,59132.91015625,0.11180461329715063,-0.0015479876160990772,0.001550377952871223
2024-12-03,58492.15234375,59132.9114461072,58492.15234375,59132.9114461072,2425200,35.792769885335865,-632.6774462801695,147.55808603725188,-780.2355323174214,0.00671393716077884,59041.375,0.9731510861606054,-0.010835913312693556,-0.0015648877132332017
2024-12-04,57942.93359375,58492.15571312204,57942.93359375,58400.6186932267,2745800,31.553895714997786,-667.7840587632309,89.9611788433524,-757.7452376065833,0.006865225035711978,58492.15234375,0.1321952828632691,-0.007836990595611331,0.0031595063358091026
2024-12-05,58858.30078125,59224.44884209759,57851.39361391913,58126.00465955482,2218400,43.55258810440831,-614.658420437845,114.46945373499057,-729.1278741728356,0.007904592952024605,57942.93359375,-0.19207516934955204,0.012598425196850426,0.003110416687066598
2024-12-06,58675.2265625,59315.98566692668,58675.2265625,59041.374622172385,1677900,41.96798734591908,-580.6353261465702,118.79403842101237,-699.4293645675825,0.007905533564892864,58858.30078125,-0.2436440677966102,-0.006201550387596867,0.006240249609984367
2024-12-09,58675.2265625,59041.374622172385,58583.689547581904,59041.374622172385,1762700,41.967987345919084,-547.3621288967552,121.65378853666198,-669.0159174334171,0.007762723167523006,58675.2265625,0.05053936468204312,-0.006201550387596867,-3.2297290019569446e-09
2024-12-10,58492.15234375,58949.83741686229,58492.15234375,58675.22637299492,1711000,40.26878993516362,-529.659850736396,111.48485335761688,-641.1447040940129,0.007731771635475505,58675.2265625,-0.029330005105803636,-0.003120124804992287,3.8072245178706244e-08
2024-12-11,58766.765625,59132.9136974299,58492.154570677565,58492.154570677565,2024600,43.93562766198524,-487.84806221206236,122.63731350556043,-610.4853757176228,0.007812648194677078,58492.15234375,0.1832846288720047,0.0046948356807512606,-5.988509074487432e-08
2024-12-12,59132.91015625,59407.52119412732,58766.76210574691,58766.76210574691,2247507,48.477193239538664,-420.321905607947,152.13077608774074,-572.4526816956877,0.007960233959082184,58766.765625,0.11009927886990023,0.006230529595015512,-0.004643903241306985
2024-12-13,58766.765625,59041.37667932243,58675.22860689252,58858.302643107476,1396700,44.58749111348614,-391.8349146861219,144.49421360765268,-536.3291282937746,0.006650829780711181,59132.91015625,-0.3785558843643201,-0.0015552099533436886,-5.3380838586058034e-08
2024-12-16,59499.05859375,59682.13262019231,58766.76248798077,58766.76248798077,2387600,52.75278927290259,-306.6341588819996,183.75597552941997,-490.3901344114196,0.006870006881709006,58766.765625,0.7094580081620965,0.01246105919003114,-0.0015384680327075395
2024-12-17,59132.91015625,59499.0582067531,59041.37314362422,59407.52119412732,1203900,48.87480307737773,-265.5954459712884,179.83575075210496,-445.4311967233934,0.0070063329096867735,59499.05859375,-0.4957698106885575,-0.004622496147919891,0.006191985290672295
2024-12-18,59224.44921875,59590.597281926195,59224.44921875,59499.060266132146,1614100,49.867046168390765,-223.1136180957037,177.85406290215178,-400.9676809978555,0.006733980032581387,59132.91015625,0.34072597391809945,-0.004615384615384581,-0.004636797902052412
2024-12-19,58492.15234375,59041.37443148474,58492.15234375,58949.83741686229,2646900,42.723479402434684,-245.70437411230523,124.21064550844022,-369.91501962074545,0.007282529834727771,59224.44921875,0.6398612229725544,-0.0077639751552795976,0.0015649298943645942
2024-12-20,59499.05859375,59499.05859375,58583.68846153846,58583.68846153846,3799600,52.7469448271798,-180.28062883629173,151.70751262756295,-331.9881414638547,0.008137853373183993,58492.15234375,0.43549057387887724,0.015624999999999984,-0.00461539435689345
2024-12-23,58949.8359375,59499.05801145187,58858.29892517469,59224.44697447593,1367800,47.83009849824709,-170.78086219455145,128.96582341544257,-299.746685609994,0.008428621632569503,59499.05859375,-0.6400147383935151,-0.004636785162287512,3.153464076450535e-08
2024-12-24,58858.30078125,59224.44884209759,58675.2267508262,58949.8377964619,4725000,47.04303668841074,-168.6937542166197,104.84234511469947,-273.5360993313192,0.0082381046298573,58949.8359375,2.4544524053224155,-0.0015527950310559354,0.0015551783696609806
2024-12-25,58949.8359375,59407.52099912656,58949.8359375,58949.8359375,1382500,47.96515472220574,-157.83416992659477,92.56154352377956,-250.39571345037433,0.008222473918537266,58858.30078125,-0.7074074074074075,0.0,0.004694891403455134
2024-12-26,58857.5859375,59226.59901547806,58857.5859375,59226.59901547806,3886800,47.0754999474387,-154.88624297655042,76.40757637905915,-231.29381935560957,0.008222629239159437,58949.8359375,1.8114285714285714,-0.006230529595015625,0.0015673981191223312
2024-12-27,58857.5859375,59134.34574598355,58765.33266800549,58949.83920699452,2819200,47.075499947438715,-150.81152820968418,64.3858329167403,-215.19736112642448,0.008213317599295975,58857.5859375,-0.2746732530616446,-0.0015649452269171317,-0.0031347839051424796
2024-12-30,58396.3203125,58765.333395043446,58396.3203125,58673.080124407585,1490800,42.50380201970452,-182.69655620477715,26.000643937317875,-208.69720014209503,0.008386155730995796,58857.5859375,-0.47119750283768447,-0.004716981132075501,0.001579789715453229
2024-12-31,58488.57421875,58857.58730530363,58396.32094711159,58488.57421875,3349900,43.68181371675722,-198.23640548919502,8.368635722320022,-206.60504121151504,0.008135344082009787,58396.3203125,1.2470485645291118,0.0,0.003154541324022109
2025-01-02,58211.8125,58857.58538034865,58211.8125,58673.07884310618,2336600,40.96986808189298,-230.23025465232058,-18.900170752644442,-211.33008389967614,0.007915243641431393,58488.57421875,-0.3024866413922803,-0.007861635220125791,0.0015847750655119583
2025-01-03,58119.55859375,58396.318396577386,58027.30532614088,58304.06512896826,1856800,40.076694962167366,-260.03224005474476,-38.96172492405489,-221.07051513068987,0.007023588398241176,58211.8125,-0.2053410938971154,-0.003164556962025374,-5.53815287246766e-08
2025-01-06,57658.2890625,58304.0619,57658.2890625,58119.555374999996,2103500,35.86639104855555,-317.21447338935104,-76.91516660692892,-240.29930678242212,0.0071949049339094595,58119.55859375,0.1328629900904783,-0.007936507936507874,0.0016000468508025583
2025-01-07,56920.265625,58119.55809359806,56828.012358184766,57750.54502633712,2802100,30.369048486898528,-417.27405322826235,-141.57979715667216,-275.6942560715902,0.007669048817735596,57658.2890625,0.33211314475873555,-0.01437699680511185,0.004862236628849366
2025-01-08,56920.265625,57289.278692260945,56458.99929092383,57197.02542544571,2084300,30.36904848689853,-490.9130510709656,-172.17503599950032,-318.73801507146527,0.007665862114546707,56920.265625,-0.2561650190928232,-0.004838709677419449,0.0016207567768180104
2025-01-09,57012.51953125,57104.77279909992,56551.253192000404,57012.51953125,1500000,31.882633938562858,-535.6536859070402,-173.5325366684599,-362.1211492385803,0.007568837211784854,56920.265625,-0.28033392505877275,0.0,-0.0016181103676548986
2025-01-10,56551.25390625,57104.77352034054,56551.25390625,56920.26698231036,1720800,28.541923304552277,-601.3986925631398,-191.42203465964758,-409.9766579034922,0.007477168355917235,57012.51953125,0.1472,-0.006482982171798994,-0.001631310138742505
2025-01-13,56643.5078125,57104.774162764654,56366.7480023412,56459.00127239413,1601700,30.119033099308453,-638.6954808399823,-182.97505834919207,-455.72042249079027,0.007462129200495976,56551.25390625,-0.06921199442119941,0.0032679738562092237,-4.634784258225289e-08
2025-01-14,56828.01171875,57012.51825030438,56551.25192141843,56643.50518719562,1235100,33.2901067999054,-645.9197699504512,-152.15947796772866,-493.7602919827225,0.006789039182905079,56643.5078125,-0.22888181307360933,0.003257328990228018,0.008116894460320403
2025-01-15,56920.265625,57473.78522589141,56920.265625,57289.278692260945,1216400,34.88127897215012,-636.8596304934035,-114.47947080854487,-522.3801596848587,0.006777718363665151,56828.01171875,-0.0151404744555097,-0.006441223832528264,0.009724495870622405
2025-01-16,57104.7734375,57750.54631966882,56920.26689973748,57473.78651302504,1684500,38.06320679717045,-607.7849990898103,-68.32387152396132,-539.461127565849,0.006833192371328747,56920.265625,0.38482407102926675,-0.006420545746388487,0.004846537853292696
2025-01-17,57197.02734375,57381.53388356855,57197.02734375,57381.53388356855,2303292,39.65105446724408,-570.7201187269966,-25.007192928918016,-545.7129257980786,0.006396525930556922,57104.7734375,0.36734461264470175,-0.0032154340836012627,-1.114338930710323e-08
2025-01-20,57104.7734375,57381.53324414378,56828.01363085622,57197.02670638126,1633600,38.58575477033852,-542.5360355370212,2.5415122088459157,-545.0775477458672,0.004726950499545522,57197.02734375,-0.29075427692190137,-0.0016129032258063994,0.0016154976877862414
2025-01-21,57012.51953125,57289.27933479976,56828.01299555016,57197.02606694984,1975738,37.50072559414658,-521.6310280031466,18.75721579417643,-540.3882437973231,0.0044136371382658655,57104.7734375,0.2094380509304603,-0.003225806451612907,0.003236223414185981
2025-01-22,56828.01171875,57197.02478185877,56828.01171875,57197.02478185877,1760900,35.35916160912309,-514.0265196446562,21.08937932213348,-535.1158989667897,0.004427513974189778,57012.51953125,-0.10873810191432265,-0.006451612903225816,4.4790638084362156e-08
2025-01-23,57197.02734375,57473.787153477824,56828.014264112906,56828.014264112906,1858300,42.43916039042093,-472.77357555017807,49.87385873328935,-522.6474342834674,0.004747358248081898,56828.01171875,0.05531262422624783,0.006493506493506445,-0.0016129490475313578
2025-01-24,57381.53125,57658.29104702573,57012.518187299036,57104.77145297427,1658900,45.64478674126226,-420.34689947273,81.84042784858997,-502.18732732131997,0.004863216436443669,57197.02734375,-0.10730237313673785,0.004846526655896662,1.4852735903407414e-08
2025-02-03,55813.2265625,57381.53210227273,55813.2265625,57381.53210227273,7629600,30.232445489760924,-499.58851693942415,2.0790483055166646,-501.6675652449408,0.007575077416438643,57381.53125,3.599192235818916,-0.027331189710610968,0.00165285797600148
2025-02-04,55536.46484375,56182.23769077035,55351.9583160299,55905.477899190206,7983000,28.409391117083537,-578.0569467416572,-61.11150519737305,-516.9454415442841,0.0074977818216896575,55813.2265625,0.04631959735765956,-0.006600660066006715,0.003322337738956333
2025-02-05,56735.76171875,56735.76171875,55720.97573678861,55720.97573678861,3809900,44.13115876231079,-537.2771117235607,-16.265336143421223,-521.0117755801394,0.009208746886443199,55536.46484375,-0.5227483402229738,0.018211920529801428,-9.074118379661926e-08
2025-02-06,55997.73046875,56828.00983319605,55813.22394331754,56735.75657047982,3224800,38.52437675031412,-558.0785701940113,-29.653435691097457,-528.4251345029138,0.00954249236143363,56735.76171875,-0.1535735846085199,-0.0130081300813008,1.1473238731607927e-08
2025-02-07,56089.984375,56458.99743009869,55905.47784745066,55997.73111122533,3012600,39.55809265305424,-560.6568534521284,-25.785375159371597,-534.8714782927568,0.009575311009439539,55997.73046875,-0.06580253038948147,0.0016474464579900947,0.0065789945649540734
2025-02-10,55905.48046875,56459.000077351484,55905.48046875,56459.000077351484,2592100,38.17551772473987,-571.0058843842489,-28.907524873193665,-542.0983595110553,0.009472657527591485,56089.984375,-0.13958042886543187,-0.00980392156862743,-2.2905190191395452e-08
2025-02-11,55720.97265625,55997.73245421151,55444.21285828849,55905.47918822434,3666500,36.79072258871747,-587.3254818737041,-36.18169789011904,-551.1437839835851,0.009107329776039551,55905.48046875,0.41449018170595275,-0.003300330033003289,0.0033112571250982436
2025-02-12,56274.4921875,56274.4921875,55813.22585809426,55905.47912397541,3555200,43.42136944920616,-549.2629192158784,1.504691814165426,-550.7676110300438,0.009431268480295138,55720.97265625,-0.030355925269330397,0.006600660066006557,-3.430686346528567e-08
2025-02-13,55997.73046875,56274.49025689868,55720.97068060132,56274.49025689868,2624800,41.09984627650509,-535.2602745356344,12.405869195527544,-547.6661437311619,0.009466135340969,56274.4921875,-0.26170117011701166,-0.004918032786885209,2.3946532883256615e-08
2025-02-14,55628.71875,55997.731809701494,55628.71875,55997.731809701494,6488800,38.169588624890615,-547.6265416005699,0.031681704473612626,-547.6582233050435,0.009411546974342546,55997.73046875,1.4721121609265468,-0.006589785831960488,0.0016584106643057113
2025-02-17,55351.9609375,55905.480546875,55351.9609375,55720.97401041666,3632400,36.091269726514646,-573.1520003653932,-20.39502164827968,-552.7569787171135,0.00943836435052491,55628.71875,-0.4402046603378128,-0.0066225165562913265,0.006666630615707392
2025-02-18,55628.71875,55813.22527985075,55351.95895522388,55720.97201492538,2496800,39.63117864248854,-564.54138614564,-9.427525942821148,-555.1138602028188,0.009488715742430391,55351.9609375,-0.3126307675366149,-0.0016556291390729197,-1.24732937430629e-08
2025-02-19,56089.984375,56182.23763877468,55628.71805612665,55628.71805612665,3072700,45.09023260406447,-514.5655401199474,32.4386560662972,-547.0041961862446,0.009701379513865363,55628.71875,0.23065523870554316,0.008291873963515651,0.0016447253499961574
2025-02-20,55997.73046875,56182.23699418245,55905.47720603377,56182.23699418245,4473200,44.228786577896024,-476.9059662095606,56.078583981347265,-532.9845501909078,0.00965860326645721,56089.984375,0.4557880691248739,-0.003284072249589423,0.0016475261168645134
2025-02-21,56643.5078125,57289.28070287052,55905.481652076545,56089.988192182405,4737200,51.249869499823674,-390.45077442837646,114.02702061002515,-504.4777950384016,0.010043250009570756,55997.73046875,0.05901815255298226,0.00986842105263167,0.0032573229174196576
2025-02-24,58857.5859375,58949.83920699452,56828.014008620696,56828.014008620696,11512800,66.71946913743217,-141.64402702798543,290.267014408333,-431.91104143631844,0.013366426766753878,56643.5078125,1.4302963776070254,0.0357142857142856,0.0031347646967327903
2025-02-25,58027.3046875,59042.09062003179,57750.5448877186,59042.09062003179,3934200,59.140575526092626,-11.32905083647347,336.465592479876,-347.7946433163495,0.01380893625327728,58857.5859375,-0.6582760058369814,-0.017187499999999915,0.0015898471310289359
2025-02-26,58211.8125,58488.57230586371,58027.30596275753,58119.559231378764,3782600,60.2219374361648,105.61725516355364,362.7295187839225,-257.1122636203689,0.013780512733939097,58027.3046875,-0.03853388236490263,0.0015873015873015886,0.0015847540695010968
2025-02-27,57381.53125,58304.06390675241,57381.53125,58304.06390675241,3570600,53.37618057149258,129.80497632980405,309.5337919601384,-179.7288156303343,0.014145043360621293,58211.8125,-0.05604610585311687,-0.015822784810126552,0.0016077170418007034
2025-02-28,57381.53125,58304.06390675241,57381.53125,57473.784515675245,5468200,53.376180571492576,147.27621113150235,261.60402140946934,-114.32781027796699,0.014127771707516053,57381.53125,0.5314512967008347,-0.0016051364365971708,0.009646345534381862
2025-03-03,58304.06640625,58304.06640625,57473.78697957872,57935.05332772943,3660600,59.33325733415762,232.87868720256665,277.7651979844269,-44.88651078186027,0.012980517654771203,57381.53125,-0.3305658169050144,0.00636942675159235,-3.407924667632252e-08
2025-03-04,58580.82421875,58857.58401820866,58027.30461983268,58304.06441929134,6242000,60.945384734425545,319.36981233286497,291.4050584917802,27.964753841084786,0.012877273689260029,58304.06640625,0.7051849423591761,0.004746835443037972,0.001574782165685714
2025-03-05,57842.796875,58673.07625598086,57842.796875,58673.07625598086,2275500,54.71617506554872,324.61999619752896,237.32419388515535,87.29580231237362,0.012508181506349534,58580.82421875,-0.6354533803268183,-0.014150943396226348,2.211705633305612e-08
2025-03-06,58027.3046875,58027.3046875,57381.5318213434,57842.7981543124,3175600,55.928929079309135,339.7525868755765,201.96542765056233,137.7871592250142,0.012067317634334775,57842.796875,0.3955614150736102,0.003189792663476938,-2.2117055867289806e-08
2025-03-07,57842.796875,58119.55666866028,57566.03708133971,58027.30340410686,2655600,54.36108658864134,333.01820892389514,156.18483975910476,176.83336916479038,0.01211974246743636,58027.3046875,-0.1637485829449553,-0.003179650238473808,0.0047846666301091835
2025-03-10,57658.2890625,58119.555374999996,57658.2890625,58119.555374999996,2579500,52.76806458143717,309.22833564067696,105.91597318070924,203.31236245996772,0.012117643929065272,57842.796875,-0.028656424160265148,-0.007936507936507874,-0.0031999435073137637
2025-03-11,57566.0390625,57658.29233022837,57289.279259314906,57473.78579477163,2287600,51.94838894179231,279.706602035425,61.115391660365816,218.5912103750592,0.012087278402208006,57658.2890625,-0.11316146540027139,0.00160513643659714,0.0016025418115977672
2025-03-12,57381.53125,57935.050844051446,57381.53125,57658.29104702573,2755400,50.26655522338778,238.67092710782163,16.06377338620993,222.6071537216117,0.01197265175311829,57566.0390625,0.2044937926210877,-0.004800000000000053,0.001607763011340416
2025-03-13,57197.02734375,58027.306772933465,57104.77407384072,57473.787153477824,5100400,48.57306773035478,189.08231261061155,-26.81987288880015,215.9021854994117,0.011934034154389166,57381.53125,0.8510561080060972,-0.00481540930979136,0.006451555457828914
2025-03-14,57289.27734375,57842.79693161232,57289.27734375,57566.03713768116,2696700,49.48935422091437,155.4350241856082,-48.3737290510428,203.808753236651,0.011795020351997886,57197.02734375,-0.47127676260685436,-0.004807692307692317,0.004830950173879894
2025-03-17,58119.55859375,58488.57166418651,57566.03898809524,57566.03898809524,4177100,56.92778623021867,193.535111326295,-8.218913528284816,201.75402485457982,0.012030273452048358,57289.27734375,0.5489672562761894,0.009615384615384538,0.0015872461178657116
2025-03-18,57658.2890625,58211.8086375,57658.2890625,58211.8086375,3281943,52.31816538758553,184.38364877182903,-13.896300866200647,198.27994963802968,0.012235401214646443,58119.55859375,-0.21430107012041844,-0.009508716323296328,0.003200045710059103
2025-03-19,57473.78515625,57935.051489767255,57104.77208943619,57842.7982230638,3153400,50.55481383487802,160.394200986746,-30.30859892102694,190.70279990777294,0.01218737356805242,57658.2890625,-0.03916673750884769,-0.006379585326953691,-0.0016051240291468977
2025-03-20,57012.51953125,57381.53260264968,56551.253192000404,57381.53260264968,3939200,46.34893846907922,102.97507721225702,-70.18217815641273,173.15725536866975,0.01235064397790199,57473.78515625,0.2491913490201052,-0.00643086816720258,1.263012850447616e-08
2025-03-21,56551.25390625,57012.52025132545,56459.00063723491,57012.52025132545,3855000,42.537809151788224,20.01896083950851,-122.510635623329,142.5295964628375,0.012246394274536028,57012.51953125,-0.021374898456539393,-0.008090614886731382,0.001631332638581939
2025-03-24,56643.5078125,57197.02743281759,56366.7480023412,56643.5078125,2539900,43.53778647227894,-37.84399776693317,-144.29887538381655,106.45487761688337,0.008121819251356995,56551.25390625,-0.3411413748378729,0.0,0.004885993485342
2025-03-25,56643.5078125,56920.267622658794,56459.00127239413,56920.267622658794,2507400,43.53778647227894,-82.74695396552124,-151.3614652659237,68.61451130040244,0.007600287355611156,56643.5078125,-0.012795779361392201,-0.004862236628849252,0.0016286419218058312
2025-03-26,56459.0,57104.772875817,56459.0,56735.75980392157,1846000,41.84856010336016,-131.70291946053476,-160.25394460874975,28.551025148215,0.0075420809278809444,56643.5078125,-0.2637792135279573,-0.0048780487804878925,-1.1323629190472976e-08
2025-03-27,56366.74609375,56735.759161466856,56366.74609375,56458.99936067922,2313900,40.992159445701496,-175.9171308801524,-163.57452482269392,-12.342606057458479,0.006920362014214582,56459.0,0.2534669555796316,-0.0016339869281046659,-0.0016366828966665917
2025-03-28,55628.71875,56366.74486940299,55536.46548507463,56274.49160447761,5561600,34.8481897249479,-267.42711732424505,-204.06760901342926,-63.3595083108158,0.00743406588328569,56366.74609375,1.4035610873417173,-0.011475409836065556,0.008291908663643089
2025-03-31,55905.48046875,56828.01314975247,55905.48046875,56089.98700495049,5880100,38.566711126032764,-313.99751526677574,-200.51040556476795,-113.48710970200779,0.006392102037188133,55628.71875,0.05726769275028776,-0.003289473684210433,0.009900942746714991
2025-04-01,56089.984375,56458.99743009869,55628.71805612665,56458.99743009869,3129300,40.98490511572334,-332.18771469164494,-174.96048399170974,-157.2272306999352,0.006318566289275263,55905.48046875,-0.4678151732113399,-0.006535947712418348,-0.0016447014460252126
2025-04-02,55813.2265625,56643.50596590909,55813.2265625,55997.733096590906,4684400,38.53461555847242,-364.7312267516754,-166.00319684139217,-198.72802991028325,0.005867950411573652,56089.984375,0.49694819927779377,-0.0032948929159801743,-0.0165289658220503
2025-04-03,52123.09375,54982.944911504426,51938.58722345133,54890.69164823009,16938200,20.734698222624896,-680.441368231739,-385.3706706571646,-295.0706975745744,0.015441088624374323,55813.2265625,2.615873964648621,-0.05042016806722688,-0.044247767408206774
2025-04-04,53968.16015625,54244.919951923075,49632.25669070513,49816.763221153844,9826600,36.523076185879965,-772.8535165482317,-382.22625517892584,-390.62726136930587,0.017921474658437825,52123.09375,-0.41985571076029327,0.08333333333333338,-0.03076919794509552
2025-04-08,50278.03125,52492.109690366975,50278.03125,52307.60315366973,13765200,25.55828571111069,-1130.8180068497823,-592.152596384381,-538.6654104654012,0.023083663540419193,53968.16015625,0.4008100462011275,-0.03880070546737217,-0.05688074028595133
2025-04-09,47971.69921875,50923.803786057695,47418.179612379805,47418.179612379805,9932600,21.261926563882245,-1582.3686042301997,-834.9625550118387,-747.406049218361,0.02465202988997754,50278.03125,-0.2784267573300787,0.011673151750972822,0.06923075983520557
2025-04-10,51292.81640625,51292.81640625,51292.81640625,51292.81640625,1914300,37.543416177658926,-1653.182446431616,-724.621117770604,-928.561328661012,0.03020855676377717,47971.69921875,-0.8072710065843787,0.0,8.079146403457775e-09
2025-04-11,53045.62890625,53875.90831521739,51292.81682065217,51292.81682065217,9164400,44.111893339633845,-1549.9981923565792,-497.14949095645375,-1052.8487014001255,0.03146562431733341,51292.81640625,3.7873374079297912,0.034172661870503614,0.006956448239020521
2025-04-14,52492.10546875,53414.63807804262,52123.09242503295,53414.63807804262,5679700,42.588662561350986,-1495.6477468008525,-354.23923632058154,-1141.408510480271,0.03148222036014063,53045.62890625,-0.38024311466107985,-0.017271157167530228,-0.003514862885349586
2025-04-15,51938.58984375,53045.6290588921,51938.58984375,52307.602915464035,4163500,41.0617098370513,-1480.1761627124506,-271.01412178574355,-1209.162040926707,0.031209451415222963,52492.10546875,-0.2669507192281283,-0.007054673721340438,0.0017761618011432304
2025-04-16,51661.828125,52768.86729910714,51661.828125,52030.841183035714,3735600,40.28398699629637,-1473.264304734781,-211.2818110464591,-1261.982493688322,0.031202600804238687,51938.58984375,-0.10277410832232492,-0.007092198581560288,-0.008928571428571468
2025-04-17,51661.828125,52215.34771205357,50554.78895089286,51200.561802455355,7219000,40.28398699629637,-1451.0596945843645,-151.26176071683403,-1299.7979338675304,0.03122056922280408,51661.828125,0.9324874183531426,0.00900900900900905,0.012499998917921256
2025-04-18,52215.34765625,52861.12050712235,52215.34765625,52307.600920660334,3137200,42.79704540611063,-1372.9712232319362,-58.538631491524484,-1314.4325917404117,0.03140093391477944,51661.828125,-0.5654245740407259,-0.0017636684303350637,0.0035335812184378425
2025-04-21,52307.6015625,52676.61462466932,52123.095031415345,52399.85482804233,3021400,43.225888698452664,-1288.785115283652,20.517981165407946,-1309.30309644906,0.031409269476323796,52215.34765625,-0.03691189595817923,-0.0017605633802816785,-0.0017636796123447168
2025-04-22,51661.828125,52215.34771205357,49724.5095703125,52215.34771205357,7205000,40.9136710795441,-1259.655018711259,39.71846219024087,-1299.3734809014998,0.031446433049094606,52307.6015625,1.3846561196796188,-0.010600706713780855,0.014285764325943084
2025-04-23,52030.84375,52861.12317154255,52030.84375,52399.85682624113,3586000,42.79669215179441,-1193.0401066535487,85.06669939836092,-1278.1068060519096,0.0315361085461116,51661.828125,-0.5022900763358779,-0.007042253521126636,0.0017730373555016766
2025-04-24,51938.58984375,52399.85618339254,51846.33657582149,52123.09637960702,2106400,42.43261563478826,-1134.6123235553096,114.79558599728011,-1249.4079095525897,0.03153910438863794,52030.84375,-0.4126045733407696,-0.003539823008849652,0.0035523445303318017
2025-04-25,53783.65234375,53783.65234375,52123.09360929459,52123.09360929459,8517700,51.347203575335065,-928.7210425118974,256.549493632554,-1185.2705361444514,0.03273809378866418,51938.58984375,3.043723889099886,0.031858407079646114,5.027186199347018e-08
2025-04-28,53045.62890625,53783.65504755435,53045.62890625,53783.65504755435,2664700,48.13620315156282,-815.7001587313134,295.6563019305104,-1111.3564606618238,0.032749779369654335,53783.65234375,-0.6871573312044331,-0.013722126929674104,1.2017546217066756e-08
2025-04-29,53137.8828125,53414.64261881511,52768.869737413195,53045.6295437283,4938200,48.56916184278829,-710.4960189889098,320.68835333833135,-1031.1843723272411,0.03272220941746594,53045.62890625,0.8531917289000639,0.0017391304347826393,-0.0017361959734069532
2025-05-05,52492.10546875,53137.87829525483,52492.10546875,53045.62503432557,4242785,45.69361531450426,-671.4893042307376,287.75605447720284,-959.2453587079405,0.0327723064584368,53137.8828125,-0.14082357944190194,-0.010434782608695573,0.0017574692442882116
2025-05-06,52492.10546875,52953.371773396306,52492.10546875,52584.35872967926,2555912,45.69361531450426,-633.2761880614562,260.7753365171874,-894.0515245786436,0.032773931611514436,52492.10546875,-0.3975862552545085,-0.0017543859649122673,1.1071324318691693e-07
2025-05-07,52768.87109375,53230.1374494646,52492.11128032124,52492.11128032124,2910910,47.246050511328626,-574.0421447600311,256.00750385489005,-830.0496486149211,0.029176493730359396,52492.10546875,0.13889288833105362,0.005272407732864734,-4.978031529837851e-08
2025-05-08,52953.375,53322.38806620209,52768.86846689896,52768.86846689896,3374914,48.30694666325328,-506.3736551248876,258.94079479202685,-765.3144499169144,0.02804836776060697,52768.87109375,0.15940169912501578,0.0034965034965034145,0.005226517077523387
2025-05-09,53230.13671875,54060.41614763865,53230.13671875,53230.13671875,3839463,49.93343454551002,-425.5085343409519,271.84473246077005,-697.3532668017219,0.02307110842793634,52953.375,0.13764765561433556,0.0,0.005199267988033458
2025-05-12,54060.4140625,54152.66732881826,53506.89446459044,53506.89446459044,6333641,54.55323746965187,-291.0706198738626,325.02611754228747,-616.0967374161501,0.020107096789077704,53230.13671875,0.6496163656219633,0.010344827586206943,0.0051194420066311514
2025-05-13,53968.16015625,54429.42648237179,53783.65362580128,54337.173217147436,4727400,53.95747447510753,-189.78401137545734,341.05018083255425,-530.8341922080116,0.013604714994810599,54060.4140625,-0.25360468015159054,-0.006791171477079797,0.008849593512988852
2025-05-14,53681.60546875,54445.75643627669,53586.08659780916,54445.75643627669,5045042,52.05582797035193,-131.1246890604598,319.7676025180415,-450.8922915785013,0.01148685618664089,53968.16015625,0.06719169099293487,-0.0140350877192983,1.0248874661740097e-09
2025-05-15,54254.71875,54445.75649207746,53681.605523767605,53681.605523767605,4565546,55.43846904224481,-37.95379371041054,330.3507982944726,-368.30459200488315,0.011383350888228685,53681.60546875,-0.09504301450810515,0.010676156583629913,-1.0248875429154348e-09
2025-05-16,53681.60546875,54254.718694395015,53681.60546875,54254.718694395015,3204963,51.523652451196064,-10.242570003560104,286.44961760105843,-296.69218760461854,0.011384408120925208,54254.71875,-0.29801101554994736,-0.010563380281690083,-2.4688807476883664e-08
2025-05-19,53490.56640625,54445.755092075895,53490.56640625,53681.60414341518,2972490,50.249852088739075,-3.6543561876023887,234.43026513361295,-238.08462132121534,0.011333558012361626,53681.60546875,-0.07253531476026398,-0.003558718861209945,0.001785701852899238
2025-05-20,53395.046875,53777.12234458855,53299.52800760286,53586.08460979427,5221964,49.58970466075647,-6.0707967883499805,185.61105962629227,-191.68185641464225,0.011355507798192239,53490.56640625,0.7567641943286605,-0.003565062388591705,0.0017889198779745413
2025-05-21,52917.453125,53490.56633574007,52917.453125,53490.56633574007,5696593,46.31354324187583,-45.993483335507335,116.55069846330795,-162.5441817988153,0.011386045075503263,53395.046875,0.09089089852017374,-0.010714285714285673,2.389012458021814e-08
2025-05-22,52535.37890625,53108.49213068182,52535.37890625,52917.45438920455,2961276,43.819440280366756,-107.22665425324521,44.254022036456064,-151.48067628970128,0.011519486459687527,52917.453125,-0.48016718062884256,-0.007220216606498236,0.0036363270660476317
2025-05-23,52821.93359375,53012.97132826627,52630.89585923372,52726.414726491865,5369703,46.161220031472865,-131.120341248592,16.28826803288743,-147.40860928147944,0.011175184746874678,52535.37890625,0.813307168936634,0.00181159420289851,0.0018083682747248337
2025-05-26,53204.01171875,53299.530590776485,52535.379614564634,52917.45510267056,2735753,49.20167593535035,-117.86705081761465,23.633246771091848,-141.5002975887065,0.011177746347313909,52821.93359375,-0.4905206116613898,0.005415162454873591,0.0035906267659523822
2025-05-27,52917.453125,53490.56633574007,52821.93425654332,53395.04746728339,3670058,47.055336856954945,-128.9995794592396,10.000574503573517,-139.00015396281313,0.011256800898907742,53204.01171875,0.34151657697167837,-0.008944543828264656,0.005415137177886772
2025-05-28,52726.4140625,53204.00839277627,52630.89519644475,53204.00839277627,3908641,45.62635206044889,-151.4911487145364,-9.992795801378605,-141.4983529131578,0.00781317373066108,52917.453125,0.06500796445178803,-0.00897666068222621,0.005434844524224072
2025-05-29,52630.8984375,53012.97392524955,52630.8984375,53012.97392524955,2935775,44.892298930923424,-175.00583375826682,-26.805984676087206,-148.1998490821796,0.007220966953723741,52726.4140625,-0.24890134448264756,-0.007207207207207262,0.005444620815619984
2025-05-30,52439.859375,52917.453722677594,52344.34050546448,52917.453722677594,3290048,43.388737420332646,-206.67423490354122,-46.77950865708928,-159.89472624645194,0.007238299842785077,52630.8984375,0.12067443860650084,-0.009025270758122709,-3.806361902344829e-08
2025-06-02,52153.30078125,52726.41397664835,52057.78191535027,52439.85737894917,2650970,41.161743370463434,-251.9897733660473,-73.67603769567629,-178.31373567037102,0.006820663953001019,52439.859375,-0.19424579823759414,-0.0054644808743168505,0.0018315411749957476
2025-06-03,53012.97265625,53490.567004504504,52248.8216990428,52248.8216990428,4318030,49.53073260725277,-216.0439086473125,-30.18413838155317,-185.85977026575932,0.007786544229880464,52153.30078125,0.6288490627958823,0.014625228519195526,0.005405432226348567
2025-06-04,54350.23828125,55209.9081310413,53012.97407046353,53299.53068706063,8429633,59.2423577703325,-78.74269516513596,85.69366008049869,-164.43635524563464,0.009513792210238358,53012.97265625,0.9521941718793061,0.019713261648745588,0.0017574683491073401
2025-06-05,53777.125,54541.27597690941,53777.125,54445.75710479574,2820718,54.410081428560275,-15.991605098868604,118.75580011741283,-134.74740521628144,0.009871629189855879,54350.23828125,-0.6653806873917287,-0.012280701754386,0.0017761480106924642
2025-06-06,52821.93359375,53872.64113358951,52630.89585923372,53872.64113358951,4131100,47.46150902756484,-42.8430101882841,73.52351602239787,-116.36652621068197,0.010639783891492621,53777.125,0.46455618746716265,-0.01950354609929075,0.001808318264014426
2025-06-09,52821.93359375,53777.122266331375,52821.93359375,52917.452461008135,3041347,47.46150902756484,-63.39219639579096,42.37946385191282,-105.77166024770378,0.009960711734991185,52821.93359375,-0.26379245237345983,-0.0018050541516245083,0.003616636528028852
2025-06-10,52821.93359375,53586.0845318151,52630.89585923372,53012.97132826627,3006169,47.461509027564844,-78.76956796695595,21.601673824598265,-100.37124179155421,0.009962653184339254,52821.93359375,-0.011566585463612,-0.003603603603603523,-1.259315406681364e-08
2025-06-11,52726.4140625,53108.489526721016,52630.89519644475,52821.93292855525,1724483,46.716363555343534,-97.53949897893472,2.2653942500955964,-99.80489322903031,0.009914059965907877,52821.93359375,-0.4263519449505334,-0.0018083182640144387,0.007246390961761362
2025-06-12,53395.046875,53681.60347719141,53012.971405411445,53108.49027280859,3246516,52.355266419155335,-57.79549408542516,33.60751931488413,-91.40301340030929,0.010046014827733336,52726.4140625,0.8826024959364633,0.0053956834532374025,-0.007155611636496011
2025-06-13,53012.97265625,53204.010395551806,52726.4160472973,53012.97265625,3538652,49.15412086413627,-56.47724566076795,27.940614191633074,-84.41785985240102,0.009898640795025806,53395.046875,0.08998446334470556,0.0,-0.0018017760651237666
2025-06-16,53777.125,54063.68161634103,52917.45515097691,52917.45515097691,4734519,55.070951862602044,6.1572071153786965,72.46005357422378,-66.30284645884508,0.010416320178518441,53012.97265625,0.3379442228283538,0.016245487364620965,0.001776186633846111
2025-06-17,53681.60546875,54159.19982345418,53586.08659780916,53872.64321063167,3412338,54.22157110534254,47.53982480761624,91.07413701316906,-43.534312205552816,0.010416219226893283,53777.125,-0.2792640604040242,-0.0035460992907801222,0.001779334697867301
2025-06-18,53490.56640625,54254.71735491072,53490.56640625,53777.12301199777,4104359,52.47826371420109,64.1807559077206,86.17205449061873,-21.99129858289814,0.01023211959069749,53681.60546875,0.20279966404265926,-0.005328596802841957,1.2366408311277404e-08
2025-06-19,53586.0859375,53872.642546791445,53204.01045844474,53490.567067736185,2633373,53.286976921518324,84.10690948007687,84.87856645038,-0.7716569703031375,0.010067238747968114,53490.56640625,-0.35839603699383993,0.0017857142857142932,0.0035650512729241924
2025-06-20,54063.6796875,54159.198556205825,53395.04760655919,53777.12308138251,4666374,57.20813694619101,136.8587316865669,110.10431092549602,26.75442076107087,0.010176183843327543,53586.0859375,0.772014067129875,0.005328596802841905,-0.010600720269422834
2025-06-23,53395.046875,53872.64121198568,53299.52800760286,53490.565742397135,3526767,50.78134125506872,123.2906331966442,77.22896994845865,46.06166324818554,0.01050426931991965,54063.6796875,-0.24421681588316757,-0.001785714285714238,0.005366715342681036
2025-06-24,53872.640625,53968.15949135638,53586.08402593085,53681.602892287236,2810703,54.6962900830114,149.35398186469683,82.63385489320903,66.7201269714878,0.010589342571915229,53395.046875,-0.20303694573528674,0.0035587188612099356,0.0017730987524579376
2025-06-25,54254.71875,55209.90746038732,53872.643265845065,53968.1621368838,6276981,57.60179746256076,198.55111136969936,105.46478751856924,93.08632385113012,0.010617263842511509,53872.640625,1.2332423596516602,0.005309734513274346,-4.9020150231730784e-08
2025-06-26,53872.640625,54445.7538231383,53777.12175864362,54254.716090425536,3120209,53.88041881643274,204.35401355887007,89.01415176619194,115.33986179267812,0.010766073839415535,54254.71875,-0.5029124669964748,-0.007042253521126837,0.007092225870515925
2025-06-27,55209.90625,55974.057201557094,53777.12321583045,54254.71756055363,8906332,62.91179330212631,313.24808634458896,158.32657964152867,154.9215067030603,0.011910333512839533,53872.640625,1.8544023813789399,0.01760563380281692,0.005190335452316598
2025-06-30,55400.9453125,56069.57741109914,55305.42644127155,55496.46418372845,4495276,63.99647593963501,410.23375990780187,204.24980256379325,205.98395734400862,0.011756741541449706,55209.90625,-0.49527190318079317,-0.0017211703958692353,0.006896562836397469
2025-07-01,54923.3515625,55783.021413043476,54636.794945652175,55783.021413043476,4072091,59.32528293478001,443.4460111620865,189.9696430544623,253.4763681076242,0.011590507621997127,55400.9453125,-0.09413993712510649,-0.01541095890410955,0.0017390833905048754
2025-07-02,55114.38671875,55400.94332214038,54732.31124756282,55018.867850953204,3779261,60.56519475210704,479.65276166145486,180.9411148430645,298.71164681839036,0.010219725433543068,54923.3515625,-0.07191145777439645,0.0017361111111111566,4.696260570329154e-08
2025-07-03,54923.3515625,55783.021413043476,54732.31381793478,55114.38930706521,5350539,58.64012775039325,487.3144738143965,150.88226159680488,336.4322122175916,0.009926418951776582,55114.38671875,0.4157632934057742,-0.0034662045060657614,-3.4945680766633716e-08
2025-07-04,55209.90625,55305.42511894464,54732.311905276816,54923.34964316609,2700639,60.660053471652304,510.62286183947435,139.35251969750618,371.2703421419682,0.008905458382309932,54923.3515625,-0.4952585150767054,0.005217391304347832,0.003460219629308267
2025-07-07,55305.42578125,55687.50126160406,55114.388041072976,55400.94465133852,3769261,61.33786874472367,530.685147123062,127.53184398487508,403.15330313818697,0.00889083598743687,55209.90625,0.3956922787532877,-0.0017241379310345638,0.0017271061231951112
2025-07-08,56356.1328125,56547.170550847455,55305.42525158898,55400.94412076271,7212064,67.89137141912023,624.1728529335887,176.8156398363214,447.35721309726733,0.009613516803671073,55305.42578125,0.9133893885300062,0.01724137931034487,0.005084748077200391
2025-07-09,57502.359375,57884.434852574755,56451.651811669435,56642.68955045681,9848148,73.22364742887234,781.742002324354,267.50783138166935,514.2341709426846,0.010250166403049057,56356.1328125,0.3655103448887864,0.015177065767285017,0.004983399225070096
2025-07-10,57024.765625,57884.43545854271,57024.765625,57788.91658814908,5404397,68.14554797008509,858.1862276040265,275.1616453290735,583.024582274953,0.010429849295410775,57502.359375,-0.4512270733542997,-0.013223140495867742,0.010050262942114923
2025-07-11,57120.28515625,58075.47387123745,57120.28515625,57597.87951374373,6940382,68.61436033735485,915.9183185342117,266.3149890074069,649.6033295268048,0.010144944004384013,57024.765625,0.28421024584241317,-0.008291873963515708,0.00334447102292195
2025-07-14,57597.87890625,58075.473258706465,56642.69020133706,57311.32229477612,6242143,70.91893294074221,988.8108448352432,271.36601224675064,717.4448325884925,0.009898491363397936,57120.28515625,-0.10060526927768532,0.0050000000000000435,0.004975101243373199
2025-07-15,57406.83984375,58457.54739496672,57406.83984375,57884.43418521214,6541284,68.74450205721946,1019.4122909988946,241.57396672832158,777.838324270573,0.009947452784173113,57597.87890625,0.04792280471626498,-0.008250825082508198,-0.0016638935108152719
2025-07-16,57406.83984375,57502.35871204243,56929.24550228785,57311.32097545757,4966353,68.74450205721948,1031.7705489220025,203.14577972114353,828.624769200859,0.009847622038325872,57406.83984375,-0.24076786759296798,0.0016666666666666306,0.0033277870216305437
2025-07-17,57406.83984375,57884.43418521214,57120.28323887271,57597.877580334854,6363587,68.74450205721948,1029.6948757971186,160.85608527700765,868.8387905201109,0.009872856517846593,57406.83984375,0.2813400497306575,-0.0033167495854062303,1.1529223952171216e-08
2025-07-18,57502.359375,58362.02919954319,57311.321636212626,57406.84050560631,5833240,69.33171677893195,1023.9540132970214,124.09217822152834,899.8618350754931,0.00979628422932521,57406.83984375,-0.08334088934432737,0.0016638935108152964,0.001661106432861058
2025-07-21,57311.3203125,58075.47125,57311.3203125,57597.8769140625,5509591,66.63528491366364,992.5476116140853,74.14862123087369,918.3989903832116,0.009235763782721618,57502.359375,-0.05548357345146093,-0.004975124378109467,2.309687891802639e-08
2025-07-22,57502.359375,57502.359375,56833.72728924419,57311.321636212626,4766106,67.97653718938555,971.8699558896769,42.77677240517221,929.0931834845047,0.009149221515281587,57311.3203125,-0.13494377350333264,0.0033333333333333106,0.003322228647524656
2025-07-23,58935.140625,58935.140625,57502.35762763371,57693.39536061588,9237999,75.82564564144452,1058.890012448741,103.83746317138889,955.052549277352,0.010329585269212878,57502.359375,0.9382697321461169,0.021523178807947026,0.006483008248464926
2025-07-24,60845.51953125,61132.07613814757,59317.217627796315,59317.217627796315,13535600,82.11884954446894,1267.3958952947432,249.87467681391286,1017.5212184808304,0.011741652890565378,58935.140625,0.46520907828632585,0.02576489533011264,0.0015698685815836908
2025-07-25,60367.92578125,60941.039000692246,60272.40691134296,60941.039000692246,5132723,76.74031108011266,1378.2133004271382,288.5536655570461,1089.659634870092,0.011273253919682343,60845.51953125,-0.6207982653151689,-0.009404388714733532,0.0015822894362169377
2025-07-28,60463.4453125,61036.5585382109,60176.88869964455,60463.4453125,8472643,77.06387471508224,1456.9497109248623,293.8320608438162,1163.1176500810461,0.01129048810723972,60367.92578125,0.6507111332522717,0.0,-1.093789734173198e-08
2025-07-29,60367.92578125,61323.11448032041,59985.85030162183,60463.44465115704,10967720,75.92642182009095,1494.4145746518552,265.03753965664737,1229.3770349952079,0.010966898007115474,60463.4453125,0.2944862659739116,-0.0015797788309636833,-0.0031645898798887077
2025-07-30,60081.3671875,60654.480388016695,59985.848320747216,60176.886054252784,6086980,72.47060735395969,1483.877647590074,203.60049007589282,1280.2771575141812,0.011171134745729177,60367.92578125,-0.4450095370778977,-0.0015873015873016116,0.0015898323547215744
2025-07-31,58457.546875,60654.48082618464,57693.39593545752,60176.886488970595,11399420,56.7170018448959,1329.1764103184178,39.11940224338923,1290.0570080750285,0.013115441208833454,60081.3671875,0.8727546336606988,-0.028571428571428675,0.003267971174594329
2025-08-01,57311.3203125,58648.584453125,57311.3203125,58648.584453125,5322282,48.673775636904644,1101.3875509424106,-150.9355657060944,1252.323116648505,0.014055912856997753,58457.546875,-0.5331094038117729,-0.02280130293159604,-0.0033332874460043345
2025-08-04,57693.3984375,58075.473923841055,57120.28520798841,57120.28520798841,4362896,51.16010210790917,940.8482374604428,-249.17990335044988,1190.0281408108926,0.014094899153503251,57311.3203125,-0.1802583929224344,0.010033444816053512,0.0016555946088561725
2025-08-05,57406.83984375,58744.10399984401,57311.32097545757,57788.915316919716,9573774,49.233784037114816,781.4882808154725,-326.83188799633626,1108.3201688118088,0.013602619832424782,57693.3984375,1.1943621851174084,-0.006611570247933867,0.004991682986708692
2025-08-06,58553.06640625,58935.14188035277,57693.39658951876,57693.39658951876,6083357,56.31868824372202,739.164641354997,-295.3244219654496,1034.4890633204466,0.0135750080233346,57406.83984375,-0.36458109414322926,0.014900662251655676,0.009787950013478767
2025-08-07,58170.9921875,59221.69976395731,58075.473316912976,59126.18089337028,4748027,53.631835890131306,667.1027110357609,-293.90908182774854,961.0117928635094,0.01351653451543052,58553.06640625,-0.2195054474034649,-0.016155088852988667,0.0016420247301772329
2025-08-08,58075.47265625,59030.661351254115,57884.43491724918,58266.51039525082,6700994,52.95169285933862,595.4218319561769,-292.47196872586596,887.8938006820429,0.013529219150976669,58170.9921875,0.411321797453974,-0.003278688524590151,0.0032894860835018932
2025-08-11,58744.10546875,59317.21869283536,58170.99224466463,58266.51111534553,5995341,57.05703883628242,585.8143951336388,-241.66352443872336,827.4779195723621,0.013638427528398351,58075.47265625,-0.10530572031552332,0.008196721311475398,0.009756064640479024
2025-08-12,59030.66015625,59603.773361650485,58648.584685983005,59317.21675895024,5417050,58.719513677282585,594.4703169093336,-186.40608213042287,780.8763990397565,0.01362267134667702,58744.10546875,-0.09645673198572025,-0.004830917874396129,0.0032362332422132102
2025-08-13,58362.02734375,59317.21600731383,58075.47074468085,59221.69714095745,6211319,53.51365297593367,541.1392014411831,-191.78975807885877,732.9289595200419,0.01391979816508645,59030.66015625,0.1466239004624288,-0.01451612903225807,0.003273323837097919
2025-08-14,58935.140625,59412.734957455425,58266.5085595624,58553.06515903566,6400954,57.030158587140306,538.9071738499988,-155.2174285360345,694.1246023860333,0.014058249901731852,58362.02734375,0.03053055236737956,0.006525285481239787,0.0048622911120917885
2025-08-15,58266.51171875,59412.73817879098,58266.51171875,59221.70043545082,5667842,52.08034226774591,477.6791235423734,-173.15638307492793,650.8355066173013,0.014343844624380667,58935.140625,-0.1145316776218045,-0.016129032258064474,0.001639310078350188
2025-08-18,57979.953125,58553.066335461284,57884.43425658978,58362.028598640856,4833737,50.07442308822641,401.40541712139384,-199.5440715967261,600.9494887181199,0.014372144545282283,58266.51171875,-0.14716447635625696,-0.0065466448445171774,0.001647423480165656
2025-08-19,57788.9140625,58457.54612603306,57693.395196280995,58075.47066115703,5280509,48.72700388102743,321.8328111833398,-223.2933420278241,545.1261532111639,0.014384104262277016,57979.953125,0.09242786688642757,-0.004934210526315863,1.013927170912897e-08
2025-08-20,57311.3203125,58170.9901171875,56929.24484375,57788.9146484375,6346136,45.43543738929654,217.72334429531475,-261.92224713267933,479.6455914279941,0.013271527564729753,57788.9140625,0.20180384125848483,-0.00826446280991738,0.0016666782536009124
2025-08-21,57406.83984375,58170.99079008943,56929.24550228785,57406.83984375,6616129,46.21794496020214,141.29471211187047,-270.6807034528989,411.9754155647694,0.010688384818603153,57311.3203125,0.04254447115536131,0.0,-0.004991637279442188
2025-08-22,56069.578125,57215.804594335605,55878.54038011073,57120.28572189097,7210343,38.00144443149911,-26.871615021736943,-351.0776244692051,324.20600944746815,0.011588660639578939,57406.83984375,0.08981294046715238,-0.018394648829431426,0.003407155025553684
2025-08-25,56069.578125,56929.2479770017,56069.578125,56260.61586988927,3363985,38.00144443149912,-158.31963069596532,-386.0205121147468,227.70088141878148,0.011556616139593448,56069.578125,-0.533450073040908,-0.0033955857385399193,-0.001703598948382252
2025-08-26,57024.765625,57406.84110657454,55878.53918027638,55974.05805067001,2994293,45.95998288733656,-183.30446199975268,-328.80427473482735,145.49981273507464,0.01245149393677433,56069.578125,-0.10989704175256432,0.01877133105802054,-4.370473132689265e-08
2025-08-27,57788.9140625,58457.54612603306,56833.72540030992,57024.76313274794,4854223,51.34127151288163,-139.83282242865243,-228.26610813098165,88.43328570232923,0.01295108617363385,57024.765625,0.621158316838065,0.013400335008375112,0.008264520349585865
2025-08-28,58266.51171875,58744.106077100405,57979.955103739754,58266.51171875,4283449,54.39778216610223,-66.08135078543273,-123.61170919020958,57.53035840477684,0.011684371830040839,57788.9140625,-0.11758297877950807,0.0,0.004918020385296611
2025-08-29,57597.87890625,58553.06761116294,57597.87890625,58553.06761116294,4170598,49.69170308134598,-60.88402498763753,-94.73150671393151,33.84748172629397,0.011096425992361688,58266.51171875,-0.02634582552517839,-0.016313213703099527,1.9849562270383254e-09
2025-09-03,58744.10546875,58744.10546875,57597.87902057927,57597.87902057927,4773459,56.620117618240194,35.318665736987896,1.1769472085551413,34.141718528432754,0.011863613560753048,57597.87890625,0.14455025394439835,0.01990049751243781,0.0032519998118768307
2025-09-04,59030.66015625,59699.29222921723,58744.10355354975,58935.14128868325,4233882,58.17105027560772,133.14771569802542,79.20479773567413,53.94291796235129,0.011808445834970163,58744.10546875,-0.11303689840009101,0.0016207455429498373,0.0016181546482360372
2025-09-05,58170.9921875,59221.69976395731,58170.9921875,59126.18089337028,5320365,52.147581620536194,139.69955259686685,68.60530770761244,71.09424488925441,0.011480190820756665,59030.66015625,0.2566162684741804,-0.016155088852988667,-3.424044649573484e-08
2025-09-08,57884.43359375,59126.17886886345,57884.43359375,58170.990195699254,7138677,50.278661114051815,120.38136545097223,39.42969644937425,80.95166900159798,0.01143979016724316,58170.9921875,0.34176452179502714,-0.0049261083743841845,3.323819127819042e-08
2025-09-09,57597.87890625,58266.51099968905,57406.84116526741,57884.435517723876,3522635,48.41024874314893,81.01510283866082,0.05074706965027076,80.96435576901055,0.011485800436963947,57884.43359375,-0.5065423186957472,-0.004950495049504868,0.0033167601675430313
2025-09-10,57120.28515625,57884.43612823996,57024.766284751255,57788.91725674122,3492098,45.38319652542458,11.150693637122458,-55.85092970551048,67.00162334263294,0.011260716113423094,57597.87890625,-0.008668794808431746,-0.011570247933884233,-4.246213640995783e-08
2025-09-11,58457.546875,58457.546875,56738.20726102941,57120.28273080066,5165742,54.04750919675922,62.962695973379596,-3.231141895402672,66.19383786878227,0.012494365925509775,57120.28515625,0.4792660457982565,0.02341137123745808,0.0016340127686245674
2025-09-12,60367.92578125,60654.48239097112,58266.51064329509,58553.06725301622,13992330,63.06246384040383,255.2335200006637,151.23174570550515,104.00177429515855,0.014226226038179192,58457.546875,1.7086776691518857,0.030995106035889057,0.0031645459547361247
2025-09-15,60272.40625,60654.48172543582,59985.84964342314,60558.962856576865,3536437,62.40326091567235,395.3446187257359,233.0742755444619,162.27034318127403,0.014115387954339491,60367.92578125,-0.7472588911210643,-0.0047318611987382225,0.0063391259698462755
2025-09-16,61800.70703125,62469.33910113988,60367.92402434313,60654.4806257245,12830310,68.14145758573439,622.5286516302731,368.2066467591992,254.32200487107386,0.01476702154195476,60272.40625,2.628032960858627,0.018897637795275552,0.001545637840816693
2025-09-17,62182.78515625,63233.49273953533,61896.228542626726,61896.228542626726,9878693,69.39890613397938,823.9066628616856,455.6677263924894,368.23893646919623,0.01465993236324489,61800.70703125,-0.230050326141769,0.00462962962962966,-3.43725689605358e-08
2025-09-18,60750.0,62373.82075471698,60654.481132075474,62182.78301886793,5070426,59.85780135262878,857.995956486171,391.8056160135799,466.1903404725912,0.015771984729209588,62182.78515625,-0.4867310888191383,-0.02304147465437795,0.003144672814615664
2025-09-19,59221.69921875,61036.55774319557,59221.69921875,60941.0388734879,5309807,51.69389942933396,753.0106289812902,229.45623080695918,523.554398174331,0.01680408034880959,60750.0,0.047211220516777175,-0.0282131661442006,0.0016129021498103916
2025-09-22,58648.5859375,59985.850111970685,58648.5859375,59317.218024735346,5294211,48.99524501518727,616.457411161442,74.32241038968868,542.1350007717533,0.016998249881408495,59221.69921875,-0.002937206568901618,-0.011272141706924386,0.0016286870215173122
2025-09-23,58839.625,59699.294845779215,58744.10612824675,58744.10612824675,3431691,49.9335015267348,517.6856994944828,-19.559441021816383,537.2451405162992,0.015990913431401143,58648.5859375,-0.35180312987147655,0.001626016260162674,0.004870108350322437
2025-09-24,59221.69921875,59221.69921875,58266.51052167339,59126.18034904234,3219465,51.84156799151006,464.8797582369589,-57.89230582347227,522.7720640604311,0.016002649988471597,58839.625,-0.06184298061801019,0.0016155088852988335,0.004838719915628932
2025-09-25,58744.10546875,59603.77530487805,58744.10546875,59508.25643419715,2757739,49.311733363557245,380.11116029174445,-114.1287230149494,494.23988330669386,0.0158155310966242,59221.69921875,-0.14341699630218063,-0.012841091492776844,-4.5273895017775193e-08
2025-09-26,58362.02734375,59030.65940824468,58362.02734375,58744.102809175536,2494919,47.3221739439558,278.88609882137825,-172.28302758825248,451.16912640963073,0.01565969969824122,58744.10546875,-0.09530270993737988,-0.006504065040650478,4.32889408169931e-08
2025-09-29,57597.87890625,58457.54874067164,57502.360035758706,58362.02987018035,5141232,43.538687219908645,135.44281520418008,-252.58104896436055,388.0238641685406,0.0158374236688734,58362.02734375,1.0606809279179004,-0.01309328968903436,0.0016583401474813083
2025-09-30,57311.3203125,58075.47125,57311.3203125,57693.39578125,3112607,42.17685953945296,-1.3444066777155967,-311.49461667700496,310.15020999928936,0.015665196653719002,57597.87890625,-0.3945795482483576,-0.006622516556291411,0.011666704641123276
2025-10-01,59317.21875,59699.29423309179,57502.36020531401,57979.95455917875,4530998,53.209607599148384,51.516128533643496,-206.9072651725167,258.4233937061602,0.016989424390256788,57311.3203125,0.4556922862410835,0.02306425041186157,0.006441188744314499
2025-10-02,58457.546875,59794.81101919935,58457.546875,59699.29215175654,3409526,48.90308487199506,23.76618599514768,-187.72576616881003,211.4919521639577,0.017283604130746016,59317.21875,-0.2475110339929526,-0.020800000000000082,0.0016339982834765506
2025-10-03,58553.06640625,59508.25509150694,58457.547537724306,58553.06640625,4003694,49.3931906152401,9.373729963626829,-161.6945777602647,171.06830772389154,0.016958843160673448,58457.546875,0.17426703887871797,0.0,0.022838490217348517
2025-10-06,59603.7734375,59890.3300405649,59030.66023137019,59890.3300405649,4058047,54.55663744330084,81.8078511786589,-71.40836523618614,153.21621641484504,0.017343065385037812,58553.06640625,0.013575712829202224,-0.0047846889952152276,0.004807712470857586
2025-10-07,58648.5859375,59890.33124236564,58648.5859375,59890.33124236564,3722157,49.60189902486414,61.42865439637535,-73.43004961477575,134.8587040111511,0.01773581004879473,59603.7734375,-0.08277134296374589,-0.020733652312599743,0.01465800582540662
2025-10-08,60558.96484375,60654.48371574329,58935.14401986396,59508.257251823736,5927644,57.84733684901255,197.15690408950468,49.83856006268286,147.31834402682182,0.01891720386854967,58648.5859375,0.5925292780503348,0.01765650080256826,-5.486365392128292e-08
2025-10-09,60081.3671875,60654.480388016695,59794.810587241656,60558.96152126391,3303747,55.406775219142155,263.1509401984804,92.66607693732686,170.48486326115352,0.01843662394996516,60558.96484375,-0.442654282207231,-0.007886435331230283,0.007949135468115185
2025-10-10,59603.7734375,60558.96211438301,59603.7734375,60558.96211438301,4980079,52.99879170691178,273.7581515066777,82.61863059641934,191.13952091025834,0.01700676209162503,60081.3671875,0.5074032606007663,-0.01577287066246049,-0.003205082476295634
2025-10-13,61132.078125,61227.596997070315,59030.66293945313,59412.73842773437,6314936,59.12123038914083,400.8649371298234,167.78033297565202,233.08460415417136,0.01797735285492421,59603.7734375,0.26803932226777927,0.028938906752411602,0.006249945321473427
2025-10-14,60654.48046875,61514.15027066929,60463.44273499016,61514.15027066929,5368265,56.63831088763365,457.782805855888,179.75856136137327,278.02424449451473,0.01710754393732377,61132.078125,-0.14990983281540782,-0.013975155279503113,0.004724420436618805
2025-10-15,60750.0,61514.15094339623,60750.0,60941.03773584906,4653477,57.02702408418209,504.7794712440518,181.40418139962964,323.3752898444222,0.017039487501604805,60654.48046875,-0.13315065482050537,-0.003134796238244548,0.0008230452674897119
2025-10-16,61200.0,61200.0,60200.0,60800.0,5180885,58.89644662963559,571.7451837704575,198.69591514082822,373.0492686296293,0.01631393774051172,60750.0,0.11333632894285284,0.006578947368421052,-0.0032679738562091504
2025-10-17,58800.0,61200.0,58800.0,61000.0,6200477,47.122462743936836,426.2425917752407,42.554658516489155,383.68793325875157,0.01771967389759875,61200.0,0.19679880946981076,-0.036065573770491806,0.0017006802721088435
2025-10-20,55000.0,59400.0,55000.0,58900.0,8762669,35.143146608503116,4.253465946792858,-303.547573849567,307.8010397963599,0.022797407877546434,58800.0,0.41322498252956996,-0.06621392190152801,0.02
2025-10-21,56500.0,58000.0,56100.0,56100.0,7079112,41.46851645763341,-206.75514791819296,-411.6449501716423,204.88980225344932,0.023754274402017578,55000.0,-0.19212833441500532,0.0071301247771836,0.010619469026548672
2025-10-22,56300.0,57300.0,55700.0,57100.0,3863715,40.89580973481302,-385.67351891876024,-472.45065693776763,86.7771380190074,0.023676722375679683,56500.0,-0.4542090872414506,-0.014010507880910683,0.003552397868561279
2025-10-23,56600.0,57100.0,56300.0,56500.0,2331775,42.18561932757877,-497.5249660682748,-467.4416832698258,-30.083282798449048,0.02369321233897898,56300.0,-0.3964940478270266,0.0017699115044247787,0.00530035335689046
2025-10-24,58100.0,58100.0,56100.0,56900.0,3966518,48.26483883171216,-459.82994641541154,-343.79733089357,-116.03261552184155,0.02446946796619511,56600.0,0.7010723590397874,0.0210896309314587,0.0051635111876075735
2025-10-27,57000.0,58400.0,57000.0,58400.0,3010562,44.56414123094422,-512.8058717994572,-317.41860502209255,-195.3872667773647,0.02466874739340383,58100.0,-0.24100634359909623,-0.023972602739726026,0.0035087719298245615
2025-10-28,57400.0,57400.0,56800.0,57200.0,2083083,46.180162635645104,-516.5584529772896,-256.93694895993985,-259.6215040173497,0.02469304955342199,57000.0,-0.3080750371525317,0.0034965034965034965,0.0017421602787456446
2025-10-29,57500.0,57900.0,57100.0,57500.0,1978627,46.599272798896045,-505.6345954615972,-196.81047315539797,-308.82412230619923,0.023319944074689812,57400.0,-0.05014490541183425,0.0,0.0052173913043478265
2025-10-30,57100.0,57900.0,57000.0,57800.0,1912994,45.086825857986994,-523.2226319326437,-171.51880770115554,-351.70382423148817,0.02315572504467153,57500.0,-0.033170981695893165,-0.012110726643598616,0.005253940455341506
2025-10-31,57600.0,57700.0,57100.0,57400.0,2635121,47.38562040657631,-491.15374162440276,-111.55993391433168,-379.5938077100711,0.02325156975484826,57100.0,0.3774852404137179,0.003484320557491289,0.001736111111111111
2025-11-03,57300.0,58300.0,57300.0,57700.0,2650880,46.13761998507835,-484.3629729598397,-83.81533219981486,-400.5476407600248,0.02285480273302358,57600.0,0.005980370540859425,-0.006932409012131715,0.005235602094240838
2025-11-04,57300.0,57900.0,56300.0,57600.0,4342379,46.137619985078345,-473.5227642003083,-58.380098752226786,-415.1426654480815,0.022606314439994075,57300.0,0.6380896155239015,-0.005208333333333333,0.0
2025-11-05,58000.0,58500.0,57100.0,57300.0,3837352,49.72106221155312,-403.7929964918367,9.079735164995896,-412.87273165683257,0.021447717284109078,57300.0,-0.11630191653008637,0.012216404886561954,0.0
2025-11-06,58000.0,58500.0,57600.0,58000.0,2247013,49.72106221155313,-344.55978251521447,54.65035931329453,-399.210141828509,0.021404962566064317,58000.0,-0.41443656980125876,0.0,-0.006896551724137931
2025-11-07,57600.0,58400.0,57500.0,57600.0,3256879,47.621405037203836,-326.1342184877649,58.46073867259531,-384.5949571603602,0.02138966128223952,58000.0,0.44942597127831485,0.0,0.001736111111111111
2025-11-10,57000.0,57900.0,57000.0,57700.0,2681629,44.58032949365552,-355.8448538681041,23.000082633804936,-378.84493650190905,0.020483205391718776,57600.0,-0.1766261503727955,-0.012131715771230503,0.0
2025-11-11,58900.0,59000.0,57000.0,57000.0,5158812,54.4911179196708,-223.50025362344604,124.27574630277041,-347.77599992621646,0.022014091412706438,57000.0,0.9237605201912718,0.03333333333333333,-0.001697792869269949
2025-11-12,59800.0,60000.0,58500.0,58800.0,5174587,58.29563365269068,-45.46958102579083,241.8451351203405,-287.31471614613133,0.022317288762008173,58900.0,0.0030578745649192385,0.017006802721088437,0.0
2025-11-13,61800.0,62000.0,59700.0,59800.0,9756979,65.2483007038361,254.07547107807477,433.1121497793649,-179.03667870129013,0.023532092883486833,59800.0,0.8855570502534791,0.033444816053511704,-0.0016181229773462784
2025-11-14,62800.0,63300.0,61600.0,61700.0,10164170,68.11093807764114,565.6383982696716,595.7400615767693,-30.10166330709778,0.021774309748258284,61800.0,0.04173330700004585,0.017828200972447326,0.0015923566878980893
2025-11-17,62100.0,63300.0,61800.0,62900.0,4211610,64.12871527998755,747.45392927996,622.0444740696462,125.4094552103138,0.015279863338976414,62800.0,-0.5856415231150207,-0.012718600953895072,-0.001610305958132045
2025-11-18,60700.0,62300.0,60500.0,62000.0,5724177,56.95630420463826,769.7030897093282,515.4349075992116,254.2681821101167,0.015717887884836756,62100.0,0.35914222826899933,-0.020967741935483872,0.0
2025-11-19,60900.0,61900.0,60500.0,60700.0,4463797,57.684418552380784,794.3176388809516,432.03956541666787,362.2780734642837,0.01562604330406571,60700.0,-0.22018536463844496,0.0032948929159802307,0.008210180623973728
2025-11-20,60700.0,61600.0,60500.0,61400.0,2964241,56.65238710034854,788.5960732589301,341.0543998357171,447.541673423213,0.01570741121375382,60900.0,-0.3359373197302655,-0.011400651465798045,-0.006589785831960461
2025-11-21,59900.0,60700.0,59700.0,60300.0,4198226,52.59866641127602,711.3088514951451,211.01374245754562,500.29510903759945,0.015161560194398217,60700.0,0.4162903758500067,-0.006633499170812604,0.00333889816360601
2025-11-24,63000.0,63400.0,60100.0,60100.0,10187780,63.4981683982305,889.9435483868219,311.71875147937794,578.224796907444,0.018073705319367115,59900.0,1.4266868910820905,0.048252911813643926,0.0
2025-11-25,61900.0,63200.0,61900.0,63000.0,4916206,58.369357549546294,932.0084129214811,283.0268928112296,648.9815201102515,0.018757800684260008,63000.0,-0.5174408948760181,-0.01746031746031746,0.006462035541195477
2025-11-26,62800.0,63200.0,62300.0,62300.0,3911460,61.135312913272045,1026.1389089196018,301.7259110474803,724.4129978721215,0.018896446647866525,61900.0,-0.20437426747373888,0.008025682182985553,0.0031847133757961785
2025-11-27,62000.0,63400.0,62000.0,63000.0,4017559,57.479553546465404,1024.3763185030984,239.97065650478146,784.405661998317,0.019125182787818863,62800.0,0.027125165539210405,-0.015873015873015872,0.0032258064516129032
2025-11-28,64000.0,64500.0,62200.0,62200.0,12035500,63.37583125758353,1170.8657269402756,309.1680519535669,861.6976749867088,0.02011026572224201,62000.0,1.9957245182958108,0.028938906752411574,0.0046875
2025-12-01,64900.0,65900.0,64300.0,64300.0,9124595,65.68204080210606,1344.0883036139567,385.91250290179823,958.1758007121584,0.020033154640778348,64000.0,-0.24185991441984134,0.00933125972006221,-0.0015408320493066256
2025-12-02,65000.0,65600.0,64500.0,64800.0,6773662,65.93868683181168,1472.4639599410366,411.43052738310257,1061.033432557934,0.020010055118827023,64900.0,-0.25764792848340123,0.0030864197530864196,0.0015384615384615385
2025-12-03,64600.0,65200.0,64000.0,65100.0,5457207,63.88076956688012,1524.3541298845812,370.65655786131765,1153.6975720232635,0.020155513893910283,65000.0,-0.19434908325806632,-0.007680491551459293,0.006191950464396285
2025-12-04,63400.0,65100.0,63400.0,65000.0,5927754,58.02959452076253,1451.9107686735733,238.57055732024787,1213.3402113533255,0.02084310170602725,64600.0,0.08622487657147704,-0.024615384615384615,0.0031545741324921135
2025-12-05,63400.0,64500.0,63400.0,63600.0,3643904,58.02959452076254,1378.607157825376,132.21355717764027,1246.3936006477356,0.02069831313994682,63400.0,-0.38528083317897466,-0.0031446540880503146,-0.0015772870662460567
2025-12-08,63500.0,64500.0,63200.0,63300.0,3328396,58.39787322396952,1313.4421389804847,53.63883066619928,1259.8033083142855,0.020399439974583117,63400.0,-0.08658515701840663,0.00315955766192733,0.0
2025-12-09,62500.0,64100.0,62500.0,63500.0,5397946,53.35589959085502,1167.6468434298586,-73.72517190754161,1241.3720153374002,0.019833056246837042,63500.0,0.6217859894075104,-0.015748031496062992,-0.0016
2025-12-10,63100.0,64500.0,62300.0,62400.0,3501890,55.82057392597282,1087.9764911502498,-122.71641934972035,1210.6929104999701,0.019690444813658732,62500.0,-0.3512550885095923,0.011217948717948718,-0.001584786053882726
2025-12-11,61500.0,63500.0,61500.0,63000.0,4914755,48.46606032637757,885.5227793511294,-260.13610491907275,1145.6588842702022,0.019270540786316955,63100.0,0.4034578470483081,-0.023809523809523808,0.0032520325203252032
2025-12-12,60200.0,62000.0,60200.0,61700.0,4456434,43.45626371387352,613.1100674931149,-426.0390534216699,1039.1491209147848,0.019420449821571237,61500.0,-0.09325408896272547,-0.024311183144246355,0.0016611295681063123
2025-12-15,62000.0,62600.0,60300.0,60300.0,4298916,51.007616812314694,536.2840389149787,-402.29206559984493,938.5761045148237,0.02053279570624638,60200.0,-0.03534619832808028,0.028192371475953566,0.0
2025-12-16,64200.0,64400.0,61700.0,62000.0,7222280,58.33209658167288,645.4797824629932,-234.4770576414644,879.9568401044576,0.02124939296152141,62000.0,0.6800235222088544,0.035483870967741936,-0.001557632398753894
2025-12-17,62900.0,64100.0,62900.0,64100.0,2459070,53.264613015839856,619.9724045309486,-207.98754845880717,827.9599529897557,0.02187621054239367,64200.0,-0.6595161084865167,-0.0187207488299532,0.011128775834658187
2025-12-18,63900.0,64000.0,62900.0,63600.0,3120346,56.4021655870826,672.694858806055,-124.21207534696066,796.9069341530156,0.02205939858306881,62900.0,0.26891304436229957,0.0047169811320754715,-0.003129890453834116
2025-12-19,64000.0,64000.0,63000.0,63700.0,3053388,56.715109261270754,714.3127946762252,-66.0753115814324,780.3881062576576,0.021741318243625633,63900.0,-0.021458517741301808,0.004709576138147566,-0.0015625
2025-12-22,63200.0,63900.0,63100.0,63900.0,98764200,53.412058514333,674.9614590226411,-84.34131778801327,759.3027768106543,0.018788455879867546,64000.0,31.345774595302004,-0.010954616588419406,0.004746835443037975
2025-12-23,62600.0,64100.0,62300.0,63500.0,4698246,51.01245945839439,588.5755241484949,-136.58180212972752,725.1573262782224,0.018473347847786512,63200.0,-0.952429665810081,-0.014173228346456693,0.003194888178913738
2025-12-24,61500.0,62900.0,61500.0,62800.0,4969706,46.856288797898145,426.43753501178435,-238.97583301315046,665.4133680249348,0.018604344805375927,62600.0,0.05777900944309855,-0.020700636942675158,0.0016260162601626016
2025-12-25,61300.0,62300.0,61300.0,61600.0,2367500,46.12053345353574,278.5922439786227,-309.4568992370497,588.0491432156724,0.01840601077298148,61500.0,-0.523613670506867,-0.00487012987012987,0.004893964110929853
2025-12-26,61500.0,62300.0,61200.0,61600.0,2449027,47.016498113959216,175.5386143204014,-330.0084231162169,505.54703743661827,0.01676655212383639,61300.0,0.03443590285110876,-0.0016233766233766235,0.0
2025-12-29,62100.0,62200.0,61400.0,61500.0,1948595,49.717886657330446,140.6613988979152,-291.9085108309625,432.5699097288777,0.016577935082275706,61500.0,-0.20433911100204283,0.00975609756097561,0.0
2025-12-30,61800.0,62300.0,61700.0,62100.0,1585778,48.38941749852222,87.80134238288156,-275.8148538767969,363.6161962596785,0.0165660563105025,62100.0,-0.18619415527598093,-0.004830917874396135,0.0016181229773462784
2025-12-31,61200.0,62000.0,61200.0,61900.0,1911265,45.75610417984809,-2.4770647714321967,-292.8746088248885,290.39754405345633,0.01662750764918465,61800.0,0.20525382493640354,-0.011308562197092083,0.0016339869281045752
2026-01-05,60300.0,61500.0,60000.0,61300.0,2828039,42.058801724458114,-144.97465368411213,-348.29775819005476,203.32310450594264,0.01645303147897529,61200.0,0.4796687010958711,-0.01631321370309951,0.003316749585406302
2026-01-06,60800.0,60900.0,60300.0,60500.0,2968032,44.73077137336196,-215.0798911093225,-334.7223964922121,119.64250538288961,0.016619671609254347,60300.0,0.049501792584897064,0.0049586776859504135,0.0
2026-01-07,60900.0,61500.0,60500.0,60800.0,3232586,45.27433424051363,-259.57738605945633,-303.37591315387675,43.79852709442042,0.016620434217563363,60800.0,0.0891344837252428,0.001644736842105263,0.003284072249589491
2026-01-08,62200.0,63400.0,61100.0,61100.0,5647246,51.89745223925793,-187.7782452248357,-185.2614178554049,-2.5168273694308,0.0170643410025202,60900.0,0.7469747131244149,0.01800327332242226,0.003215434083601286
2026-01-09,61000.0,62500.0,61000.0,62400.0,4175610,46.3242773782982,-225.11192981053318,-178.0760819528819,-47.03584785765128,0.017418989256749083,62200.0,-0.26059357074226974,-0.022435897435897436,0.001639344262295082
2026-01-12,62700.0,62700.0,61100.0,61100.0,4154396,53.88033310393108,-116.1840538613178,-55.318564802933224,-60.86548905838458,0.017654293723360782,61000.0,-0.005080455310721099,0.02618657937806874,0.003189792663476874
2026-01-13,63300.0,64900.0,62800.0,62900.0,6773084,56.22269137625909,18.345581755427702,63.36885665104983,-45.02327489562213,0.016937979725295402,62700.0,0.6303414503576452,0.006359300476947536,0.004739336492890996
2026-01-14,67700.0,67700.0,63400.0,63600.0,25075430,68.75505597841722,474.5343779593677,415.6461222839919,58.88825567537584,0.021885280876877702,63300.0,2.7022174832026296,0.06446540880503145,0.033973412112259974
2026-01-15,71000.0,72400.0,69500.0,70000.0,18262440,74.62282691450758,1089.7873165469646,824.719248697271,265.0680678496936,0.02303965349999796,67700.0,-0.2716998272811274,0.014285714285714285,0.0014084507042253522
2026-01-16,69600.0,73000.0,69100.0,71100.0,13596580,68.7260641842963,1447.7229542831483,946.1239091467637,501.5990451363846,0.023008961491517693,71000.0,-0.2554894088632187,-0.02109704641350211,0.0028735632183908046
2026-01-19,70600.0,71000.0,68300.0,69800.0,10404310,70.51812873567553,1791.4306709792145,1031.8653006742638,759.5653703049506,0.022974445617440265,69600.0,-0.23478477676003817,0.011461318051575931,0.012747875354107648
2026-01-20,73400.0,75500.0,71100.0,71500.0,21613380,74.86172368095717,2263.6640026245223,1203.2789058556573,1060.385096768865,0.024199985277467917,70600.0,1.07734871413866,0.026573426573426574,-0.005449591280653951
2026-01-21,70300.0,73000.0,70000.0,73000.0,11305650,63.676124726189045,2360.5571940545997,1040.1376778285876,1320.419516226012,0.026293362106801416,73400.0,-0.4769143003084201,-0.036986301369863014,0.011379800853485065
2026-01-22,70900.0,72800.0,70000.0,71100.0,8068160,64.7732255480138,2457.432974302632,909.610766461296,1547.822207841336,0.026054427674323352,70300.0,-0.2863603596431873,-0.0028129395218002813,-0.021156558533145273
2026-01-23,67200.0,70100.0,67200.0,69400.0,16077810,53.951572020484505,2210.171172795497,529.8791719633286,1680.2920008321685,0.028751967477038565,70900.0,0.9927480367270853,-0.03170028818443804,0.002976190476190476
2026-01-26,68900.0,69300.0,67400.0,67400.0,8877470,57.46758166946907,2126.8729388762877,357.2647504352951,1769.6081884409925,0.029036823898334802,67200.0,-0.44784333189657044,0.02225519287833828,-0.00725689404934688
2026-01-27,67700.0,68600.0,66100.0,68400.0,9152832,54.3149609240651,1941.6464258184715,137.63058990198306,1804.0158359164884,0.029513399064415604,68900.0,0.031018071590216634,-0.01023391812865497,0.0
2026-01-28,67700.0,69500.0,67200.0,67700.0,11424220,54.31496092406509,1774.3989135843585,-23.693537865704002,1798.0924514500625,0.029515190974838592,67700.0,0.2481623174117038,0.0,0.011816838995568686
2026-01-29,71100.0,71100.0,67900.0,68500.0,10053050,61.29261829692058,1894.3685388871527,77.02086994967203,1817.3476689374806,0.031100456514399164,67700.0,-0.12002307378534371,0.03795620437956204,0.005625879043600563
2026-01-30,70600.0,72500.0,70500.0,71500.0,7859480,59.845048108210456,1926.887549721112,87.631904626905,1839.255645094207,0.031028233859885616,71100.0,-0.21819945190763002,-0.012587412587412588,0.00424929178470255
2026-02-02,72600.0,72600.0,70300.0,70900.0,10796840,63.55302966030876,2089.950734280821,200.55607134929096,1889.39466293153,0.030890101524752717,70600.0,0.373734649111646,0.023977433004231313,0.004132231404958678
2026-02-03,71600.0,73600.0,71300.0,72900.0,7356078,60.54269425506413,2114.117608402754,179.77835637697876,1934.339252025775,0.03133670971708489,72600.0,-0.3186823181597579,-0.01783264746227709,0.002793296089385475
2026-02-04,72000.0,72600.0,70800.0,71800.0,7685564,61.331696824202545,2140.8680925905646,165.2230724518315,1975.6450201387331,0.03130256290261637,71600.0,0.044790987806273996,0.002785515320334262,-0.001388888888888889
2026-02-05,69100.0,72200.0,69100.0,71900.0,8072123,53.04934448221007,1906.0900606283976,-55.64396760826844,1961.734028236666,0.0329968201161279,72000.0,0.05029676416721007,-0.03894297635605007,-0.011577424023154847
2026-02-06,69100.0,70700.0,68200.0,68300.0,6710241,53.049344482210074,1700.425334041196,-209.04695535637597,1909.472289397572,0.03250333644272387,69100.0,-0.1687142279670416,0.01171303074670571,0.004341534008683068
2026-02-09,69600.0,70400.0,69300.0,69400.0,2584343,54.283813212420284,1559.799974646201,-279.7378518010969,1839.537826447298,0.03212305211491577,69100.0,-0.6148658446097539,0.002881844380403458,0.0
2026-02-10,68400.0,70500.0,68100.0,69600.0,5192796,50.829585779621674,1336.1214170045714,-402.73312755418146,1738.8545445587529,0.032511076989056704,69600.0,1.009329256991042,-0.017241379310344827,0.0
2026-02-11,69100.0,69900.0,68400.0,68400.0,2680331,52.71959217107628,1201.4886847553862,-429.8926878426935,1631.3813725980797,0.028744889380681385,68400.0,-0.4838366459995732,0.01023391812865497,0.002894356005788712
2026-02-12,69000.0,69800.0,69000.0,69300.0,1956125,52.40966657433729,1074.3378126541065,-445.63484795517866,1519.9726606092852,0.026498670691027626,69100.0,-0.27019274858217135,-0.004329004329004329,0.0
2026-02-13,69500.0,69800.0,68600.0,69000.0,3346663,53.86990717789556,1002.3610574448103,-414.08928253158,1416.4503399763903,0.026185274154648715,69000.0,0.7108635695571601,0.007246376811594203,0.007194244604316547
2026-02-23,70600.0,71300.0,69800.0,70000.0,4222489,56.99613434886373,1022.2953824808937,-315.3239659963974,1337.6193484772912,0.02622867273076612,69500.0,0.26170128274044924,0.008571428571428572,0.0
2026-02-24,70200.0,71300.0,70200.0,70600.0,3642306,55.52260751792797,994.354521668909,-274.6118614467059,1268.966383115615,0.02455619590530959,70600.0,-0.13740308145266922,-0.0056657223796034,0.002849002849002849
2026-02-25,72300.0,73400.0,70400.0,70400.0,9822809,61.19474985778753,1128.6532259140076,-112.25052576128587,1240.9037516752935,0.02360604846656376,70200.0,1.6968653924189785,0.026988636363636364,-0.015214384508990318
2026-02-26,70600.0,71400.0,69600.0,71200.0,87514920,55.07191824069307,1085.398327805029,-124.40433909621152,1209.8026669012406,0.02419583581541568,72300.0,7.90935780182634,-0.008426966292134831,-0.0056657223796034
2026-02-27,68200.0,70600.0,68000.0,70200.0,13415880,47.80052223342628,847.6869594540622,-289.6925659577428,1137.379525411805,0.02240367358678048,70600.0,-0.8467017966764981,-0.02849002849002849,-0.01906158357771261
2026-03-02,66600.0,69800.0,66500.0,66900.0,12738090,43.66165747094539,524.1502810086677,-490.58339552250993,1014.7336765311776,0.02227028380438678,68200.0,-0.05052147156951314,-0.004484304932735426,0.0
2026-03-03,63400.0,67300.0,63400.0,66600.0,18646440,36.79890720161853,9.423250534251565,-804.2483407975409,813.6715913317925,0.02437878668655213,66600.0,0.46383327484732795,-0.04804804804804805,0.0
2026-03-04,64900.0,64900.0,62000.0,63400.0,14108970,41.44500046368963,-274.3021807551995,-870.3790176695936,596.0768369143941,0.02509516403015773,63400.0,-0.2433424289033188,0.02365930599369085,0.0015408320493066256
2026-03-05,63200.0,65200.0,63000.0,65000.0,9167455,38.0325877074866,-629.0807701613958,-980.1260856606319,351.04531549923615,0.022432249033351528,64900.0,-0.35023924496260184,-0.027692307692307693,-0.0031645569620253164
2026-03-06,62400.0,63000.0,62200.0,63000.0,6708792,36.509176339266645,-963.6898556487577,-1051.7881369183951,88.09828126963737,0.022485958191857315,63200.0,-0.26819471707251363,-0.009523809523809525,-0.05448717948717949
2026-03-09,58100.0,59100.0,58100.0,59000.0,18084850,29.637457100950705,-1557.8856935018412,-1316.7871798171827,-241.09851368465837,0.02505816435365666,62400.0,1.6956939490745877,-0.015254237288135594,0.03270223752151463
2026-03-10,62100.0,62100.0,59500.0,60000.0,12755770,40.79996013743239,-1686.581740896676,-1156.386581769614,-530.195159127062,0.030710438529846385,58100.0,-0.2946709538646989,0.035,-0.00644122383252818
2026-03-11,63000.0,63700.0,61600.0,61700.0,7521797,42.99139068822656,-1696.3968009251475,-932.9613134384684,-763.4354874866791,0.030960654741397746,62100.0,-0.41032199545774184,0.02106969205834684,-0.015873015873015872
2026-03-12,61600.0,62700.0,61300.0,62000.0,7516182,40.481077073428274,-1796.4354171762243,-826.3999437516361,-970.0354734245882,0.030167701093988163,63000.0,-0.0007464971468919002,-0.0064516129032258064,0.006493506493506494
2026-03-13,63100.0,63200.0,61600.0,62000.0,5391532,44.23800365379046,-1734.682932276919,-611.7179670818646,-1122.9649651950544,0.030875717634791525,61600.0,-0.2826767632822089,0.017741935483870968,-0.00792393026941363
2026-03-16,61800.0,62900.0,61700.0,62600.0,2974409,41.77678907696643,-1770.236593027861,-517.8173022662452,-1252.419290761616,0.030966213650024797,63100.0,-0.44831840003917256,-0.012779552715654952,0.014563106796116505
2026-03-17,61500.0,63000.0,61500.0,62700.0,3924238,41.20703439281924,-1801.850012783987,-439.5445776178967,-1362.3054351660903,0.03084199568078372,61800.0,0.3193336894825156,-0.019138755980861243,0.004878048780487805
2026-03-18,61700.0,62700.0,61600.0,61800.0,2602288,41.77711984222069,-1790.1300423617577,-342.2596857565338,-1447.8703566052238,0.030701471978220207,61500.0,-0.3368679473569136,-0.0016181229773462784,-0.004862236628849271
2026-03-19,61000.0,62000.0,60800.0,61400.0,6408231,40.30407399394416,-1816.3878428302487,-294.81398898002,-1521.5738538502287,0.030717582880751052,61700.0,1.4625371980349602,-0.006514657980456026,0.0
2026-03-20,60000.0,61500.0,60000.0,61000.0,5776828,38.23025156318971,-1896.0326968402587,-299.56707439202387,-1596.4656224482349,0.030648185531444473,61000.0,-0.09852999993289879,-0.01639344262295082,-0.013333333333333334
2026-03-23,60800.0,61000.0,59200.0,59200.0,5904514,40.85226786703699,-1873.007637197501,-221.23361179941298,-1651.774025398088,0.030555884312357694,60000.0,0.022103133415085185,0.02702702702702703,0.01644736842105263
2026-03-24,61200.0,61800.0,60900.0,61800.0,2695626,42.173981988308974,-1801.7144122671598,-119.9523094952574,-1681.7621027719024,0.030706338517270622,60800.0,-0.5434635263799865,-0.009708737864077669,0.004901960784313725
2026-03-25,62100.0,62200.0,61400.0,61500.0,3452100,45.1442055785694,-1653.5306672389197,22.58514842638624,-1676.115815665306,0.029938715180610278,61200.0,0.28063017644139054,0.00975609756097561,0.0
2026-03-26,61000.0,62100.0,61000.0,62100.0,2050858,42.28535969239427,-1606.3379249263307,55.822312591180435,-1662.1602375175112,0.02979963211560543,62100.0,-0.40591002578140845,-0.017713365539452495,0.0
2026-03-27,61500.0,61900.0,60900.0,61000.0,2141412,44.02067496657027,-1511.1716689842506,120.79085482660867,-1631.9625238108592,0.029266176745587767,61000.0,0.04415420277756921,0.00819672131147541,-0.014634146341463415
2026-03-30,60600.0,61500.0,60200.0,60600.0,4291644,41.596276287424914,-1491.1847542833711,112.62221562199056,-1603.8069699053617,0.02903480837512045,61500.0,1.0041187777036833,0.0,0.006600660066006601
2026-03-31,60500.0,61500.0,60500.0,61000.0,5329139,41.32394889280858,-1466.5091401526734,109.83826380215078,-1576.3474039548241,0.027148337480184873,60600.0,0.24174768457029527,-0.00819672131147541,0.013223140495867768
2026-04-01,61300.0,62200.0,61000.0,61300.0,5455058,44.456818364765766,-1366.6463753476855,167.76082288571092,-1534.4071982333965,0.02672645028305662,60500.0,0.023628394755700777,0.0,0.0032626427406199023
2026-04-02,60800.0,61700.0,60800.0,61500.0,2861169,42.91458175724504,-1312.7180396702897,177.35132685048552,-1490.0693665207752,0.026183997780760724,61300.0,-0.47550163536299705,-0.011382113821138212,0.003289473684210526
2026-04-03,60000.0,61700.0,60000.0,61000.0,3798731,40.49406196399787,-1319.3244087017301,136.59596625523636,-1455.9203749569665,0.026195332154800324,60800.0,0.3276849427629056,-0.01639344262295082,0.0
2026-04-06,60900.0,61000.0,60000.0,60000.0,3042732,44.30028253506949,-1237.670431063103,174.59995511509078,-1412.2703861781938,0.02107142103575406,60000.0,-0.19901356531957648,0.015,0.0
2026-04-07,61000.0,61200.0,60300.0,60900.0,1830413,44.723357644420645,-1151.6148026446535,208.52446682683217,-1360.1392694714857,0.014174676682493084,60900.0,-0.39843108101535063,0.0016420361247947454,0.019672131147540985
2026-04-08,62600.0,62700.0,61700.0,62200.0,6027847,51.120628804642855,-943.4331586969201,333.36488861965245,-1276.7980473165726,0.015056546648211811,61000.0,2.2931622535460576,0.006430868167202572,-0.012779552715654952
2026-04-09,61800.0,62100.0,61400.0,61800.0,2927011,48.12181311531387,-833.3941708894854,354.72310114166976,-1188.1172720311552,0.014466488133455713,62600.0,-0.5144184980142993,0.0,0.012944983818770227
2026-04-10,62800.0,64000.0,62500.0,62600.0,6349447,51.918674281297534,-657.9118394632605,424.16434605431573,-1082.0761855175763,0.01385282822105532,61800.0,1.1692596987165405,0.003194888178913738,-0.006369426751592357
2026-04-13,62800.0,62800.0,62200.0,62400.0,3427869,51.918674281297534,-512.928111542853,455.31845917977864,-968.2465707226316,0.012990903210513462,62800.0,-0.4601310948811763,0.00641025641025641,0.009554140127388535
2026-04-14,62000.0,63500.0,62000.0,63400.0,10051010,48.61733306956814,-457.3092009323518,408.74989583222384,-866.0590967645757,0.013290351609656161,62800.0,1.9321453066030236,-0.022082018927444796,0.0016129032258064516
2026-04-15,61300.0,62600.0,61200.0,62100.0,10275160,45.86894349528589,-464.3620863408578,321.3576083389744,-785.7196946798322,0.013526913194775357,62000.0,0.022301241367782998,-0.01288244766505636,0.0032626427406199023
2026-04-16,61100.0,61700.0,61100.0,61500.0,2547615,45.08473184366001,-480.55039158864383,244.13544247295067,-724.6858340615945,0.0132963965669651,61300.0,-0.7520607951603673,-0.0065040650406504065,0.0032733224222585926
2026-04-17,61300.0,62700.0,61300.0,61300.0,3122747,46.07754807526103,-471.80276303247956,202.30645682329202,-674.1092198557716,0.012722136701803534,61100.0,0.22575310633671108,0.0,0.0016313213703099511
2026-04-20,61500.0,62400.0,61300.0,61400.0,3710249,47.107354816376905,-443.6181222772793,184.3928780627939,-628.0110003400732,0.012409973969875863,61300.0,0.18813627873151417,0.0016286644951140066,0.0065040650406504065
2026-04-21,61600.0,62700.0,61500.0,61900.0,5313002,47.64573964666381,-408.5034536254607,175.60603737169004,-584.1094909971507,0.012334527072202364,61500.0,0.43197990215751014,-0.004846526655896607,0.0
2026-04-22,61800.0,62300.0,61500.0,61600.0,3818518,48.76891043366119,-360.3822351247363,178.98180469793158,-539.3640398226679,0.011893167928228747,61600.0,-0.2812880552275343,0.003246753246753247,0.003236245954692557
2026-04-23,62000.0,62500.0,61000.0,62000.0,4244189,49.92580148274806,-302.6190897452543,189.3959600619309,-492.0150498071852,0.011167631827278271,61800.0,0.11147544675709264,0.0,0.0016129032258064516
2026-04-24,61400.0,62100.0,60500.0,62100.0,6105292,46.531052384574856,-301.7776614309041,152.18991070102493,-453.96757213192905,0.011265414602836183,62000.0,0.4385061551217442,-0.011272141706924315,-0.003257328990228013
2026-04-28,61200.0,61300.0,60500.0,61200.0,3231306,45.422348299076305,-313.63377700877027,112.26703609852706,-425.9008131072973,0.010764824711377833,61400.0,-0.4707368623810294,0.0,-0.014705882352941176
2026-04-29,60900.0,61300.0,60300.0,60300.0,2582460,43.73883733270615,-343.2802062847695,66.0964854580223,-409.3766917427918,0.010824158623316453,61200.0,-0.20079992424115822,0.009950248756218905,0.003284072249589491
2026-05-04,60900.0,61600.0,60700.0,61100.0,1881221,43.738837332706154,-362.5954405461962,37.42500095727655,-400.02044150347274,0.010394004746490392,60900.0,-0.2715391525909404,-0.0032733224222585926,0.003284072249589491
2026-05-05,61100.0,61200.0,60400.0,61100.0,2758211,45.30617570174255,-357.6419011151738,33.902832310639155,-391.544733425813,0.010251322315019337,60900.0,0.4661812726947021,0.0,0.0016366612111292963
2026-05-06,61500.0,61700.0,60700.0,61200.0,2595810,48.402170179674144,-317.77639983884,59.01466686957838,-376.7910667084184,0.009828424359995995,61100.0,-0.05887910678334618,0.004901960784313725,0.0016260162601626016
2026-05-07,61500.0,61800.0,61100.0,61600.0,4862371,48.402170179674144,-282.92136151876184,75.09576415172523,-358.0171256704871,0.009283661849323832,61500.0,0.8731613638902693,-0.0016233766233766235,0.004878048780487805
2026-05-08,60900.0,61800.0,60900.0,61800.0,2790878,44.06309194401501,-300.2523558660614,46.211815843540535,-346.46417170960194,0.009557680068468999,61500.0,-0.42602528684051466,-0.014563106796116505,0.003284072249589491
2026-05-11,60600.0,61100.0,60500.0,61100.0,3883532,42.0340609378204,-334.3407149032282,9.698765445099014,-344.03948034832723,0.007330392514689988,60900.0,0.39150905199009056,-0.008183306055646482,0.0
2026-05-12,60100.0,60700.0,59900.0,60600.0,4223867,38.825132073635736,-397.1240079961208,-42.46762211823483,-354.65638587788595,0.00703058678685891,60600.0,0.08763543083976133,-0.00825082508250825,0.0
2026-05-13,59300.0,60100.0,58700.0,60100.0,8549520,34.31171165035134,-505.60523183817713,-120.75907676823294,-384.8461550699442,0.006199301891598468,60100.0,1.02409782315589,-0.013311148086522463,0.0
2026-05-14,60100.0,60100.0,59300.0,59300.0,3123761,41.62038807782454,-521.0180968786663,-108.93755344697763,-412.0805434316886,0.007181311298995413,59300.0,-0.6346273241070843,0.013490725126475547,0.0
2026-05-15,59800.0,60300.0,59800.0,60100.0,2016323,39.83067107446204,-551.0877991539455,-111.20580457780545,-439.8819945761401,0.006778909080766254,60100.0,-0.3545207203752143,-0.004991680532445923,-0.005016722408026756
2026-05-18,60500.0,60700.0,59500.0,59500.0,4907974,45.6981840770381,-512.5260240231364,-58.11522355759706,-454.41080046553935,0.007027132198640063,59800.0,1.4341209220943272,0.01680672268907563,0.0
