date,close,high,low,open,volume,rsi_14,MACD_12_26_9,MACDh_12_26_9,MACDs_12_26_9,volatility_20,close_lag1,volume_change,intraday_return,target_return
2015-02-20,16.708354949951172,16.77641335946183,16.606268147005423,16.631789036421623,345100,53.99872701334843,0.2098950556504917,0.1035727944619212,0.10632226118857051,0.011942401731528005,16.58074378967285,2.4613841524573723,0.00460358854732219,-0.004582539477784792
2015-02-23,16.63178825378418,16.674325771876962,16.461643049334246,16.63178825378418,418700,52.12638688791117,0.21241790601561306,0.08487651586163403,0.12754139015397903,0.012015589685424455,16.708354949951172,0.21327151550275292,0.0,0.003069150924874859
2015-02-24,16.861486434936523,16.955067354605355,16.65731121054671,16.682833722085604,335400,56.9490436977033,0.2302972829347354,0.0822047142246051,0.1480925687101303,0.01228272043524447,16.63178825378418,-0.19894912825411992,0.01070877500951229,-0.007063644564254105
2015-02-25,16.69133949279785,16.776411277146572,16.64880197798322,16.74238288793514,326100,52.71301147092735,0.2281078958724443,0.0640122617298512,0.1640956341425931,0.011503338307106157,16.861486434936523,-0.027728085867620766,-0.0030487533034542504,-0.0010190562699770914
2015-02-26,16.7338809967041,16.793431914774803,16.6743300786334,16.6743300786334,349600,53.64149795882138,0.2271866681908392,0.05047282723859689,0.17671384095224232,0.011504014880779909,16.69133949279785,0.07206378411530201,0.0035714129317261658,-0.005084297444868532
2015-02-27,16.699844360351562,16.742381872586492,16.640293465862836,16.648800968309825,431600,52.74908202386141,0.22116071348121835,0.03555749802318081,0.18560321545803754,0.011568687440021366,16.7338809967041,0.23455377574370706,0.0030658899784372627,-0.004584695359611198
2015-03-02,16.33403205871582,16.665816552479658,16.317017053230433,16.62328066140643,943100,44.23185987156059,0.18473756577503408,-0.0006925197464027755,0.18543008552143686,0.012612772170570576,16.699844360351562,1.1851251158480074,-0.01740021170202254,0.00989582738230169
2015-03-03,16.38507652282715,16.495670820425854,16.342539006335077,16.495670820425854,483800,45.55295000527596,0.15816756324744574,-0.021810017819192923,0.17997758106663866,0.012555997454070105,16.33403205871582,-0.4870109214293288,-0.006704443778167636,0.0010385422301232563
2015-03-04,16.112844467163086,16.402093116739906,16.036278552708016,16.402093116739906,673700,40.097408210263104,0.11383161308599199,-0.05291677438451736,0.16674838747050935,0.012987732311422232,16.38507652282715,0.392517569243489,-0.017634862058039026,-0.004223968302137997
2015-03-05,16.12985610961914,16.206422015799763,16.04478432287651,16.04478432287651,275500,40.57633866489817,0.07915529753620376,-0.07007447194744448,0.14922976948364824,0.01298510353561937,16.112844467163086,-0.5910642719311265,0.005302145858161307,-0.0036918380642679233
2015-03-06,15.959712982177734,16.112844814387795,15.883147066072702,16.070307292862484,305400,37.359149003918354,0.037512518235079284,-0.08937380099885517,0.12688631923393445,0.011100716770012058,16.12985610961914,0.10852994555353912,-0.006881903915668712,0.002665232651236918
2015-03-09,15.976728439331055,16.04478685304175,15.959713430243237,16.002249330322204,131600,37.88952341565113,0.005816274416112321,-0.09685603585425771,0.10267231027037003,0.011075246819696386,15.959712982177734,-0.5690897184020955,-0.0015948314805213483,-0.005325058822855318
2015-03-10,15.772549629211426,15.993738206740549,15.747027121354892,15.891651420594831,206900,34.152706889013395,-0.03537101570135093,-0.11043466077737678,0.07506364507602585,0.011362440138944916,15.976728439331055,0.5721884498480243,-0.007494613884435905,0.0010786061877562862
2015-03-11,15.781054496765137,15.806577002984287,15.695982721314842,15.789561998838186,267800,34.44273828102949,-0.06655872062440693,-0.11329789256034623,0.046739171935939294,0.011330779602461491,15.772549629211426,0.29434509424842914,-0.0005388054509476332,0.00862552266640518
2015-03-12,15.70449161529541,15.91717434002676,15.695985734229723,15.91717434002676,246200,33.032215258435784,-0.09634260852325482,-0.1144654243673553,0.01812281584410047,0.010233724807954736,15.781054496765137,-0.08065720687079914,-0.013361839242818275,0.0005419116912988186
2015-03-13,15.576885223388672,15.713002062907643,15.50031929832916,15.713002062907643,146500,30.77041279593262,-0.12875906923972025,-0.11750550806705658,-0.011253561172663674,0.009073928754371071,15.70449161529541,-0.40495532087733555,-0.008662688324867636,-0.01583851720957723
2015-03-16,15.287632942199707,15.381213855874138,15.194053651165616,15.330170458706421,309500,26.36372056964633,-0.17576349742592967,-0.1316079490026128,-0.04415554842331688,0.00968688018244705,15.576885223388672,1.112627986348123,-0.002774758220809991,-0.0027821997827628914
2015-03-17,15.185548782348633,15.296143099172008,15.15151876323952,15.24509969314896,1088500,25.00279549714473,-0.21873079154938857,-0.13966019450085734,-0.07907059704853123,0.0088929408491947,15.287632942199707,2.516962843295638,-0.003906232953470887,-0.008403435395239542
2015-03-18,15.296141624450684,15.372707537423745,14.998385476515498,15.057938004214908,259400,29.262972696189014,-0.24107974636105922,-0.1296073194500224,-0.11147242691103683,0.009248245270345932,15.185548782348633,-0.7616903996325218,0.015819139391402715,-0.011679618401880731
2015-03-19,14.845254898071289,15.117488527255976,14.845254898071289,15.117488527255976,1466400,23.421499384441926,-0.29181043561002973,-0.14427040695919433,-0.1475400286508354,0.010837644378746467,15.296141624450684,4.653045489591364,-0.018007860809278256,0.01031524082469571
2015-03-20,15.032417297363281,15.151519121782338,14.981373890132351,14.998387277448888,174800,29.69521298032225,-0.31330089321928867,-0.13260869165476258,-0.1806922015645261,0.011200901524382315,14.845254898071289,-0.8807965084560829,0.0022689119359892607,-0.00679135223479405
2015-03-23,14.981371879577637,15.015400272284635,14.853760944665176,14.930326856556476,352900,28.997461678849916,-0.33063976492204716,-0.11995805068601686,-0.2106817142360303,0.011207548449133744,15.032417297363281,1.0188787185354693,0.003418881817630436,-0.006246374858513223
2015-03-24,14.67510986328125,14.972866040107833,14.67510986328125,14.887792614923006,1252000,25.175293356988035,-0.3648875344800775,-0.12336465619523773,-0.24152287828483976,0.010765816220180987,14.981371879577637,2.5477472371776706,-0.014285714285714202,-0.00115955354309284
2015-03-25,14.521976470947266,14.74316670373958,14.487948078093305,14.658093287644006,2017700,23.50687064760514,-0.39977733925469217,-0.12660356877588191,-0.27317377047881025,0.010771516394712053,14.67510986328125,0.6115814696485622,-0.009286120235807148,0.0005857826507779529
2015-03-26,14.564513206481934,14.590034094088807,14.479439794964842,14.530483192818952,204200,24.993858143446968,-0.41916354541146994,-0.11679181994612775,-0.3023717254653422,0.0107893660803493,14.521976470947266,-0.8987956584229568,0.0023419739874720232,-0.004672792822271437
2015-03-27,14.547499656677246,14.581528051108032,14.419890337940885,14.496456253710807,149800,24.786313139574307,-0.4309325821807004,-0.10284868537228653,-0.3280838968084139,0.010811474710906061,14.564513206481934,-0.2664054848188051,0.003521095229971996,-0.0070175998301438185
2015-03-30,14.377352714538574,14.462426133972397,14.368845210331141,14.44541112555753,261800,22.751592982483213,-0.448815400308046,-0.09658520279970567,-0.35223019750834034,0.010290155490374367,14.547499656677246,0.7476635514018692,-0.004711420839974855,0.0053251544653309035
2015-03-31,14.360333442687988,14.453914338546037,14.334812560283089,14.453914338546037,207000,22.552166633922138,-0.45906911254623495,-0.08547113203031564,-0.3735979805159193,0.010126045931317945,14.377352714538574,-0.2093200916730329,-0.0064744327153292095,-0.0011847071989204772
2015-04-01,14.20720386505127,14.343320652279537,14.139145471437136,14.343320652279537,918200,20.78670166914034,-0.4740865558201506,-0.08039086024338499,-0.3936956955767656,0.009898816078083487,14.360333442687988,3.435748792270531,-0.009489907569390858,0.006587038592083054
2015-04-02,14.181685447692871,14.445411596152796,14.164670438723698,14.300787265195954,2509500,20.498712110206295,-0.48248532038733494,-0.07103169984845542,-0.4114536205388795,0.00980851754064385,14.20720386505127,1.7330646917882815,-0.008328339922442075,-0.0005997979445192609
2015-04-06,14.113628387451172,14.23273021637188,14.113628387451172,14.173179301911526,972600,19.71424378056195,-0.4889961940659493,-0.0620340588216558,-0.4269621352442935,0.009763740045032639,14.181685447692871,-0.6124327555289899,-0.0042016623928777036,0.007835886150479471
2015-04-07,14.258251190185547,14.402875519365015,14.224221172665414,14.224221172665414,500000,26.17934056567144,-0.4769878379656429,-0.0400205621770795,-0.4369672757885634,0.010317600527589092,14.113628387451172,-0.48591404482829526,0.0023923993522772065,0.01073979929944714
2015-04-08,14.419889450073242,14.419889450073242,14.300786020297672,14.411381946329243,593400,32.70208295798458,-0.44924960276250303,-0.009825861579151662,-0.43942374118335137,0.010833469784961058,14.258251190185547,0.18680000000000008,0.000590332264850297,0.004129825248971131
2015-04-09,14.624065399169922,14.67510880153156,14.470933569444503,14.479441073611527,693300,39.92319724176147,-0.4061101735128734,0.026650854136382407,-0.4327610276492558,0.011564819615667854,14.419889450073242,0.16835187057633982,0.009988253332648973,0.006398874444535611
2015-04-10,14.760180473327637,14.802716366487072,14.700629573848301,14.717642957527888,472700,44.22020221042813,-0.35682525666353726,0.060748616788574794,-0.41757387345211205,0.011920837819561759,14.624065399169922,-0.31818837444107895,0.0028902396886854465,0.004611133124500121
2015-04-13,14.802719116210938,14.904807550453766,14.802719116210938,14.828241630431798,550600,45.531397459069645,-0.31075193711666316,0.08545754906835912,-0.3962094861850223,0.011927204612292642,14.760180473327637,0.16479796911360278,-0.0017212097601970993,0.003448239582829396
2015-04-14,15.049431800842285,15.100475206355386,14.836749051456998,14.853762438200961,708700,52.50463126684925,-0.25143249041143534,0.1158215966188696,-0.36725408703030493,0.0120271358851508,14.802719116210938,0.2871413003995642,0.013173050495145966,0.011871068053831904
2015-04-15,15.61091423034668,15.644942626695235,15.177041224078446,15.228084629921586,1802700,63.848152036063354,-0.15730119174560286,0.1679623162277617,-0.32526350797336456,0.014621549663947263,15.049431800842285,1.5436715112177226,0.02513970796254138,-0.008719543815773776
2015-04-16,15.678969383239746,15.730012778461893,15.474794179710885,15.474794179710885,741300,64.94111204187507,-0.07633009151457415,0.19914673316703235,-0.2754768246816065,0.014575063723188458,15.61091423034668,-0.5887834914295225,0.013194049701582217,-0.01790548582517543
2015-04-17,15.500316619873047,15.500316619873047,15.321663907365872,15.398229819194787,827100,59.82771417333268,-0.026272839220204958,0.19936318836912126,-0.22563602758932622,0.013043310838284635,15.678969383239746,0.11574261432618371,0.0066297751025252575,-0.009330511118943856
2015-04-20,15.466286659240723,15.483301665175619,15.347184862976999,15.355690743304171,446800,58.876737221313824,0.010530570580728593,0.18893327853604386,-0.17840270795531527,0.012842582250079681,15.500316619873047,-0.45979929875468506,0.007202275546267868,-0.006600655938486546
2015-04-21,15.330170631408691,15.40673653934299,15.313155624614321,15.36419902235707,342300,55.10378328997964,0.028386885776274795,0.16543167498527206,-0.13704478920899726,0.013006879939534,15.466286659240723,-0.2338854073410922,-0.002214784571513467,-0.0038845912282644353
2015-04-22,15.568373680114746,15.602403692488476,15.245096675765827,15.270619185046124,771900,59.941646598827035,0.0610553316436242,0.15848009668209717,-0.09742476503847297,0.012321567776626833,15.330170631408691,1.255039439088519,0.01949852140640115,-0.004917911972208521
2015-04-23,15.525839805603027,15.65344912331276,15.43225888205032,15.491809788805494,345300,58.724794853663916,0.08256146497872052,0.1439889840137548,-0.06142751903503427,0.011994578183611182,15.568373680114746,-0.55266226195103,0.002196645663834832,-0.0027398245251228277
2015-04-24,15.551360130310059,15.721505322438794,15.38972081854352,15.483301728930508,549600,59.25920468239438,0.10050593762553817,0.12954676532845794,-0.02904082770291978,0.012000762460214599,15.525839805603027,0.5916594265855777,0.00439560001936691,-0.004923332185039206
2015-04-27,15.661955833435059,15.704491729634853,15.415244714723485,15.474795618459368,398600,61.5807180150786,0.12224207983315338,0.12102632602885853,0.001215753804294853,0.011979454145683346,15.551360130310059,-0.274745269286754,0.012094519345537194,0.003802250407494433
2015-04-28,15.653448104858398,15.721506511384897,15.653448104858398,15.721506511384897,143200,61.29138289318226,0.1372000695414588,0.10878745258973116,0.028412616951727643,0.011470646491146094,15.661955833435059,-0.640742599096839,-0.004329000307776687,-0.005434781935359079
2015-04-29,15.500316619873047,15.678970955020661,15.355692300045146,15.568375027872033,300400,56.175302310129354,0.1351401416554996,0.08538201976301756,0.049758121892482035,0.011843007548784992,15.653448104858398,1.0977653631284916,-0.004371580712639661,-0.0021954334727593726
2015-04-30,15.338677406311035,15.559867616211548,15.313154897331648,15.46628670592741,357900,51.306959490968914,0.11909188320821329,0.055467009052585003,0.06362487415562829,0.011827896779043784,15.500316619873047,0.19141145139813576,-0.00825080396107413,0.00998338618854129
2015-05-01,15.415245056152344,15.491809346479691,15.287634119445679,15.491809346479691,219300,53.368529634315045,0.11126924956069395,0.03811550032405253,0.07315374923664142,0.011752860475384763,15.338677406311035,-0.3872590108968986,-0.004942243259967925,-0.018211873400510715
2015-05-04,14.811225891113281,15.134504564751849,14.743167479185246,15.134504564751849,1571800,39.25068143110192,0.055688514881479634,-0.013972187484129428,0.06966070236560906,0.015164870062524944,15.415245056152344,6.16735066119471,-0.02136037372452092,0.006318097887721004
2015-05-05,14.709136962890625,14.921819672318376,14.67510695051484,14.904804666130483,884600,37.44758206510174,0.0033638821562806953,-0.0530374561674627,0.056401338323743395,0.015189773460924445,14.811225891113281,-0.43720575136785855,-0.013127827410210272,-0.0005785446966532692
2015-05-06,14.573016166687012,14.802713844957465,14.547495284194763,14.700627069708398,267400,35.130270278898095,-0.04852817431595646,-0.08394361011175988,0.035415435795803425,0.015197744829829767,14.709136962890625,-0.6977164820257744,-0.0086806435137952,0.0005841113639765515
2015-05-07,14.692124366760254,14.751675275546152,14.581528431037388,14.581528431037388,380200,38.70456753142117,-0.07912980745143017,-0.09163619459778688,0.012506387146356709,0.014974751581331673,14.573016166687012,0.4218399401645474,0.007584660020101752,0.015633721118372256
2015-05-08,14.726147651672363,14.930322820643765,14.666596763552372,14.921816941746625,725100,39.72620399789895,-0.09948957356228405,-0.08959676856691261,-0.009892804995371443,0.014835316266672597,14.692124366760254,0.907154129405576,-0.013112966794736633,-0.0005775476648163204
2015-05-11,14.487946510314941,14.828238515232911,14.462424001455993,14.7176425994844,456000,35.291263843579785,-0.13330897340343562,-0.09873293472645134,-0.03457603867698428,0.015246075988169377,14.726147651672363,-0.3711212246586678,-0.015606853313417535,-0.0017615985727699878
2015-05-12,14.556005477905273,14.624063881538108,14.343322763722627,14.462424564420003,573700,37.44024179182738,-0.15285725821874685,-0.09462497563341005,-0.058232282585336796,0.014744261799233487,14.487946510314941,0.25811403508771935,0.006470624138327092,0.005260048253478019
2015-05-13,14.615555763244629,14.751672564782625,14.573018248613838,14.632570769096946,270600,39.3385426939525,-0.16168045281086307,-0.082758536180421,-0.07892191663044207,0.0116895844778233,14.556005477905273,-0.5283249084887571,-0.0011628172602623757,0.006402906532421001
2015-05-14,14.53899097442627,14.709137800716071,14.487947575595484,14.709137800716071,322100,37.752392187641696,-0.1728584322652864,-0.07514921250787546,-0.09770921975741095,0.011558192424602206,14.615555763244629,0.19031781226903188,-0.011567423501975671,-0.005266215733911399
2015-05-15,14.43690299987793,14.496455526766379,14.343323702905538,14.46242551140155,285000,35.6862634158641,-0.18778998186146545,-0.07206460968324359,-0.11572537217822186,0.011445851884523326,14.53899097442627,-0.11518162061471593,-0.0017647462732651277,-0.007660417886759351
2015-05-18,14.164670944213867,14.326310289908255,14.164670944213867,14.326310289908255,672300,30.83932856680849,-0.2190649498674393,-0.08267166215137395,-0.13639328771606535,0.011942656451922403,14.43690299987793,1.3589473684210525,-0.011282691943943858,0.004804800332669131
2015-05-19,14.164670944213867,14.27526688381973,14.164670944213867,14.232729359878775,532000,30.83932856680849,-0.2410716632639449,-0.08374270043830365,-0.15732896282564127,0.011930893896057565,14.164670944213867,-0.20868659824483116,-0.0047818246201434995,0.030029876250593873
2015-05-20,14.581526756286621,14.63257177736085,14.487947462931293,14.590034259798992,512900,44.27930719393797,-0.2223126797680628,-0.05198697355393722,-0.17032570621412557,0.013430709701646016,14.164670944213867,-0.03590225563909777,-0.0005831037378584182,0.018669902436448893
2015-05-21,15.049431800842285,15.05793930553457,14.700632221661664,14.853762438200961,1061200,54.878631687982384,-0.16775623410425133,0.0020555776878993792,-0.1698118117921507,0.015577570623032947,14.581526756286621,1.0690193020081886,0.013173050495145966,-0.0022612574491357048
2015-05-22,15.10898208618164,15.228083901666682,14.998386152396495,15.01540116107737,361500,56.02513933384282,-0.11835037802599935,0.0411691470129211,-0.15951952503892045,0.015610238794808374,15.049431800842285,-0.6593479080286468,0.006232329333088249,0.007319948365653402
2015-05-26,15.10047721862793,15.228086560736058,15.057941312138828,15.219579054910072,343000,55.80704113327009,-0.07897181494303673,0.06443816807670696,-0.1434099830197437,0.015485740630664635,15.10898208618164,-0.051175656984785656,-0.00782556704442615,0.0011265520176149055
2015-05-27,15.19405460357666,15.253605507778559,15.066443668697804,15.117488691705523,376300,57.755654838275376,-0.03975483805941593,0.08292411596826221,-0.12267895402767814,0.015585483986000973,15.10047721862793,0.09708454810495626,0.005064724269524111,0.0022396456362616898
2015-05-28,15.10898208618164,15.287634809409205,15.100474581841203,15.228083901666682,247500,55.36555842342037,-0.015362651426444884,0.08585304208098661,-0.1012156935074315,0.015494480624790256,15.19405460357666,-0.3422800956683497,-0.007821195119105326,-0.0061936868794145285
2015-05-29,15.049431800842285,15.13450522512452,14.887792456970098,15.015401782073148,279000,53.69062101872424,-0.0008273410553023552,0.08031068196170332,-0.08113802301700568,0.015357630933590206,15.10898208618164,0.1272727272727272,0.0022663408720614638,0.004522121945961487
2015-06-01,15.006891250610352,15.134502172615901,14.9558478553923,15.117487166663125,302200,52.469469622237035,0.0071766028472382,0.0706517006913951,-0.0634750978441569,0.015300796009440792,15.049431800842285,0.08315412186379922,-0.007315760538342496,0.005102188927227781
2015-06-02,14.930327415466309,15.134504269913336,14.913314029796142,15.083459244981327,242100,50.25409195587752,0.0072580580545782425,0.05658652471898812,-0.049328466664409876,0.012491362712624634,15.006891250610352,-0.19887491727332895,-0.010152301738473531,-0.0017093541456613532
2015-06-03,14.777196884155273,14.930327087667784,14.743166868281072,14.9048061984026,360300,46.06486671887826,-0.004976377634621443,0.035481671223830745,-0.04045804885845219,0.012617771308706876,14.930327415466309,0.48822800495662944,-0.008561621838531708,0.0011512659597781424
2015-06-04,14.743165969848633,14.836746885159505,14.658092557987874,14.794209367908941,297500,45.163815624934365,-0.017219767676152742,0.01859062494583956,-0.0358103926219923,0.012434993409746152,14.777196884155273,-0.17429919511518177,-0.003450228179887037,0.006924600868952868
2015-06-05,14.96435832977295,14.96435832977295,14.658094652370698,14.845256509734563,310400,51.76769062213407,-0.008970956031808086,0.021471549272147374,-0.03044250530395546,0.01274235763174107,14.743165969848633,0.04336134453781515,0.00802288730816385,0.006253519428171089
2015-06-08,15.09196662902832,15.134504149466462,15.040923227143042,15.057938235318298,137700,55.12527472937144,0.007773600678937953,0.03057288478631473,-0.022799284107376777,0.012851485575242296,14.96435832977295,-0.5563788659793815,0.002259830873140966,-0.015219830756472517
2015-06-09,14.947342872619629,15.03241629408708,14.802718542917129,14.862269451152178,255000,50.80839709500585,0.00926702949174718,0.02565305087929917,-0.016386021387551988,0.012458046698330087,15.09196662902832,0.8518518518518519,0.005724120515178485,0.0022766146945681926
2015-06-10,15.040923118591309,15.11748903218689,14.981372213048184,14.981372213048184,117500,53.35384409699645,0.017796578473976865,0.027346079889223083,-0.009549501415246218,0.012483147520617311,14.947342872619629,-0.5392156862745099,0.003974996729021805,0.004525020936712283
2015-06-11,15.355694770812988,15.364202276011794,15.057940202058278,15.108983610610414,322200,60.717140646369366,0.049386452885439525,0.047148763440548594,0.0022376894448909307,0.01319912241060712,15.040923118591309,1.742127659574468,0.016328772772598626,-0.002770038256882494
2015-06-12,15.440768241882324,15.559871692346736,15.296143898393238,15.313158908836826,583100,62.44271563412915,0.08036003363060296,0.062497875348569626,0.017862158282033334,0.01308370259259144,15.355694770812988,0.8097454996896338,0.008333312140570705,-0.00275499624204473
2015-06-15,15.457779884338379,15.517330785275101,15.36419896992904,15.398228983401655,601300,62.79465902255416,0.10506835431199057,0.06976495682396579,0.03530339748802479,0.012877614416752,15.440768241882324,0.031212484993997647,0.0038673863728690043,-0.004953227969729734
2015-06-16,15.457779884338379,15.48330239444284,15.338678082464932,15.381213976665348,441700,62.79465902255416,0.12322936505311155,0.07034077405206941,0.05288859100104214,0.011799804251235588,15.457779884338379,-0.26542491268917345,0.004977884566796074,-1.13265980226866e-07
2015-06-17,15.38121223449707,15.483300640711416,15.228080436495635,15.457778133497788,489900,59.86626681165232,0.12994579325265398,0.06164576180128947,0.06830003145136451,0.011949005315016872,15.457779884338379,0.10912383971021056,-0.00495322796972973,-0.0005529245991180234
2015-06-18,15.593897819519043,15.61091282748459,15.347186694580515,15.372707583888362,533100,64.77962012349863,0.15069345981242144,0.06591474268884553,0.0847787171235759,0.0106540164069796,15.38121223449707,0.08818126148193506,0.0143885021180331,-0.0021821199792068716
2015-06-19,15.321664810180664,15.576883449555273,15.321664810180664,15.55987006353336,355200,55.4261906103877,0.14351485640276884,0.046988911423354346,0.0965259449794145,0.009311580652145468,15.593897819519043,-0.3337084974676421,-0.01530894874957612,0.012770437753436259
2015-06-22,15.644938468933105,15.653445971419464,15.500314171945373,15.517329176918091,289200,62.37382248332504,0.1620433096272773,0.05241389171829025,0.10962941790898706,0.010336633164711652,15.321664810180664,-0.18581081081081086,0.008223663399809313,-0.0005434557062565659
2015-06-23,15.576885223388672,15.644943643148157,15.525841814229237,15.636436137848131,183400,60.244991408631286,0.1692845076984657,0.04772407183158292,0.12156043586688278,0.010416474850998397,15.644938468933105,-0.3658367911479945,-0.0038084710566057647,-0.008192384575492526
2015-06-24,15.423750877380371,15.534346805743224,15.313156571657975,15.449273389150365,194600,55.642882319856945,0.16081279758607359,0.031401889375352626,0.12941090821072096,0.0106583899355727,15.576885223388672,0.06106870229007644,-0.0016520202036115043,-0.003309489501326382
2015-06-25,15.398228645324707,15.47479455131669,15.355691129417874,15.372706135780607,202600,54.890285839543225,0.15030683186296656,0.01671673892179648,0.13359009294117008,0.010569794751971635,15.423750877380371,0.041109969167523186,0.0016602483205409848,-0.0055248828376879165
2015-06-26,15.398228645324707,15.398228645324707,15.313155236151358,15.313155236151358,396300,54.89028583954323,0.14036276376807777,0.005418136661526157,0.1349446271065516,0.010509357385198651,15.398228645324707,0.956071076011846,0.005555576748318158,0.0005527584162426289
2015-06-29,15.619422912597656,15.704494721202673,15.406740145803639,15.406740145803639,1002200,60.288974116623635,0.14861737830504573,0.010938200958795274,0.13767917734625046,0.010860016441647148,15.398228645324707,1.5288922533434266,0.013804527419899819,0.003812399593747831
2015-06-30,15.857623100280762,15.866130603806367,15.67897039416422,15.67897039416422,629200,65.128880706351,0.1723927479334595,0.027770856469767236,0.14462189146369225,0.011104564987531153,15.619422912597656,-0.3721812013570146,0.011394415680702983,0.0032190779801479948
2015-07-01,15.976728439331055,15.985235943874963,15.789566584646213,15.908670025620362,756000,67.27650992272434,0.19855686516846838,0.04314797896382089,0.1554088862046475,0.010684616939845253,15.857623100280762,0.20152574698029246,0.0042780706118793884,0.011714536952593585
2015-07-02,16.27448272705078,16.40209367054492,15.925683159485382,16.16388841501515,1011400,71.93062976963664,0.2405455399123575,0.068109322966168,0.1724362169461895,0.011057620415824452,15.976728439331055,0.3378306878306878,0.006842061092979057,0.008363715827783141
2015-07-06,16.589250564575195,16.623280575369836,16.33403197417628,16.410597875824,607300,75.84220933996373,0.2958110750850196,0.09869988651106407,0.19711118857395551,0.011303749588850732,16.27448272705078,-0.39954518489222857,0.01088642169548169,-0.0005125965091863252
2015-07-07,16.24896240234375,16.589254477351034,16.078815553519803,16.580746972645777,897200,65.25514748998879,0.30859372274787233,0.08918602733913344,0.2194076954087389,0.012643371923726292,16.589250564575195,0.4773588012514407,-0.020010230591504176,-0.02146612689352268
2015-07-08,15.874637603759766,16.078812813976317,15.823594206865712,15.90016011352696,617800,55.99532455544275,0.2852312123659395,0.05265881356576049,0.23257239880017902,0.013704898842662459,16.24896240234375,-0.3114132857779759,-0.0016051731293876196,0.0005360197977745204
2015-07-09,16.112844467163086,16.163887869252967,15.874639219676148,15.883146723797877,583200,59.895395431449714,0.28267901000353923,0.04008528896268815,0.24259372104085108,0.013948271609980894,15.874637603759766,-0.05600517966979601,0.014461727726852185,0.010559604645106324
2015-07-10,16.197917938232422,16.376570657446212,16.129857905038026,16.282989734444417,779700,61.21740649934077,0.2842444957592871,0.033320619774748816,0.2509238759845383,0.013347579861658765,16.112844467163086,0.3369341563786008,-0.005224580841688887,0.012079629072878385
2015-07-13,16.291494369506836,16.504177067862383,16.291494369506836,16.393582778679193,358900,62.67487485485179,0.28969654896577346,0.031018138384988125,0.25867841058078533,0.013350283244081166,16.197917938232422,-0.5396947543927151,-0.006227339718876373,0.010966047604444843
2015-07-14,16.665815353393555,16.708351241406376,16.385074273644634,16.470147672310393,565100,67.87555658145068,0.3205270788368537,0.049478934604854696,0.271048144231999,0.014082400899787056,16.291494369506836,0.5745332961827807,0.011880141269899972,-0.0010208805293055027
2015-07-15,16.33403205871582,16.68283155796504,16.33403205871582,16.648801546994275,340200,59.90777825971534,0.3145622786893405,0.03481130756587314,0.27975097112346736,0.015040848991210089,16.665815353393555,-0.39798265793664833,-0.018906435240396133,0.007812687537186513
2015-07-16,16.317020416259766,16.461644747412954,16.28299039827522,16.461644747412954,341800,59.52196467894532,0.3049471928087364,0.0201569773482152,0.2847902154605212,0.014958994729757522,16.33403205871582,0.004703115814226999,-0.008785533485402017,0.0005214331191651272
2015-07-17,16.308513641357422,16.36806455285394,16.248962729860903,16.325528651110897,252100,59.31624712994372,0.2932602210546982,0.006776004475341546,0.28648421657935663,0.014758333994173147,16.317020416259766,-0.2624341720304272,-0.0010422333093830518,-0.0031302664642451836
2015-07-20,16.146867752075195,16.308507033963743,16.0447809801961,16.257463648024196,450900,55.398162179575614,0.26786693610745616,-0.014893824377520404,0.28276076048497656,0.014315199497816926,16.308513641357422,0.7885759619198731,-0.006802776764162796,-0.001053574942705253
2015-07-21,15.942695617675781,16.129855816808433,15.917173108532118,16.129855816808433,135700,50.83101071530899,0.22863206183935247,-0.04330295891649927,0.27193502075585174,0.014020989507517337,16.146867752075195,-0.6990463517409625,-0.011603339872239786,0.003735333789679998
2015-07-22,15.874637603759766,16.044784423593722,15.840609213377174,16.00224690731507,272700,49.36991089774761,0.18985786508512348,-0.06566172453658259,0.25551958962170607,0.014019364506535664,15.942695617675781,1.0095799557848193,-0.00797446160494933,0.009646602280220493
2015-07-23,15.993743896484375,16.16389076411027,15.891657074021467,16.02777391906587,272300,51.97179311683818,0.1668169551949088,-0.07096210754143781,0.2377790627363466,0.013846640026291603,15.874637603759766,-0.0014668133480014722,-0.0021231908282043515,0.0026593293198366513
2015-07-24,15.942695617675781,16.036276528562254,15.849114706789308,16.036276528562254,206500,50.76759860816236,0.14279168497488293,-0.07598990220917096,0.21878158718405388,0.013871693119551163,15.993743896484375,-0.24164524421593825,-0.005835576027876292,-0.007470562802754957
2015-07-27,15.857623100280762,15.857623100280763,15.57688197449735,15.823594708818728,478300,48.74078269941608,0.11555480025275422,-0.08258142954503975,0.19813622979779397,0.01395979008765721,15.942695617675781,1.316222760290557,0.0021504842665787624,-0.00482816795170141
2015-07-28,15.755538940429688,15.823597357385815,15.59389959166864,15.781059832637826,401200,46.34952317893928,0.084755031091996,-0.0907049589646384,0.1754599900566344,0.013728854025452453,15.857623100280762,-0.16119590215346014,-0.001617184934268945,-0.0016200317821100695
2015-07-29,15.670463562011719,15.730014466601919,15.653448554231531,15.730014466601919,361800,44.39475142140921,0.052871648643906255,-0.09807067313018253,0.15094232177408878,0.013333837072594584,15.755538940429688,-0.09820538384845467,-0.003785813720428469,0.004343244294944891
2015-07-30,15.730016708374023,15.815090136758789,15.670465795296892,15.738524213476568,719400,46.10815374856443,0.032039943032351914,-0.09512190299338949,0.1271618460257414,0.013241871148864619,15.670463562011719,0.9883913764510779,-0.0005405529125316401,0.004867491079903692
2015-07-31,15.6279296875,15.80658242438877,15.619422182509012,15.80658242438877,445800,43.62648240714995,0.00720998462842104,-0.0959614891178563,0.10317147374627735,0.012481389621555573,15.730016708374023,-0.3803169307756463,-0.011302426551935588,0.0016326921796448745
2015-08-03,15.279123306274414,15.653445286084821,15.185544028301896,15.653445286084821,643400,36.41471068675324,-0.040150862020897904,-0.11465786861374021,0.0745070065928423,0.012214449234090189,15.6279296875,0.44324809331538817,-0.023913072998898322,-0.005010778004328553
2015-08-04,15.10898208618164,15.253606414687994,15.10898208618164,15.20256301128591,462200,33.505237992115184,-0.09037189775616206,-0.1319031234792035,0.04153122572304144,0.011718525252740876,15.279123306274414,-0.2816288467516319,-0.006155601857055174,0.012950345493505423
2015-08-05,15.313156127929688,15.432257934124209,15.262112728509237,15.304648624252877,478400,39.72859095458417,-0.11240159595338994,-0.12314625734114511,0.01074466138775516,0.01136680311698601,15.10898208618164,0.035049762007788754,0.000555877098891946,-0.0072221276579931435
2015-08-06,15.09196662902832,15.202562559527,15.040923227143042,15.202562559527,250400,35.817637916828765,-0.14602514749089046,-0.1254158471029165,-0.020609300387973963,0.01098479974400288,15.313156127929688,-0.4765886287625418,-0.00727482160100514,-0.006764380528572609
2015-08-07,15.219574928283691,15.245097438841489,14.989878823825054,14.989878823825054,320500,39.51687976572119,-0.16052470220228265,-0.11193232145144695,-0.048592380750835704,0.011135883485684473,15.09196662902832,0.27995207667731625,0.015323413028099782,0.011738505234803569
2015-08-10,15.423750877380371,15.483303404843692,15.347186587351302,15.398229988250835,314100,44.98099794741664,-0.1537678707553205,-0.08414039200358783,-0.06962747875173267,0.011576843542005923,15.219574928283691,-0.019968798751950123,0.001657391086443662,-0.007721977596870441
2015-08-11,15.245098114013672,15.338679034229704,15.125996304749961,15.304649018645529,371100,41.452226001391445,-0.16097321902692308,-0.07307659222015232,-0.08789662680677075,0.010022265818429688,15.423750877380371,0.18147086914995225,-0.00389103366952792,-0.016740932000931054
2015-08-12,14.921822547912598,15.19405620882,14.811226609018583,14.989880963139447,639500,35.95546074955937,-0.1905723465181275,-0.08214057576908539,-0.1084317707490421,0.010131529651437536,15.245098114013672,0.7232551872810564,-0.0045402905729676375,-0.00912215718258166
2015-08-13,14.632573127746582,14.802718345774943,14.564514716007132,14.785703337179948,504300,31.8817866356709,-0.2346648093063255,-0.1009864308458267,-0.1336783784604988,0.010623847287300796,14.921822547912598,-0.2114151681000782,-0.010356640190954353,-0.011046618199125087
2015-08-14,14.590034484863281,14.632572003081318,14.46242517548998,14.470932679133588,198700,31.319786990419512,-0.26992933930706897,-0.10900076867725614,-0.16092857062981283,0.010579731788581865,14.632573127746582,-0.6059884989093793,0.008230416682224814,-0.00641385671071515
2015-08-17,14.411382675170898,14.530484488329503,14.300786743546045,14.496456094272975,396600,29.00715268238899,-0.3087335531656539,-0.11824398602867281,-0.19048956713698106,0.01064362105930574,14.590034484863281,0.995973829894313,-0.005868566672352867,0.006493440794437953
2015-08-18,14.547499656677246,14.5645146652129,14.419890337940885,14.50496213533811,459300,33.06266879070976,-0.32475904922340426,-0.10741558566913856,-0.2173434635542657,0.011015420063352054,14.411382675170898,0.15809379727685324,0.0029326185716475176,-0.015204571910257734
2015-08-19,14.113628387451172,14.360339550592741,14.088105871550713,14.326311152032847,472300,27.64219417204498,-0.3682244929764451,-0.1207048235377435,-0.2475196694387016,0.012383181209747338,14.547499656677246,0.02830394077944698,-0.014845605566196048,-0.01567215728866688
2015-08-20,13.824378967285156,14.045569225478594,13.824378967285156,13.892437383449243,751100,24.731202696297586,-0.42115635287624364,-0.13890934675003364,-0.28224700612621,0.012384041489432411,14.113628387451172,0.5903027736608089,-0.004898954322095295,-0.017846423946217212
2015-08-21,13.271400451660156,13.6031849355936,13.271400451660156,13.577663239441817,895300,20.324541825787215,-0.5019399269458713,-0.17575433665572904,-0.32618559029014227,0.014339539792451644,13.824378967285156,0.19198508853681262,-0.022556369412079422,-0.0993588876046528
2015-08-24,12.190973281860352,12.616338716150858,10.498019048100971,11.952768865827316,1182800,14.782366320894328,-0.6456997101816508,-0.25561129591320686,-0.390088414268444,0.021573482271631864,13.271400451660156,0.32112141181726805,0.019928806346624507,0.03140275579452356
2015-08-25,12.420672416687012,12.85454459234395,12.420672416687012,12.573803438728174,458600,19.79004363893246,-0.732650040022012,-0.2740493006028544,-0.4586007394191576,0.022680038724104724,12.190973281860352,-0.6122759553601623,-0.012178576099695332,0.04041085163323547
2015-08-26,13.160807609558105,13.203344317983717,12.786485548996996,12.92260236690277,640300,33.37557732071162,-0.7333821059639511,-0.21982509323583477,-0.5135570127281164,0.027708505217676354,12.420672416687012,0.3962058438726559,0.01843322543649748,0.011635244454932022
2015-08-27,13.594677925109863,13.773332238598318,13.313936823319644,13.313936823319644,857100,39.8112950591507,-0.6909872936412391,-0.14194422473049817,-0.549043068910741,0.029111925534395452,13.160807609558105,0.33859128533499927,0.021086257619797003,1.5518639484977048e-07
2015-08-28,14.028553009033203,14.037060513151973,13.543636632746797,13.59468003481892,549000,45.482660584616696,-0.6152863679627085,-0.052994639241574104,-0.5622917287211344,0.030376812178135953,13.594677925109863,-0.35946797339867,0.03191490885427541,-0.029715035257303072
2015-08-31,13.849899291992188,13.951986088776781,13.611694061760836,13.611694061760836,348400,43.658458019953734,-0.5632162940131398,-0.0007396522336042821,-0.5624766417795355,0.03016306472911567,14.028553009033203,-0.365391621129326,0.01750004291534425,-0.04484025218657182
2015-09-01,13.390504837036133,13.679753487228314,13.228866314980635,13.228866314980635,680200,39.2941673604864,-0.5526490838324722,0.007862046357650643,-0.5605111301901229,0.030815015918306352,13.849899291992188,0.9523536165327211,0.01221862238281558,-0.002541409479662479
2015-09-02,13.662736892700195,13.696766905308614,13.356474081105823,13.356474081105823,283500,42.93462629762522,-0.5163554180387191,0.03532456972112308,-0.5516799877598422,0.031073736990599406,13.390504837036133,-0.5832108203469568,0.022929914716610298,-0.009962527978429371
2015-09-03,13.254387855529785,13.577665707045176,13.245880351493009,13.52662149414475,269400,39.14275122325335,-0.5146106695353989,0.029655454579554652,-0.5442661241149536,0.031503870331410756,13.662736892700195,-0.049735449735449744,-0.02012576745293026,-0.024390238692750924
2015-09-04,13.17782211303711,13.29692473713858,12.922602667859811,12.931110172007115,200100,38.45693361385668,-0.5134870007981913,0.024623298653409842,-0.5381102994516012,0.03132050610315539,13.254387855529785,-0.2572383073496659,0.01907894509816098,0.0148481774028683
2015-09-08,13.603185653686523,13.611693156626247,13.373488753554925,13.373488753554925,178600,44.29613022501591,-0.47282279554432094,0.052230003125824265,-0.5250527986701452,0.032229160220775925,13.17782211303711,-0.10744627686156927,0.01717554068085192,0.01000617908630546
2015-09-09,13.518112182617188,13.87541835841968,13.424531278982176,13.739301565481572,269000,43.40903013373689,-0.44236156922794123,0.0661529835537632,-0.5085145527817044,0.03220052590242781,13.603185653686523,0.5061590145576709,-0.016099026708904736,-0.000629123808125714
2015-09-10,13.64572525024414,13.730797047339811,13.475578410771766,13.509607616402189,167100,45.18245224688613,-0.4032748187793054,0.08419178720191928,-0.48746660598122465,0.032142754625595515,13.518112182617188,-0.3788104089219331,0.010075617124267154,-0.0024938593479168028
2015-09-11,13.543636322021484,13.64572474646406,13.41602700844861,13.611694730769715,107100,43.99467959697474,-0.37619941804352663,0.0890137503501584,-0.46521316839368504,0.03195183894437633,13.64572525024414,-0.3590664272890485,-0.0049999952316284405,-0.014447364777417749
2015-09-14,13.228864669799805,13.39050317175346,13.075732859607811,13.347966467664556,310500,40.46268617662054,-0.3758093137349636,0.07152308372697713,-0.44733239746194076,0.03225841715858742,13.543636322021484,1.8991596638655461,-0.008922842153767385,-0.017363356537713665
2015-09-15,13.237372398376465,13.433040104670356,12.999167175948907,12.999167175948907,399600,40.601488898145874,-0.37054227003142515,0.06143210194441251,-0.43197437197583766,0.03222186355662087,13.228864669799805,0.28695652173913033,0.01832465258761237,0.01863744328239745
2015-09-16,13.48408317565918,13.543634070584332,13.416024778224692,13.48408317565918,143400,44.63257651717731,-0.342512333101185,0.07156963109972214,-0.41408196420090715,0.032484346207205646,13.237372398376465,-0.6411411411411412,0.0,-0.01766553547724591
2015-09-17,13.475577354431152,13.679752572208548,13.245879625941438,13.245879625941438,324200,44.52039572373064,-0.317326808902223,0.07740412423894738,-0.39473093314117036,0.03187914150052218,13.48408317565918,1.2608089260808928,0.017341070202681164,-0.008838397312967348
2015-09-18,13.31393814086914,13.475577464756409,13.27140224530742,13.356474847751064,223500,42.34239924398179,-0.3068725969062456,0.07028666898793984,-0.3771592658941854,0.031673111602751346,13.475577354431152,-0.31061073411474394,-0.0031847255632039793,0.009584668324879966
2015-09-21,13.628708839416504,13.6797522369498,13.407518619918418,13.44154782204734,314300,47.707409613873814,-0.2700749380861751,0.08566746224640831,-0.3557424003325834,0.03077487297980064,13.31393814086914,0.40626398210290837,0.01392406736537997,-0.010611678516355463
2015-09-22,13.458562850952148,13.518114566855985,13.424533646715767,13.484085362619604,60300,45.256072929894394,-0.25173998580451773,0.08320193162245254,-0.33494191742697027,0.02410435731527921,13.628708839416504,-0.8081450843143494,-0.0018927877554237914,0.005056874973654475
2015-09-23,13.364982604980469,13.535128624416332,13.237373293233626,13.526621120614484,294800,43.919413365127255,-0.24197125380033668,0.07437653090130691,-0.3163477847016436,0.024027766076726888,13.458562850952148,3.8888888888888893,-0.011949659430297738,-0.0019095990611644451
2015-09-24,13.492591857910156,13.526621061648987,13.322445839215996,13.339460846745519,183200,46.2507192968206,-0.22138052616961978,0.07597380682561905,-0.29735433299523883,0.020234081338419127,13.364982604980469,-0.37856173677069205,0.011479550254986304,-0.006935680280161109
2015-09-25,13.31393814086914,13.662737676924545,13.296923944908494,13.399011554632986,160200,43.522879179681766,-0.21697691327509538,0.06430193577611476,-0.28127884905121014,0.019048053430777687,13.492591857910156,-0.12554585152838427,-0.006349230569506443,-0.005750756218477526
2015-09-28,13.050211906433105,13.245879620560235,13.007675199916713,13.237372928313112,559500,39.791913883145284,-0.23209210804750313,0.03934939280296562,-0.27144150085046875,0.01783505455721779,13.31393814086914,2.49250936329588,-0.014138834260663037,-0.0026076211085758025
2015-09-29,13.143791198730469,13.220357103460106,12.973645194509132,13.016181898394503,850500,41.70163977933486,-0.23382455803580982,0.03009355425172716,-0.263918112287537,0.017845455816723817,13.050211906433105,0.520107238605898,0.00980389651374691,0.009708815981682467
2015-09-30,13.169313430786133,13.51811376774018,13.143791731947603,13.2714018487806,124300,42.239747076346916,-0.2304812617881833,0.02674948039948294,-0.25723074218766623,0.01632808470660845,13.143791198730469,-0.8538506760728983,-0.007692361301217605,-0.0019378780186307654
2015-10-01,13.17782211303711,13.262895531869624,13.143792907768153,13.143792907768153,175100,42.430527201888246,-0.22455654777599499,0.026139355529336994,-0.250695903305332,0.015568947240161758,13.169313430786133,0.40868865647626706,0.002588994326656213,0.0006455622143796075
2015-10-02,13.458562850952148,13.484085362619604,13.186329217061102,13.186329217061102,86300,48.47738500630718,-0.19496035630569075,0.04458843759971301,-0.23954879390540376,0.014882093265013987,13.17782211303711,-0.5071387778412335,0.020645141601562427,0.01959544760030049
2015-10-05,13.900943756103516,13.917958764418866,13.688261020083132,13.722289414073332,604300,56.27166593548291,-0.13426104170798503,0.084230201757935,-0.21849124346592003,0.016404820176939325,13.458562850952148,6.002317497103129,0.01301928101348445,0.01223987158882333
2015-10-06,14.368844032287598,14.368844032287598,14.071089522641678,14.071089522641678,584000,62.699118309082436,-0.047849180128626045,0.13651365066983517,-0.18436283079846122,0.016537777137747976,13.900943756103516,-0.03359258646367702,0.021160728823934005,0.0005918478579658012
2015-10-07,14.726147651672363,14.726147651672363,14.360333198775267,14.377348201849552,1001500,66.72170820090192,0.04890056345431404,0.1866107154022202,-0.13771015194790617,0.017088928570961285,14.368844032287598,0.7148972602739727,0.024260346548325287,0.009821050024640964
2015-10-08,14.93883228302002,14.972862293635295,14.632570300683627,14.870773884429687,240800,68.873500364255,0.1411106686088015,0.22305665644536615,-0.08194598783656465,0.017202403851604854,14.726147651672363,-0.7595606590114827,0.004576654794112152,0.009111816081426303
2015-10-09,15.160025596618652,15.245099017983131,14.972865367729236,15.074952175254172,1006000,70.97546378540297,0.22939200485897437,0.24907039415643123,-0.01967838929745684,0.01709491005587854,14.93883228302002,3.177740863787376,0.005643362604103665,0.008417303182444867
2015-10-12,14.998383522033691,15.296139631167437,14.913311738829982,15.287632128319016,163000,67.39382268472849,0.28304961557402564,0.24218240389718598,0.040867211676839654,0.01617731570610133,15.160025596618652,-0.8379721669980119,-0.018920432141320092,-0.00907535403401073
2015-10-13,14.581526756286621,14.887790392170478,14.547498364877514,14.862267881633363,257600,59.10964677305034,0.2886098863530133,0.19819413974093894,0.09041574661207438,0.017872607071722793,14.998383522033691,0.5803680981595092,-0.018889521275126442,0.0005835209410795484
2015-10-14,14.624065399169922,14.666601297364537,14.513469467639117,14.590035382501826,169700,59.654656307685016,0.29307061831752,0.1621238973643565,0.1309467209531635,0.017584565040818494,14.581526756286621,-0.34122670807453415,0.002332414951433826,0.005817269291216324
2015-10-15,14.87077522277832,14.870775222778322,14.70063002230977,14.709137525729252,171000,62.75519027495305,0.31290621341154967,0.14556759396670893,0.16733861944484074,0.01776538709456818,14.624065399169922,0.0076605774896876255,0.010988930980238037,0.0005719519221332644
2015-10-16,14.862265586853027,14.964353990598337,14.80271469410165,14.8792805912506,117700,62.57655634446062,0.32420220768876895,0.12549087059514258,0.19871133709362637,0.017366438707363877,14.87077522277832,-0.3116959064327486,-0.0011435367653176735,-0.00515150572361273
2015-10-19,14.768689155578613,14.845255067490658,14.649585724470745,14.785702540616501,546100,60.53591083950295,0.3218929470614089,0.09854528797422601,0.2233476590871829,0.017021596038757573,14.862265586853027,3.6397621070518262,-0.0011506646364048115,-0.016705197130259312
2015-10-20,14.513467788696289,14.624063707433168,14.513467788696289,14.52197529187915,182600,55.24440318762635,0.29605586235065395,0.05816656261077682,0.23788929973987713,0.01730000996537245,14.768689155578613,-0.665629005676616,-0.0005858365003291269,3.0621963660020585e-08
2015-10-21,14.317800521850586,14.538990743457305,14.300785514963831,14.513468233127172,462600,51.52582327819178,0.2568304913633632,0.015152953298788852,0.24167753806457437,0.017575406681536246,14.513467788696289,1.533406352683461,-0.013481802428862065,0.02733236064444352
2015-10-22,14.802719116210938,14.904807550453766,14.598543870365893,14.709139809349008,292700,58.907957010700905,0.26185448468282324,0.016141557294599068,0.24571292738822417,0.018807114114958196,14.317800521850586,-0.3672719412019023,0.006361983642473198,0.00862051898934762
2015-10-23,14.828239440917969,14.972863754866626,14.760181035685681,14.930326237446213,424300,59.259597458183514,0.2648423744717636,0.015303557666831558,0.24953881680493206,0.01834306774486683,14.802719116210938,0.4496071062521354,-0.006837546273584025,0.002294798730760982
2015-10-26,14.760180473327637,14.862267265966407,14.649584554888603,14.862267265966407,250600,57.83812279326835,0.2587359616556455,0.007357715880570714,0.2513782457750748,0.017533120401062762,14.828239440917969,-0.40938015555031815,-0.006868857275399858,-0.015561906865024101
2015-10-27,14.43690299987793,14.624064839103598,14.428395496036723,14.530483919490765,184900,51.51685046767108,0.22521466072217677,-0.020930868042318418,0.2461455287644952,0.01862980434933087,14.760180473327637,-0.262170790103751,-0.006440316794082012,0.0029462604762546434
2015-10-28,14.44540786743164,14.60704716563451,14.411379480917438,14.479437876585992,164300,51.66651373702429,0.19706343534300608,-0.03926567473719131,0.23632911008019739,0.018643432885234294,14.43690299987793,-0.11141157382368849,-0.002350229991274717,2.326464045589623e-07
2015-10-29,14.547499656677246,14.607050563911514,14.411382833673057,14.445411228103843,158500,53.52126898967194,0.18090596918412594,-0.04433851271685718,0.22524448190098312,0.018623426761602935,14.44540786743164,-0.035301278149726056,0.007067187424528808,0.008186832452312495
2015-10-30,14.42839241027832,14.666597598966536,14.419886530896683,14.666597598966536,239100,51.05950107307794,0.15668394647871864,-0.05484842833781162,0.21153237481653026,0.018441237643383648,14.547499656677246,0.5085173501577287,-0.01624133934819353,0.0029483680860841097
2015-11-02,14.504961013793945,14.624064441693758,14.411381719364577,14.470932621994283,114400,52.569833611327084,0.1420290429702753,-0.05560266547700399,0.1976317084472793,0.01712528199734343,14.42839241027832,-0.5215391049769971,0.002351499567342513,0.019354970528320314
2015-11-03,14.802719116210938,14.879285036232906,14.675109790387861,14.785704106730362,187200,57.9982053273859,0.15268149946876974,-0.035960167182807645,0.1886416666515774,0.01607808753848196,14.504961013793945,0.6363636363636365,0.0011507743802900863,-0.001149553710161995
2015-11-04,14.734659194946289,14.879283515468344,14.734659194946289,14.785702595530411,167400,56.4090147450927,0.1538581995935573,-0.027826773646416086,0.18168497323997337,0.015158660428749164,14.802719116210938,-0.10576923076923073,-0.0034522133969847493,0.008083021553767363
2015-11-05,14.760180473327637,14.879282272286305,14.760180473327635,14.853759762806456,125700,56.88607654206392,0.15506263130472675,-0.021297873548197316,0.17636050485292407,0.01478930881000266,14.734659194946289,-0.2491039426523297,-0.006300040593974092,-0.01729107599471555
2015-11-06,14.590034484863281,14.64107788408452,14.487947686420803,14.504961071067612,115500,52.74190486380946,0.14066627950515453,-0.028555380278215636,0.16922165978337017,0.014524943211126936,14.760180473327637,-0.08114558472553701,0.005865125275335024,-0.0023325338136014166
2015-11-09,14.360333442687988,14.632568628580488,14.351827563646376,14.556002736085727,135700,47.69073779584657,0.10946032211538004,-0.04780907013439212,0.15726939224977216,0.01473083507276339,14.590034484863281,0.17489177489177488,-0.013442515568690826,-0.008293479819549324
2015-11-10,14.096611976623535,14.343324737899655,14.079596967713343,14.241236307079056,240300,42.64139843423851,0.06272618929357421,-0.07563456236495836,0.13836075165853257,0.013996797893397863,14.360333442687988,0.7708179808400883,-0.010155321303364016,0.0012069886711136575
2015-11-11,14.028553009033203,14.207207350246378,13.96900210284231,14.113626427580405,273900,41.42251672545889,0.019967094206107205,-0.0947149259619403,0.1146820201680475,0.01397244846319952,14.096611976623535,0.13982521847690377,-0.006027750485229929,-0.00909649463338147
2015-11-12,13.883927345275879,14.164668463557547,13.832883948126577,13.900942351872425,162300,38.879245702879,-0.025298256537718444,-0.11198422136461277,0.08668596482689432,0.013350018724303605,14.028553009033203,-0.407447973713034,-0.0012240182115606226,-0.004289229419120783
2015-11-13,13.866911888122559,14.003028691191618,13.815868492631735,13.824375995653586,408400,38.579128072356745,-0.06183162186163216,-0.11881406935082119,0.05698244748918903,0.013343679248166375,13.883927345275879,1.5163277880468269,0.0030768761268028205,0.011043005612228464
2015-11-16,14.05407428741455,14.130640195120348,13.95198586959337,14.020044273927374,421500,43.72489007708934,-0.07481966116776917,-0.10544168692556656,0.03062202575779739,0.013840451027540744,13.866911888122559,0.03207639569049947,0.002427240087284295,0.013317096857955775
2015-11-17,14.062581062316895,14.241233755948956,14.054073559385804,14.241233755948956,262100,43.95471853004362,-0.08346422660153152,-0.09126900188746313,0.007804775285931612,0.013398148640965269,14.05407428741455,-0.3781731909845789,-0.01254474834790444,-0.007259455902544506
2015-11-18,14.020045280456543,14.045567792404242,13.917958477946685,13.960494375219048,296400,43.00887417033777,-0.0926790427837787,-0.08038705445576824,-0.012291988328010449,0.013106494990885733,14.062581062316895,0.13086608164822588,0.004265673094156525,0.001213632301495769
2015-11-19,13.943479537963867,14.079596358070468,13.943479537963867,14.037060460277338,399600,41.28665417825592,-0.10495026520194983,-0.0741266214991515,-0.030823643702798328,0.010241867408538899,14.020045280456543,0.3481781376518218,-0.006666703657670376,0.0036607440989199084
2015-11-20,13.994523048400879,14.096609841115699,13.969000538902016,13.994523048400879,289300,42.92742799256634,-0.10929660939554608,-0.0627783725541982,-0.046518236841347885,0.010297248343165125,13.943479537963867,-0.276026026026026,0.0,0.0012158094873289593
2015-11-23,13.934971809387207,14.037060234142777,13.900943416228994,14.011537722293768,268800,41.4713164036204,-0.11620684560078764,-0.055750887007551805,-0.06045595859323584,0.01029452585360654,13.994523048400879,-0.07086069823712404,-0.005464490366730938,-0.008546942864078423
2015-11-24,13.773334503173828,13.832885409914436,13.722289477990014,13.815870401519831,348500,37.730331963188505,-0.1331906978743298,-0.058187791424875165,-0.07500290644945463,0.009518010058633281,13.934971809387207,0.2965029761904763,-0.0030787707983511267,-0.002470896114774737
2015-11-25,13.798852920532227,13.909448832639157,13.739302024462443,13.739302024462443,485800,38.67092404279944,-0.14294363490479078,-0.05435258276426891,-0.08859105214052188,0.009542408715591593,13.773334503173828,0.39397417503586807,0.004334346531123253,-0.017262576961007945
2015-11-27,13.39901065826416,13.781840183270683,13.373488960370441,13.56064916001791,538500,30.81630719322099,-0.18085208643545414,-0.0738088274359458,-0.10704325899950834,0.010985825770534299,13.798852920532227,0.10848085631947302,-0.011919672859786318,0.0012698886288592043
2015-11-30,13.237372398376465,13.526620206203935,13.203343196789694,13.416025909537053,336300,28.31272274515785,-0.2213856679227657,-0.09147392713860589,-0.12991174078415982,0.011096362994387328,13.39901065826416,-0.37548746518105847,-0.013316425621509033,0.0006427222004864964
2015-12-01,13.254387855529785,13.373490478083953,13.2033444539496,13.245880351493009,450200,28.96694644610285,-0.24926247543566227,-0.09548058772120194,-0.15378188771446033,0.01094973838572901,13.237372398376465,0.3386856972940826,0.0006422754706385112,-0.004493004780917834
2015-12-02,13.118269920349121,13.313937628629576,13.092748221729968,13.19483582752675,255000,26.855528064027556,-0.2791210918156093,-0.10027136328091918,-0.1788497285346901,0.009293881656746385,13.254387855529785,-0.43358507330075524,-0.005802717682769459,0.01232157673394033
2015-12-03,13.126776695251465,13.288415192630268,13.084239992366477,13.279907689789244,320000,27.212605188903886,-0.2986551244080822,-0.09584431669871363,-0.20281080770936855,0.009408298187117007,13.118269920349121,0.2549019607843137,-0.011531028536856454,-0.005184698514607737
2015-12-04,13.339459419250488,13.339459419250488,13.058718315618007,13.058718315618007,596700,35.66844119342953,-0.2935899454716875,-0.07262331020985513,-0.22096663526183236,0.010503980208097083,13.126776695251465,0.8646875,0.021498365830949853,-0.019132682599215932
2015-12-07,12.94812297821045,13.118268975618447,12.854542071145964,13.084239776136847,505400,28.994045472942794,-0.3174934678640682,-0.07722146608178865,-0.24027200178227953,0.011765995557744895,13.339459419250488,-0.1530082118317413,-0.010403110937683152,0.0006570867726126833
2015-12-08,13.092748641967773,13.118270341406095,12.90558761967295,12.956631018549594,644700,33.91564461128376,-0.321066049633993,-0.06463523828137074,-0.25643081135262225,0.012113066800249383,12.94812297821045,0.27562326869806086,0.010505634004958892,-0.01494474766433807
2015-12-09,12.829022407531738,12.89708081728096,12.70141309208201,12.89708081728096,439100,29.852314321768528,-0.3412441987861339,-0.0678507099468093,-0.27339348883932457,0.012225893015856948,13.092748641967773,-0.3189080192337521,-0.005277039875413475,-0.0006632586002125032
2015-12-10,12.846035957336426,12.888571850110798,12.777977555313253,12.820513448087624,229100,30.43137193371285,-0.3518072609717855,-0.06273101770596873,-0.28907624326581677,0.012297843633429114,12.829022407531738,-0.47825096788886357,0.001990755623957394,-0.005297984958077668
2015-12-11,12.650367736816406,12.820513745825739,12.59932433977369,12.777977852063533,277100,27.608676281976493,-0.3716828257345437,-0.06608526597498154,-0.30559755975956215,0.012472025408114967,12.846035957336426,0.20951549541684855,-0.009986722212585331,-0.00605243644033597
2015-12-14,12.539772987365723,12.590817197190905,12.43768537903555,12.573802190142448,244500,26.133194279837422,-0.39184152086684776,-0.06899516888582846,-0.3228463519810193,0.012479290044324054,12.650367736816406,-0.11764705882352944,-0.0027063574137824085,0.01356849070615726
2015-12-15,12.743947982788086,12.812007198480202,12.667382886359787,12.709918780602116,475700,33.22792524553512,-0.38688247586995317,-0.051228899111147086,-0.3356535767588061,0.012709311592979711,12.539772987365723,0.94560327198364,0.002677373693206049,0.0013352386880143346
2015-12-16,12.79499340057373,12.85454430719539,12.63335487774912,12.760964195172747,308200,34.911112193670455,-0.37451626796219273,-0.031090152962709283,-0.34342611499948345,0.012807831959924576,12.743947982788086,-0.352112676056338,0.0026666641235351405,0.004654264419330022
2015-12-17,12.684398651123047,12.863052187532679,12.684398651123047,12.854544683103583,198200,32.97182175147687,-0.3693820250508999,-0.020764728041133107,-0.3486172970097668,0.012832287070931269,12.79499340057373,-0.3569110966904607,-0.013236255050261067,-0.008048369859819082
2015-12-18,12.548280715942383,12.701412536844146,12.429178098427656,12.582309919329418,732600,30.710649241599445,-0.3720083990801015,-0.018712881656267777,-0.35329551742383375,0.012898041456798412,12.684398651123047,2.6962663975782037,-0.002704527515631973,0.013262229893259123
2015-12-21,12.600232124328613,12.74991963957167,12.485764509366186,12.71469889956236,425100,32.61020286964635,-0.3656824156809435,-0.009909518605687784,-0.3557728970752557,0.012915764527873554,12.548280715942383,-0.41973791973791974,-0.009002712226058892,-0.004891710335328344
2015-12-22,12.582621574401855,12.697089191547104,12.450544006780481,12.538595438618499,416800,32.287075274128966,-0.35796367009819896,-0.0017526184183546123,-0.35621105167984435,0.01294201027570454,12.600232124328613,-0.019524817689955287,0.0035112494057952855,0.0034989445356234466
2015-12-23,12.600232124328613,12.653062814478238,12.556205989384805,12.626647469403427,169100,33.002010998806455,-0.3464320315979226,0.007823216065537486,-0.35425524766346006,0.012920120288363458,12.582621574401855,-0.5942898272552783,-0.002092031565688536,0.0006986961520563227
2015-12-24,12.705893516540527,12.890802599474354,12.591425909035909,12.609035858028898,85200,37.28082914284362,-0.3250204997007682,0.023387798370153534,-0.3484082980709217,0.013165737507243765,12.600232124328613,-0.4961561206386753,0.007681607031829825,0.01524607230683078
2015-12-28,12.855583190917969,12.943634624443938,12.80275165901942,12.899608487816597,221200,42.849391866630036,-0.29260008900820544,0.04464656725017302,-0.33724665625837846,0.01222243852146384,12.705893516540527,1.596244131455399,-0.003412917294366634,0.01422384344707948
2015-12-29,13.109107971191406,13.17094311593304,13.003104504874036,13.038438993646492,295300,50.81452330878072,-0.2436408093952629,0.07488467749049249,-0.3185254868857554,0.01289262506368392,12.855583190917969,0.3349909584086799,0.005420048947527398,0.002695477395770411
2015-12-30,13.047273635864258,13.170943933019666,13.020772135810342,13.144443275406466,317500,49.02003882682851,-0.2074385195320705,0.08886957388294792,-0.2963080934150184,0.012920974591486866,13.109107971191406,0.0751777853030815,-0.00739244998865909,0.002031052346878254
2015-12-31,13.064939498901367,13.073773331602743,12.985436689470301,13.073773331602743,80700,49.56799763037873,-0.17530168774989185,0.09680512453210127,-0.2721068122819931,0.012728213652901854,13.047273635864258,-0.7458267716535434,-0.0006756911319566637,-0.011494220692649406
2016-01-04,13.223945617675781,13.223945617675781,12.852933054598976,12.914768200964883,834400,54.326560262016145,-0.13544126946846013,0.1093324342508264,-0.24477370371928653,0.013022479888847442,13.064939498901367,9.339529120198264,0.0239398347612464,-0.0060121022804358925
2016-01-05,13.250445365905762,13.285779853183886,13.073772929515144,13.144441904071392,1132600,55.0871540045472,-0.1005541667456491,0.11537562957890996,-0.21592979632455905,0.012494861936041692,13.223945617675781,0.35738255033557054,0.008064508376086738,-0.005333393590028741
2016-01-06,12.958934783935547,13.179775525526214,12.958934783935547,13.179775525526214,604500,46.01019521235049,-0.09532945557587702,0.09648027259894562,-0.19180972817482264,0.011677224642043273,13.250445365905762,-0.4662722938371888,-0.01675603208589926,-0.017041500910786357
2016-01-07,12.667426109313965,12.74692891758474,12.587923301043189,12.738095085012288,764600,39.07619110305619,-0.11340389858275479,0.06272466367365431,-0.1761285622564091,0.012402387270042569,12.958934783935547,0.2648469809760132,-0.005547844887849276,7.79133568669527e-08
2016-01-08,12.340582847595215,12.738096077480037,12.31408134781304,12.667427096275656,471100,33.060187736680014,-0.1523454016046486,0.019026528521408403,-0.171371930126057,0.012902711479872594,12.667426109313965,-0.38386084227046824,-0.025801944325105797,0.01503198730804123
2016-01-11,12.39358139038086,12.561420815033523,12.278744110997595,12.526086332334097,623700,34.812726916755146,-0.17689119227873462,-0.004415409722142105,-0.17247578255659252,0.012958240528723608,12.340582847595215,0.3239227340267459,-0.010578319391843694,0.009978728289178966
2016-01-12,12.411250114440918,12.543754225286241,12.278745161155003,12.517253571605295,432600,35.419755129576124,-0.1926968999498957,-0.016176893914642526,-0.17652000603525317,0.012573071407328459,12.39358139038086,-0.30639730639730645,-0.008468587502680293,0.0028470291384656413
2016-01-13,12.022570610046387,12.455419137702394,12.004903787405269,12.446585305161516,592400,29.018173706114393,-0.23389008551347423,-0.045896063582576835,-0.1879940219308974,0.014221436745092728,12.411250114440918,0.36939435968562173,-0.03406674880855021,-0.006612726023796671
2016-01-14,12.022570610046387,12.110907250573892,11.810563683709143,11.9430686445004,625100,29.018173706114393,-0.26349853476683727,-0.06040361026875188,-0.2030949244980854,0.013570509399703256,12.022570610046387,0.05519918973666438,0.006656745256387369,-0.03159419315039748
2016-01-15,11.413052558898926,11.784065168587652,11.333549736474087,11.642727192028289,540500,21.839444076029036,-0.3323157280367415,-0.10337664283092485,-0.22893908520581663,0.017160198860310595,12.022570610046387,-0.13533834586466165,-0.01972687578616634,0.014705701726317582
2016-01-19,11.510220527648926,11.642725493169339,11.492553704377272,11.580889505616879,314400,25.02380406348903,-0.3746939676722878,-0.11660390597317694,-0.25809006169911086,0.017424558728189612,11.413052558898926,-0.41831637372802966,-0.006102206392149574,-0.01765161602582299
2016-01-20,11.192209243774414,11.36888167475558,10.944867840400786,11.307046534522321,1194000,21.88170567398745,-0.4289946969531204,-0.13672370820320762,-0.2922709887499128,0.018127930431019262,11.510220527648926,2.7977099236641223,-0.010156258789356666,0.00236806649829591
2016-01-21,11.31588363647461,11.368884959863712,11.077375153901116,11.218713139526514,430500,25.784562680381608,-0.4567834113941771,-0.13160993811541144,-0.32517347327876567,0.018386203861587486,11.192209243774414,-0.6394472361809045,0.008661465512094946,0.007025478774908191
2016-01-22,11.457219123840332,11.572056422730775,11.324714159378745,11.395383136781993,417600,30.083542635265992,-0.46207506147814925,-0.10952127055950683,-0.3525537909186424,0.018794973267990314,11.31588363647461,-0.02996515679442513,0.005426407020817519,0.016962091837769634
2016-01-25,11.837063789367676,11.996069397959257,11.651557526824362,11.651557526824362,257800,40.12221717099516,-0.4306541295477029,-0.06248027090324837,-0.3681738586444545,0.020576600245244037,11.457219123840332,-0.3826628352490421,0.01592115578678976,0.0022388707242092993
2016-01-26,11.863565444946289,11.960735072366862,11.660391515415219,11.863565444946289,186500,40.76129561365127,-0.39901475873498526,-0.024672720072424603,-0.37434203866256066,0.020444395743556606,11.837063789367676,-0.27657098525989143,0.0,0.008190510890957898
2016-01-27,11.881231307983398,12.07557138957855,11.801728509038083,11.960734106928713,94300,41.21172396551382,-0.36826965852564797,0.004857904109530131,-0.3731275626351781,0.02017460206719139,11.863565444946289,-0.4943699731903485,-0.006646983223150152,1.0543317725582987e-07
2016-01-28,11.987236022949219,11.996069855416863,11.85473190569706,11.881232560659365,52800,43.965028982593374,-0.3315285952472635,0.033279173910331694,-0.3648077691575952,0.01965144545709547,11.881231307983398,-0.440084835630965,0.008921924703405604,0.014001521856538664
2016-01-29,12.331748008728027,12.331748008728027,12.102073417322512,12.15507557012403,253000,51.85661134756105,-0.27148232064797106,0.07466035880769933,-0.3461426794556704,0.020990471651782718,11.987236022949219,3.791666666666667,0.014534869617613966,-0.013610337941989998
2016-02-01,12.110906600952148,12.19924323674133,12.066738283057559,12.163908750913777,353500,47.26171929642423,-0.23896068138964566,0.08574559845281982,-0.3247062798424655,0.021239705435011,12.331748008728027,0.3972332015810276,-0.00435732880334593,-0.01312905827414707
2016-02-02,11.722228050231934,11.951901802435495,11.713394217567007,11.951901802435495,510000,40.46572164547949,-0.24176326229724587,0.0663544140361757,-0.3081176763334216,0.021811899549304514,12.110906600952148,0.4427157001414428,-0.0192165026118906,0.018085893151176587
2016-02-03,12.075572967529297,12.093239790469863,11.77522939557379,11.934235014242153,395800,47.812592176756105,-0.21301682074760286,0.07608068446865501,-0.2890975052162579,0.023203640822034924,11.722228050231934,-0.22392156862745094,0.011843067705510467,0.0007316209985695702
2016-02-04,12.049073219299316,12.199245016586326,11.943069746350965,12.0844077102821,162300,47.34074865447306,-0.19018107784531502,0.0791331418967543,-0.2693142197420693,0.022831454895966483,12.075572967529297,-0.589944416371905,-0.0029239737544372465,0.008797628546403913
2016-02-05,11.996070861816406,12.216911637390995,11.978404037839605,12.155076489811135,69000,46.35539059131264,-0.17435062884249497,0.07597087271965952,-0.2503215015621545,0.022388504097849538,12.049073219299316,-0.5748613678373382,-0.013081417309715288,-0.0014728344781764528
2016-02-08,11.828230857849121,11.978402635048475,11.757561885336555,11.978402635048475,125100,43.28310001441564,-0.17334989983947224,0.061577281378145804,-0.23492718121761805,0.02189118758554107,11.996070861816406,0.8130434782608695,-0.012536878394783254,-0.008961911995715843
2016-02-09,11.810563087463379,11.872398227246558,11.616222993578338,11.722227293836067,332600,42.96032452662115,-0.17199975025432046,0.05034194477063808,-0.22234169502495854,0.02184335094275947,11.828230857849121,1.6586730615507594,0.007535751646255999,0.007479342887602368
2016-02-10,11.66922378540039,12.093237567313382,11.642723134640953,11.898898338490177,542900,40.36690082847809,-0.18025675971537503,0.033667948247666835,-0.21392470796304186,0.02193217418805486,11.810563087463379,0.632291040288635,-0.01930216954176696,-0.009840906408823489
2016-02-11,11.554388046264648,11.580888700550222,11.413050100154107,11.554388046264648,212800,38.34166456121937,-0.19383240432713755,0.016073842908723435,-0.209906247235861,0.02096957272618162,11.66922378540039,-0.6080309449254007,0.0,0.006116168055669202
2016-02-12,11.739893913269043,11.792896062484509,11.616222793393343,11.625056625336018,118600,43.29121646126705,-0.18746148801603546,0.017955807375860444,-0.2054172953918959,0.02134499321982085,11.554388046264648,-0.4426691729323309,0.009878428263544504,0.030097913641486198
2016-02-16,12.243412017822266,12.261079683840403,11.978403767075658,12.093240226430824,261100,54.068852361009995,-0.14016702971088613,0.052200212544807834,-0.19236724225569396,0.020091392365844247,11.739893913269043,1.2015177065767286,0.012417829182225958,-0.004329038710016225
2016-02-17,12.234578132629395,12.252244954915005,12.057904855129559,12.190409813254435,224100,53.87539512073014,-0.10222031926256925,0.07211753839449977,-0.17433785765706902,0.02008126272333155,12.243412017822266,-0.14170815779394863,0.0036232021770864382,0.005776261927673372
2016-02-18,12.305248260498047,12.367083407956807,12.234579279847836,12.305248260498047,149000,55.254680891812065,-0.06568758356268312,0.08692021927550875,-0.15260780283819186,0.01872123701775367,12.234578132629395,-0.3351182507809014,0.0,-0.005743161847060283
2016-02-19,12.261077880859375,12.314079186238626,12.155074427660313,12.23457722816975,82800,54.164456424480335,-0.03984005643494726,0.09021419712259568,-0.13005425355754294,0.018754981767821925,12.305248260498047,-0.4442953020134228,0.002166045642231794,0.014409222155135681
2016-02-22,12.649757385253906,12.676258880752812,12.411249822847765,12.437750475906098,475900,61.384694473612164,0.011870645299854488,0.11353991908591796,-0.10166927378606347,0.019672190655332322,12.261077880859375,4.747584541062802,0.017045438382004802,6.376131580812563e-08
2016-02-23,12.587923049926758,12.667425856611532,12.455418933745884,12.649758191819082,385000,59.771574870255925,0.04731679631612451,0.11918885608175038,-0.07187205976562587,0.01863327533180864,12.649757385253906,-0.19100651397352386,-0.004888246949440846,-0.007719274152789259
2016-02-24,12.587923049926758,12.667425856611532,12.455418933745884,12.490753420890158,126100,59.77157487025593,0.0745487745047555,0.1171366674163051,-0.042587892911549595,0.01864634817859933,12.587923049926758,-0.6724675324675324,0.007779324894372539,-0.008421076452325121
2016-02-25,12.446584701538086,12.499586009331667,12.3229135792854,12.481919187547339,175200,55.87885081913134,0.08375995726535734,0.10107828014152555,-0.017318322876168205,0.01892012443002734,12.587923049926758,0.38937351308485324,-0.002830853611398534,0.005677930741725448
2016-02-26,12.420085906982422,12.534922371873568,12.375917582248514,12.517255547444439,124000,55.15360767095767,0.08790830251477466,0.0841813003127543,0.0037270022020203693,0.01888389918457965,12.446584701538086,-0.2922374429223744,-0.007762855051869199,-1.0126597226077788e-07
2016-02-29,12.331748008728027,12.473085959611227,12.322914176187668,12.420084649250347,162100,52.69812453700408,0.08310972867548116,0.06350618117876863,0.019603547496712528,0.01788131736896132,12.420085906982422,0.30725806451612914,-0.0071124024527201134,0.000716312650149752
2016-03-01,12.490753173828125,12.552588314497376,12.340581395825138,12.340581395825138,269200,56.4559826442181,0.09108721557660715,0.0571869344639157,0.03390028111269145,0.017567810464332152,12.331748008728027,0.6607032695866748,0.012168938657443675,-0.0021216695068611963
2016-03-02,12.587923049926758,12.587923049926758,12.42008444660161,12.464251923701484,192400,58.619511683589096,0.10405079553747676,0.05612041153982825,0.04793038399764851,0.0156947405022946,12.490753173828125,-0.2852897473997028,0.009922065678896138,4.3258634667872297e-08
2016-03-03,12.773429870605469,12.81759819205663,12.587923594463122,12.587923594463122,167100,62.454828490816,0.1278199473497068,0.06391165068164663,0.06390829666806018,0.014672545194368908,12.587923049926758,-0.13149688149688155,0.014736844782243722,0.0027662761351966783
2016-03-04,12.888267517089844,12.897101350106519,12.711595068959758,12.808764704821133,205400,64.63972253544406,0.15414670250790152,0.07219072467187307,0.08195597783602845,0.01468074805725308,12.773429870605469,0.22920406941950922,0.006206907075027022,0.006168649137488798
2016-03-07,13.029605865478516,13.029605865478516,12.808765088097523,12.967770717392865,299900,67.17183671547066,0.18429127405592283,0.0818682369759155,0.10242303708000733,0.014649128179964532,12.888267517089844,0.4600778967867576,0.004768371482903771,-0.0020340073509624475
2016-03-08,12.782262802124023,13.003103551367989,12.764595137813018,13.003103551367989,236300,59.18453212263166,0.18607755982674057,0.06692361819738658,0.11915394162935398,0.015014108988363374,13.029605865478516,-0.21207069023007674,-0.016983695344080525,-0.002073381368559266
2016-03-09,12.791094779968262,12.844096926267813,12.755760296582071,12.755760296582071,104800,59.37031232248846,0.1860610747193494,0.05352570647199634,0.13253536824735307,0.014980008740640054,12.782262802124023,-0.5564959796868387,0.002770080541232679,0.003453209798868487
2016-03-10,12.808764457702637,12.870599602745015,12.755762303065836,12.835265113800704,219200,59.76489240088162,0.18533735185083877,0.04224158688278856,0.1430957649680502,0.014516622341712615,12.791094779968262,1.0916030534351147,-0.002064675397282833,-1.5730018448744162e-07
2016-03-11,12.791094779968262,12.817596274338305,12.720425813195881,12.808762442881624,192200,59.146300908636064,0.18124867899384078,0.030522331220632443,0.15072634777320834,0.014188022496494892,12.808764457702637,-0.12317518248175185,-0.0013793419147359878,-0.0055247631244387954
2016-03-14,12.543754577636719,12.826431313789291,12.543754577636719,12.720427011206692,215000,51.163285104888395,0.15624894846126836,0.004418080550448011,0.15183086791082034,0.014948495906525068,12.791094779968262,0.1186264308012488,-0.01388887601134179,-0.00633791006265782
2016-03-15,12.420085906982422,12.490754889580383,12.35824991537866,12.464253389275605,334600,47.69688207937726,0.12501634313755616,-0.02145161981861135,0.1464679629561675,0.011976420705710337,12.543754577636719,0.5562790697674418,-0.003543532124530239,0.0007110048672916016
2016-03-16,12.63209056854248,12.63209056854248,12.402415995446663,12.428916648514466,131400,53.51168309080063,0.11603371831450815,-0.024347395713327502,0.14038111402783565,0.01250761499195243,12.420085906982422,-0.6072922893006575,0.01634687284287952,0.005594455495984824
2016-03-17,12.570255279541016,12.702760237049441,12.543754625015579,12.702760237049441,198500,51.70607087853583,0.1027409981104146,-0.030112092733936863,0.13285309084435146,0.012550945154069525,12.63209056854248,0.5106544901065448,-0.010431194089766055,-0.004919019438039726
2016-03-18,12.517255783081055,12.579090933408134,12.47308745751568,12.508421949479832,194000,50.1442994526689,0.08692775608920122,-0.036740267804120194,0.12366802389332142,0.012564151133398807,12.570255279541016,-0.02267002518891692,0.0007062308608473322,-0.0035288988433786407
2016-03-21,12.534918785095215,12.579087097190673,12.384747871875433,12.473083653625865,430200,50.67896911115391,0.0749568486140042,-0.03896894022345378,0.11392578883745798,0.010305077829817221,12.517255783081055,1.2175257731958764,0.004957485509317042,-0.001409199811415703
2016-03-22,12.437751770019531,12.534921402970697,12.39358344869967,12.517254579907148,92300,47.65145675165866,0.056972508522111553,-0.045562624252277154,0.10253513277438871,0.01039017986264754,12.534918785095215,-0.7854486285448629,-0.006351457452597886,-0.00142044326787176
2016-03-23,12.331748008728027,12.437751471890428,12.296413521007228,12.420084649250347,177800,44.526366886972376,0.03377681372005803,-0.05500665524346454,0.08878346896352257,0.01054018794821362,12.437751770019531,0.9263271939328277,-0.0071124024527201134,-0.007879482223637926
2016-03-24,12.322916030883789,12.322916030883789,12.199245726467952,12.234580219506872,93200,44.265885399898515,0.01451408236654217,-0.05941550927758432,0.07392959164412649,0.010260361853623463,12.331748008728027,-0.4758155230596175,0.0072201750932225335,0.0043008970275259595
2016-03-28,12.428916931152344,12.455418427263371,12.35824795973745,12.37591562381147,55500,48.1838542093146,0.007712708451547812,-0.052973506554062945,0.06068621500561076,0.010446775101047835,12.322916030883789,-0.40450643776824036,0.00428261705654321,-0.013503704816056606
2016-03-29,12.517255783081055,12.53492260784276,12.208078346564177,12.261080505730774,170800,51.258969850408285,0.009343076524407579,-0.04107451078496254,0.05041758730937012,0.010414814929372183,12.428916931152344,2.0774774774774776,0.020893368837317818,-0.0035286986500907853
2016-03-30,12.402417182922363,12.543755136070548,12.402417182922363,12.473086159496455,85300,47.32686653738294,0.0013530426483256974,-0.03925163572883554,0.04060467837716124,0.01023334241611214,12.517255783081055,-0.5005854800936769,-0.005665717022269423,0.0007121818519992102
2016-03-31,12.367081642150879,12.411249959360964,12.340580988801062,12.411249959360964,76400,46.15367250364755,-0.007741164269386758,-0.038676674117238394,0.03093550984785164,0.010066025953040852,12.402417182922363,-0.10433763188745604,-0.0035587323883338345,-0.013571281778620322
2016-04-01,12.216911315917969,12.23457898187057,12.119741680500702,12.199244492406047,186800,41.45090822471887,-0.026757436006750623,-0.04615435668368181,0.019396920676931186,0.009663695384461473,12.367081642150879,1.4450261780104712,0.0014481899697083237,0.0014461448179381362
2016-04-04,12.119741439819336,12.278746218031731,12.040238629492807,12.234578738908693,139800,38.70287261983841,-0.04910273946689081,-0.054799728115057594,0.005696988648166788,0.009371132132492145,12.216911315917969,-0.25160599571734477,-0.009386289592803803,0.002186560738702448
2016-04-05,12.102073669433594,12.14624199061487,12.093239836709207,12.14624199061487,83700,38.2068918994465,-0.06745956301239886,-0.05852524132845252,-0.008934321683946343,0.008788323434536064,12.119741439819336,-0.4012875536480687,-0.0036363775079900516,0.005109515519391939
2016-04-06,12.331748008728027,12.358248663908467,12.16390940266439,12.16390940266439,540700,47.60658572735729,-0.06275132005718476,-0.043053598698590725,-0.019697721358594027,0.009381500920604248,12.102073669433594,5.459976105137396,0.013798080905376904,-0.00787965959124987
2016-04-07,12.199243545532227,12.322913827838745,12.181575880950943,12.234578032254177,127900,43.49580981246426,-0.06891756756878031,-0.03937587696814902,-0.029541690600631287,0.009571433320920282,12.331748008728027,-0.7634547808396523,-0.0028880838087588906,0.00651688790468806
2016-04-08,12.252243995666504,12.367081280074347,12.19040885884711,12.27874464824045,158600,45.52214147083368,-0.06873533164756651,-0.031354912837548175,-0.037380418810018336,0.009654359324360077,12.199243545532227,0.24003127443315098,-0.0021582542298200715,0.012256798496535375
2016-04-11,12.437751770019531,12.534921402970697,12.384750458388226,12.402417281451774,135500,52.00929590073542,-0.05301090461962055,-0.012504388647681768,-0.04050651597193878,0.010403595059778122,12.252243995666504,-0.14564943253467844,0.0028490001397228795,0.002840802054197316
2016-04-12,12.649757385253906,12.676258880752812,12.473084960797399,12.473084960797399,223500,58.143608775907026,-0.023174955110428996,0.013865248689207826,-0.03704020379963682,0.01027264564297899,12.437751770019531,0.6494464944649447,0.014164292555673622,-0.005586523564930475
2016-04-13,12.587923049926758,12.658592024215308,12.499586410845758,12.579089217530532,168500,55.89930209018119,-0.004467762670801179,0.026057952903068518,-0.030525715573869697,0.010067658026500415,12.649757385253906,-0.24608501118568238,0.0007022632754615308,0.003508805333720357
2016-04-14,12.667426109313965,12.676259941886416,12.59675713361564,12.632091621464802,242600,58.136745380892464,0.016581908652337773,0.03768609938096598,-0.021104190728628205,0.009414453529997688,12.587923049926758,0.4397626112759645,0.002797200092273021,-0.00488145736562913
2016-04-15,12.570255279541016,12.640925095676547,12.53492079269356,12.605590608829091,85300,54.49743269386132,0.02513332958000447,0.03699001624690614,-0.01185668666690167,0.009513178706682213,12.667426109313965,-0.6483924154987635,-0.0028031474592968746,-0.00421634987142292
2016-04-18,12.455419540405273,12.570255997386974,12.393583553060513,12.51725468530937,546700,50.47601178842595,0.022386055337804578,0.027394193603764997,-0.00500813826596042,0.009691023683029105,12.570255279541016,5.409144196951934,-0.004939992550975874,-0.010638277676285869
2016-04-19,12.384751319885254,12.393584310811132,12.25224634670848,12.322915328759805,300300,48.12267017975991,0.014341169832059464,0.015479446478415908,-0.0011382766463564438,0.009758166019141559,12.455419540405273,-0.45070422535211263,0.005017967702913037,-0.0028531322554409696
2016-04-20,12.384751319885254,12.49958778388812,12.305248504467333,12.349415986418874,263800,48.1226701797599,0.007874764722634708,0.007210433095192922,0.0006643316274417868,0.009610198071677694,12.384751319885254,-0.12154512154512154,0.0028612959110972825,0.00927223491763319
2016-04-21,12.349413871765137,12.55258779220272,12.296412565522687,12.499585643519698,221500,46.85576711167485,-0.00010018972564473927,-0.0006116170824692209,0.0005114273568244816,0.00943282239190566,12.384751319885254,-0.16034874905231233,-0.01201413999130573,0.02002867215524723
2016-04-22,12.693925857543945,12.711593521426401,12.596756233512183,12.596756233512183,268300,58.36416326334852,0.021135205965048698,0.016499022886579374,0.004636183078469325,0.011287802223447383,12.349413871765137,0.21128668171557563,0.007713860793245646,0.0006960721759869317
2016-04-25,12.738096237182617,12.755763061484855,12.658593421720752,12.702761746137423,177500,59.572929746154436,0.04105533024129571,0.029135317730261106,0.0119200125110346,0.011176806211093541,12.693925857543945,-0.33842713380544165,0.002781638493372418,0.0006933209445399194
2016-04-26,12.93243408203125,13.08260585314152,12.746927826097421,12.746927826097421,275300,64.46153243988768,0.07169713226626584,0.047821695804184994,0.02387543646208085,0.01154265594107997,12.738096237182617,0.5509859154929577,0.01455301688882499,-0.008879654322228323
2016-04-27,12.888267517089844,12.92360200671586,12.808764704821133,12.817598537837808,201900,62.60856765317294,0.0913639220367557,0.053990788459739876,0.03737313357701582,0.011327025606196027,12.93243408203125,-0.26661823465310575,0.005513433662586573,-0.006854078331050157
2016-04-28,12.720427513122559,12.835264810084384,12.693926857651567,12.79993032197618,166100,56.01857217259762,0.09234224507850541,0.043975289201191675,0.04836695587731374,0.011775058875860254,12.888267517089844,-0.1773155027241209,-0.006211190752899943,0.0027778585527760994
2016-04-29,12.738096237182617,12.83526587694672,12.7115955795089,12.755763061484855,101600,56.53720899832194,0.09346587507807413,0.03607913536060831,0.05738673971746582,0.011331833704008054,12.720427513122559,-0.3883202889825407,-0.0013850072486514798,0.0013868762672281946
2016-05-02,12.844099044799805,12.905934190314719,12.738095577156805,12.755762400543635,331400,59.6141562441578,0.10173713822009844,0.0354803188021061,0.06625681941799234,0.011150900726257911,12.738096237182617,2.2618110236220472,0.006925234375046478,-0.00481429199351045
2016-05-03,12.808764457702637,12.861766612339439,12.676260334771635,12.78226380160457,165500,58.136681675619926,0.10423936150344915,0.03038603366836544,0.0738533278350837,0.01118160735086772,12.844099044799805,-0.5006035003017502,0.002073236518146363,-0.00551723885995374
2016-05-04,12.4730863571167,12.808764422382358,12.4730863571167,12.738095444688605,495600,46.37731600311983,0.07823413968151449,0.003504649477144628,0.07472949020436986,0.012273675630479845,12.808764457702637,1.9945619335347433,-0.02080445139719901,0.015580710442073762
2016-05-05,12.614423751831055,12.746928710947893,12.543754777278325,12.667425903965915,244800,50.8822732207488,0.0682428989186743,-0.005189273028556457,0.07343217194723076,0.01218816780464501,12.4730863571167,-0.5060532687651331,-0.004184129635861266,0.007703159805156419
2016-05-06,12.764595985412598,12.808764306682393,12.61442419855969,12.71159467384137,161900,55.18987475179291,0.07161685827716013,-0.0014522509360564984,0.07306910921321663,0.012388619676380483,12.614423751831055,-0.3386437908496732,0.004169524983383605,-0.004844191552085936
2016-05-09,12.420085906982422,12.702761837374272,12.402418240112569,12.702761837374272,441300,45.36150115598479,0.04596184173707307,-0.021685813980914848,0.06764765571798792,0.013582937807704566,12.764595985412598,1.7257566399011735,-0.02225310794697861,-0.004267524138182856
2016-05-10,12.4730863571167,12.543755334810452,12.36708289057607,12.36708289057607,287100,46.9273692452342,0.029565932017094454,-0.030465378960714773,0.06003131097780923,0.013029031613321114,12.420085906982422,-0.34942216179469754,0.00857142039707731,0.01983002610485817
2016-05-11,12.52608871459961,12.720427985186474,12.52608871459961,12.720427985186474,147600,48.51637633209182,0.02061130839447145,-0.031536002066670225,0.052147310461141676,0.013031774891292825,12.4730863571167,-0.48589341692789967,-0.015277730498783637,0.011283583251597624
2016-05-12,12.605592727661133,12.746930698807986,12.561424401067551,12.667427879427692,320800,50.891521947568734,0.01970289140279924,-0.025955535246673954,0.04565842664947319,0.013032594821671866,12.52608871459961,1.1734417344173442,-0.004881429154767954,-0.0028033150747901222
2016-05-13,12.570255279541016,12.632091263354528,12.499586305846105,12.570255279541016,146900,49.79198112922908,0.01594769258318607,-0.023768587253029695,0.03971627983621576,0.012930069059735943,12.605592727661133,-0.5420822942643391,0.0,0.005621888839549449
2016-05-16,12.791094779968262,12.791094779968262,12.640923857407355,12.640923857407355,307200,56.16587098582271,0.030440671404372566,-0.007420486745474561,0.03786115814984713,0.01330182192289332,12.570255279541016,1.091218515997277,0.011879742671886236,0.013121628939032943
2016-05-17,12.976601600646973,13.038437581130282,12.791095344078187,12.958934779395006,705500,60.68129449697693,0.05624693200042152,0.014708619080459513,0.04153831291996201,0.013499560438164249,12.791094779968262,1.2965494791666665,0.0013632927052041968,6.579893949929455e-08
2016-05-18,12.941267967224121,13.029604606618122,12.879432825112696,12.976602454493596,547400,59.42563173263267,0.07300588413737685,0.025174056973931873,0.04783182716344498,0.013538962163234391,12.976601600646973,-0.2240963855421687,-0.0027229382570196103,-0.008191161594100141
2016-05-19,12.75576114654541,12.923600585643975,12.685092175064097,12.835263950072036,644500,53.20124919774134,0.07050587650805973,0.0181392394756918,0.05236663703236793,0.014003832725221462,12.941267967224121,0.17738399707709163,-0.006194091826695945,-0.002770001883594172
2016-05-20,12.764595985412598,12.817598139424483,12.685093175615098,12.720427664142802,122900,53.45131443597468,0.06844846877069877,0.012865465390664667,0.0555830033800341,0.0125750323101423,12.75576114654541,-0.8093095422808378,0.003472235559681714,-0.001384068392771314
2016-05-23,12.68509292602539,12.764595734258606,12.68509292602539,12.746928911562692,108500,50.819706959081735,0.05971437570602944,0.0033050978607962744,0.05640927784523317,0.012635223033484678,12.764595985412598,-0.11716842961757523,-0.004851049689404846,0.002089192176608437
2016-05-24,12.720427513122559,12.791096489338967,12.693926857651567,12.711594522925994,229600,51.95194921474651,0.05500963309381568,-0.0011197158011339997,0.05612934889494968,0.01213358977980765,12.68509292602539,1.1161290322580646,0.0006948766482941189,-0.003472157501257656
2016-05-25,12.764595985412598,12.79109664119821,12.579089710031985,12.676260185313666,466800,53.39627743092206,0.05422010167896474,-0.0015273977727879584,0.0557474994517527,0.012151861876221677,12.720427513122559,1.033101045296167,0.006968601054850154,-0.013840792543763133
2016-05-26,12.52608871459961,12.623258349893042,12.473086559250033,12.58792386047355,117900,45.45102450332689,0.033957409004992556,-0.017432072357408117,0.05138948136240067,0.012521490076686483,12.764595985412598,-0.7474293059125964,-0.004912259285910122,-0.0021158086677486826
2016-05-27,12.411250114440918,12.623257028769672,12.411250114440918,12.49958590752427,332200,42.19541046489321,0.008534186994150872,-0.03428423549459984,0.042818422488750715,0.01265088553912667,12.52608871459961,1.8176420695504665,-0.007067097561222236,0.011387957657333895
2016-05-31,12.720427513122559,12.773429666505189,12.552588905218752,12.552588905218752,162800,52.1358221519891,0.01318217662984189,-0.02370899668712706,0.03689117331696895,0.013801139726426865,12.411250114440918,-0.509933774834437,0.013370836022043862,0.004861239798185799
2016-06-01,12.738096237182617,12.791097552530047,12.632092764047037,12.782264561599288,112900,52.63708167503314,0.018083010581346315,-0.015046530188498108,0.03312954076984442,0.013794954549350985,12.720427513122559,-0.3065110565110565,-0.0034554381349109053,1.0959633506794368e-08
2016-06-02,12.799931526184082,12.852933684553117,12.729262543319189,12.738096376787484,159400,54.43551518943683,0.026649350713480402,-0.00518415204509122,0.03183350275857162,0.012387987866166314,12.738096237182617,0.41186891054030106,0.004854347742986161,-1.6350582522823346e-07
2016-06-03,13.038437843322754,13.056104664929984,12.782262611713485,12.799929433320715,588700,60.64312875943701,0.05208331941252986,0.01619985332316659,0.03588346608936327,0.012797929941442823,12.799931526184082,2.693224592220828,0.018633572258699722,0.001355114999032931
2016-06-06,12.994271278381348,13.100274749644823,12.95893678796019,13.0561064260082,338100,59.03908487022552,0.06789341712258334,0.025607960826576057,0.04228545629600729,0.012613678404408146,13.038437843322754,-0.42568370986920334,-0.0047361093429564745,0.01291638068209386
2016-06-07,13.126775741577148,13.241613048984387,13.109108917136426,13.16211023289932,294400,62.26395750341913,0.09007668826576243,0.03823298557580411,0.05184370268995832,0.01090009053812739,12.994271278381348,-0.12925170068027214,-0.002684561266919867,0.009420979517818768
2016-06-08,13.33877944946289,13.391780749004123,13.250442826973547,13.250442826973547,476200,66.77160469890435,0.12334220573617038,0.05719880243696965,0.06614340329920074,0.011299293556056435,13.126775741577148,0.6175271739130435,0.0066666920979817565,-0.00463561016861418
2016-06-09,13.276946067810059,13.338782052596404,13.2504454128677,13.276946067810059,307100,64.35695959372073,0.14306674646306128,0.06153867453108844,0.08152807193197284,0.011438820953063247,13.33877944946289,-0.3551028979420412,0.0,-0.0006654026580574025
2016-06-10,13.091438293457031,13.268111552605653,13.091438293457031,13.268111552605653,245500,57.62424029994086,0.14209171521564734,0.048450914626939595,0.09364080058870775,0.012011742644423529,13.276946067810059,-0.20058612829697164,-0.013315629616780381,-0.0080969825509868
2016-06-13,12.90593433380127,13.038439301658697,12.817598531003668,12.98543714602759,409900,51.789609523267636,0.12491048637159174,0.02501574862630719,0.09989473774528455,0.012507688731771393,13.091438293457031,0.6696537678207739,-0.006122459439160325,0.0
2016-06-14,12.90593433380127,13.091440614849121,12.817598531003668,12.90593433380127,433000,51.789609523267636,0.11002592831574454,0.008104952456367984,0.10192097585937655,0.011914730250208104,12.90593433380127,0.05635520858746035,0.0,0.008897952675920051
2016-06-15,12.914767265319824,13.047272223927969,12.914767265319824,13.020770726741965,521900,52.05767955266692,0.09781500211602889,-0.0032847789946781336,0.10109978111070703,0.011452548677361103,12.90593433380127,0.205311778290993,-0.008141104981169175,0.0013680203775807197
2016-06-16,12.914767265319824,12.967769417251207,12.844098291038398,12.932434930110494,437900,52.05767955266692,0.08713333626592679,-0.011173155875824195,0.09830649214175098,0.011436860946225933,12.914767265319824,-0.16095037363479592,-0.0013661514545520311,-0.008207969626973942
2016-06-17,12.729260444641113,12.808763247866642,12.676259137451153,12.808763247866642,175600,45.848211494080765,0.06297327235468586,-0.0282665758296521,0.09123984818433796,0.01143879752007919,12.914767265319824,-0.5989952043845627,-0.006206907075026939,0.017349178511959152
2016-06-20,12.90593433380127,13.020771635634766,12.897101343229988,12.950102656420412,102500,51.75097403420629,0.05742044680332903,-0.027055521104807148,0.08447596790813618,0.011855813132187634,12.729260444641113,-0.41628701594533024,-0.003410654246609013,0.000684412616052713
2016-06-21,12.923601150512695,12.958935637797763,12.852932175942561,12.914767318081271,97700,52.310774676813445,0.05382489709986338,-0.02452085664661824,0.07834575374648162,0.011746131832279787,12.90593433380127,-0.04682926829268297,0.0006840101887903589,0.010252898443710797
2016-06-22,13.003104209899902,13.064939353238811,12.958935889326119,13.056105520635926,100500,54.84951058503545,0.056736606233737774,-0.017287318010195077,0.07402392424393285,0.011797113033551446,12.923601150512695,0.028659160696008268,-0.004059503858348267,0.019021677450330583
2016-06-23,13.144441604614258,13.250445064033654,13.038438145194862,13.250445064033654,191600,59.02558251084282,0.06964606674337226,-0.003502286000448468,0.07314835274382073,0.01198766107601615,13.003104209899902,0.9064676616915424,-0.00799999237060547,-0.04368297685077836
2016-06-24,12.534918785095215,12.738092683758127,12.464249822718676,12.570253266283485,476700,41.28935709728725,0.03034372607853797,-0.034243701332226206,0.06458742741076418,0.015522850232940184,13.144441604614258,1.4879958246346554,-0.0028109601644261293,-0.001409301342156081
2016-06-27,12.349413871765137,12.702759563957281,12.296412565522687,12.517253307227563,185200,37.58754003814272,-0.015592616258745196,-0.0641440349356075,0.04855141867686231,0.015750179828967332,12.534918785095215,-0.6114956996014265,-0.013408647356006938,0.02074406907753411
2016-06-28,12.667426109313965,12.693926764590675,12.561422645766477,12.60559096618809,128000,46.4509651288126,-0.026036436846638367,-0.05967028441880054,0.03363384757216217,0.01582144201991274,12.349413871765137,-0.3088552915766739,0.004905374392341795,0.012552373321017947
2016-06-29,12.888267517089844,12.90593434068251,12.808764704821133,12.826432370854484,119800,51.592195044750305,-0.016305227435127634,-0.039951260005831844,0.02364603257070421,0.016299851919587428,12.667426109313965,-0.06406250000000002,0.004820915469516543,-0.002741671338623078
2016-06-30,12.914767265319824,12.923601097715158,12.808763803897683,12.852932123433732,93800,52.18542301607801,-0.006381305929867409,-0.0240218708004573,0.01764056487058989,0.01627442958698021,12.888267517089844,-0.21702838063439067,0.004810975526226689,0.0020519689871190726
2016-07-01,12.941267967224121,13.01193694176307,12.826431515428798,12.941267967224121,97500,52.8082573675379,0.003580583788039604,-0.011247984866040228,0.014828568654079832,0.015718869000363126,12.914767265319824,0.03944562899786774,0.0,0.0047782213329012006
2016-07-05,13.003104209899902,13.064939353238811,12.967769721929004,13.003104209899902,279300,54.304013180474676,0.016277484449563673,0.0011591326363870717,0.015118351813176601,0.01573926560407012,12.941267967224121,1.8646153846153846,0.0,-0.006793504052694739
2016-07-06,13.003104209899902,13.029604865267913,12.914767568752335,12.914767568752335,330500,54.30401318047467,0.026039700244780306,0.008737078745282963,0.017302621499497343,0.01556092566495732,13.003104209899902,0.18331543143573215,0.006839971426299622,0.017663032188893733
2016-07-07,13.179777145385742,13.49778754908274,13.073773677486743,13.232778458114904,206500,58.647085915046205,0.047484978695800706,0.024145885757042688,0.023339092938758018,0.01542778756553144,13.003104209899902,-0.3751891074130106,-0.004005304924957698,0.004021162082570123
2016-07-08,13.33877944946289,13.40061457974115,13.188607696695286,13.232775165499492,272600,62.13506839518522,0.0764296401585014,0.0424724377757947,0.0339572023827067,0.01564175217845753,13.179777145385742,0.3200968523002421,0.008010737176263185,-0.006622461978848536
2016-07-11,13.091438293457031,13.312279024952273,13.091438293457031,13.250443889714576,190900,54.44230567074826,0.078505169997376,0.03563837409173544,0.04286679590564056,0.015893395808816022,13.33877944946289,-0.29970652971386647,-0.012000020345052024,0.013495387640256798
2016-07-12,13.347614288330078,13.356448120291867,13.170941861297234,13.268112327995736,343300,59.97015496124603,0.09967234345078069,0.045444438036112096,0.05422790541466859,0.016085988034999985,13.091438293457031,0.7983237297014143,0.005991957135197979,0.021178140031836882
2016-07-13,13.647958755493164,13.886467179895412,13.559622957242459,13.63029193281928,431700,65.28804570845661,0.13907954688796131,0.06788131317863418,0.07119823370932714,0.016726987194154073,13.347614288330078,0.2575007282260413,0.001296144114958113,-0.003236143676922903
2016-07-14,13.533123016357422,13.60379200006367,13.515456191651229,13.60379200006367,315900,61.90192989134633,0.1592084986311857,0.07040821193748684,0.08880028669369885,0.016914055686880636,13.647958755493164,-0.2682418346073663,-0.005194800369332143,0.007180111041794144
2016-07-15,13.46245288848877,13.630292342357128,13.43595223246138,13.630292342357128,172800,59.84490836616474,0.16752719992617138,0.06298153058597802,0.10454566934019335,0.01699444503215789,13.533123016357422,-0.45299145299145294,-0.012313709027853012,0.01640418825160849
2016-07-18,13.709794998168945,13.824631453805296,13.594957700091939,13.68329349999995,182900,64.31454989157535,0.19186655356566007,0.06985670738037336,0.12200984618528671,0.016889548442310855,13.46245288848877,0.05844907407407418,0.0019367777332990478,-0.009664955662082293
2016-07-19,13.541955947875977,13.718628395373115,13.515455291361576,13.577290437375405,103100,59.47663630321693,0.1953604641878659,0.058680494402063355,0.13667996978580255,0.017082399614157313,13.709794998168945,-0.4363039912520503,-0.0026024698861976123,-0.008480364196002458
2016-07-20,13.33877944946289,13.427115229511767,13.268110488447602,13.427115229511767,149600,54.164950649414216,0.1796637166345576,0.03438699747900403,0.14527671915555357,0.017528362885833315,13.541955947875977,0.4510184287099903,-0.006578909805936627,-0.00264887668022097
2016-07-21,13.268112182617188,13.382948627099838,13.259278350752192,13.303446667636598,143100,52.411701127889664,0.15968097043689866,0.011523401025076069,0.1481575694118226,0.017563270434918652,13.33877944946289,-0.043449197860962574,-0.0026560398896752564,-0.0026629915618734687
2016-07-22,13.162110328674316,13.250446978842895,13.117942846030758,13.232779311832887,117700,49.807354982484576,0.13374925819614703,-0.011526648972540465,0.1452759071686875,0.01752057702904129,13.268112182617188,-0.17749825296995103,-0.005340449008726234,-9.097171779697895e-08
2016-07-25,13.064939498901367,13.17977679669728,13.029605010536521,13.16210913129453,245700,47.47833576843777,0.10415666237667764,-0.0328953958336079,0.13705205821028554,0.013848728030671076,13.162110328674316,1.0875106202209004,-0.00738252748278238,-1.4216219039774327e-07
2016-07-26,13.091438293457031,13.126772776798648,13.029603158219334,13.06493764156095,145400,48.18982695580408,0.08189847362368141,-0.044122867669283306,0.12602134129296472,0.0132627058978217,13.064939498901367,-0.4082214082214082,0.00202837951646851,0.012145874518687585
2016-07-27,13.23277759552002,13.259279092597744,13.153275631608711,13.250445260238502,209900,51.93027951424109,0.07480133589204208,-0.04097600432073811,0.11577734021278019,0.012299376410495902,13.091438293457031,0.4436038514442917,-0.001333363850911403,0.001335159592290801
2016-07-28,13.28577995300293,13.409451080625844,13.232777800467213,13.250445465459329,186200,53.29208938059338,0.0726165717602818,-0.03452861476199873,0.10714518652228053,0.011782969496401388,13.23277759552002,-0.11291090995712239,0.0026666641235352554,-0.003324455111232231
2016-07-29,13.41828441619873,13.41828441619873,13.135608508571101,13.241611973931462,180600,56.60212981739964,0.08064747929933347,-0.02119816577835766,0.10184564507769113,0.011931660816389906,13.28577995300293,-0.03007518796992481,0.01334221563168292,-0.005924957772516988
2016-08-01,13.135607719421387,13.400616788121631,13.135607719421387,13.33878164765313,282500,48.676929968253425,0.06347073327732922,-0.030699929440289542,0.09417066271761876,0.012996792600708497,13.41828441619873,0.5642303433001108,-0.01523182053643487,-0.012104918906223297
2016-08-02,12.870598793029785,13.011936739915177,12.852931970889419,12.97660225319383,132400,42.648108755612206,0.028149542314007903,-0.05281689632288869,0.08096643863689659,0.013771985481719394,13.135607719421387,-0.5313274336283186,-0.008168814771058821,1.186844475895396e-08
2016-08-03,12.914767265319824,12.914767265319824,12.755761651966301,12.870598945783776,400500,43.89533364215463,0.003678862940653005,-0.06183006055699487,0.06550892349764788,0.013798871162336697,12.870598793029785,2.0249244712990935,0.0034317221538875766,-0.0047880466078067995
2016-08-04,12.791094779968262,12.852930757724495,12.738093476109244,12.852930757724495,99300,41.19401076729236,-0.02540085748464449,-0.0727278247858339,0.047326967301189404,0.013546097435248455,12.914767265319824,-0.752059925093633,-0.004811041070852323,-0.004143476573582832
2016-08-05,12.720427513122559,12.79993032197618,12.685093025014355,12.738095178396986,250800,39.690940042271016,-0.053531920614839024,-0.08068711033282275,0.02715518971798372,0.013191707301116712,12.791094779968262,1.525679758308157,-0.0013869942897263194,0.004861239798185799
2016-08-08,12.738096237182617,12.782264561599288,12.676261088463708,12.782264561599288,394800,40.27769059594485,-0.0735524060982069,-0.0805660766529525,0.007013670554745598,0.012640433072348483,12.720427513122559,0.5741626794258374,-0.0034554381349109053,0.0138695001864959
2016-08-09,12.914767265319824,12.958935584855872,12.861765955829068,12.914767265319824,149700,45.941159341129634,-0.07430635223977688,-0.06505601823561799,-0.009250334004158898,0.012202106891787783,12.738096237182617,-0.6208206686930091,0.0,0.015048018119418229
2016-08-10,13.126775741577148,13.188611733221492,13.082608259254979,13.109108917136426,139200,51.84288415776563,-0.057137897666466486,-0.03831005092984607,-0.018827846736620416,0.011632656758428166,12.914767265319824,-0.0701402805611222,0.001347675463862212,0.009421019321778983
2016-08-11,13.51545238494873,13.559620697935069,13.250443349471206,13.250443349471206,530400,60.38219042830285,-0.012030140935038958,0.005438164641265168,-0.017468305576304126,0.013470631027279557,13.126775741577148,2.810344827586207,0.020000012715657545,-0.007189621435254628
2016-08-12,13.33877944946289,13.41828139877474,13.312277957251807,13.41828139877474,495000,55.55952728289261,0.009354222230998133,0.02145802224584181,-0.012103800014843676,0.013743033214535306,13.51545238494873,-0.06674208144796379,-0.005924898051333811,0.010596209994737985
2016-08-15,13.559622764587402,13.577289587010277,13.45361846028764,13.480119957582895,244600,59.87377685661814,0.043618882644736345,0.04457814612766402,-0.0009592634829276737,0.013618084338068711,13.33877944946289,-0.5058585858585858,0.005897781863564585,-0.0032572933501249417
2016-08-16,13.47128677368164,13.515455095526109,13.435952284694201,13.515455095526109,100400,57.47046878383871,0.0629205873109413,0.051103880635095175,0.011816706675846122,0.013416053860276675,13.559622764587402,-0.5895339329517579,-0.0032679862818003817,-0.0026229521955758645
2016-08-17,13.46245288848877,13.46245288848877,13.33878259873384,13.43595223246138,160900,57.22310111866478,0.07662126437237227,0.05184364615722091,0.024777618215151353,0.012957241026543751,13.47128677368164,0.6025896414342629,0.0019723690266897085,-0.0019684642587184937
2016-08-18,13.550789833068848,13.559623666087909,13.374117384891035,13.435952531143098,130200,59.11808169415735,0.09352905805512535,0.055001151871979195,0.03852790618314615,0.012947331301773892,13.46245288848877,-0.19080174021131135,0.008547016049630218,-0.0026076257277154657
2016-08-19,13.559622764587402,13.568455754578526,13.462452292719393,13.515454444869272,203100,59.31217346828247,0.1064146680638327,0.05430940950454924,0.05210525855928347,0.012769823683262205,13.550789833068848,0.5599078341013826,0.0032679862818003375,-0.013680828882124383
2016-08-22,13.382948875427246,13.4801193428641,13.347614389752186,13.374115885838924,113500,53.80934749110581,0.10120388511128198,0.0392789012415988,0.061924983869683176,0.01303770762709796,13.559622764587402,-0.4411619891678976,0.0006604540938422022,0.003300298693654519
2016-08-23,13.480118751525879,13.515453235650904,13.409449783275827,13.427116604118064,98100,56.2154114925464,0.103719485334544,0.03343560117188865,0.07028388416265535,0.013105755029218477,13.382948875427246,-0.13568281938325988,0.003947396076947707,-0.005242422801050482
2016-08-24,13.347614288330078,13.471285408473362,13.329947466847086,13.409450269622011,136900,52.2207522102115,0.0939382521453016,0.018923494386117,0.0750147577591846,0.013150935509620022,13.480118751525879,0.39551478083588165,-0.004611373326169649,0.0006618175671340884
2016-08-25,13.268112182617188,13.48895292459864,13.268112182617188,13.356447973945425,288800,49.928281604139336,0.07886232309805585,0.00307805227109699,0.07578427082695886,0.013200298465956332,13.347614288330078,1.1095690284879476,-0.006613718819595978,0.017310094403974102
2016-08-26,13.435949325561523,13.524285949795205,13.382947182533218,13.49778445706081,130900,54.47220878854679,0.07954069979907175,0.003005143177690295,0.07653555662138145,0.013319576207076408,13.268112182617188,-0.5467451523545707,-0.004581131940282239,-0.004602003813804864
2016-08-29,13.453619003295898,13.480120501660792,13.170943093595652,13.3741170355232,143000,54.93586400489699,0.08057529173680855,0.0032317880923416753,0.07734350364446688,0.01234799953448803,13.435949325561523,0.09243697478991586,0.005944464786836515,-0.006565953738144501
2016-08-30,13.409451484680176,13.453618963610056,13.303448018855276,13.365283163309636,220000,53.47001929046477,0.0769442977045891,-0.0003193647519022236,0.07726366245649133,0.011340674056574818,13.453619003295898,0.5384615384615385,0.0033047052449880583,-0.003952596733231918
2016-08-31,13.409451484680176,13.488954294659017,13.356449330547397,13.356449330547397,87800,53.47001929046477,0.07322264371689968,-0.0032328149916733273,0.07645545870857301,0.011345639380660943,13.409451484680176,-0.6009090909090908,0.003968281750716343,-0.005928848181461853
2016-09-01,13.170943260192871,13.329948882630829,13.117941947674,13.329948882630829,624900,45.81404646210938,0.0504460747507256,-0.02080750716627794,0.07125358191700354,0.01191842034479932,13.409451484680176,6.117312072892939,-0.01192844952655032,0.014755080989485799
2016-09-02,13.215109825134277,13.365281594704939,13.179775340672979,13.365281594704939,230700,47.31831255805622,0.03554955923408443,-0.028563218146335292,0.06411277738041972,0.01180659058229548,13.170943260192871,-0.6308209313490158,-0.011235960013753604,0.0006685444645342495
2016-09-06,12.923601150512695,13.223944713656083,12.905933485649847,13.223944713656083,852900,39.52004816980428,0.00021912364030285403,-0.05111492299209349,0.051334046632396345,0.012974300010417248,13.215109825134277,2.6970091027308194,-0.02271210063614599,0.008885791915129686
2016-09-07,12.976601600646973,13.047271412976551,12.950100947548737,13.038437581130282,202000,41.41065029965472,-0.02323595806651113,-0.05965600375912598,0.03642004569261485,0.01263597071299651,12.923601150512695,-0.7631609801852504,-0.004742591288146398,1.624143406370621e-07
2016-09-08,13.029605865478516,13.038439698759525,12.967770717392865,12.976603708233165,179300,43.318932790082975,-0.03711938889791888,-0.05883154767242699,0.021712158774508106,0.012098368326552528,12.976601600646973,-0.11237623762376237,0.004084439845513848,-0.0061016648052076355
2016-09-09,12.861767768859863,12.950103577943398,12.817599443097725,12.950103577943398,272600,38.98855720272895,-0.060962501799251,-0.06613972845900729,0.005177226659756284,0.010141893510104147,13.029605865478516,0.5203569436698272,-0.006821243440399084,-0.004807919210655505
2016-09-12,13.05610466003418,13.073772324075374,12.746928121278565,12.799929428520972,124600,45.750797006331595,-0.06344561600947429,-0.054898274135384464,-0.008547341874089832,0.010535132239420564,12.861767768859863,-0.5429200293470287,0.020013800305991883,-0.0020297608956771533
2016-09-13,12.693925857543945,13.04727155322783,12.658591372219615,13.029603889345374,367300,37.42550614036603,-0.09355980522172658,-0.0680099706781094,-0.02554983454361718,0.011276276559435784,13.05610466003418,1.947833065810594,-0.025762719623113092,7.560627805313256e-08
2016-09-14,12.676259994506836,12.844098601876912,12.667426161897716,12.693926817284433,359700,37.071155365299454,-0.11749657723745699,-0.07355739415507184,-0.04393918308238515,0.011255961384512304,12.693925857543945,-0.02069153280696978,-0.0013917539491043597,0.004181150534613829
2016-09-15,12.720427513122559,12.746929011034197,12.640925546709585,12.729261345759772,101900,38.63551156530851,-0.13138813129482507,-0.06995915856995194,-0.06142897272487313,0.011338646579093802,12.676259994506836,-0.7167083680845149,-0.0006939784169138862,-0.009722155237397953
2016-09-16,12.48192024230957,12.614424365431145,12.393583598601408,12.596757542153913,413700,33.755569809808996,-0.15980074788559406,-0.07869742012857675,-0.08110332775701731,0.011650649825747502,12.720427513122559,3.059862610402355,-0.009116417416152538,0.010615523745986054
2016-09-19,12.791094779968262,12.879431409654003,12.614422363037312,12.614422363037312,197700,43.68528209506747,-0.15557675790404524,-0.05957874411762233,-0.0959980137864229,0.013293592069953286,12.48192024230957,-0.5221174764321972,0.014005589146010711,0.01243116977849309
2016-09-20,13.029605865478516,13.029605865478516,12.932436226709534,12.950103050830844,128400,49.92158758006274,-0.13146788419797772,-0.028375896329243852,-0.10309198786873387,0.013887999259337678,12.791094779968262,-0.35053110773899854,0.006139164633332477,0.0006779537884769153
2016-09-21,13.223945617675781,13.250446274341071,13.038439336137378,13.038439336137378,347400,54.35684548842067,-0.09557806976070182,0.006011134486425651,-0.10158920424712747,0.014235856098536405,13.029605865478516,1.7056074766355138,0.014227644640279428,0.002003925433767002
2016-09-22,13.259279251098633,13.347615048425146,13.232777753704111,13.250445418633793,285000,55.134861750327026,-0.06355142307941009,0.03043022493417391,-0.093981648013584,0.014095162105780523,13.223945617675781,-0.17962003454231434,0.0006666819254556199,-0.0033311559389212707
2016-09-23,13.135607719421387,13.25044501060618,13.100273233090727,13.21511052427552,123700,51.80626323961963,-0.04760062352753103,0.037104819588842375,-0.0847054431163734,0.014187001175104534,13.259279251098633,-0.5659649122807018,-0.006016052965133397,0.006052614354848116
2016-09-26,13.162110328674316,13.24161314533789,13.126775837095032,13.21511248726361,148100,52.46851043320061,-0.032446932843887666,0.0418068082179886,-0.07425374106187627,0.01386765182775294,13.135607719421387,0.19725141471301533,-0.00401072322618336,0.006711475735594522
2016-09-27,13.329950332641602,13.338784166502567,13.188612360629197,13.250447512774432,108500,56.54134986723021,-0.006815671361090736,0.05395045576062842,-0.06076612712171916,0.014197302094567108,13.162110328674316,-0.2673869007427414,0.006000010172526077,-0.0026509548977556446
2016-09-28,13.427117347717285,13.427117347717285,13.294613235520446,13.294613235520446,112600,58.74527879231985,0.02109468765695155,0.06548865182293656,-0.04439396416598502,0.014279547440173752,13.329950332641602,0.037788018433179804,0.0099667519354994,-0.008552602135661983
2016-09-29,13.276946067810059,13.427117849884477,13.259279245328697,13.312280555213414,152800,54.17276466235622,0.03074190743453542,0.06010869728041635,-0.029366789845880932,0.01450350468178944,13.427117347717285,0.3570159857904085,-0.0026542775489747173,-0.0006654828088725924
2016-09-30,13.33877944946289,13.391780749004123,13.268110488447602,13.268110488447602,171500,55.701702818557216,0.042882512834468756,0.05779944214427975,-0.014916929309810993,0.013944642193914123,13.276946067810059,0.1223821989528795,0.005326226449261097,-0.0033110228271179963
2016-10-03,13.179777145385742,13.294614446219827,13.179777145385742,13.294614446219827,148100,50.99061089237438,0.03922174907231302,0.04331094270569921,-0.004089193633386192,0.014208908886660116,13.33877944946289,-0.13644314868804663,-0.008637881248729036,0.0006701725419558563
2016-10-04,13.135607719421387,13.25044501060618,13.0826064111457,13.188609870137677,256300,49.732281020578,0.03238317084472264,0.029177891582487066,0.003205279262235575,0.013267539913070992,13.179777145385742,0.7305874409182984,-0.004018782209662635,0.00874263268255578
2016-10-05,13.329950332641602,13.356450991783735,13.223946853632297,13.250447512774432,223700,54.9948464199756,0.04215938587093149,0.031163285286956728,0.01099610058397476,0.013614395823226665,13.135607719421387,-0.12719469371829883,0.006000010172526077,-0.007289793023424844
2016-10-06,13.259279251098633,13.303447570982206,13.20627709875022,13.232777753704111,82200,52.828945180627564,0.043700785601762604,0.026163748014230277,0.017537037587532327,0.013679780305504064,13.329950332641602,-0.6325435851586947,0.0020027161256527108,-0.001998796801250741
2016-10-07,13.215109825134277,13.250444309595576,13.179775340672979,13.232776646144647,52300,51.46470497517641,0.04088693334127491,0.01867991660299407,0.022207016738280842,0.013333389622527564,13.259279251098633,-0.36374695863746964,-0.0013350804205946008,-0.0020051286970427795
2016-10-10,13.162110328674316,13.21511248726361,13.153277337610044,13.188611829189329,127800,49.802795744744834,0.033988520219114804,0.009425202784667169,0.024563317434447635,0.012982573071921334,13.215109825134277,1.4435946462715106,-0.002009423043019471,-0.0006711832236554108
2016-10-11,13.064939498901367,13.188610629398655,13.056105666199992,13.153276141033809,154000,46.8177098682019,0.020444927845574057,-0.0032947116710988628,0.02373963951667292,0.011348387942541298,13.162110328674316,0.20500782472613466,-0.006715942186970494,0.0027044502424356646
2016-10-12,13.05610466003418,13.188609613021377,13.038437838433573,13.100272977696578,125300,46.544548466117895,0.00889608709803369,-0.011874841934911385,0.020770929032945074,0.011339909420397868,13.064939498901367,-0.1863636363636364,-0.003371557045994068,-0.0013531464445659665
2016-10-13,13.05610466003418,13.082606156095972,12.967768867149971,13.038437838433573,297100,46.54454846611789,-0.000253529864830071,-0.016819567118220115,0.016566037253390044,0.011335201711102279,13.05610466003418,1.3711093375897847,0.0013549799308418434,8.5089402119017e-08
2016-10-14,13.08260726928711,13.144442413811628,13.047272780638718,13.05610577097032,35200,47.60803794375125,-0.005304975694594205,-0.0174968103583874,0.012191834663793196,0.010299547341749407,13.05610466003418,-0.8815213732749916,0.0020298164538246227,-0.0013505123745917401
2016-10-17,12.914767265319824,13.082606711068681,12.914767265319824,13.064939046278013,75000,41.92009785085257,-0.02259115179570692,-0.027826389167600094,0.005235237371893174,0.009393710573488376,13.08260726928711,1.1306818181818183,-0.011494258061691496,0.017099965308837645
2016-10-18,13.029605865478516,13.135609337528505,12.967770717392865,13.135609337528505,130000,46.619418933806976,-0.02671608916373991,-0.025561061228506467,-0.001155027935233443,0.008624966588025024,12.914767265319824,0.7333333333333334,-0.008069931841466777,0.014237246981150321
2016-10-19,13.170943260192871,13.223945415152414,13.082607458514529,13.215111582252378,46500,51.78957957566331,-0.018368642917449662,-0.013770891985772974,-0.0045977509316766875,0.008297343560896968,13.029605865478516,-0.6423076923076922,-0.003342258730438886,-0.004024116022789519
2016-10-20,13.117941856384277,13.15327634529785,13.03843904571857,13.117941856384277,121300,49.84011758125819,-0.015847323878249497,-0.008999658357258248,-0.0068476655209912494,0.008311796832427085,13.170943260192871,1.6086021505376342,0.0,-0.006060566397926194
2016-10-21,13.029605865478516,13.091441013564166,12.985437541514175,13.038439698759525,50100,46.68588999521179,-0.020738080898388134,-0.011112332301917507,-0.009625748596470626,0.00818617530330601,13.117941856384277,-0.5869744435284419,-0.000677522271460907,-0.01016950681431899
2016-10-24,12.844099044799805,12.985437001657136,12.844099044799805,12.897101199841641,111000,40.8405187622828,-0.039131804077728205,-0.02360484438500606,-0.015526959692722142,0.008725465518243108,13.029605865478516,1.215568862275449,-0.004109617674589331,-0.0027510479038936465
2016-10-25,12.746929168701172,12.808764313045206,12.729261503208214,12.808764313045206,109700,38.146285691669114,-0.06084833737906514,-0.0362571021490744,-0.024591235229990745,0.008183220986081825,12.844099044799805,-0.011711711711711703,-0.004827565160290859,0.0013858840984356821
2016-10-26,12.711593627929688,12.76459493513996,12.63209082467369,12.76459493513996,106300,37.18559534199463,-0.07998807655271989,-0.044317473058183315,-0.035670603494536574,0.007872393917061068,12.746929168701172,-0.030993618960802216,-0.004152212230751226,0.011813863368051718
2016-10-27,12.835265159606934,12.888267314432888,12.78226384722165,12.861766658240246,124400,42.63124018019474,-0.08420651837488968,-0.03882873190428249,-0.045377786470607195,0.008073199930922141,12.711593627929688,0.1702728127939792,-0.002060486660775576,0.0013764986212687264
2016-10-28,12.826432228088379,12.914768029949848,12.80876456225168,12.852932884402751,75900,42.3488487704603,-0.08725656826126205,-0.033503025432523884,-0.05375354282873816,0.007940473406200868,12.835265159606934,-0.389871382636656,-0.002061837290579113,-0.011708111127919758
2016-10-31,12.658591270446777,12.729260240527271,12.632090617276734,12.676258934187189,88200,37.29367114328266,-0.10204085390135376,-0.038629848858092466,-0.06341100504326129,0.00802152243358588,12.826432228088379,0.1620553359683794,-0.0013937600858533001,1.239368364150363e-07
2016-11-01,12.52608871459961,12.658592839312533,12.46425272628499,12.658592839312533,75900,33.85760126291909,-0.1230311293974804,-0.047696099483375276,-0.07533502991410512,0.008240167812663263,12.658591270446777,-0.1394557823129252,-0.0104675240285333,-0.0028209885426906654
2016-11-02,12.367081642150879,12.543754068550633,12.367081642150879,12.490752761850997,164200,30.25511355533277,-0.15075876265220778,-0.06033898619048211,-0.09041977646172566,0.007489945680989819,12.52608871459961,1.1633728590250327,-0.009901014138862147,0.010000246305226498
2016-11-03,12.322916030883789,12.490755504649233,12.322916030883789,12.490755504649233,75300,29.321879427246973,-0.17428782592833159,-0.06709443957328473,-0.10719338635504685,0.007480641854793416,12.367081642150879,-0.5414129110840438,-0.01343709543453728,0.010035731209853594
2016-11-04,12.402417182922363,12.446585503891335,12.322914373666347,12.446585503891335,177000,33.30963715413682,-0.18439411892018676,-0.06176058605211192,-0.12263353286807484,0.007813529014819538,12.322916030883789,1.3505976095617531,-0.003548629538210498,0.009259299781524132
2016-11-07,12.52608871459961,12.614424516927999,12.490754225180119,12.517254881634567,92000,39.06886235083678,-0.1803452619689505,-0.04616938328070053,-0.13417587868824998,0.008339308181382501,12.402417182922363,-0.480225988700565,0.0007057324508110003,-0.003526178562376827
2016-11-08,12.55258846282959,12.570255285040739,12.464251824451992,12.481919489103758,73200,40.25935731395413,-0.17300392390654196,-0.031062436174633556,-0.1419414877319084,0.008313450460924854,12.52608871459961,-0.20434782608695656,0.005661707222797203,-0.011963527810095343
2016-11-09,12.39358139038086,12.526086332334097,12.358246907681433,12.402415221665846,166900,35.74622711226183,-0.17796493349564813,-0.028818756610991758,-0.14914617688465637,0.00864149987309396,12.55258846282959,1.280054644808743,-0.0007122670163110527,0.006414979949645826
2016-11-10,12.004903793334961,12.473085966504456,11.978403138139875,12.473085966504456,672000,27.601139095268895,-0.2108292942372625,-0.049346493882084896,-0.1614828003551776,0.010741714998090575,12.39358139038086,3.0263630916716595,-0.037535392157703684,0.0014715756356486664
2016-11-11,12.084405899047852,12.137407206357729,12.022569917265539,12.022569917265539,200300,31.061346824219722,-0.22783306365901268,-0.05308021064306806,-0.17475285301594462,0.010927870104793774,12.004903793334961,-0.7019345238095238,0.005143324780628671,-0.005847890222495017
2016-11-14,12.022570610046387,12.137407905755888,11.969569299682396,12.013737619946149,183300,29.86574587631272,-0.24349144664586753,-0.054990874903938336,-0.1885005717419292,0.010730615542944534,12.084405899047852,-0.08487269096355465,0.0007352408034592806,0.006612738090980792
2016-11-15,12.084405899047852,12.181575524076354,12.040237581329226,12.102072720670947,355800,32.657269902159825,-0.24805184961669546,-0.04764102229981301,-0.20041082731688245,0.010533364916221742,12.022570610046387,0.9410801963993454,-0.0014598178370651548,-0.0029238917912304788
2016-11-16,12.12857437133789,12.269913168144164,12.049072403837728,12.049072403837728,298200,34.65789170300072,-0.2452746023072656,-0.03589101999230651,-0.2093835823149591,0.010125245988570014,12.084405899047852,-0.16188870151770662,0.006598181572453679,-0.0014566728066579193
2016-11-17,12.234578132629395,12.367082248313649,12.093239342141402,12.110907006867635,295800,39.317319789577695,-0.23184740363067213,-0.017971057052570433,-0.2138763465781017,0.010522424851451622,12.12857437133789,-0.008048289738430636,0.010211549448082691,-0.0007219886477340793
2016-11-18,12.119741439819336,12.234578738908693,12.022570963891061,12.22574490610782,104600,36.29763325044294,-0.22784614479333776,-0.011175838572188845,-0.2166703062211489,0.010582840709897276,12.234578132629395,-0.6463826910074375,-0.00867051186676786,0.012390609044963656
2016-11-21,12.163908958435059,12.269912417726182,12.128573629564077,12.269912417726182,73900,38.261627195114485,-0.21859138330991712,-0.0015368616710145777,-0.21705452163890254,0.010386769005018557,12.119741439819336,-0.2934990439770554,-0.008639300402664802,0.005083728178846395
2016-11-22,12.181578636169434,12.314082780736262,12.146244141455558,12.225746965171977,222000,39.0709454324912,-0.20743988496876753,0.007691709336108021,-0.21513159430487555,0.010358552175977776,12.163908958435059,2.004059539918809,-0.0036127305045955617,-0.005076361935387814
2016-11-23,12.146241188049316,12.172741842030783,12.057904551523626,12.11974053406785,66500,37.998147781125276,-0.19915791050629572,0.01277894703886387,-0.2119368575451596,0.010358957305686298,12.181578636169434,-0.7004504504504505,0.0021865694159850214,-0.010909051003991012
2016-11-25,11.863565444946289,12.066738532036748,11.83706394819836,12.01373722342211,557300,30.729448498941807,-0.2129492101862951,-0.0008098821129083889,-0.2121393280733867,0.010965946052316768,12.146241188049316,7.3804511278195495,-0.01250000525923311,-0.0014892897813819713
2016-11-28,11.686891555786133,11.89889930642931,11.651557071085698,11.845897158158374,259000,27.224206441725137,-0.2354212314619044,-0.018625522710814135,-0.21679570875109028,0.01120629882593502,11.863565444946289,-0.5352592858424547,-0.013422841702009284,-0.0037791243748663485
2016-11-29,11.757562637329102,11.792897125845315,11.642725339041242,11.642725339041242,295400,30.632771911268215,-0.24470707374606882,-0.02232909199598282,-0.222377981750086,0.011258599861309176,11.686891555786133,0.14054054054054044,0.009863437893083242,-0.0037566564030851717
2016-11-30,11.81939697265625,11.837063794484841,11.713393514362904,11.713393514362904,132700,33.564718873540215,-0.24426096817342113,-0.017506389138668088,-0.22675457903475305,0.011304604115810826,11.757562637329102,-0.5507786052809749,0.009049764968910579,0.004484166172857501
2016-12-01,11.748726844787598,11.87239711274461,11.686890868368575,11.87239711274461,192000,31.904938790633445,-0.24676535756131734,-0.016008622821251428,-0.23075673474006592,0.0110942324212518,11.81939697265625,0.44687264506405433,-0.01041662157882641,-0.0022555425207692265
2016-12-02,11.739893913269043,11.792896062484509,11.704559427938927,11.722227091824276,293200,31.693979827808665,-0.246619966489936,-0.012690585399896065,-0.23392938109003994,0.011097846691899699,11.748726844787598,0.5270833333333333,0.0015071215824754344,-0.0015047635512437998
2016-12-05,11.757562637329102,11.810563948883093,11.669225994818238,11.722228148812887,187400,32.65325168984705,-0.24228610129258144,-0.006685376162033185,-0.23560072513054825,0.010945178242829832,11.739893913269043,-0.36084583901773537,0.003014315031890343,-0.010518624367621614
2016-12-06,11.642723083496094,11.69572438478214,11.58972093976955,11.633889252468254,171500,29.73072053273926,-0.24529051773953725,-0.007751834087191184,-0.23753868365234607,0.010636693871454632,11.757562637329102,-0.08484525080042693,0.0007593188173048262,-0.0015173647690621957
2016-12-07,11.810563087463379,11.863565237592244,11.616222993578338,11.62505682567325,289900,38.40733634729335,-0.23146012554828665,0.004862846483247529,-0.23632297203153418,0.011318070936316586,11.642723083496094,0.6903790087463557,0.015957449892240502,-0.0007479477226791844
2016-12-08,11.872398376464844,11.916566695053929,11.757561927550075,11.801729403698552,154600,41.28386008057628,-0.21305389635504213,0.018615260541193668,-0.2316691568962358,0.011219162677837556,11.810563087463379,-0.46671265953777163,0.00598801839535017,1.2898090411933837e-08
2016-12-09,11.916566848754883,11.916566848754883,11.837064042757218,11.872398529596111,222400,43.320098959171844,-0.19268168599127478,0.031189976723968837,-0.2238716627152436,0.00890482084971021,11.872398376464844,0.43855109961190175,0.003720252402972019,-0.006671738567107392
2016-12-12,11.748726844787598,11.84589646138818,11.660390217012147,11.837062630122531,191900,37.936244070482914,-0.1879136960114547,0.028766373363031145,-0.21668006937448583,0.009250827922475903,11.916566848754883,-0.13714028776978415,-0.007462644077774842,-0.0037592165319765337
2016-12-13,11.580889701843262,11.704560836602996,11.545555212260577,11.704560836602996,243200,33.45824187238412,-0.19542534266086875,0.017003781370893672,-0.21242912403176242,0.009664389812735322,11.748726844787598,0.26732673267326734,-0.010566063647000263,0.007627707707605806
2016-12-14,11.536721229553223,11.731060484324733,11.519053565060934,11.669225343482944,401200,32.37518511736523,-0.20260687736760907,0.007857797331322691,-0.21046467469893176,0.009531094675124748,11.580889701843262,0.649671052631579,-0.011355005154967105,0.004594051942535922
2016-12-15,11.527886390686035,11.660390493045428,11.466050412803186,11.589721526128347,225000,32.15099654253157,-0.20662929908602834,0.0030683004903227507,-0.2096975995763511,0.00943718033516037,11.536721229553223,-0.4391824526420738,-0.005335342639847576,0.008429179932966031
2016-12-16,11.554388046264648,11.651557673605492,11.536721224221136,11.625057019319918,173700,33.63554976701335,-0.20531192706329193,0.003508538010447343,-0.20882046507373928,0.009138817600315556,11.527886390686035,-0.22799999999999998,-0.006079021628695966,0.010029784102907122
2016-12-19,11.688383102416992,11.724598043063486,11.661222112790197,11.670276063809894,145200,40.70042262370024,-0.19125099661665068,0.014055574765670875,-0.20530657138232156,0.009540477915066146,11.554388046264648,-0.1640759930915371,0.0015515518663049737,-0.003098291964970096
2016-12-20,11.398664474487305,11.652169078967281,11.362449530990165,11.652169078967281,651600,32.61565887234456,-0.20116655708029363,0.0033120114416223534,-0.20447856852191598,0.010735125568129894,11.688383102416992,3.4876033057851243,-0.021756001201318348,0.009531311062912714
2016-12-21,11.371502876281738,11.561631535360275,11.31718003221688,11.507308691295416,406100,31.974398529792456,-0.2088093993849558,-0.003464664690431829,-0.20534473469452397,0.010681979650207615,11.398664474487305,-0.3767648864333947,-0.011801700871760423,0.003980894547204339
2016-12-22,11.362449645996094,11.434879533723478,11.326234702132401,11.416771630075447,231500,31.750325626831874,-0.21313998196113992,-0.006236197813292765,-0.20690378414784716,0.010697307715934308,11.371502876281738,-0.42994336370352126,-0.0047580862471008345,0.002390387022371384
2016-12-23,11.55257797241211,11.55257797241211,11.37150325849688,11.389610298172231,211100,41.08762770928558,-0.19893701085275595,0.006373418636072964,-0.2053104294888289,0.010499641892514717,11.362449645996094,-0.08812095032397405,0.01430845041871457,-0.0031348333637811867
2016-12-27,11.534469604492188,11.57973849700485,11.471093673033845,11.516362565546508,198700,40.51904042201782,-0.18698678066341579,0.01465891906033051,-0.2016456997237463,0.010001003558198792,11.55257797241211,-0.05873993368072006,0.0015722880243324428,-0.0007848346963460529
2016-12-28,11.588793754577637,11.588793754577637,11.48920200713652,11.525416952542633,164100,43.06450744182084,-0.17115961078559572,0.02438887115052049,-0.1955484819361162,0.009958543755946916,11.534469604492188,-0.17413185707096124,0.005498872821344828,-0.016406479130457716
2016-12-29,11.84229564666748,11.84229564666748,11.39866245169598,11.39866245169598,321100,53.14188003957686,-0.13658649643215348,0.047169588403170204,-0.18375608483532369,0.011106575429127297,11.588793754577637,0.9567336989640463,0.03891975894991902,1.707533564393835e-07
2016-12-30,11.806082725524902,11.887566563705182,11.769867782270595,11.84229766877921,159300,51.73323709114665,-0.11083153734117523,0.05833963799531877,-0.169171175336494,0.01104066669332852,11.84229564666748,-0.5038928682653379,-0.0030581010769374656,0.011503029060582468
2017-01-03,12.005265235900879,12.059587218571874,11.92378139846204,11.941888438208256,299500,58.28331058592702,-0.07350091001949188,0.07653621225360172,-0.1500371222730936,0.011639195764509648,11.806082725524902,0.8801004394224734,0.0053071001308174935,0.006787313175238343
2017-01-04,12.113909721374512,12.159178614605679,12.032425886244873,12.08674873080874,159600,61.36323412726766,-0.03474885376079406,0.09223061480983963,-0.1269794685706337,0.011771705223375247,12.005265235900879,-0.4671118530884808,0.002247170944866209,6.918591412036104e-08
2017-01-05,12.313093185424805,12.313093185424805,12.104856607527324,12.11391055948643,430000,66.27869999878403,0.011897721394742433,0.1111017519723009,-0.09920403057755847,0.011902518728678247,12.113909721374512,1.6942355889724312,0.016442471236705225,9.490272203077036e-09
2017-01-06,12.195394515991211,12.31309330227941,12.168232659856127,12.31309330227941,348700,61.31470307252016,0.03891952919546071,0.11049884781841536,-0.07157931862295465,0.011885807222698453,12.313093185424805,-0.18906976744186044,-0.009558831676067235,-0.002969508939696569
2017-01-09,12.059588432312012,12.213502171091093,12.050535343243926,12.159180182952849,231000,56.09424969784064,0.04881340009403168,0.09631417497358907,-0.04750077487955739,0.012187362824992524,12.195394515991211,-0.33753943217665616,-0.008190663280116885,0.0007506388698206324
2017-01-10,12.113909721374512,12.168231702506056,12.068640828143344,12.068640828143344,123300,57.64755768980042,0.060342052488564946,0.08627426189449787,-0.025932209405932924,0.012198328532823046,12.059588432312012,-0.4662337662337662,0.0037509520645939687,0.0037368787689638313
2017-01-11,12.249714851379395,12.285929791249023,12.150123982595986,12.15917793342146,155100,61.33081441634727,0.07952027140218121,0.0843619846464913,-0.004841713244310101,0.011870697757298435,12.113909721374512,0.25790754257907533,0.007445973605590434,-0.0036953620560579658
2017-01-12,12.240663528442383,12.27687847353229,12.186340679091323,12.204447719920077,159300,60.95035325782449,0.09291768471670814,0.0782075183688146,0.014710166347893548,0.011253555852028769,12.249714851379395,0.027079303675048294,0.0029674270686738296,0.002958479751897407
2017-01-13,12.231608390808105,12.294984322714866,12.213500488301994,12.276877283641069,170500,60.54570042874791,0.1016329954542261,0.06953826328506604,0.03209473216916006,0.011178716038142448,12.240663528442383,0.07030759573132461,-0.0036873295861060674,-0.005921525108411454
2017-01-17,12.113909721374512,12.186339605171451,12.104855770041814,12.159178614605679,192300,55.39747554678471,0.09791395194100616,0.052655375817476875,0.045258576123529286,0.011505886548145243,12.231608390808105,0.12785923753665696,-0.00372302230816727,0.004484097918306469
2017-01-18,12.15012264251709,12.186337578392449,12.113907706641731,12.16822967873868,208200,56.61967939815922,0.09677312293272422,0.04121163744735594,0.05556148548536828,0.011506144406040756,12.113909721374512,0.08268330733229323,-0.0014880583864412017,-0.01415790932150054
2017-01-19,11.95999526977539,12.050533050691357,11.932834280873507,11.978102307899222,164000,49.02411967117804,0.07960962747467093,0.019238513591442116,0.060371113883228814,0.011985232696747807,12.15012264251709,-0.2122958693563881,-0.0015116783659370366,0.0037851061823145947
2017-01-20,12.04148006439209,12.068641055469469,11.978103267301753,12.00526512181147,144800,51.99635507859207,0.0717554237379332,0.009107447883763498,0.0626479758541697,0.010347704332964586,11.95999526977539,-0.11707317073170731,0.0030165883229702987,0.007518706839171242
2017-01-23,12.222554206848145,12.240662109009497,12.059586541125167,12.132016422905979,178800,57.87435502148237,0.07922878062173488,0.013264643814052138,0.06596413680768275,0.01061833845327258,12.04148006439209,0.23480662983425415,0.007462715247502049,5.031608648129964e-08
2017-01-24,12.412683486938477,12.457952381187313,12.213500870303005,12.222554821839239,351000,62.99778013028667,0.0993480907729829,0.026707163172240117,0.07264092760074278,0.010882709004618683,12.222554206848145,0.9630872483221478,0.015555558381257245,-0.006564638045691407
2017-01-25,12.494166374206543,12.50322032505458,12.331198712670995,12.331198712670995,265400,64.9644216725366,0.1204789704653102,0.03827043429165393,0.08220853617365627,0.010511638078104282,12.412683486938477,-0.24387464387464386,0.013215881548327483,-0.018115848968025785
2017-01-26,12.340253829956055,12.42173766842592,12.267823943190031,12.267823943190031,176900,58.62601506220692,0.12338359950951272,0.03294005066868516,0.09044354884082756,0.011070210718155876,12.494166374206543,-0.33345892991710624,0.005904053326933357,-0.0014673850033561006
2017-01-27,12.340253829956055,12.385522725042907,12.159179113040997,12.32214592654837,95300,58.62601506220692,0.12425322511953318,0.027047741022964505,0.09720548409656868,0.011091853831811911,12.340253829956055,-0.46127755794234027,0.0014695413863482392,-0.008070379646288964
2017-01-30,12.313093185424805,12.322146273951526,12.231609344657633,12.240663296616738,86800,57.478274675787226,0.12135190345401625,0.01931713548595805,0.1020347679680582,0.010232098272113329,12.340253829956055,-0.08919202518363067,0.005917153919925733,-0.0029412416214307964
2017-01-31,12.276877403259277,12.30403839385077,12.231608509985241,12.276877403259277,106000,55.9066133930375,0.11480685225040332,0.010217667425876098,0.10458918482452723,0.010229094705795099,12.313093185424805,0.22119815668202758,0.0,0.0029498129651222373
2017-02-01,12.421736717224121,12.421736717224121,12.313091895394628,12.313091895394628,125100,60.55287659511365,0.11992635168351029,0.012269733487186449,0.10765661819632384,0.00989872504898755,12.276877403259277,0.18018867924528292,0.008823520749498256,0.0014577571646558157
2017-02-02,12.376468658447266,12.45795249616071,12.322145812160853,12.439844592921123,134600,58.47910371800294,0.1189595462465256,0.009042342440161402,0.1099172038063642,0.009812837777470702,12.421736717224121,0.075939248601119,-0.0050945921390305095,0.00512067991467028
2017-02-03,12.376468658447266,12.439844592921123,12.349307667020234,12.439844592921123,200700,58.47910371800295,0.11684641325462408,0.0055433675586078895,0.11130304569601619,0.009126154726510925,12.376468658447266,0.4910846953937593,-0.0050945921390305095,0.004389115411059368
2017-02-06,12.367414474487305,12.43079040777055,12.340253483570532,12.43079040777055,155600,58.01819235612531,0.11313697058604788,0.0014671399120253503,0.11166983067402253,0.008833205793550455,12.376468658447266,-0.22471350274040858,-0.00509830277917231,0.005124477915507633
2017-02-07,12.394576072692871,12.485113864761242,12.349308040091062,12.430791016833744,187100,59.06062640760763,0.11110813905770911,-0.0004493532930507499,0.11155749235075986,0.008381514069411072,12.367414474487305,0.20244215938303345,-0.0029133257965507624,0.0014609143660426472
2017-02-08,12.412683486938477,12.439844478114841,12.394575583866006,12.412683486938477,168800,59.77766176032104,0.1096968751612799,-0.0014884937515839691,0.11118536891286387,0.008349833811519701,12.394576072692871,-0.09780865847140563,0.0,-5.806358365236427e-08
2017-02-09,12.421736717224121,12.421736717224121,12.39457486419253,12.41268276621359,161400,60.15343176754478,0.10806327224343093,-0.002497677335546372,0.1105609495789773,0.008014069744533163,12.412683486938477,-0.04383886255924174,0.0007294112949679753,0.0007288101321360654
2017-02-10,12.421736717224121,12.448897706823422,12.40362881520306,12.43078980480236,202300,60.153431767544795,0.10555189363550355,-0.00400724475477901,0.10955913839028256,0.008008652771145952,12.421736717224121,0.2534076827757126,-0.0007282793547632884,0.008746333179100844
2017-02-13,12.702402114868164,12.72051001663801,12.530381365216034,12.530381365216034,289700,70.17248258830566,0.12477068122043455,0.012169234264121587,0.11260144695631297,0.009363089529683838,12.421736717224121,0.4320316361838854,0.013728293228939937,-0.005702016379890682
2017-02-14,12.684295654296875,12.702402693459211,12.58470391689091,12.629972809945228,269200,68.96769430257119,0.13696185775883407,0.019488328642016883,0.11747352911681719,0.009003196336998465,12.702402114868164,-0.0707628581290991,0.004301105407675286,-1.775781419871151e-08
2017-02-15,12.756725311279297,12.756725311279297,12.68429542905151,12.68429542905151,169700,71.1048510713409,0.1507303948315748,0.026605492571806083,0.12412490225976872,0.009034004277610141,12.684295654296875,-0.3696136701337296,0.0057102014560381,-0.004258464061406147
2017-02-16,12.584702491760254,12.702401254999984,12.557541504376385,12.702401254999984,258900,60.45572255153298,0.14607736682344097,0.017561971650937785,0.12851539517250318,0.008815877074205846,12.756725311279297,0.5256334708308781,-0.009265867207068486,-0.002158254229820105
2017-02-17,12.584702491760254,12.602810392304315,12.494165579336615,12.557541504376385,194200,60.455722551532986,0.14076713272221397,0.009801390039768626,0.13096574268244535,0.008775468901143337,12.584702491760254,-0.249903437620703,0.0021629223661656545,0.005036009322736207
2017-02-21,12.620917320251465,12.67524015798156,12.61186423348996,12.64807917083262,209800,61.85071227691985,0.13789144123796326,0.005540558844414317,0.13235088239354895,0.008247896324085935,12.584702491760254,0.08032955715756951,-0.002147507950756069,-0.0014345914839347558
2017-02-22,12.54848861694336,12.602811459744387,12.512273676220106,12.602811459744387,196600,57.48317077157101,0.1282892058654621,-0.003249341222469476,0.13153854708793158,0.0077137369059057746,12.620917320251465,-0.06291706387035267,-0.004310374948839379,-0.002164552736336924
2017-02-23,12.467004776000977,12.575649590572581,12.467004776000977,12.521326751570662,189000,52.9528674215358,0.11280396627205214,-0.01498766465270357,0.1277916309247557,0.007732461483616187,12.54848861694336,-0.038657171922685696,-0.0043383562019792534,-0.000726108233397732
2017-02-24,12.412683486938477,12.457952381187313,12.40362953540224,12.457952381187313,106000,50.11719177059215,0.09505281855972925,-0.026191049892021173,0.12124386845175042,0.007259748804477893,12.467004776000977,-0.4391534391534392,-0.003633734731334915,0.0029175572687857236
2017-02-27,12.485113143920898,12.512274134600293,12.430790299129784,12.44889820187093,59500,53.679041961463604,0.08583986556935841,-0.028323202305913606,0.11416306787527201,0.00736283627512052,12.412683486938477,-0.4386792452830188,0.0029090881347656372,-0.005076132929644921
2017-02-28,12.231608390808105,12.48511298186746,12.22255443955505,12.421737049960699,271600,42.29558536400561,0.05742090653292742,-0.04539372907387569,0.10281463560680311,0.008715141724115997,12.485113143920898,3.564705882352941,-0.015306124931472046,0.00666182173375776
2017-03-01,12.313093185424805,12.376469122273768,12.240663296616738,12.313093185424805,184400,46.241872526189866,0.04100118256744878,-0.04945076243148347,0.09045194499893225,0.008825564610864693,12.231608390808105,-0.321060382916053,0.0,-0.0044119618867312265
2017-03-02,12.104854583740234,12.25876828758294,12.104854583740234,12.25876828758294,127400,38.91716642792147,0.011057850180142381,-0.0635152758550319,0.07457312603517428,0.009165365185966619,12.313093185424805,-0.30911062906724507,-0.01255539710287266,0.0059834708731337175
2017-03-03,12.15012264251709,12.195391528219332,12.104853756814848,12.177283628565563,78800,41.101283617827335,-0.008916913812671012,-0.06679203187827623,0.057875118065605226,0.009212496917655057,12.104854583740234,-0.38147566718995285,-0.002230463449562671,0.005961454279416614
2017-03-06,12.177286148071289,12.22255504313976,12.15012515640315,12.22255504313976,141300,42.43149404861015,-0.022298151098301133,-0.06413861533112508,0.041840464232823955,0.009237293807601998,12.15012264251709,0.7931472081218274,-0.003703717832212126,-0.0007435996694386616
2017-03-07,12.1320161819458,12.168231122116923,12.059586301603556,12.168231122116923,162900,40.77856031034096,-0.036139195829550275,-0.06238372804989938,0.026244532220349108,0.009260735682355097,12.177286148071289,0.15286624203821653,-0.0029761877307950177,0.0044778090840312396
2017-03-08,12.050535202026367,12.195394986607349,12.023373344843115,12.186341034212932,558000,37.91559703928422,-0.05307138373701292,-0.06345273276588963,0.010381349028876703,0.009317169657967733,12.1320161819458,2.425414364640884,-0.011144102385227206,0.0015023767045213572
2017-03-09,12.104854583740234,12.20444544834283,12.04147865748697,12.068639645390906,215500,40.89475262622265,-0.06139937077865554,-0.05742457584602579,-0.003974794932629746,0.009390428429072197,12.050535202026367,-0.6137992831541219,0.003000747342983178,0.0037399074185522404
2017-03-10,12.195394515991211,12.249716501396602,12.132017715108402,12.15012561919846,112000,45.58205374230547,-0.060001880323696355,-0.04482166831285329,-0.015180212010843068,0.009583243384153322,12.104854583740234,-0.4802784222737819,0.0037257966058573755,-0.0007426522845887807
2017-03-13,12.15012264251709,12.186337578392449,12.086746720593258,12.186337578392449,305800,43.71523308382063,-0.061834629784854656,-0.03732353421920927,-0.02451109556564539,0.009601328488934288,12.195394515991211,1.7303571428571427,-0.0029717653595589953,0.0014902760041472852
2017-03-14,12.15012264251709,12.177283628565563,12.104853756814848,12.16822967873868,96300,43.715233083820635,-0.06256587645915346,-0.03044382471480645,-0.032122051744347006,0.007838943999393198,12.15012264251709,-0.6850882930019621,-0.0014880583864412017,-0.0007450351569915206
2017-03-15,12.222554206848145,12.222554206848145,12.10485543309625,12.141070373986656,153800,47.69042980481521,-0.05664777255125131,-0.01962057664552344,-0.03702719590572787,0.008048128580514777,12.15012264251709,0.5970924195223262,0.006711420851004631,0.00814810428410687
2017-03-16,12.294983863830566,12.385521646117361,12.258768923602306,12.322144853143692,86600,51.38774731155332,-0.045587658419098176,-0.006848370010696242,-0.038739288408401934,0.0080588908386569,12.222554206848145,-0.43693107932379716,-0.0022042420079322863,0.0036819961345388864
2017-03-17,12.385522842407227,12.41268383434377,12.322146043312134,12.340253946891409,147100,55.61133508492333,-0.0291803267377162,0.00764716933654859,-0.03682749607426479,0.007814017908247232,12.294983863830566,0.6986143187066975,0.0036683925396220523,0.005116880502569302
2017-03-20,12.439844131469727,12.494166975741054,12.403629189766281,12.448898082753667,170600,57.970761610336176,-0.01165971815344058,0.020134222336659374,-0.03179394049009995,0.007897804411927908,12.385522842407227,0.15975526852481314,-0.0007272893732243932,0.0065501991594271135
2017-03-21,12.421736717224121,12.530381539053614,12.349306836004459,12.521327588043084,296800,56.88532204266491,0.0007556625713824872,0.026039682449185954,-0.025284019877803467,0.007858193283741993,12.439844131469727,0.7397420867526376,-0.007953699008247696,0.0021865603965427875
2017-03-22,12.457951545715332,12.548488464708953,12.376467714218474,12.448897594786285,174300,58.556666637184854,0.013363133359970192,0.030917722590218927,-0.017554589230248736,0.007808041430470334,12.421736717224121,-0.41273584905660377,0.0007272893732244324,0.008721057196619718
2017-03-23,12.61186695098877,12.629973991845544,12.548490149409057,12.566598053698232,141800,64.8017991820986,0.03536664698127723,0.04233698896922077,-0.0069703419879435435,0.008155088208012622,12.457951545715332,-0.18646012621916241,0.0036023191875079394,0.005024887055902759
2017-03-24,12.620917320251465,12.67524015798156,12.584702382908807,12.67524015798156,118600,65.13449840830016,0.05292479512170445,0.047916109687718395,0.005008685433986055,0.008070931880047667,12.61186695098877,-0.1636107193229901,-0.00428574425833573,-0.002869232152290358
2017-03-27,12.64808177947998,12.675242772230835,12.530382992983093,12.584704978484801,295300,66.16815541106085,0.06824501283261242,0.050589061918901085,0.01765595091371133,0.007993166003368196,12.620917320251465,1.4898819561551435,0.005036018015800158,-0.009305791685732288
2017-03-28,12.702402114868164,12.711456065753087,12.530381365216034,12.530381365216034,236800,68.19851954959057,0.08380355759055647,0.05291808534147611,0.030885472249080358,0.006309650589246665,12.64808177947998,-0.19810362343379617,0.013728293228939937,-0.002138286675583183
2017-03-29,12.602810859680176,12.675240737678042,12.593756909072379,12.675240737678042,106600,60.973592185796576,0.0870936727837428,0.04496656042772995,0.04212711235601285,0.006562938512008956,12.702402114868164,-0.5498310810810811,-0.00571428026471822,0.0050287532997528184
2017-03-30,12.666187286376953,12.738617167230037,12.620918394985704,12.666187286376953,146800,63.61520802983191,0.09373454724100938,0.04128594790799722,0.05244859933301216,0.005034711165825799,12.602810859680176,0.3771106941838649,0.0,-0.0007147576274182304
2017-03-31,12.693349838256836,12.711456877751065,12.629973041446197,12.657134032403707,178100,64.71750317962405,0.10003612484620028,0.03807002041055049,0.06196610443564979,0.005023009943506733,12.666187286376953,0.2132152588555858,0.0028612959110974065,0.005706128466048252
2017-04-03,12.693349838256836,12.783886762592651,12.657134032403707,12.765779723098422,56400,64.71750317962405,0.1038332454787998,0.033493712834520004,0.07033953264427979,0.005047024306510904,12.693349838256836,-0.6833239752947782,-0.005673753300829055,0.007132479321716679
2017-04-04,12.820099830627441,12.856314767753362,12.720508969389206,12.783884893501519,121200,69.68740546904874,0.11573602319511522,0.03631719244066833,0.07941883075444689,0.005146344982101367,12.693349838256836,1.148936170212766,0.0028328585111347575,-0.007768228748829899
2017-04-05,12.675241470336914,12.820101234705882,12.657133568074642,12.720510362560292,101400,59.390922270298745,0.11218697957993484,0.026214519060390365,0.08597246051954448,0.00566690727905994,12.820099830627441,-0.1633663366336634,-0.003558732388333713,8.908995594187062e-09
2017-04-06,12.639026641845703,12.69334948568418,12.639026641845703,12.675241583260584,46100,57.11875196206628,0.10523897356783074,0.015413210438629005,0.08982576312920174,0.005771024784361396,12.675241470336914,-0.5453648915187377,-0.0028571401323591503,0.00859586086876285
2017-04-07,12.820099830627441,12.838207730906506,12.720508969389206,12.747669956375596,157300,64.44349336983993,0.11304065943190089,0.018571917042159325,0.09446874238974157,0.006282534559911638,12.639026641845703,2.4121475054229933,0.005681812794001677,4.501452054923897e-08
2017-04-10,12.801993370056152,12.82915435826518,12.79293941950906,12.820100407718089,93700,63.279496027515975,0.11642048871650346,0.01756139706140951,0.09885909165509395,0.006182720861990025,12.820099830627441,-0.4043229497774953,-0.001412394371812825,0.002828973776475927
2017-04-11,12.829155921936035,12.83820987358666,12.765779987246365,12.83820987358666,46900,64.32064202496325,0.11990858715250496,0.0168395963979288,0.10306899075457616,0.006153267886750956,12.801993370056152,-0.4994663820704376,-0.0007052347437669118,-0.009879978561042559
2017-04-12,12.747673034667969,12.783887980539031,12.584705346531976,12.702404136471035,98400,58.92340648877493,0.11477488879861397,0.009364718435230235,0.10541017036338374,0.006424069485290948,12.829155921936035,1.0980810234541578,0.003563805537170568,-1.225056574007084e-07
2017-04-13,12.720510482788086,12.77483246322372,12.702402580354667,12.747671473005903,84300,57.20031528340464,0.10727797126257244,0.0014942407193509477,0.10578373054322149,0.006425792054117456,12.747673034667969,-0.14329268292682928,-0.0021306628646127796,-0.00996452579539665
2017-04-17,12.467004776000977,12.675240454738493,12.457950825595283,12.59375662795173,238000,44.20715396588156,0.07995909947482005,-0.020659704854721156,0.1006188043295412,0.007894781255140856,12.720510482788086,1.823250296559905,-0.010064657885275422,0.006535987457152159
2017-04-18,12.52132797241211,12.602811807143624,12.494166981979044,12.548488962845175,130200,46.986150516858444,0.061977684545990286,-0.030912895826840744,0.09289058037283103,0.007894018098223123,12.467004776000977,-0.4529411764705882,-0.0021644829519702827,0.012292229278049223
2017-04-19,12.575652122497559,12.720511904425113,12.55754421804041,12.67524300671465,103100,49.6851215740551,0.05151693343140451,-0.03309891755314122,0.08461585098454573,0.007930264906137992,12.52132797241211,-0.20814132104454686,-0.007857118334089044,0.0007197676877990905
2017-04-20,12.512273788452148,12.584703670548334,12.46700575971626,12.584703670548334,400000,46.69808512986579,0.037678279176395435,-0.037550057446520235,0.07522833662291567,0.00800954812946951,12.575652122497559,2.8797284190106693,-0.0057553903526303745,-0.001447123582750872
2017-04-21,12.52132797241211,12.557542914133636,12.467005991545978,12.494166981979044,180600,47.186570668572486,0.02712891767795078,-0.03847953515597191,0.06560845283392269,0.007489623703560568,12.512273788452148,-0.5485,0.0021738936635184464,-0.0014460495413252108
2017-04-24,12.50322151184082,12.557543495220642,12.47605965671855,12.50322151184082,187400,46.27328186237648,0.01711019694068483,-0.0387986047145903,0.05590880165527513,0.00748926933014928,12.52132797241211,0.037652270210409844,0.0,0.006516862911857603
2017-04-25,12.494166374206543,12.602811194086149,12.448897483398637,12.584703292390076,254200,45.795903721738,0.008343436700595674,-0.038052291963743566,0.04639572866433924,0.0074644119823084314,12.50322151184082,0.3564567769477054,-0.007194203635955429,0.0007247607223624369
2017-04-26,12.593758583068848,12.620919575070298,12.494167703441956,12.50322165525323,224500,51.69807317727322,0.009324488083269244,-0.029656992464856,0.038981480548125245,0.007634250490176792,12.494166374206543,-0.1168371361132966,0.007241087962123681,0.010064659567860984
2017-04-27,12.639026641845703,12.720510475887263,12.548488856592346,12.720510475887263,208500,54.142308117112826,0.013597983307354511,-0.020306797792616592,0.0339047810999711,0.007474343652731864,12.593758583068848,-0.07126948775055675,-0.00640570472356584,-0.004297967304634004
2017-04-28,12.711457252502441,12.756726147721105,12.584704518576652,12.584704518576652,157100,57.8201922814555,0.022569141004741056,-0.009068512076184039,0.031637653080925095,0.00749996378201081,12.639026641845703,-0.2465227817745803,0.010071967421935557,0.004273497835307867
2017-05-01,12.774832725524902,12.792940628330124,12.70240284116867,12.765779637554619,94600,60.78389134335196,0.03439622091183736,0.0022068542647298087,0.03218936664710755,0.007565253995707193,12.711457252502441,-0.39783577339274345,0.000709168435247833,0.0
2017-05-02,12.774832725524902,12.792940628330124,12.729564695376503,12.774832725524902,66800,60.783891343351954,0.04327047188279032,0.00886488418854621,0.03440558769424411,0.007565253995707193,12.774832725524902,-0.2938689217758985,0.0,-0.002126096686943895
2017-05-03,12.711457252502441,12.747672195990901,12.593758470306856,12.747672195990901,118000,56.203893475934514,0.044674528534789815,0.008215152672436561,0.036459375862353254,0.007296500320865845,12.774832725524902,0.7664670658682635,-0.002840906397000816,0.0014245338553895627
2017-05-04,12.629973411560059,12.729565153709968,12.620919459831457,12.729565153709968,70900,50.89408287239232,0.038765326024174485,0.0018447601294569807,0.036920565894717504,0.0069874814590456455,12.711457252502441,-0.39915254237288134,-0.007823656263771447,-0.003584335962070466
2017-05-05,12.702402114868164,12.729563967522932,12.512273463446189,12.58470334366101,293000,54.966671784318095,0.039471627158393474,0.0020408490109407734,0.0374307781474527,0.007076198533206448,12.629973411560059,3.132581100141044,0.009352526475440485,-0.0021382473394312954
2017-05-08,12.666187286376953,12.702402226803494,12.611865307453284,12.67524123734166,76200,52.61691695231236,0.036686245692646224,-0.0005956259638451866,0.03728187165649141,0.006278274658142411,12.702402114868164,-0.7399317406143344,-0.0007143020629883081,0.007147981339723675
2017-05-09,12.702402114868164,12.75672495674542,12.675241125645677,12.75672495674542,269800,54.702291304594745,0.03697482207983249,-0.00024563966132713777,0.03722046174115963,0.006321152906785093,12.666187286376953,2.540682414698163,-0.0042583689827483725,2.719405764850483e-08
2017-05-10,12.675241470336914,12.756725303652534,12.657133568074642,12.70240246029802,213600,52.82455383517259,0.034612888094882166,-0.002086058917021974,0.03669894701190414,0.006304475411760587,12.702402114868164,-0.2083024462564863,-0.0021382561327275207,-1.83819183136172e-08
2017-05-11,12.666187286376953,12.684295188306368,12.620918394985704,12.67524123734166,102700,52.18151095997071,0.03164565006320075,-0.004042637558962718,0.035688287622163466,0.006157369404845385,12.675241470336914,-0.5191947565543071,-0.0007143020629883081,0.0007148696344120863
2017-05-12,12.657134056091309,12.756725795509125,12.61186602555485,12.67524195905176,74800,51.50635539743444,0.028238061724275454,-0.005960180718310414,0.03419824244258587,0.0061433649144545886,12.666187286376953,-0.27166504381694256,-0.001428604125976503,0.0035766068533080683
2017-05-15,12.765780448913574,12.801995393393415,12.675242655997778,12.702403648499564,137200,58.45366078824891,0.03391344622262693,-0.00022783697596714947,0.03414128319859408,0.004389942393869199,12.657134056091309,0.8342245989304813,0.004989354941613488,-0.000709320102064817
2017-05-16,12.720510482788086,12.765779375439323,12.711456531571377,12.756725424222614,121700,54.92292848099728,0.034362215170329335,0.00017674557738819874,0.03418546959294114,0.004445572957466087,12.765780448913574,-0.11297376093294464,-0.002838890093672669,0.0007118533795558089
2017-05-17,12.64808177947998,12.738618709793624,12.629973875357818,12.729565621164934,117100,49.74573762565394,0.028544434279472952,-0.00451282825077455,0.0330572625302475,0.004588840395195609,12.720510482788086,-0.03779786359901394,-0.00640114864166876,-1.2427882259490362e-07
2017-05-18,12.539435386657715,12.648080207591269,12.457951555099479,12.648080207591269,98700,43.17174282678396,0.014994102424410016,-0.01445052808466999,0.029444630509080007,0.004866424070483431,12.64808177947998,-0.157130657557643,-0.008589827005393775,0.009386252045363173
2017-05-19,12.720510482788086,12.747671473005903,12.65713368770343,12.65713368770343,100700,54.06677497320227,0.018651609609054987,-0.008634416720020018,0.027286026329075005,0.005827665268331084,12.539435386657715,0.020263424518743633,0.005007199627371175,0.007117454018220019
2017-05-22,12.711457252502441,12.847263074726076,12.684296260744187,12.811048131237616,447800,53.51436176304136,0.020582428951911425,-0.005362877901730866,0.02594530685364229,0.005815032315576281,12.720510482788086,3.4468718967229393,-0.0077738275365884105,0.00213663956331895
2017-05-23,12.702402114868164,12.75672495674542,12.6842950765306,12.738617054975576,64800,52.93182063271831,0.02113827439270466,-0.0038456259687501063,0.024983900361454765,0.005814864710891265,12.711457252502441,-0.8552925413130862,-0.00284292556649754,0.0021381210808824416
2017-05-24,12.874421119689941,12.892528154359155,12.72956138860781,12.72956138860781,143800,61.50475324819169,0.03505518759400594,0.008057029786040941,0.026998157807965002,0.006288466689343686,12.702402114868164,1.2191358024691357,0.011379789661234735,-0.009141921799388573
2017-05-25,12.992121696472168,13.010228733691033,12.75672416860134,12.75672416860134,295300,66.05989628671853,0.05494848255094276,0.022360259794382206,0.03258822275656055,0.006521341293153963,12.874421119689941,1.0535465924895688,0.01845281945111132,0.0006968135847878644
2017-05-26,12.992121696472168,13.082658609430945,12.928744907625575,13.001174783365487,178800,66.05989628671853,0.0699082038698986,0.029855984890670442,0.04005221897922816,0.006446454371035427,12.992121696472168,-0.3945140535049103,-0.0006963283737175848,-0.0006968129078787848
2017-05-30,13.07360553741455,13.136982330518915,12.96496071650572,12.983068618373334,180100,69.00467938838119,0.08733224402266337,0.037824020034748176,0.0495082239879152,0.006493370303880375,12.992121696472168,0.00727069351230436,0.006973460720456404,0.001385073292581157
2017-05-31,13.07360553741455,13.118874428651301,13.046444548045415,13.091713439282165,237900,69.00467938838119,0.09998831828454335,0.04038407543730252,0.059604242847240835,0.006493370303880375,13.07360553741455,0.32093281510272065,-0.0013831575180434821,0.001385046247130372
2017-06-01,13.218465805053711,13.218465805053711,13.037390244997207,13.09171308570061,285000,73.70805828016181,0.12032038279387436,0.048572911957306814,0.07174747083656755,0.0066833018988469595,13.07360553741455,0.19798234552332916,0.009681904768562842,-0.001369811534453861
2017-06-02,13.227519989013672,13.245627891893566,13.191305046686217,13.200358998126164,192000,73.97389061014502,0.13560116159663416,0.05108295260805329,0.08451820898858087,0.006396739356638694,13.218465805053711,-0.3263157894736842,0.0020575948647580757,-2.1575817135190537e-09
2017-06-05,13.182251930236816,13.263734902723535,13.136983036567086,13.227519960474217,132500,70.15471822134721,0.14241684216250583,0.04631890653913996,0.09609793562336587,0.006467787034708413,13.227519989013672,-0.30989583333333337,-0.0034222613439758767,-6.4249363144061e-09
2017-06-06,13.263734817504883,13.290896671591605,13.146036903525047,13.182251845541687,267200,72.86991424708336,0.1526338382607122,0.04522872210987705,0.10740511615083514,0.006435645953767109,13.182251930236816,1.0166037735849058,0.006181263483503658,0.0006826707495093203
2017-06-07,13.254682540893555,13.309004525527397,13.245628588977121,13.272789581294042,135700,72.08531408942333,0.15817707139133041,0.040617564192396205,0.11755950719893421,0.00646887600528269,13.263734817504883,-0.4921407185628742,-0.0013642226669521036,-0.0006831651838012936
2017-06-08,13.245627403259277,13.272788393144811,13.182251472382267,13.245627403259277,96400,71.25878062474612,0.15999512544145844,0.033948494594019385,0.12604663084743906,0.006426150093623819,13.254682540893555,-0.2896094325718497,0.0,-0.0020505918285382597
2017-06-09,13.146036148071289,13.245627017035849,13.091713306451897,13.218466027942291,149100,62.738418600791356,0.15165161893648715,0.020483990471238472,0.13116762846524868,0.006761227714207651,13.245627403259277,0.5466804979253113,-0.005479446686014403,1.2745596796353535e-07
2017-06-12,13.055500030517578,13.146037823612051,13.019285085966267,13.146037823612051,78800,56.16392297475025,0.13616420567119825,0.0039972617647596465,0.1321669439064386,0.0070218587393498615,13.146036148071289,-0.47149564050972503,-0.006887078396492594,-1.2745595176654683e-07
2017-06-13,13.146036148071289,13.200358126258404,13.055498366516396,13.055498366516396,107200,60.60928762460143,0.1297007179813523,-0.001972980740069047,0.13167369872142135,0.006944468639843364,13.055500030517578,0.36040609137055846,0.006934839177575674,0.005509711535065039
2017-06-14,13.191305160522461,13.281842948838573,13.191305160522461,13.2184670150767,120000,62.648879093566876,0.12676986431183757,-0.0039230675276670235,0.1306929318395046,0.006852876287461498,13.146036148071289,0.11940298507462677,-0.002054841497373201,-0.003431731121394127
2017-06-15,13.146036148071289,13.155089235480958,13.055498366516396,13.146036148071289,131400,59.33999510170584,0.11941773734603522,-0.009020155594775509,0.12843789294081073,0.006739702461737951,13.191305160522461,0.09499999999999997,0.0,0.004821025967528947
2017-06-16,13.290897369384766,13.290897369384766,13.155090682118056,13.209413529711215,51100,65.60107092976041,0.12385251891810611,-0.0036682992181636953,0.1275208181362698,0.006548700354779072,13.146036148071289,-0.6111111111111112,0.006168619029926915,0.0054495170975007645
2017-06-19,13.49913215637207,13.49913215637207,13.363326341840356,13.363326341840356,297100,72.22260817064829,0.14252696020668587,0.012004913656332827,0.13052204655035304,0.006666847748460438,13.290897369384766,4.814090019569472,0.010162575623593708,-0.0026827808018386598
2017-06-20,13.363326072692871,13.462916943781472,13.290896191277106,13.462916943781472,478200,63.62125532500695,0.14470016012268516,0.011342490857865678,0.13335766926481948,0.007243292395937088,13.49913215637207,0.6095590710198586,-0.007397421487815268,1.9113409300269297e-08
2017-06-21,13.336164474487305,13.363326328111592,13.309003484295328,13.363326328111592,209900,62.03008471501744,0.14258706777696695,0.007383518809717965,0.13520354896724898,0.00728030227228653,13.363326072692871,-0.5610623170221665,-0.002032566814382775,-0.003394312054866858
2017-06-22,13.372381210327148,13.42670319449309,13.236574523047555,13.290897370645865,138600,63.34642895017686,0.14219567158703939,0.005593698095832322,0.13660197349120706,0.0067997504391261706,13.336164474487305,-0.3396855645545498,0.006130800457555822,-0.004062288889750715
2017-06-23,13.390488624572754,13.426703569505667,13.29995083052427,13.318058734706925,114300,64.01808348945055,0.14171302475028114,0.0040888410072592585,0.13762418374302188,0.00658403482585123,13.372381210327148,-0.17532467532467533,0.0054384720257372055,0.0054089926071530904
2017-06-26,13.517240524291992,13.535347563918016,13.399541744709637,13.462917678549235,272300,68.3852710763731,0.14983118205235968,0.00976559864747023,0.14006558340488945,0.006804657377554274,13.390488624572754,1.3823272090988628,0.004034997987792088,-0.008707283043151774
2017-06-27,13.327112197875977,13.39954208508462,13.281843302512485,13.39954208508462,147600,57.17533135712359,0.13931715182504867,-0.0005987452638726298,0.1399158970889213,0.007605898634659202,13.517240524291992,-0.45795078957032687,-0.005405400180747039,-0.006114200669852905
2017-06-28,13.417648315429688,13.417648315429688,13.245627559548518,13.245627559548518,112400,60.496112575853196,0.13671425829710948,-0.002561311033449476,0.13927556933055896,0.007710419047595593,13.327112197875977,-0.2384823848238482,0.012986984203490048,0.0026991133240233268
2017-06-29,13.327112197875977,13.453864068774923,13.290897254271655,13.453864068774923,132900,55.83353509043774,0.12589470261370295,-0.010704693373484814,0.13659939598718776,0.007552514297436283,13.417648315429688,0.18238434163701078,-0.009421224285528855,0.006114115132596354
2017-06-30,13.517240524291992,13.535347563918016,13.40859569623882,13.40859569623882,76900,62.389252196075304,0.13115007730389294,-0.004359454946635866,0.1355095322505288,0.00816200775109232,13.327112197875977,-0.4213694507148231,0.008102625398992983,0.001339528875029375
2017-07-03,13.752636909484863,13.761690860809605,13.535347258284999,13.535347258284999,248700,68.60299692532804,0.15255100754887252,0.013633180238674963,0.13891782731019756,0.008852912626057545,13.517240524291992,2.23407022106632,0.01605349660067728,-0.00855815691545994
2017-07-05,13.698315620422363,13.743584515900675,13.62588573303001,13.634939684812146,160300,65.89739052342429,0.16324632291475183,0.019462796483643408,0.14378352643110842,0.008900270790921582,13.752636909484863,-0.355448331322879,0.004648053975685088,0.001321869722285965
2017-07-06,13.671154975891113,13.725476961099513,13.643993119854528,13.716423009087316,116300,64.52708235723557,0.1675988254420524,0.01905223920875518,0.14854658623329722,0.008922932194951567,13.698315620422363,-0.27448533998752345,-0.00330027975706294,-0.01589413149738626
2017-07-07,13.481025695800781,13.53534767857134,13.43575680120375,13.453863840983153,116000,55.78245568588555,0.15393193954663964,0.004308282650673928,0.1496236568959657,0.009566663651971298,13.671154975891113,-0.002579535683576939,0.002018888784565171,-0.009402406537689074
2017-07-10,13.218465805053711,13.399540501677954,13.200357903675156,13.35427161166383,293000,46.42576315089644,0.12052510672514849,-0.023278840136653794,0.14380394686180228,0.010454548357710145,13.481025695800781,1.5258620689655173,-0.010169465663069466,-0.0013698568327809985
2017-07-11,13.281842231750488,13.30900322140596,13.182251360725559,13.200358399351776,171600,48.664122297036165,0.09803382608326672,-0.03661609662282844,0.13464992270609516,0.010356173070266646,13.218465805053711,-0.41433447098976106,0.0061728500040357645,0.002726642662462311
2017-07-12,13.399540901184082,13.45386288007483,13.318057069415673,13.318057069415673,325700,52.62298095310662,0.08868432540887916,-0.03677247783777279,0.12545680324665195,0.010423906311935844,13.281842231750488,0.8980186480186481,0.006118297236879487,-2.6532957116141816e-08
2017-07-13,13.34521770477295,13.399540545654638,13.299948814610254,13.399540545654638,231200,50.68036399163343,0.07601509610231538,-0.03955336571546926,0.11556846181778464,0.01046640659616096,13.399540901184082,-0.29014430457476204,-0.004054082354286779,0.005427324659705966
2017-07-14,13.462915420532227,13.47196937054287,13.390485547311474,13.417646533911208,88900,54.591610850887754,0.07461178441441163,-0.03276534192269842,0.10737712633711005,0.01057399515937554,13.34521770477295,-0.615484429065744,0.003373832102866009,-0.015467306137141396
2017-07-17,13.164142608642578,13.281841374126069,13.155088658197947,13.254680386224413,94200,44.86501436284788,0.048828318361017864,-0.04683904638087376,0.09566736474189162,0.011523388495677474,13.462915420532227,0.059617547806524174,-0.006830626989386382,0.006189940134723725
2017-07-18,13.182251930236816,13.245627863315041,13.164144027395992,13.245627863315041,77500,45.49886412799336,0.029515767268456727,-0.05292127797874792,0.08243704524720465,0.010899797771631704,13.164142608642578,-0.17728237791932056,-0.00478466809819944,0.005494493635948109
2017-07-19,13.263734817504883,13.336164701538161,13.218466787558327,13.254681729574967,74300,48.374740591273934,0.020548548533350086,-0.049510797371083645,0.07005934590443373,0.010804074153817837,13.182251930236816,-0.041290322580645133,0.000683010585589206,0.000682499751635595
2017-07-20,13.200357437133789,13.27278731322359,13.173196449458171,13.27278731322359,94500,46.32710625023114,0.008233032873297574,-0.04946105042490893,0.0576940832982065,0.010844372460768527,13.263734817504883,0.2718707940780618,-0.0054570207734467215,3.534308593827815e-08
2017-07-21,13.218465805053711,13.236572843000005,13.15508901366103,13.200357903675156,138500,47.01718474777793,-6.515697356768158e-05,-0.046207392217419346,0.046142235243851665,0.010827839414529753,13.200357437133789,0.4656084656084656,0.0013717735163463315,0.004794472369715401
2017-07-24,13.164142608642578,13.281841374126069,13.146035571185553,13.281841374126069,248600,45.14212059565883,-0.010899319593240975,-0.045633243869674114,0.03473392427643314,0.010846901963455525,13.218465805053711,0.7949458483754512,-0.00886163011348531,0.01169204538406712
2017-07-25,13.290897369384766,13.462918137137084,13.263735513872001,13.318058361465159,120100,50.13884598989053,-0.009151923984283883,-0.03510867860857362,0.025956754624289737,0.010855074966852807,13.164142608642578,-0.5168946098149638,-0.002039410801726295,0.005449614148194574
2017-07-26,13.390488624572754,13.417649617414341,13.363327631731167,13.363327631731167,70800,53.70669345147921,0.000266015142962317,-0.02055259158506194,0.020818606728024255,0.010532797048029076,13.290897369384766,-0.4104912572855953,0.0020325022023027673,0.004056795375027492
2017-07-27,13.290897369384766,13.490079129217477,13.245628473629196,13.444811096894279,103100,49.864164218677594,-0.00030289068564748334,-0.016897197930937392,0.01659430724528991,0.010551013570569312,13.390488624572754,0.45621468926553677,-0.011447816291377049,0.010899101655893615
2017-07-28,13.336164474487305,13.43575621091174,13.281842494103351,13.43575621091174,91800,51.560586017705035,0.0028658882395546925,-0.010982735204588173,0.013848623444142866,0.010474599926067836,13.290897369384766,-0.10960232783705137,-0.007412439974428229,0.00610999919290619
2017-07-31,13.381433486938477,13.435756331241251,13.290896564343608,13.417648428662886,461000,53.26369689899813,0.008927093368059857,-0.003937224060866409,0.012864317428926266,0.009969925241517434,13.336164474487305,4.021786492374727,-0.0026990528121937606,0.0
2017-08-01,13.381433486938477,13.417648428662886,13.381433486938477,13.381433486938477,121900,53.26369689899811,0.013574167547167448,0.0005678800945929444,0.013006287452574504,0.00904442524128397,13.381433486938477,-0.7355748373101952,0.0,0.0013531479070486383
2017-08-02,13.34521770477295,13.408594496373631,13.318056716048236,13.399540545654638,188100,51.581022054946715,0.014171337998538647,0.0009320404367713139,0.013239297561767333,0.009029715751196363,13.381433486938477,0.5430680885972108,-0.004054082354286779,0.003392223514753897
2017-08-03,13.309003829956055,13.39048766608059,13.290896790501899,13.39048766608059,88900,49.883983033202675,0.011588853745719163,-0.0013203550528385361,0.0129092087985577,0.009034247295553457,13.34521770477295,-0.5273790536948432,-0.0060852030304274765,0.0034013824798276695
2017-08-04,13.354272842407227,13.390487785069682,13.299949996697375,13.354272842407227,92700,52.00951542772976,0.013044676435528757,0.00010837410957684548,0.012936302325951912,0.00858087774090469,13.309003829956055,0.042744656917885315,0.0,-0.0027119239975799047
2017-08-07,13.399540901184082,13.417647939670236,13.318057069415673,13.318057069415673,71000,54.105681281391895,0.017647748172588962,0.00376915667730964,0.013878591495279322,0.007344908875006301,13.354272842407227,-0.2340884573894283,0.006118297236879487,-0.0013513203100699843
2017-08-08,13.272789001464844,13.399541732460511,13.218467019204086,13.381433829418699,130100,47.808798283144654,0.010941766813223452,-0.002349459745644697,0.01329122655886815,0.007613960616047449,13.399540901184082,0.8323943661971831,-0.00811907224134698,-0.0054569686062923145
2017-08-09,13.136983871459961,13.200359808565908,13.082661022917446,13.200359808565908,146700,42.14882239540047,-0.005270357349782984,-0.014849267126920907,0.009578909777137923,0.007640493145486816,13.272789001464844,0.12759415833973864,-0.0048010764876894995,-0.007581179377217384
2017-08-10,12.801993370056152,13.100766830652208,12.765778431300031,13.037390040254811,348000,32.06475604992778,-0.04463499197865595,-0.043371121404635095,-0.0012638705740208502,0.009399754302812657,13.136983871459961,1.372188139059305,-0.018055505701051973,0.012022705347514425
2017-08-11,12.964961051940918,13.001175993180832,12.910639071797203,12.95590796420517,186500,39.631581659312396,-0.06196729813891899,-0.04856274205191851,-0.01340455608700048,0.009674047363383073,12.801993370056152,-0.4640804597701149,0.0006987613497069719,0.0055864933958812805
2017-08-14,12.992121696472168,13.082658609430945,12.946852808276667,13.037389721235444,108600,40.81477350181232,-0.07267389914929367,-0.04741547444983456,-0.025258424699459117,0.008428730017612882,12.964961051940918,-0.4176943699731903,-0.0034721693322968556,-0.0020905114831380233
2017-08-15,12.98306941986084,12.992123371353577,12.937800525829493,12.964961516875366,35500,40.52965806149382,-0.08095618811331917,-0.04455821073108804,-0.036397977382231134,0.008415588336598742,12.992121696472168,-0.6731123388581952,0.0013966800411944235,0.004881310693356211
2017-08-16,13.001174926757812,13.0645517163034,12.946852951069864,13.046443815452593,33300,41.411225049591266,-0.0850782693655674,-0.03894423358666901,-0.04613403577889839,0.008275680390760185,12.98306941986084,-0.06197183098591552,-0.003469825903144753,-0.001392615377955948
2017-08-17,12.774832725524902,12.983069290623314,12.774832725524902,12.983069290623314,89700,34.52173564988711,-0.10539405540951918,-0.04740801570449664,-0.05798603970502254,0.009029523980819888,13.001174926757812,1.6936936936936937,-0.01603908601556994,0.005669714706925513
2017-08-18,12.847262382507324,12.8834773240445,12.738617557895799,12.847262382507324,118000,38.07223889367531,-0.11433204556604615,-0.04507680468881889,-0.06925524087722726,0.009154205105464155,12.774832725524902,0.31549609810479384,0.0,0.0028188181324504077
2017-08-21,12.811046600341797,12.883476478663484,12.75672462331666,12.883476478663484,49400,36.9921283675451,-0.12292082337634547,-0.04293246599929457,-0.0799883573770509,0.009138508024293552,12.847262382507324,-0.5813559322033899,-0.00562192032885217,-0.003533572368101628
2017-08-22,12.738615989685059,12.792938827019467,12.70240105260619,12.765777840068367,128100,34.86192943873554,-0.134027056147616,-0.043230959016452075,-0.09079609713116393,0.008807909364761475,12.811046600341797,1.5931174089068825,-0.0021277082151668356,1.2992780484309251e-09
2017-08-23,12.820099830627441,12.883475754739752,12.738616006236063,12.738616006236063,98200,39.10999198752843,-0.13470101125052736,-0.03512393129549074,-0.09957707995503662,0.008748373720174746,12.738615989685059,-0.2334113973458236,0.006396599469792408,0.006356167505861295
2017-08-24,12.901586532592773,12.92874752563716,12.874425539548387,12.901586532592773,47100,43.10596614675593,-0.1271936208040021,-0.022093232679172375,-0.10510038812482972,0.008851662755599623,12.820099830627441,-0.5203665987780041,0.0,0.002806905679279094
2017-08-25,13.0464448928833,13.100767736489695,12.937800069102819,12.937800069102819,67800,49.45615217877094,-0.10830660956712101,-0.0025649771538330257,-0.10574163241328799,0.009241623415440443,12.901586532592773,0.4394904458598725,0.008397472769728468,0.00485791842404166
2017-08-28,13.118877410888672,13.200361260951611,13.046447513817723,13.109823457896683,47700,52.32174683320718,-0.0864967376794823,0.015395915787044565,-0.10189265346652686,0.009308662139318946,13.0464448928833,-0.29646017699115046,0.0006906235633963051,-0.00276064925383258
2017-08-29,13.1279296875,13.155090679575144,13.0464458478422,13.082660791753181,59300,52.68280268371021,-0.06770139447453616,0.02735300719359257,-0.09505440166812873,0.009313641388487618,13.118877410888672,0.24318658280922434,0.00346022085777496,0.0027586269424953558
2017-08-30,13.173198699951172,13.281843532646624,13.155090796119074,13.164144748035122,22400,54.536934699416605,-0.04859296909592992,0.03716914605775905,-0.08576211515368896,0.009352910069578486,13.1279296875,-0.6222596964586846,0.0006877736525497512,0.004123665879498927
2017-08-31,13.290897369384766,13.299950457789983,13.209413529711215,13.22752056995402,46800,59.03186582671765,-0.023679146874730606,0.0496663746231667,-0.0733455214978973,0.009574843286600595,13.173198699951172,1.0892857142857144,0.004791283377377941,0.003405889827850715
2017-09-01,13.263734817504883,13.345218652900403,13.191304933471603,13.336164701538161,185200,57.61609853962262,-0.006056735918344103,0.05383102846364256,-0.05988776438198666,0.00954969312893554,13.290897369384766,2.9572649572649574,-0.0054310879967554935,0.0013652189955263862
2017-09-05,13.263734817504883,13.309003710883763,13.173197894179447,13.281842720229365,130600,57.61609853962263,0.007819018943992617,0.054165426660783424,-0.046346407716790806,0.00951082804583157,13.263734817504883,-0.29481641468682507,-0.0013633577136779756,1.7832838163637603e-08
2017-09-06,13.354272842407227,13.354272842407227,13.218467023281107,13.26373505403492,44200,61.21218778617777,0.02582363777200669,0.057736036391038,-0.03191239861903131,0.009396780043946753,13.263734817504883,-0.6615620214395099,0.006825964783182629,-3.4341243981719316e-08
2017-09-07,13.417648315429688,13.444810169068012,13.318057442386095,13.354272383804885,56100,63.54389833734048,0.044691127433670985,0.061282820842161835,-0.01659169340849085,0.0091013897863767,13.354272842407227,0.26923076923076916,0.00474574202198097,0.0020244264137298093
2017-09-08,13.426703453063965,13.490079390288845,13.417649501051157,13.44481135708958,37900,63.87802365355934,0.05968639524273733,0.06102247092098255,-0.0013360756782452143,0.0066189226138008315,13.417648315429688,-0.32442067736185387,-0.0013468321380401757,-1.0799302883036963e-07
2017-09-11,13.363326072692871,13.426702003073592,13.299949278879858,13.426702003073592,79800,59.750366285510815,0.06569889215479563,0.053627974266432676,0.012070917888362957,0.00633023748933396,13.426703453063965,1.1055408970976255,-0.004720141280130657,-0.0013550529062391862
2017-09-12,13.399540901184082,13.399540901184082,13.327111020374893,13.345218058861047,51000,61.289641220236334,0.07254976474724728,0.04838307748710746,0.024166687260139822,0.006334601658793763,13.363326072692871,-0.3609022556390977,0.004070584840460187,0.0013514430355340513
2017-09-13,13.390488624572754,13.435757521596994,13.363327631731167,13.417649617414341,71300,60.66511687823378,0.07636836064131458,0.04176133870493981,0.03460702193637477,0.006334205452781249,13.399540901184082,0.39803921568627443,-0.0020242735215216553,0.006085088560528218
2017-09-14,13.49007797241211,13.535346864285767,13.453863031599642,13.471970933722025,96900,64.9023302146847,0.08643429274332526,0.04146181664556039,0.04497247609776487,0.006468333367902675,13.390488624572754,0.3590462833099579,0.0013440526838400747,4.326388109648142e-08
2017-09-15,13.553455352783203,13.58061634370957,13.435756574192508,13.490078556045239,110800,67.31530602741584,0.09839144604096006,0.04273517595455615,0.05565627008640391,0.004627891667023693,13.49007797241211,0.14344685242518063,0.004698030220851728,0.0013360169695830263
2017-09-18,13.58061695098877,13.607777943129683,13.50818706299142,13.571562999131007,135200,68.32051984816,0.10880505322740497,0.042519026512800845,0.06628602671460412,0.004587874237239356,13.553455352783203,0.22021660649819497,0.0006671266867597985,-1.6571098576112945e-07
2017-09-19,13.607775688171387,13.643990626168847,13.517238774893848,13.580614700531347,107000,69.3360233806224,0.11789042759913038,0.04128352070762101,0.07660690689150937,0.004400546386919909,13.58061695098877,-0.20857988165680474,0.0019999821980794946,-0.009979903623680179
2017-09-20,13.508186340332031,13.580616224454536,13.42670250483613,13.471971398270778,94100,61.545164652462816,0.11572066834649775,0.03129100916399069,0.08442965918250706,0.004585326440975586,13.607775688171387,-0.1205607476635514,0.0026881694586956767,-0.0067024296796233
2017-09-21,13.553455352783203,13.57156239225667,13.417648671286708,13.417648671286708,196100,63.55007892282462,0.1163131637333148,0.025506803640646183,0.09080636009266861,0.00451477179936566,13.508186340332031,1.0839532412327313,0.010121496308598153,-0.008016067193532664
2017-09-22,13.49007797241211,13.544400815346958,13.426702041848367,13.444809943970748,104200,58.91864424710209,0.11039611793858839,0.015671806276735825,0.09472431166185256,0.0047257852282705255,13.553455352783203,-0.46863844977052527,0.003366951904118329,-0.0013421716431788458
2017-09-25,13.327112197875977,13.490079012379246,13.309004294357635,13.471971972293266,170900,49.02485659645172,0.09150206166418506,-0.0025777999981339977,0.09407986166231906,0.005239567221520318,13.49007797241211,0.6401151631477926,-0.010752677834782561,0.008152076916559243
2017-09-26,13.399540901184082,13.444809792547897,13.345218058861047,13.435755841588676,65100,52.8170778075657,0.08143405588215913,-0.010116644624127952,0.09155070050628708,0.0052343626337745,13.327112197875977,-0.6190754827384435,-0.002695415191491917,-1.0476940769239002e-07
2017-09-27,13.462915420532227,13.51723825716389,13.399539497322118,13.399539497322118,117600,55.907970634187656,0.07767351094814856,-0.011101751646510824,0.08877526259465938,0.00529641720535533,13.399540901184082,0.8064516129032258,0.004729709048790348,-0.004034775550319367
2017-09-28,13.47197151184082,13.51724040565709,13.408595578557446,13.408595578557446,57500,56.34803249687209,0.07456447008203781,-0.011368634010097259,0.08593310409213507,0.00527275729684907,13.462915420532227,-0.5110544217687074,0.004726515384260177,0.006048371489778304
2017-09-29,13.49913215637207,13.56250808802923,13.47197116615219,13.553455000244144,18400,57.71124179461788,0.07344553540501764,-0.00999005494969396,0.0834355903547116,0.004951277286906657,13.47197151184082,-0.6799999999999999,-0.0040080439910779204,-0.0006706183759340839
2017-10-02,13.426703453063965,13.490079390288845,13.408596412470736,13.490079390288845,90000,52.96145670377919,0.06595410272573865,-0.013985190103178363,0.07993929282891701,0.005104646029234334,13.49913215637207,3.891304347826087,-0.004697966215862476,0.0006742792950952701
2017-10-03,13.481025695800781,13.499132735580185,13.426702849597874,13.43575680120375,34100,55.893483687260634,0.06366653121270893,-0.013018209292966473,0.0766847405056754,0.005158531656815147,13.426703453063965,-0.6211111111111112,0.003369285055306704,0.003358057931814508
2017-10-04,13.444812774658203,13.53534971403498,13.444812774658203,13.52629576106756,83300,53.49943042770212,0.05825994977987037,-0.014739832580644041,0.07299978236051441,0.0050126177259996775,13.481025695800781,1.4428152492668622,-0.0060240429344956235,0.002693477164706993
2017-10-05,13.58061695098877,13.58061695098877,13.481026070850506,13.481026070850506,65400,60.35704266375231,0.06419347469185155,-0.007045046134930288,0.07123852082678184,0.005388706198060705,13.444812774658203,-0.21488595438175273,0.007387485167290428,-0.005333372725195438
2017-10-06,13.553455352783203,13.58061634370957,13.462917565118873,13.50818645895104,62400,58.49885780729292,0.06594396102310895,-0.0042356478429383115,0.07017960886604727,0.005420312773481193,13.58061695098877,-0.04587155963302747,0.0033512192010176933,0.0013359725406635041
2017-10-09,13.634939193725586,13.662100184661375,13.51724041509405,13.57156239696563,93500,62.253263728048935,0.07306406200142845,0.002307562508304939,0.07075649949312351,0.005409224085494685,13.553455352783203,0.4983974358974359,0.004669823186615981,0.003983952105982812
2017-10-10,13.716421127319336,13.716421127319336,13.580615319497271,13.689260138441377,119800,65.60416442760459,0.08430983311726337,0.010842666899311876,0.07346716621795149,0.005511248190557561,13.634939193725586,0.281283422459893,0.0019841093385089144,0.0006602709387196666
2017-10-11,13.743585586547852,13.75263867560287,13.653047788538188,13.725477681572945,99600,66.66656107884444,0.09432679204257077,0.016687700659695423,0.07763909138287535,0.005496065435631205,13.716421127319336,-0.1686143572621035,0.0013192914224921203,-1.284203017746172e-07
2017-10-12,13.752636909484863,13.752636909484863,13.698314928401057,13.743583821592443,59600,67.0319619774114,0.10182193044293086,0.019346271248044403,0.08247565919488646,0.00530441774712806,13.743585586547852,-0.40160642570281124,0.0006587137685439055,0.0013167888613957296
2017-10-13,13.852230072021484,13.852230072021484,13.752638324070046,13.770746228582093,151000,70.8220277258027,0.11447857970034647,0.025602336404368,0.08887624329597847,0.0054273864554973735,13.752636909484863,1.5335570469798658,0.0059171697805502025,-9.384264195018798e-08
2017-10-16,13.879389762878418,13.888443714284794,13.81601382989844,13.852228772091618,127400,71.77497306204928,0.12525674372023765,0.029104400339407338,0.09615234338083031,0.005427016992884414,13.852230072021484,-0.15629139072847686,0.001960766836418576,0.0026093124672252697
2017-10-17,13.78885269165039,13.951820371697774,13.77074565132978,13.915605427624175,132200,64.24274791161156,0.12505141647295304,0.023119258473698168,0.10193215799925487,0.005681520123288288,13.879389762878418,0.03767660910518056,-0.00910867562557969,0.003283023523382329
2017-10-18,13.960874557495117,13.988035550147318,13.834121819397533,13.834121819397533,197500,70.56361460621584,0.137188002184514,0.028204675348207295,0.1089833268363067,0.005933918287488799,13.78885269165039,0.49394856278366106,0.009162326293806236,-0.0006486243144732728
2017-10-19,14.024249076843262,14.033303027956018,13.906550302674335,13.951819194805815,169400,72.49280258581076,0.1501888443602688,0.03296441401916969,0.11722443034109911,0.005957577484981236,13.960874557495117,-0.14227848101265828,0.0051914292341469276,9.280852027740195e-08
2017-10-20,13.997089385986328,14.033304330366107,13.94276653770047,14.024250378413067,122400,70.36447561006456,0.15649655056225242,0.03141769617692264,0.12507885438532979,0.0058328312071320955,14.024249076843262,-0.27744982290436837,-0.0019367161662020938,-0.0006470172682384504
2017-10-23,13.933711051940918,14.024247965597663,13.91560315115023,13.988033027448518,66300,65.52963782511209,0.15459922762785183,0.02361629859401765,0.13098292903383418,0.005078312663719885,13.997089385986328,-0.45833333333333337,-0.0038834606267374857,0.0019493535874392015
2017-10-24,14.087625503540039,14.114786492737155,13.96087278156636,13.96087278156636,190100,70.78043724237948,0.16362898240649493,0.026116842698128584,0.13751213970836634,0.0054083845992861385,13.933711051940918,1.8672699849170438,0.009079140248383355,0.002570683645878478
2017-10-25,14.12384033203125,14.151001321013789,14.042356501651366,14.12384033203125,118800,71.86635588304809,0.17172779104539515,0.02737252106962304,0.1443552699757721,0.005383466492873989,14.087625503540039,-0.37506575486586,0.0,9.423217221674201e-08
2017-10-26,14.223432540893555,14.295862427293727,14.123841662951405,14.123841662951405,173300,74.65584693998758,0.18406067725525688,0.03176432582358779,0.15229635143166909,0.00546330090985307,14.12384033203125,0.4587542087542087,0.007051259870987469,0.005728805216109422
2017-10-27,14.485990524291992,14.485990524291992,14.295861864123367,14.304915815424806,269800,80.22310785858775,0.21257043376194673,0.048219265864222094,0.16435116789772464,0.006490623662457225,14.223432540893555,0.5568378534333525,0.01265821562346669,-0.01250005231364482
2017-10-30,14.567473411560059,14.603687487545534,14.30491488492338,14.30491488492338,247100,81.57574002428994,0.2389847418753277,0.059706859182082433,0.17927788269324527,0.006152147598425124,14.485990524291992,-0.08413639733135658,0.01835442774381008,-0.005593383817924981
2017-10-31,14.50409984588623,14.558421832144752,14.377347105562336,14.485991941511786,375800,77.15579725458407,0.2519007986411719,0.05809833275834128,0.1938024658828306,0.006436199800053311,14.567473411560059,0.5208417644678267,0.0012500286102295416,-9.618809131397545e-08
2017-11-01,14.811925888061523,14.866247869094918,14.485990548131872,14.50409845076455,409000,82.20058819534603,0.2837054755555606,0.07192240773818398,0.2117830678173766,0.007346860711910492,14.50409984588623,0.08834486428951571,0.021223479580059452,-0.01650372750735704
2017-11-02,14.549365997314453,14.68517180882031,14.485990067069357,14.567473899345789,129300,68.33819059315607,0.2844456103370927,0.05813003401577288,0.22631557632131982,0.008797642552260046,14.811925888061523,-0.6838630806845966,-0.0012430365179613404,0.0006222923830763253
2017-11-03,14.630849838256836,14.748549474665655,14.558419956953172,14.558419956953172,203600,70.02751836394876,0.2882840780577727,0.04957480138916229,0.2387092766686104,0.00871185101549118,14.549365997314453,0.5746326372776489,0.004975119657066321,-0.0012376839431823025
2017-11-06,14.612741470336914,14.739495053725655,14.585581345004314,14.612741470336914,117300,69.14458311651259,0.2865615937534951,0.03828185366790776,0.24827974008558734,0.008768578322050576,14.630849838256836,-0.42387033398821217,0.0,0.0024784669724478687
2017-11-07,14.585582733154297,14.703280650147764,14.5312590235899,14.648958667448063,89400,67.76458701240837,0.27977990087656046,0.025200128632778485,0.254579772243782,0.008827200502591656,14.612741470336914,-0.23785166240409206,-0.004326309858092255,0.0006207002286896071
2017-11-08,14.802871704101562,14.802871704101562,14.585582056518291,14.594636007692337,172900,72.49448963388865,0.2886118269217466,0.027225643742371686,0.2613861831793749,0.009204414119663428,14.585582733154297,0.9340044742729305,0.01426796093437833,-0.013455621440691056
2017-11-09,14.50409984588623,14.648959627152163,14.386401057749557,14.603689866216055,287400,59.55483523848155,0.26840875092377026,0.005618054195516253,0.262790696728254,0.010641597676263107,14.802871704101562,0.6622325043377675,-0.006819510770371404,0.004993591409000831
2017-11-10,14.612741470336914,14.685171349331396,14.513151466009832,14.576527394271938,249100,62.19714384771157,0.25818790927556634,-0.003682229962150174,0.2618701392377165,0.010647305568529629,14.50409984588623,-0.13326374391092555,0.002484410387017603,0.0061959737132817085
2017-11-13,14.793819427490234,14.820981284086917,14.648959646037548,14.703281632366103,403600,66.16484636200332,0.26168278024404223,-0.00014988719493941316,0.26183266743898165,0.010860985382430691,14.612741470336914,0.6202328382175832,0.006157659044279739,-0.0018361246156575108
2017-11-14,14.811925888061523,14.893409723043938,14.73949600439545,14.766656131479827,266900,66.54298782805846,0.26288317708549513,0.0008404077172107782,0.26204276936828436,0.010629720097629572,14.793819427490234,-0.3387016848364718,0.003065674190461393,-0.001222649190086662
2017-11-15,14.775708198547363,14.830030172653435,14.576526475582156,14.793816098870861,345600,64.97865651046014,0.25793867884236477,-0.0032832724207356723,0.26122195126310044,0.010499681571133153,14.811925888061523,0.29486699138254036,-0.001224018211560718,0.009804060155533402
2017-11-16,15.192183494567871,15.219343622162732,14.92057013056653,14.92057013056653,455500,72.8753287661967,0.28434841262112087,0.018501169086416303,0.26584724353470457,0.011929019032287661,14.775708198547363,0.3179976851851851,0.018203953443099986,-0.0029797890145783794
2017-11-17,15.165021896362305,15.192183751280814,15.119753865029493,15.146913993083299,162800,71.7392230676031,0.29963262455535933,0.027028304816523796,0.27260431973883553,0.01192511916901059,15.192183494567871,-0.6425905598243689,0.0011954846569588182,0.007164231405774126
2017-11-20,15.373257637023926,15.382311588683185,15.264613670842214,15.273667622501476,304900,74.96194894725052,0.3248042157867559,0.04175991683833624,0.28304429894841965,0.011930172497414446,15.165021896362305,0.8728501228501229,0.0065203732976179185,0.0017667908589798229
2017-11-21,15.264613151550293,15.481902803386372,15.22839734614529,15.400418968089761,528300,70.44811336800046,0.3321572788415281,0.03929038391448675,0.2928668949270414,0.01213247093062648,15.373257637023926,0.7326992456543129,-0.008818319606814796,0.008303640841061562
2017-11-22,15.264613151550293,15.391365016738511,15.22839734614529,15.391365016738511,193300,70.44811336800045,0.3341329575443659,0.03301285009385957,0.3011201074505063,0.012162990374667264,15.264613151550293,-0.6341094075335983,-0.008235258214614006,0.006524241118864102
2017-11-24,15.346096992492676,15.427580827819265,15.282719333010602,15.364203168337191,93200,71.91890798050215,0.33837320643180213,0.029802479185036646,0.3085707272467655,0.01214610289979665,15.264613151550293,-0.5178479048111744,-0.001178465010266778,0.0023598233851510357
2017-11-27,15.346096992492676,15.463794906372945,15.346096992492676,15.382311071046356,317600,71.91890798050214,0.3378392338344156,0.023414805270120076,0.31442442856429553,0.011671645698722635,15.346096992492676,2.407725321888412,-0.0023542677291089782,0.00412965276828124
2017-11-28,15.391363143920898,15.45473906880344,15.373255243421763,15.409471044420036,193400,72.79136690398302,0.3371818345192352,0.018205924763951775,0.31897590975528345,0.011654725009642394,15.346096992492676,-0.3910579345088161,-0.0011751149956373246,0.0029412877488386798
2017-11-29,15.373257637023926,15.445687523433302,15.300827750614548,15.43663357177404,182400,71.83006663190602,0.33137993610650796,0.009923221080979538,0.3214567150255284,0.011573291000578273,15.391363143920898,-0.056876938986556325,-0.004105554132346419,7.554453058448268e-08
2017-11-30,15.337044715881348,15.436634737927278,15.3008289065084,15.373258798389458,156800,69.84332385007713,0.32016909963950546,-0.0010300923088183422,0.3211991919483238,0.010791354106057898,15.373257637023926,-0.14035087719298245,-0.0023556542554207015,0.009445043479521645
2017-12-01,15.183130264282227,15.481903770070215,15.011108631596793,15.481903770070215,443500,61.99474900244879,0.29545895413591516,-0.020592190249926923,0.3160511443858421,0.010178618930744704,15.337044715881348,1.8284438775510203,-0.019298240721892377,0.020870517833138598
2017-12-04,15.527170181274414,15.816889704890203,15.481902153283665,15.500010055225795,205300,70.08656956290673,0.30017687962238604,-0.012699411810764838,0.3128762914331509,0.011148586182792042,15.183130264282227,-0.5370913190529876,0.0017522650599482658,-0.009329395775017188
2017-12-05,15.264613151550293,15.436633046630117,15.246505248847791,15.38231106538726,189500,59.64887885833132,0.2795077205284091,-0.026694856723793403,0.3062025772522025,0.011984221778503102,15.527170181274414,-0.0769605455431076,-0.007651510448375112,-0.01601437123838207
2017-12-06,15.110697746276855,15.201235522822634,14.938676143526322,15.020159969731077,337300,54.52273946786262,0.24785050975743061,-0.04668165399581753,0.29453216375324814,0.0122704067373642,15.264613151550293,0.7799472295514511,0.006027750485229967,-0.009586381772488932
2017-12-07,15.029216766357422,15.101646655938177,14.956786876776667,14.965840828832357,135900,51.97619398524823,0.21372343728223697,-0.06464698117680895,0.2783704184590459,0.01196918992998419,15.110697746276855,-0.5970945745627039,0.0042347061050501,0.008433506997105777
2017-12-08,15.110697746276855,15.155965771117517,15.0292139200721,15.155965771117517,137000,54.2760577943739,0.1910500149401777,-0.06985632281509457,0.2609063377552723,0.01092769114820982,15.029216766357422,0.008094186902133815,-0.002986812290571923,-0.007189938250518518
2017-12-11,14.938676834106445,15.01110671331844,14.848139053375318,15.002052762558876,245600,48.94665830121748,0.15738626353106433,-0.08281605937936637,0.2402023229104307,0.011248600890424648,15.110697746276855,0.7927007299270072,-0.004224483772687406,-0.001818162049831646
2017-12-12,14.811925888061523,14.911515898811974,14.784764034112506,14.911515898811974,173700,45.408616975540326,0.11910676728921743,-0.09687644449697064,0.21598321178618807,0.011119691193879627,14.938676834106445,-0.29275244299674263,-0.0066787314868761855,0.0006113426220031112
2017-12-13,15.029216766357422,15.047324670468806,14.811927097615154,14.820981049670847,122400,51.83604165193154,0.10509211217987335,-0.08871287968505179,0.19380499186492514,0.011586656728648446,14.811925888061523,-0.2953367875647669,0.01405006294716231,0.005421603756401711
2017-12-14,15.219343185424805,15.228397136651504,15.038269341484723,15.11069922443368,130100,56.64586455040459,0.10808111824852773,-0.06857909889311795,0.17666021714164568,0.01185331123457205,15.029216766357422,0.06290849673202614,0.007189869864886785,0.0005949432533980382
2017-12-15,15.165021896362305,15.391365506755772,15.11069991338999,15.228397830974123,108000,54.9571984646545,0.10485791626030938,-0.05744184070506905,0.16229975696537843,0.010093201846975035,15.219343185424805,-0.16986933128362802,-0.004161694179207288,0.01337508195746131
2017-12-18,15.440948486328125,15.468359082038425,15.35871844187608,15.367855307112846,160000,61.272613933290415,0.12314889149461727,-0.03132069237660895,0.15446958387122622,0.010870345425810007,15.165021896362305,0.4814814814814814,0.004756238118760055,-3.4083578338711813e-08
2017-12-19,15.358717918395996,15.440947960045348,15.303898471522695,15.440947960045348,115400,58.63414754026129,0.12951631805118957,-0.019962612656029333,0.1494789307072189,0.010521372163625201,15.440948486328125,-0.27875000000000005,-0.0053254529360586,0.014277392060242765
2017-12-20,15.587137222290039,15.632821555442177,15.459224574822292,15.578000355659611,136600,63.35465001730678,0.15125055605656357,0.0014173002794757306,0.14983325577708784,0.01088272066041356,15.358717918395996,0.18370883882149047,0.0005865237143294954,0.0017585233052260292
2017-12-21,15.477498054504395,15.614547566357192,15.468361188023662,15.614547566357192,140000,59.82565286447223,0.15780900770685768,0.006380601543815867,0.15142840616304182,0.011032832274414687,15.587137222290039,0.02489019033674955,-0.008777040210123151,1.4477898143818053e-08
2017-12-22,15.550591468811035,15.578000325970962,15.349583888682947,15.477498278586035,156900,61.37051227479604,0.1669798161786229,0.012441128012464858,0.15453868816615804,0.011020212327457962,15.477498054504395,0.12071428571428577,0.004722545524435864,0.0017622719105742425
2017-12-26,15.559723854064941,15.623680159256859,15.504902670175913,15.577995839349336,94200,61.569354435277965,0.17299052800805192,0.014761471873515092,0.15822905613453683,0.011018976497701373,15.550591468811035,-0.39961759082217974,-0.001172935560699063,0.006174595902869266
2017-12-27,15.793049812316895,15.829649251496079,15.591748533730058,15.655798861224028,150100,66.33701824246118,0.1943412700938527,0.02888977116745267,0.16545149892640004,0.011465752213915383,15.559723854064941,0.5934182590233545,0.008766780431294821,0.010429021748083835
2017-12-28,16.140756607055664,16.168207502630743,15.838803736693773,15.957755872278119,305500,71.92636866913435,0.23659163831580443,0.056912111511523505,0.17967952680428093,0.012336455195778015,15.793049812316895,1.0353097934710194,0.011467823937290265,0.007369598265519716
2017-12-29,16.3603572845459,16.470159113206588,16.250557201126067,16.259707498951197,457900,74.7750522579599,0.28451558041694547,0.0838688428901316,0.20064673752681386,0.01251996914429822,16.140756607055664,0.4988543371522094,0.006190135068616289,0.003914871529664067
2018-01-02,16.470155715942383,16.470155715942383,16.314604175482195,16.4244059814943,346100,76.08188416530848,0.32757933493332025,0.10154607792520509,0.22603325700811516,0.01213460561518193,16.3603572845459,-0.24415811312513647,0.0027854726983508947,0.0011112447995330224
2018-01-03,16.744659423828125,16.781260611536933,16.488458090829223,16.488458090829223,415000,79.00970655260681,0.3794833775916402,0.12276009646682001,0.2567232811248202,0.011720328867221285,16.470155715942383,0.19907541173071364,0.015538222651722644,0.003278833939788895
2018-01-04,16.936813354492188,16.945963652059962,16.772111488753854,16.79956238145718,644900,80.78303171627512,0.43115285986874774,0.13954366299514204,0.2916091968736057,0.010753346738621501,16.744659423828125,0.5539759036144578,0.00816991359170773,-0.0032414866430474218
2018-01-05,16.91851234436035,16.94596323639033,16.817860818824528,16.881912900227814,322200,80.0890413622623,0.46526131543296145,0.13892169484748457,0.3263396205854769,0.010253850271022918,16.936813354492188,-0.5003876570010855,0.0021679678333160804,0.00811256164797803
2018-01-08,17.17471694946289,17.20216609867376,17.055764818746052,17.055764818746052,417500,82.37216214302732,0.5071203153227,0.14462455578977845,0.3624957595329215,0.010110145189482837,16.91851234436035,0.29577901924270633,0.006974306457726112,0.006392939406875239
2018-01-09,17.211313247680664,17.339415653109278,17.19301439996852,17.28451387425104,522000,82.67770840261126,0.5370560419850499,0.13964822596170268,0.3974078160233472,0.01015943562727601,17.17471694946289,0.25029940119760474,-0.004235041095337015,7.467558712984778e-08
2018-01-10,16.854461669921875,17.27536486782259,16.808711929364225,17.211314532945586,489600,69.94626608393857,0.5259228695832228,0.10281204284790046,0.4231108267353223,0.01119207328794073,17.211313247680664,-0.06206896551724139,-0.020733620453024074,0.011943670036257344
2018-01-11,17.36686897277832,17.37601927145468,17.05576579874617,17.05576579874617,815300,75.72637677560733,0.5520826718371978,0.10317747608150041,0.44890519575569743,0.011879679807376316,16.854461669921875,0.6652369281045751,0.01824035213095045,0.001053678996791926
2018-01-12,17.476669311523438,17.48581960941437,17.21131590840898,17.385168077854974,368600,76.75791620643781,0.5750457043652872,0.10091240688767178,0.47413329747761546,0.011781274410498284,17.36686897277832,-0.5478964798233779,0.005263177972090849,0.006806085843226502
2018-01-16,17.485816955566406,17.714569132399077,17.47666665906423,17.59561702311135,455400,76.84619651253244,0.5872131834563596,0.09046390878299532,0.4967492746733643,0.011821706801147868,17.476669311523438,0.235485621269669,-0.006240194214316138,-0.002616359005227667
2018-01-17,17.321117401123047,17.449218078623993,17.21131557380735,17.440067780910947,515300,71.5749008777011,0.5769157945441243,0.06413321589660803,0.5127825786475163,0.01216516666327491,17.485816955566406,0.1315327184892403,-0.006820522791665861,0.005811025807953114
2018-01-18,17.13811683654785,17.476670908484877,17.11066768560771,17.42177086136356,490100,66.14563771048476,0.5476751650935583,0.027914069156833587,0.5197610959367247,0.01243650228647516,17.321117401123047,-0.04890355132932267,-0.016281583948780407,0.0197542930660351
2018-01-19,17.33026695251465,17.476668219136968,17.302816060557678,17.476668219136968,329300,68.82005055520085,0.5338527419818533,0.011273316836102887,0.5225794251457504,0.012241026113874006,17.13811683654785,-0.32809630687614777,-0.008376955194583957,0.018479440229069246
2018-01-22,17.76032066345215,17.787771555731215,17.540718760941985,17.650520584817457,519200,73.80729731889548,0.5512456952086424,0.022933016050313615,0.5283126791583288,0.012803827985212422,17.33026695251465,0.5766778013969025,0.006220784146680572,0.004636793837080094
2018-01-23,17.943323135375977,17.97992257986892,17.769470974622337,17.84267160884901,540000,75.59610456647262,0.5731891384291572,0.035901167416662716,0.5372879710124945,0.01241129493382203,17.76032066345215,0.04006163328197232,0.0056410569411056806,1.787866872473278e-08
2018-01-24,17.73287010192871,17.998223496520055,17.68712035918439,17.943323456178707,615100,69.7008292123645,0.5670609486724665,0.0238183821279776,0.5432425665444889,0.013128900843475342,17.943323135375977,0.13907407407407413,-0.011728783397566578,0.010319850284996521
2018-01-25,17.915870666503906,17.94332155638856,17.82436944546235,17.915870666503906,302100,71.762913817545,0.5703957630038765,0.021722557167510037,0.5486732058363665,0.01307185380849203,17.73287010192871,-0.5088603479109088,0.0,0.006129055645391649
2018-01-26,18.190378189086914,18.190378189086914,17.95247738441533,18.02567803475455,457200,74.55984623679197,0.5884063086490237,0.0317864822501257,0.556619826398898,0.013082360233354887,17.915870666503906,0.5134061569016881,0.009136974155136578,-0.008551515998144495
2018-01-29,18.053123474121094,18.09887496194723,18.00737373153577,18.03482287899064,552600,70.78449025668974,0.5848625559389831,0.022594183632068,0.5622683723069151,0.012986581872265942,18.190378189086914,0.20866141732283472,0.0010147366155602276,-0.015205392041578468
2018-01-30,17.632217407226562,17.85181927756981,17.632217407226562,17.77861865412206,444700,60.64351212840023,0.5418444588105977,-0.016339130797053958,0.5581835896076517,0.014354806443143447,18.053123474121094,-0.19525877669200142,-0.008234680643287947,0.0036326754512282047
2018-01-31,17.99822235107422,18.0073726480889,17.677968936523147,17.696269530552513,560400,65.2990470436483,0.5311629314094191,-0.021616526558586147,0.5527794579680052,0.014837759943599049,17.632217407226562,0.26017539914549137,0.017063077616465198,-0.009659385000233297
2018-02-01,17.833520889282227,17.91587181899302,17.522417764872728,17.82437059206539,584500,61.75869423573586,0.5036024963919346,-0.039341569260856524,0.5429440656527911,0.014851221307042285,17.99822235107422,0.043004996431120546,0.0005133587842316913,1.4605469261402404e-07
2018-02-02,16.98256492614746,17.83352349395164,16.97341462759418,17.83352349395164,1025000,47.44569044347844,0.40838797621201905,-0.1076448715526177,0.5160328477646368,0.018562121750808194,17.833520889282227,0.7536355859709154,-0.047716794053221497,-0.022629682039243825
2018-02-05,16.03095054626465,16.68975608759759,15.793048108917668,16.59825488165793,1126100,37.09281352486627,0.25322345316061146,-0.21024751568322025,0.4634709688438317,0.022439609602999303,16.98256492614746,0.0986341463414635,-0.03417855307308159,-0.02283077788862301
2018-02-06,16.506759643554688,16.58910883020176,15.56429994819404,15.66495147499938,791300,43.70698184118543,0.16672635080261244,-0.23739569443297542,0.40412204523558787,0.023259865437918106,16.03095054626465,-0.2973092975757038,0.05373831957914445,0.0005541411861288601
2018-02-07,16.113304138183594,16.653159423289893,16.113304138183594,16.51590671892271,638100,39.964994556145214,0.06567118640930403,-0.27076068706102707,0.3364318734703311,0.02375303948872448,16.506759643554688,-0.19360545937065587,-0.024376656249689564,0.006246403830524947
2018-02-08,15.628349304199219,16.36950589942803,15.600898413546048,16.213954342874757,464000,35.88672720283432,-0.05293733297918379,-0.3114953651596119,0.2585580321804281,0.024208447942784636,16.113304138183594,-0.27284124745337723,-0.036117348445160964,0.0070260548234672955
2018-02-09,15.811355590820312,15.87540593932348,15.152548017093777,15.73815494321082,1291000,38.43969929175113,-0.13066216908894646,-0.3113761610154997,0.1807139919265532,0.023169776891096762,15.628349304199219,1.7823275862068964,0.004651158148692051,0.021990336308448592
2018-02-12,16.058401107788086,16.360353892448085,15.921150159349995,16.15905261775492,488700,41.80833871976325,-0.17036133370071838,-0.2808602605018172,0.11049892680109888,0.023487992238324495,15.811355590820312,-0.6214562354763749,-0.00622880018697645,0.004558522431094801
2018-02-13,16.424407958984375,16.48845829301952,16.07670365244972,16.131603689445456,348700,46.480944642748995,-0.17032610036720897,-0.22466002173464628,0.05433392136743732,0.02422773551105502,16.058401107788086,-0.2864743196234909,0.0181509709248867,1.700780941402114e-07
2018-02-14,17.028316497802734,17.028316497802734,16.406110155225033,16.424410752416378,478400,53.16359300420916,-0.12018241758914883,-0.13961307116526891,0.01943065357612009,0.025723146313235738,16.424407958984375,0.37195296816747914,0.03676879216488841,0.0032240818553619295
2018-02-15,17.339420318603516,17.357719171239307,16.982565640968993,17.08321718405066,371000,56.1978636836504,-0.054709057427484,-0.059311768802883275,0.004602711375399275,0.025938507160028827,17.028316497802734,-0.2244983277591973,0.014997358623529836,-0.007915870737480155
2018-02-16,17.293664932250977,17.38516615580334,17.064912745990405,17.202163708698613,225100,55.62707085705293,-0.006438802566240298,-0.008833211153311659,0.0023944085870713605,0.025833602271844208,17.339420318603516,-0.39326145552560643,0.00531916944297501,-0.01322742832965945
2018-02-20,17.275365829467773,17.412618549262454,16.955114137255734,17.064914218802482,764400,55.384788686313804,0.02999339236018983,0.022079187018494775,0.007914205341695055,0.025176336952200867,17.293664932250977,2.3958240781874722,0.012332415385564118,0.0010591946720327646
2018-02-21,17.055761337280273,17.385165022499347,17.055761337280273,17.293663804911763,274200,52.43331647285775,0.04067702271368745,0.026210253897593915,0.014466768816093534,0.025154677285485472,17.275365829467773,-0.641287284144427,-0.013756626144421743,0.010193456175749191
2018-02-22,17.156417846679688,17.330270036193543,17.055766303502022,17.229618493015877,207900,53.65247470467353,0.056613411658247514,0.03371731427372318,0.022896097384524333,0.025113144689059595,17.055761337280273,-0.24179431072210067,-0.004248535530015487,0.006933086412908139
2018-02-23,17.49496841430664,17.513267263286036,17.20216414250693,17.275364774146677,362800,57.58973853287562,0.09546090227555837,0.05805184391282722,0.037409058362731146,0.025429546015508803,17.156417846679688,0.745069745069745,0.012711953873680846,-9.335213783632798e-08
2018-02-26,17.604766845703125,17.632217734470704,17.48581648485808,17.494966781113938,339400,58.81181366960814,0.13356794612102618,0.07692711020663603,0.056640835914390154,0.025205718258823017,17.49496841430664,-0.06449834619625139,0.0062760944883712465,-0.0020787245403104814
2018-02-27,17.147266387939453,17.568171384834518,17.11981549295468,17.568171384834518,358200,52.07799668602373,0.1254059873051787,0.055012121112630846,0.07039386619254787,0.025775959092428996,17.604766845703125,0.05539186800235707,-0.023958384038671485,0.003201503880559076
2018-02-28,17.092363357543945,17.376015575208186,17.046611873894456,17.20216342782142,322200,51.318613258718926,0.1132024332463395,0.0342468536430333,0.0789555796033062,0.025298861623669157,17.147266387939453,-0.10050251256281406,-0.00638292216779514,0.0026766651625102643
2018-03-01,16.76296043395996,17.14726418824248,16.680609504810796,17.13811389108805,726600,46.8999115434277,0.07607403165226856,-0.002305238360830117,0.07837927001309868,0.025048660895578022,17.092363357543945,1.25512104283054,-0.021890008405369036,0.0005458846857481276
2018-03-02,16.91851234436035,17.00086327520952,16.77211107734866,16.77211107734866,589000,49.12750234980541,0.058526586997658114,-0.015882146412352457,0.07440873341001057,0.02515882173090552,16.76296043395996,-0.18937517203413157,0.008728851504531846,-0.011898333640220566
2018-03-05,17.064912796020508,17.110664280551163,16.68060905216644,16.717210239790962,466800,51.20237116014829,0.05579028790500118,-0.014894756404007517,0.0706850443090087,0.022858490424501682,16.91851234436035,-0.20747028862478778,0.020799077791217258,0.014477305669190355
2018-03-06,17.074064254760742,17.311966754786575,16.927662984781893,17.311966754786575,147200,51.33598397739158,0.05374070796946029,-0.013555469071638737,0.06729617704109903,0.018598729430748338,17.064912796020508,-0.6846615252784918,-0.013742083923541202,-0.01071804382217147
2018-03-07,16.98256492614746,17.010015821807304,16.817863042670393,16.891063685855645,293600,49.865823767155455,0.04422339026198685,-0.018458229423289743,0.0626816196852766,0.017609021811532153,17.074064254760742,0.9945652173913044,0.0054171390265041605,0.0043101128854437665
2018-03-08,17.211313247680664,17.247914433586153,17.037462850351393,17.055761698063534,245400,53.45458352487213,0.05451056140821464,-0.006536846621649564,0.061047408029864206,0.01673018872484614,16.98256492614746,-0.16416893732970028,0.00912017606547531,0.0037214535707501225
2018-03-09,17.38516616821289,17.38516616821289,17.220464314749208,17.275364350823544,231700,56.030718589883755,0.07581771694805184,0.011816247134550095,0.06400146981350174,0.014792258764430653,17.211313247680664,-0.05582722086389569,0.0063559769368402375,-0.004210523011114366
2018-03-12,17.293664932250977,17.3394164166475,17.202163708698613,17.311965526009583,331200,54.32647036259208,0.08434809386750786,0.016277299243204896,0.06807079462430296,0.014900366097734919,17.38516616821289,0.42943461372464387,-0.0010571066428656992,0.006878517972697214
2018-03-13,17.376018524169922,17.51326950793057,17.33026877799669,17.41261971730127,276900,55.63442605374436,0.0966397230729541,0.022855142758920907,0.07378458031403319,0.014673444214346227,17.293664932250977,-0.16394927536231885,-0.0021019923323185793,0.006318919742754963
2018-03-14,17.403465270996094,17.540716222043716,17.35771379048653,17.485816190672775,234800,56.085789669803695,0.1073580935867362,0.026858810618162407,0.0804992829685738,0.013998742660674947,17.376018524169922,-0.15204044781509574,-0.004709583972443262,0.004206271308412108
2018-03-15,17.229616165161133,17.47666896763243,17.202165272028488,17.47666896763243,215000,52.44613483549069,0.10066391852566525,0.01613170844567316,0.08453221007999209,0.011791254065602802,17.403465270996094,-0.08432708688245316,-0.014136149338804273,0.0031864151599432233
2018-03-16,17.44921875,17.485819942260445,17.238767130225156,17.284516875309805,222000,56.303605515406126,0.11179018222820503,0.021806377718570344,0.08998380450963468,0.011415607802715293,17.229616165161133,0.032558139534883734,0.009528867707344747,-6.617339115917133e-08
2018-03-19,17.53156852722168,17.595618864198126,17.43091700040681,17.449217595326022,540400,57.689637406990144,0.12580259120681703,0.028655029357745873,0.09714756184907115,0.011431830231596137,17.44921875,1.4342342342342342,0.004719462717784901,0.004175376476817731
2018-03-20,17.73287010192871,17.73287010192871,17.513268195322503,17.60476942605196,313200,60.9503615828299,0.15140557182245118,0.043406407978704015,0.10799916384374716,0.011669131087855177,17.53156852722168,-0.4204293116210215,0.007276475640015218,0.002064096273236784
2018-03-21,18.016525268554688,18.043974417897935,17.769472453019894,17.769472453019894,338500,65.03900562400665,0.19236723007754364,0.06749445298703717,0.12487277709050647,0.011610920881328004,17.73287010192871,0.080779054916986,0.013903216102108156,-0.013712684228871718
2018-03-22,17.49496841430664,17.97077164734463,17.467517522976465,17.76947034664551,486400,53.87020462538709,0.18066180324248649,0.044631220921584,0.13603058232090248,0.013571763913404082,18.016525268554688,0.4369276218611522,-0.015447952414107168,-0.006799057492215832
2018-03-23,17.028316497802734,17.504119808090678,16.92766495849134,17.37601911823327,452200,46.222030606286424,0.13220626690425163,-0.0030594523333206947,0.13526571923757233,0.01416624020134638,17.49496841430664,-0.0703125,-0.020010487906616005,0.022568408398459815
2018-03-26,17.8701229095459,17.888421759590173,17.412618498863377,17.412618498863377,444800,57.84804206635663,0.15988855171387684,0.0196982659810436,0.14019028573283324,0.018111687302595457,17.028316497802734,-0.016364440513047307,0.02627430278291487,0.006144361212404978
2018-03-27,17.613920211791992,17.979923399612222,17.485819532365127,17.979923399612222,764000,54.02032612117466,0.1593170376930253,0.015301401568153628,0.14401563612487167,0.01737361144123641,17.8701229095459,0.7176258992805755,-0.02035621507865397,0.0077922305728868385
2018-03-28,17.78777313232422,17.89757322069088,17.62307125453329,17.751171939374707,324300,56.141087806134166,0.17092230056594815,0.021525331552861182,0.14939696901308697,0.01743376257681741,17.613920211791992,-0.5755235602094241,0.002061902902778197,1.3989520001270185e-08
2018-03-29,17.897573471069336,17.897573471069336,17.68712184438834,17.787773381166627,339600,57.47514722443887,0.1868259118840463,0.02994315429676747,0.15688275758727882,0.016702091018248967,17.78777313232422,0.04717853839037933,0.006172784392394133,0.004601155561038509
2018-04-02,17.8701229095459,18.15377515550163,17.751170785433583,17.979922990774842,352000,57.00828628519805,0.19496714761705292,0.030467512023819254,0.16449963559323366,0.016677144303165657,17.897573471069336,0.036513545347467646,-0.0061068159905512285,0.012288781109181976
2018-04-03,18.528928756713867,18.54722935212151,17.961622515762834,18.089724938375486,727900,64.46794088012275,0.2516780734199351,0.06974275026136112,0.18193532315857397,0.01830568859858979,17.8701229095459,1.0678977272727272,0.024279187209013633,-0.016790196119914797
2018-04-04,18.657028198242188,18.75767972107621,18.108024334305703,18.217824408996712,511800,65.71368611067551,0.30346034312051984,0.09722001596955668,0.20624032715096316,0.018292552544892437,18.528928756713867,-0.2968814397582086,0.024108465390004434,-0.0034329522587776434
2018-04-05,18.547229766845703,18.629580702780657,18.40997878870107,18.592979511146954,272200,63.65369172691504,0.33181341068769044,0.10045846682938181,0.23135494385830863,0.018308000880457455,18.657028198242188,-0.46815162172723723,-0.00246059241198123,0.005426365012805818
2018-04-06,18.318471908569336,18.66617439571306,18.3093216134813,18.647873805536985,320900,59.47078259326828,0.33199751298536384,0.08051405530164418,0.25148345768371966,0.018555656536587906,18.547229766845703,0.17891256429096258,-0.01766431392676211,0.011488800014706856
2018-04-09,18.45572853088379,18.592979509012665,18.37337759495829,18.528929168901914,283900,61.12162241351764,0.3393075514603616,0.07025927502131357,0.26904827643904805,0.018514342409793695,18.318471908569336,-0.11530071673418507,-0.003950613516348365,-0.0024788912677948314
2018-04-10,18.45572853088379,18.58382921110529,18.355076999143538,18.40997878658779,381700,61.12162241351764,0.34116803685860475,0.05769580833564536,0.2834722285229594,0.01842560388931194,18.45572853088379,0.34448749559704117,0.0024850514401097406,-0.021318874505415104
2018-04-11,17.8792724609375,18.190373841595203,17.842671271894975,18.06227317042787,431700,51.00274091232827,0.2927526276807839,0.0074243193262595875,0.28532830835452433,0.019979816775098313,18.45572853088379,0.13099292638197535,-0.010131654402723967,0.0025589122937469642
2018-04-12,18.062274932861328,18.09887612547523,17.87927420551459,17.925023951041045,210600,53.6274091747272,0.2660826025504228,-0.015396564643281208,0.281479167193704,0.020072500192455427,17.8792724609375,-0.5121612230715775,0.0076569483084184325,-0.0015198702120659275
2018-04-13,17.943323135375977,18.071423808962457,17.897571648208817,18.034822619228727,131400,51.68919769644479,0.23266597106711728,-0.039050556901269406,0.2717165279683867,0.0199792674986356,18.062274932861328,-0.37606837606837606,-0.005073489536580958,-2.316677542714756e-08
2018-04-16,17.92502212524414,17.98907246055354,17.85182149271329,17.94332271968704,164800,51.381510131205246,0.2023734758367226,-0.05547444170533128,0.2578479175420539,0.019834157218269026,17.943323135375977,0.25418569254185686,-0.0010199111239759073,0.0010209755951186407
2018-04-17,17.943323135375977,18.025674067036082,17.84267160884901,17.943323135375977,284200,51.691195811770356,0.17779369860591032,-0.06404337514891487,0.2418370737548252,0.019820108047746553,17.92502212524414,0.7245145631067962,0.0,-0.006119277494396535
2018-04-18,17.650522232055664,17.833522961938986,17.62307133721474,17.833522961938986,267300,46.57916574514985,0.13315256234988482,-0.0869476091239523,0.22010017147383712,0.020045435213992262,17.943323135375977,-0.05946516537649538,-0.010261614055388217,-0.01814423557779117
2018-04-19,16.91851234436035,17.330266998606206,16.891061452330373,17.330266998606206,499700,36.78483347647245,0.03826595387331366,-0.14546737408041877,0.18373332795373243,0.02167772254343957,17.650522232055664,0.8694350916573139,-0.02375927931629499,0.018929266525856678
2018-04-20,17.037466049194336,17.284517119478675,17.01001515461122,17.238767373747745,226700,39.0284870818998,-0.027022300859446347,-0.168604503050543,0.14158220219109666,0.020882013120995403,16.91851234436035,-0.5463277966780068,-0.011677245837191529,-0.010204178618857706
2018-04-23,16.662309646606445,16.872762999974306,16.59825930893654,16.863612702415633,569100,34.82987707648259,-0.10779312741366454,-0.19950026368380896,0.09170713627014443,0.020606354343815747,17.037466049194336,1.510366122629025,-0.011937125179609468,0.004393295742117517
2018-04-24,16.52505874633789,16.83616188373688,16.45185811078759,16.735512100630725,516700,33.41364259107781,-0.180795492086812,-0.21800210268556514,0.03720661059875314,0.01689500868776219,16.662309646606445,-0.09207520646635037,-0.012575256318861189,0.003322315194969471
2018-04-25,16.552509307861328,16.671459683784654,16.37865714744344,16.579960200108612,355800,33.991741583170274,-0.23374094107288812,-0.216758041337313,-0.016982899735575117,0.016746380194563516,16.52505874633789,-0.3113992645635766,-0.0016556669567339617,-0.004422183162313153
2018-04-26,16.342060089111328,16.5799626209347,16.342060089111328,16.479311079906072,311700,31.718183613652013,-0.2893466756366436,-0.2178910207208548,-0.07145565491578881,0.016595832480173475,16.552509307861328,-0.12394603709949414,-0.008328684987450713,0.008398507195309593
2018-04-27,16.433557510375977,16.607409674218093,16.387807767636858,16.47930899835591,156400,33.791625005582226,-0.3223160844887154,-0.20068834365834126,-0.12162774083037413,0.016577625043728738,16.342060089111328,-0.49823548283606034,-0.00277629893246733,0.009465508851467777
2018-04-30,16.3603572845459,16.589109494451545,16.3603572845459,16.589109494451545,336400,32.93009978541323,-0.3503130344021237,-0.18294823485739964,-0.16736479954472405,0.01656644182866048,16.433557510375977,1.1508951406649617,-0.01378930014188863,-0.001118625608918401
2018-05-01,16.204803466796875,16.44270594156585,16.095003398590034,16.34205616991635,599900,31.114679487291085,-0.3806646468965731,-0.17063987788147922,-0.21002476901509387,0.013459393011458494,16.3603572845459,0.7832936979785969,-0.008398741363534197,0.0028233695415055345
2018-05-02,15.912001609802246,16.387806578832823,15.90285131287004,16.250555615331113,346400,27.98702538064015,-0.4234637547149127,-0.17075118855985505,-0.25271256615505766,0.013298380622316485,16.204803466796875,-0.42257042840473413,-0.020833380318976146,0.004600315386153852
2018-05-03,15.985201835632324,16.08585335409966,15.884552062405632,15.985201835632324,552600,29.88456263362052,-0.4463306872161681,-0.15489449684888834,-0.29143619036727975,0.013583166656031482,15.912001609802246,0.5952655889145497,0.0,0.0028623147881073406
2018-05-04,16.140756607055664,16.195658398205822,15.966906170803146,16.030956515237335,122800,33.872230978154484,-0.4467510578404621,-0.12425189397854586,-0.32249916386191624,0.014042497882517173,15.985201835632324,-0.7777777777777778,0.00684925392405403,0.014172171432922256
2018-05-07,16.424407958984375,16.515907438897035,16.36950617674793,16.36950617674793,505100,40.51568663193743,-0.41936176962483884,-0.07749008461033807,-0.34187168501450077,0.014724695838716289,16.140756607055664,3.1131921824104234,0.003353905832201019,0.0022283322883180547
2018-05-08,16.497608184814453,16.51590703320307,16.406106961908705,16.461006997555888,206500,42.13140388450716,-0.3872845398213123,-0.036330283845449174,-0.3509542559758631,0.014848842278388254,16.424407958984375,-0.5911700653335973,0.0022235083955677625,-4.6205746058085015e-08
2018-05-09,16.41525650024414,16.552507455640644,16.36035472189307,16.49760742253016,273100,40.78909720137304,-0.364308673190866,-0.010683533772002318,-0.3536251394188637,0.013557102608110647,16.497608184814453,0.3225181598062954,-0.004991688805344865,-0.005016751753765247
2018-05-10,16.351205825805664,16.378654969161563,16.250554312859244,16.332905233408034,180200,39.728896167214415,-0.3472654278009557,0.005087769294326416,-0.3523531970952821,0.013128020511528863,16.41525650024414,-0.3401684364701575,0.0011204738003497854,0.003917253929687264
2018-05-11,16.33290672302246,16.424407948115277,16.33290672302246,16.415257651081927,109700,39.413699148939045,-0.331414774480443,0.01675073809187133,-0.3481655125723143,0.013147551264653855,16.351205825805664,-0.39123196448390674,-0.005016730764139905,0.019607973239622035
2018-05-14,16.607410430908203,16.726362559835078,16.579961282110382,16.653161920972728,292900,46.29672604268074,-0.29332163322157356,0.04387510348059259,-0.33719673670216616,0.013981411744540182,16.33290672302246,1.6700091157702825,-0.002747315511711104,0.002754838676605559
2018-05-15,16.52505874633789,16.65316116748153,16.497609598782038,16.65316116748153,182000,44.65761087078215,-0.26670324800474177,0.05639479095793953,-0.3230980389626813,0.013938648546983673,16.607410430908203,-0.37862751792420624,-0.007692378633420385,-0.009966669861341471
2018-05-16,16.342060089111328,16.360358941373867,16.140757007054066,16.360358941373867,296100,41.16946593326507,-0.25740721802097255,0.052552656753367066,-0.3099598747743396,0.013742985011564273,16.52505874633789,0.6269230769230769,-0.001118487212176208,-0.011198218251991533
2018-05-17,15.948606491088867,16.223108481664553,15.89370644202195,16.1590581335463,353000,34.86413072352021,-0.2785771998643014,0.02510613992803057,-0.303683339792332,0.011615929818070277,16.342060089111328,0.1921648091860857,-0.013023756751053037,0.0011470428215997058
2018-05-18,16.03095054626465,16.05839968637831,15.948599635442989,15.96690022567899,133800,37.03752322002613,-0.2854199424926094,0.014610717839778076,-0.30003066033238746,0.011539278630806083,15.948606491088867,-0.6209631728045326,0.004011443654081928,-0.01027358370600404
2018-05-21,15.701553344726562,15.957756477419919,15.637502997863487,15.866255233940787,315400,32.38269857448696,-0.31380511655494914,-0.011019564978049345,-0.3027855515768998,0.011415462963278469,16.03095054626465,1.3572496263079223,-0.010380640345549074,-0.02389289639027267
2018-05-22,15.088495254516602,15.555149962830413,15.051895809188112,15.326397757494671,1125800,25.866845731735225,-0.3813730052352966,-0.06286996292671743,-0.3185030423085792,0.013966573403479841,15.701553344726562,2.569435637285986,-0.01552240172428871,0.0006064103744814336
2018-05-23,15.298946380615234,15.298946380615234,15.088494777221378,15.097645074574254,350700,30.999530423350805,-0.41317655462387926,-0.07573880985224002,-0.33743774477163924,0.014508906938086812,15.088495254516602,-0.6884881861787173,0.013333291718454088,-0.007176938499043747
2018-05-24,15.088495254516602,15.280648014523853,14.969544875647978,15.189146783341391,318800,28.84853008160307,-0.45017342469261656,-0.09018854393678188,-0.3599848807558347,0.014544314913867248,15.298946380615234,-0.09096093527231253,-0.006626542639984118,-0.008489988343563347
2018-05-25,14.878043174743652,14.996993549856835,14.82314313586378,14.960394105683845,308000,26.8426824963292,-0.49081759507374123,-0.10466617145432522,-0.386151423619416,0.014530493999124578,15.088495254516602,-0.03387703889585947,-0.0055045963601256425,0.002459962521776197
2018-05-29,14.695040702819824,14.987843236861245,14.640140663997249,14.91464260335089,467800,25.201740630011614,-0.5316664431887901,-0.11641201565549919,-0.4152544275332909,0.014624614964407588,14.878043174743652,0.5188311688311689,-0.014723913027706573,0.002490685741880447
2018-05-30,14.996993064880371,15.033594253110513,14.73164143117469,14.73164143117469,406100,32.53065935708326,-0.533524281710692,-0.09461588334192089,-0.4389083983687711,0.01567093597104935,14.695040702819824,-0.13189397178281315,0.018012360329660953,0.011592406367228856
2018-05-31,15.271495819091797,15.326395852882513,15.143393413259314,15.170844302774977,256200,38.43628844855453,-0.5070021488011758,-0.05447500034592373,-0.45252714845525205,0.01602798870363931,14.996993064880371,-0.36912090618074367,0.006634536239911768,0.014380142362808329
2018-06-01,15.811355590820312,15.811355590820312,15.399600857241227,15.491102103063369,345900,48.06445021593685,-0.43737916089884266,0.012118390045127492,-0.44949755094397015,0.018036401806012504,15.271495819091797,0.3501170960187354,0.020673383057336715,0.012152639101024942
2018-06-04,16.1682071685791,16.278009003369803,15.921154349230736,16.003505289013525,797100,53.26718689631636,-0.3493800654743868,0.08009398837566672,-0.42947405385005355,0.018634181023049878,15.811355590820312,1.3044232437120553,0.010291612780522862,3.9360235076859606e-08
2018-06-05,15.921154975891113,16.241408449291548,15.857104630259231,16.168207804963536,624100,49.56524066314898,-0.2961612332568393,0.10665025647457138,-0.4028114897314107,0.01847407581413233,16.1682071685791,-0.21703675824865132,-0.015280161663717581,0.010919334869999932
2018-06-06,16.204803466796875,16.204803466796875,16.012652474814598,16.095003398590034,140500,53.556176612470026,-0.2284632801565163,0.1394785676599155,-0.3679418478164318,0.018932514680439508,15.921154975891113,-0.7748758211825029,0.0068219972054469865,-0.0033878524104700666
2018-06-07,16.040103912353516,16.177354874920326,16.012653021743883,16.149903984310694,184100,51.03108999586528,-0.18595842916278116,0.1455867349229205,-0.33154516408570167,0.019028940986322355,16.204803466796875,0.31032028469750883,-0.006798806486022855,-0.005133997606600295
2018-06-08,16.003503799438477,16.0858547315562,15.930303164805032,15.957754057257873,190200,50.461708499010236,-0.15345739047814178,0.14247021888604788,-0.29592760936418966,0.01901930823368101,16.040103912353516,0.033134166214014105,0.002866928642743187,0.004002256594567911
2018-06-11,15.994353294372559,16.067553928055972,15.921152660689144,16.067553928055972,119200,50.31057001320914,-0.12697476638030203,0.1351622743871101,-0.2621370407674121,0.01901937346428156,16.003503799438477,-0.3732912723449001,-0.004555804449835747,-0.009153227640674291
2018-06-12,15.63750171661377,15.847953337703798,15.573451374998623,15.847953337703798,278600,44.68919122928182,-0.13324605835984293,0.10311278592605538,-0.23635884428589832,0.01911648181936586,15.994353294372559,1.337248322147651,-0.013279419531690801,0.003510793762824941
2018-06-13,15.63750171661377,15.783902996088653,15.628351418491475,15.692401760106621,107200,44.68919122928182,-0.13664099015737463,0.07977428330281897,-0.2164152734601936,0.019119586096011065,15.63750171661377,-0.615218951902369,-0.0034985112114844885,-1.5722617890623496e-07
2018-06-14,15.564298629760742,15.637499257989127,15.555148333077113,15.637499257989127,146000,43.53200456826898,-0.14358323721030075,0.058265628999914276,-0.20184886621021503,0.01902335450087321,15.63750171661377,0.3619402985074627,-0.004681095552473771,-0.000587850138449167
2018-06-15,15.5093994140625,15.564299451823294,15.372146701799416,15.555149154656373,212000,42.64025653291098,-0.1517654680657543,0.04006671851556859,-0.1918321865813229,0.018325351385095615,15.564298629760742,0.452054794520548,-0.002941131591796929,-0.016519127546810983
2018-06-18,15.070195198059082,15.253197666967166,14.969545410876435,15.253197666967166,225500,36.243639617683996,-0.19148276054747093,0.00027954082708159245,-0.19176230137455252,0.019217642137375847,15.5093994140625,0.06367924528301883,-0.011997646192207964,-0.02853668264229452
2018-06-19,14.704192161560059,14.777392800852095,14.548640584909366,14.64014182033464,320600,31.943208976904256,-0.2496149810952062,-0.0462821437765229,-0.2033328373186833,0.019415420955929075,15.070195198059082,0.42172949002217286,0.004374980926513687,0.014934618922516955
2018-06-20,14.960394859313965,15.097645836048049,14.804843286951108,14.923793668056419,348300,37.5308610654225,-0.27187773092180656,-0.054835914882498615,-0.21704181603930794,0.017964345722635104,14.704192161560059,0.08640049906425462,0.0024525393523691496,-0.004892928665686083
2018-06-21,14.658442497253418,14.887194714456845,14.658442497253418,14.887194714456845,304300,33.98896918852762,-0.3103091024782838,-0.07461382915118067,-0.23569527332710313,0.01816236979107612,14.960394859313965,-0.12632787826586278,-0.015365703316910827,0.019974805106226907
2018-06-22,14.932941436767578,15.024442654173571,14.859740811890896,14.951242029296889,143600,39.57202223999651,-0.3149855140501394,-0.06343219257842903,-0.2515533214717104,0.018503030117284047,14.658442497253418,-0.5280972724285244,-0.0012240182115606855,0.005514913458707554
2018-06-25,14.9786958694458,15.0610450615724,14.878044335943091,15.0152953164753,436400,40.47572691235847,-0.3114098645090255,-0.0478852344298521,-0.2635246300791734,0.018234381640917154,14.932941436767578,2.0389972144846795,-0.0024374776691431705,-0.001221971795394593
2018-06-26,14.932941436767578,14.978692918090855,14.83228992309693,14.960392325561545,108300,39.834179109233176,-0.3087095255721266,-0.036147916394362545,-0.27256160917776406,0.018008731591298614,14.9786958694458,-0.751833180568286,-0.0018349043391772159,0.0018385537245887646
2018-06-27,14.713343620300293,15.006146200566402,14.713343620300293,14.960396451865213,122100,36.817891149362175,-0.32059359266941456,-0.038425586793320365,-0.2821680058760942,0.017713141994503218,14.932941436767578,0.12742382271468133,-0.016513789080376835,-0.004975229610084188
2018-06-28,14.539490699768066,14.685891101102946,14.347338809546622,14.640141357457232,191300,34.58511681033162,-0.34011959225909827,-0.04636126910640326,-0.293758323152695,0.017277991303385393,14.713343620300293,0.5667485667485668,-0.006874978542327868,0.009439906712197616
2018-06-29,14.612690925598145,14.713341580455369,14.548639715579547,14.676742135616742,96900,36.335755907059315,-0.34570239908213196,-0.04155526074354954,-0.3041471383385824,0.014976485299830497,14.539490699768066,-0.49346576058546787,-0.004364129956549497,-0.010644893759862505
2018-07-02,14.383939743041992,14.457140383149445,14.319888528482624,14.457140383149445,210300,33.33357056941552,-0.3643847221350587,-0.048190067037180984,-0.3161946550978777,0.013825307716973182,14.612690925598145,1.170278637770898,-0.005063286249386662,-0.006997589409054708
2018-07-03,13.853233337402344,14.2832868386356,13.844083040111327,14.2832868386356,528600,27.629858147620794,-0.4172048911063566,-0.08080818880678309,-0.3363967022995735,0.015369160621661047,14.383939743041992,1.5135520684736092,-0.030108861223033256,2.3893737299029796e-08
2018-07-05,13.825782775878906,13.908133708224973,13.75258214104249,13.853233668407862,310500,27.36899292300768,-0.4560235310645826,-0.09570146301200722,-0.3603220680525754,0.014299294396689968,13.853233337402344,-0.4125993189557321,-0.00198155125265497,0.009927195612440121
2018-07-06,14.118585586547852,14.191786218266722,13.963034025990162,13.963034025990162,204800,34.47540770018184,-0.45788265689228425,-0.0780484710717671,-0.37983418582051715,0.015678562632082376,13.825782775878906,-0.3404186795491143,0.01114024074339097,0.004536582709956217
2018-07-09,14.15518569946289,14.30158696080166,14.081985068793506,14.182635717808822,415100,35.327216082729144,-0.4512015338536166,-0.05709387842647956,-0.39410765542713705,0.015780909403733636,14.118585586547852,1.02685546875,-0.0019354666433025979,0.009049811133120677
2018-07-10,14.164336204528809,14.28328745659728,14.072835845521041,14.28328745659728,241300,35.552790075353876,-0.44009518310463314,-0.036790022141996837,-0.4033051609626363,0.015805289833180452,14.15518569946289,-0.4186942905324018,-0.008328002389501007,-0.020025876557085005
2018-07-11,13.972184181213379,14.008784496701114,13.880682956183865,13.880682956183865,368400,32.9535063837707,-0.4417066630603106,-0.03072120167813941,-0.4109854613821712,0.015445338078299087,14.164336204528809,0.5267302113551595,0.006591982924640625,0.013752498240170776
2018-07-12,14.228387832641602,14.23753813059663,14.091135981177528,14.164336619576858,218700,39.32332152571774,-0.41749762629557985,-0.005209731930726935,-0.4122878943648529,0.016309097912985078,13.972184181213379,-0.4063517915309446,0.004522005850681143,0.011575515245880295
2018-07-13,14.3198881149292,14.393088752922642,14.237538051651901,14.393088752922642,182800,41.46230856013777,-0.3864734567242536,0.02065155011247949,-0.4071250068367331,0.01649382207431124,14.228387832641602,-0.16415180612711477,-0.005085818565426331,0.005750852178438026
2018-07-16,14.347339630126953,14.402239674689929,14.310739309544813,14.402239674689929,53400,42.12153096329487,-0.35557265078536915,0.04124188484109115,-0.3968145356264603,0.01654735753200693,14.3198881149292,-0.7078774617067833,-0.0038119102169543255,-8.553632263617943e-08
2018-07-17,14.566940307617188,14.594390327550702,14.347338402908282,14.347338402908282,124500,47.240140868898585,-0.30979250489915344,0.0696176245818455,-0.37941012948099895,0.016005487239116118,14.347339630126953,1.3314606741573032,0.015306107554024896,0.011306444326636024
2018-07-18,14.722490310668945,14.795690937794308,14.667590276635075,14.731640607214691,191500,50.57446207310149,-0.2579859230650925,0.0971393651327252,-0.3551252881978177,0.015287585696939793,14.566940307617188,0.5381526104417671,-0.0006211322139684086,6.376698852113958e-08
2018-07-19,14.58523941040039,14.804842178400198,14.521189075736476,14.722491249477816,302400,47.70937767447056,-0.22540550001920323,0.10377583054289158,-0.3291813305620948,0.014863144964145328,14.722490310668945,0.57911227154047,-0.009322596070980408,0.003764287225642505
2018-07-20,14.640142440795898,14.823144919402239,14.420540513612877,14.640142440795898,190900,48.95510855382633,-0.19293107497997042,0.10900020446569952,-0.30193127944566994,0.014200067324122333,14.58523941040039,-0.36871693121693117,0.0,-0.009375077951131733
2018-07-23,14.475439071655273,14.612690916506532,14.402238436782763,14.502889964197765,166000,45.45656051725376,-0.17842823495213267,0.09880243559482982,-0.2772306705469625,0.013696312726277814,14.640142440795898,-0.13043478260869568,-0.001892787755423745,0.006321136960888135
2018-07-24,14.52118968963623,14.658441534516133,14.502889967224483,14.566940304596198,141500,46.59818945871742,-0.16138261885261151,0.09267844135548081,-0.2540610602080923,0.013698010383415877,14.475439071655273,-0.14759036144578308,-0.003140715483369696,0.005040934626525833
2018-07-25,14.786541938781738,14.795692236130433,14.521189424012277,14.594390057561068,85400,52.772492818093674,-0.1250209724741147,0.10323207018718211,-0.2282530426612968,0.014380540337626117,14.52118968963623,-0.39646643109540636,0.013166146749731449,-0.004331673146118946
2018-07-26,14.73164176940918,14.749942363944427,14.68589028307106,14.722491472141556,131500,51.447148010054256,-0.09948726335288427,0.10301262344673004,-0.2024998867996143,0.014010038305823197,14.786541938781738,0.5398126463700235,0.0006215182589807149,0.008074402315837066
2018-07-27,14.722490310668945,14.878041861465421,14.667590276635075,14.85059097182818,131400,51.216244610114025,-0.07907849350381824,0.09873711463663687,-0.1778156081404551,0.013727329257294371,14.73164176940918,-0.0007604562737643095,-0.008625963869198405,0.004972222687521765
2018-07-30,14.813994407653809,14.850593855703524,14.740793766313422,14.795693811008473,102000,53.46520459849571,-0.05488806501924337,0.09834203449696938,-0.15323009951621275,0.013749400928006245,14.722490310668945,-0.22374429223744297,0.001236886683321302,0.010500388272390863
2018-07-31,15.061046600341797,15.125098693359133,14.91464530678434,14.9695471007992,248000,58.9655277810289,-0.015602077872239661,0.11010241731517847,-0.12570449518741814,0.013616119955825763,14.813994407653809,1.4313725490196076,0.006112375940733129,-0.0030377503367748425
2018-08-01,14.960394859313965,15.115946431676822,14.914643370242032,15.015294900959427,228700,56.058373028653925,0.007326144430141568,0.10642451169404776,-0.0990983672639062,0.010300236072054925,15.061046600341797,-0.07782258064516134,-0.003656274619152116,-0.00305819666170352
2018-08-02,14.804842948913574,14.914643029697444,14.74994290852164,14.914643029697444,266200,51.80729009532795,0.01279766313163222,0.08951682431643074,-0.07671916118479852,0.010716741105351547,14.960394859313965,0.16397026672496717,-0.007361898006223857,-1.4653110853103958e-07
2018-08-03,14.932941436767578,14.987841469114949,14.804840779543525,14.804840779543525,66300,54.844161071185624,0.02715730600996835,0.0831011737558135,-0.055943867745845144,0.0099679511094483,14.804842948913574,-0.750939143501127,0.00865261971618465,-0.0030635519238569574
2018-08-06,14.841442108154297,14.932943337205172,14.777391771390919,14.887193595300126,51300,52.30858550981655,0.03079916175450137,0.06939442360027721,-0.038595261845775844,0.010168710245751065,14.932941436767578,-0.2262443438914027,-0.0030732110019898156,0.005548586973457313
2018-08-07,14.932941436767578,15.00614206164426,14.868891108155552,14.923791140502923,89800,54.57046337250194,0.040600571680144526,0.06335666682073629,-0.02275609514059177,0.010192929925874476,14.841442108154297,0.7504873294346979,0.0006131348380922937,0.004289226185955717
2018-08-08,15.042743682861328,15.097643716800503,14.887192132333153,14.996992200211505,59500,57.1941392426054,0.0565762079577965,0.06346584247871062,-0.006889634520914118,0.00948524622039638,14.932941436767578,-0.3374164810690423,0.003050710571762388,-0.005474313749508453
2018-08-09,14.92379379272461,15.042745920064462,14.92379379272461,14.960394984287909,61200,53.58383990865465,0.05895910887145561,0.05267899471389578,0.006280114157559829,0.009169832082950686,15.042743682861328,0.02857142857142847,-0.0024465391189029298,-0.0018394251569572911
2018-08-10,14.777390480041504,14.896342590985029,14.722490445504832,14.896342590985029,337400,49.446697104448624,0.04847525861687885,0.03375611556745521,0.014719143049423634,0.009509574316022111,14.92379379272461,4.5130718954248366,-0.007985323257502968,-0.0006191113852447711
2018-08-13,14.749942779541016,14.85974285936474,14.731642184490129,14.768241629351103,106300,48.68772483951105,0.03751943107132405,0.018240230417520334,0.019279200653803716,0.00954069855273789,14.777390480041504,-0.6849436870183758,-0.0012390676066485052,0.004962795547200506
2018-08-14,15.14339542388916,15.198297210209944,14.804843134448523,14.823143729888784,283400,58.5171549384273,0.05989476936886007,0.03249245497204508,0.027402314396814988,0.010681563457845121,14.749942779541016,1.6660395108184383,0.02160484306406836,-0.017522507100351175
2018-08-15,14.74079418182373,15.00614585969695,14.640142642678196,14.878045170050637,176600,48.317628603683175,0.0446264051993861,0.013779272642056889,0.03084713255732921,0.012225838574062193,15.14339542388916,-0.3768525052928723,-0.009225068660444138,0.0024827420501071363
2018-08-16,14.841442108154297,14.905494190158457,14.749942624344204,14.777391771390919,144500,50.63415768600457,0.040184343005236656,0.007469768358325954,0.0327145746469107,0.012101158477932623,14.74079418182373,-0.18176670441676102,0.004334346531123285,-9.030472751575425e-08
2018-08-17,15.006142616271973,15.006142616271973,14.77739043692258,14.841440767901911,80100,54.24808483298325,0.04938465568866235,0.013336064833401315,0.036048590855261034,0.012300665169415373,14.841442108154297,-0.445674740484429,0.011097429888765758,-0.0012194587249497821
2018-08-20,14.786541938781738,15.006143839428107,14.731641899930338,14.987843244730719,142400,49.0880563576338,0.038512087014762386,0.001970796927601076,0.03654129008716131,0.012504074254136558,15.006142616271973,0.7777777777777777,-0.013430972199402494,0.00928214595769248
2018-08-21,15.152544975280762,15.234895905464958,14.923792779267052,14.923792779267052,286900,56.512557107076596,0.05875163199650402,0.017768273527474163,0.040983358469029854,0.01357421338685239,14.786541938781738,1.014747191011236,0.015328020121768595,0.0006040181652310981
2018-08-22,15.161697387695312,15.262348926459863,15.161697387695312,15.161697387695312,109700,56.682672966888305,0.07466939806374029,0.026948831675768344,0.047720566387971945,0.013038664906584552,15.152544975280762,-0.6176368072499129,0.0,4.989102627516505e-08
2018-08-23,15.061046600341797,15.170848443130433,15.024447149572975,15.161698144127955,47700,54.172928392071334,0.07826052635529912,0.02443196797386174,0.05382855838143738,0.013114458828406499,15.161697387695312,-0.5651777575205105,-0.006638540276251323,0.006682670620226344
2018-08-24,15.207446098327637,15.26234613431881,15.079343687360664,15.16169461396776,153300,57.14518256711289,0.09186082298880471,0.030425811685893867,0.06143501130291085,0.013242626706749897,15.061046600341797,2.2138364779874213,0.0030175706294550447,0.0042120065275937256
2018-08-27,15.335550308227539,15.353850906200911,15.244049063601766,15.271499960561822,174500,59.61354041124588,0.11168861831489174,0.04020288560958471,0.07148573270530703,0.013291334980500483,15.207446098327637,0.13829093281148075,0.004194109801337435,0.0035799153175923516
2018-08-28,15.289798736572266,15.408750877561213,15.262349584991025,15.390450279679671,74900,58.32153388415878,0.12230071300169065,0.04065198423710689,0.08164872876458376,0.01285417479121443,15.335550308227539,-0.5707736389684814,-0.0065398699374181165,0.0011969155511359138
2018-08-29,15.289798736572266,15.326399932335349,15.15254774294285,15.308099334453807,96500,58.321533884158775,0.12922129188164355,0.03805805049364783,0.09116324138799572,0.012734840453574814,15.289798736572266,0.288384512683578,-0.0011954846569588553,-0.001197055599362241
2018-08-30,15.097643852233887,15.27149599738153,15.04274381780223,15.27149599738153,123300,52.752526029318965,0.11784219576479238,0.02134316350143732,0.09649903226335506,0.012847295345553551,15.289798736572266,0.277720207253886,-0.011384093947145209,7.184372643942831e-08
2018-08-31,15.152544975280762,15.234895905464958,15.088494639635442,15.097644936904882,107600,54.10107249200467,0.1119635952808018,0.01237165041395738,0.09959194486684442,0.012739744906959028,15.097643852233887,-0.1273317112733171,0.0036363312692353645,-0.01690817962715336
2018-09-04,14.887192726135254,14.987842501498235,14.823142393111352,14.896343023030195,451500,47.10322896686065,0.08491421496657203,-0.011742183920217919,0.09665639888678995,0.013307590115823095,15.152544975280762,3.1960966542750926,-0.0006142646474234642,-0.0049169710269771775
2018-09-05,14.786541938781738,14.823143128176516,14.704191007884253,14.813992830827821,268200,44.739340315893536,0.05472487453301689,-0.033545219483018446,0.08827009401603533,0.013318458463886275,14.887192726135254,-0.4059800664451827,-0.0018530380269226317,-0.006806963815993337
2018-09-06,14.649291038513184,14.768241414128852,14.621840146336902,14.685890482840783,195300,41.668436264769696,0.01949982232538261,-0.055016217352522184,0.0745160396779048,0.01332768024830668,14.786541938781738,-0.27181208053691275,-0.0024921501607521024,-0.0006247163423329715
2018-09-07,14.722490310668945,14.85059097182818,14.640139386997832,14.640139386997832,230500,43.880838501997516,-0.002481115070743556,-0.06159772379891868,0.059116608728175125,0.0133002444519152,14.649291038513184,0.18023553507424483,0.0056250095367432204,9.158497211468296e-09
2018-09-10,14.777390480041504,14.813991666559705,14.67674070759771,14.722490445504832,78100,45.548924873394604,-0.015294871712395519,-0.059529184352456514,0.044234312640060995,0.01315023565800061,14.722490310668945,-0.6611713665943602,0.003728991011397435,0.015479947540041006
2018-09-11,15.152544975280762,15.152544975280762,14.88719333543005,15.006143709451248,147200,55.321833840374225,0.004767015116934559,-0.031573838018501145,0.036340853135435704,0.014299639676971568,14.777390480041504,0.884763124199744,0.009756088483765937,0.0006039823988162671
2018-09-12,15.36299991607666,15.36299991607666,15.097646503451857,15.161696845743103,247000,59.69240263478509,0.03721912098554725,0.0007026142800892338,0.036516506705458016,0.013367736523174079,15.152544975280762,0.6779891304347827,0.013277080552502681,0.0
2018-09-13,15.36299991607666,15.472800004221387,15.271498679128765,15.36299991607666,289900,59.6924026347851,0.06222041052949656,0.02056312305923083,0.04165728747026573,0.011721048214030012,15.36299991607666,0.17368421052631589,0.0,-1.882299405213058e-08
2018-09-14,15.216596603393555,15.362999626899004,15.134247411455537,15.362999626899004,213400,55.3259137274884,0.06942035419713477,0.02221045338149523,0.04720990081563954,0.011944861884622796,15.36299991607666,-0.2638840979648155,-0.009529585827048584,-0.004209321752416447
2018-09-17,15.106795310974121,15.234895982915996,15.106795310974121,15.152545052313144,110900,52.23950400717209,0.06551114309761275,0.014640993825578555,0.05087014927203419,0.011857219867769803,15.216596603393555,-0.48031865042174315,-0.003019277697645839,0.0030286044829531543
2018-09-18,15.335550308227539,15.427051552853314,15.152547818975993,15.152547818975993,397600,57.552341619816595,0.07995006702449814,0.023263934201971162,0.05668613282252698,0.011738874104435608,15.106795310974121,2.5852119026149682,0.012077341146705804,0.0017898872909511527
2018-09-19,15.381298065185547,15.417899256390397,15.353848917022765,15.362999214823978,248900,58.545488346003374,0.09400089610318751,0.02985181062452842,0.06414908547865909,0.010445376979434018,15.335550308227539,-0.3739939637826962,0.0011910988281449942,0.0047590811247463964
2018-09-20,15.390448570251465,15.472799506330551,15.289797038323497,15.45449891048167,326300,58.753366156178124,0.10466809996094284,0.032415211585827,0.07225288837511584,0.010445386222093225,15.381298065185547,0.3109682603455204,-0.004144446261325504,-1.0705066662441537e-07
2018-09-21,15.170845031738281,15.390446922693686,15.170845031738281,15.390446922693686,259300,52.01239961224377,0.09431456600843546,0.017649342106655697,0.07666522390177977,0.010862424004635232,15.390448570251465,-0.20533251608948822,-0.014268714356279985,0.004825193458291166
2018-09-24,15.390448570251465,15.417899464024787,14.987844187780475,15.244047293942174,396400,57.28964493074411,0.10264624400671352,0.020784816083947,0.08186142792276652,0.011125566393582611,15.170845031738281,0.5287311993829542,0.009603832465638529,0.00118895118479181
2018-09-25,15.472797393798828,15.500248283824225,15.408747062313543,15.408747062313543,99800,59.10575911066878,0.11457329110878334,0.026169490548813443,0.0884038005599699,0.011033491628950884,15.390448570251465,-0.7482341069626639,0.004156751436457713,0.001182928102429589
2018-09-26,15.36299991607666,15.491100600659152,15.308098126763362,15.491100600659152,281900,55.70464630696101,0.11385339199884825,0.02035967315110268,0.09349371884774557,0.011139709559179178,15.472797393798828,1.8246492985971945,-0.008269308158585013,0.0005954604163181921
2018-09-27,15.390448570251465,15.45449891048167,15.36299942171902,15.372147974402584,401300,56.38039672570466,0.11418153015744537,0.016550249047759827,0.09763128110968554,0.011144360511556732,15.36299991607666,0.42355445193330965,0.0011905034923782377,0.0011890743959922193
2018-09-28,15.381298065185547,15.463649000155606,15.308097428016703,15.408748958589186,257300,56.0732875005993,0.11240744961937921,0.011820934807754924,0.10058651481162428,0.010725563948330514,15.390448570251465,-0.35883379018190875,-0.001781513442617111,-0.0005949911602301176
2018-10-01,15.170845031738281,15.38129662574879,15.143394140903595,15.372146328803897,378400,49.40748705783984,0.09294822773057732,-0.00611062966483758,0.0990588573954149,0.011189379509847589,15.381298065185547,0.4706568208317139,-0.01309519781817474,-0.001809275691463638
2018-10-02,15.161697387695312,15.298948375402702,15.125097938752475,15.143396790603395,190000,49.1340748999081,0.07591343296264164,-0.01851633954621862,0.09442977250886025,0.010397853789130374,15.170845031738281,-0.4978858350951374,0.0012084869296479703,0.01025941015570389
2018-10-03,15.088495254516602,15.326397757494671,15.070194659231944,15.317247459852343,86900,46.89754686378589,0.05586248703091101,-0.030853828382359394,0.0867163154132704,0.010331034638934082,15.161697387695312,-0.5426315789473684,-0.01493428933203032,0.0030322375264197755
2018-10-04,15.015295028686523,15.244047240269488,15.0061447307943,15.134247156044554,192500,44.70609629181293,0.03367711266455409,-0.04243136219897306,0.07610847486352715,0.01014334859632774,15.088495254516602,1.2151898734177213,-0.007859798120881164,-0.004875121928162938
2018-10-05,14.841442108154297,14.969544526921835,14.740792326915038,14.942093634634338,216300,39.933318563108294,0.002043015296154138,-0.059252367653898415,0.06129538295005255,0.010495006245298574,15.015295028686523,0.12363636363636354,-0.0067361059929875134,-0.0030824976642390175
2018-10-08,14.795693397521973,14.859743738749714,14.704192162093381,14.795693397521973,280600,38.760645334607275,-0.02641428594373174,-0.07016773511502744,0.0437534491712957,0.010493672792685574,14.841442108154297,0.2972723069810448,0.0,-0.003710629124983366
2018-10-09,14.73164176940918,14.749942363944427,14.68589028307106,14.740792066676804,254200,37.11720887704855,-0.053518406411969366,-0.07781748446661205,0.024299078054642688,0.00867265195900423,14.795693397521973,-0.09408410548823953,-0.0006207466482285646,-0.003105591707216332
2018-10-10,14.3198881149292,14.68589130489642,14.3198881149292,14.68589130489642,330900,28.69448857744311,-0.10699037743350104,-0.10503156439051498,-0.0019588130429860594,0.009773948879239233,14.73164176940918,0.3017309205350118,-0.02492209579715414,-0.022364262117877478
2018-10-11,13.752581596374512,14.15518594465014,13.752581596374512,13.999634383628244,760600,21.466676226296464,-0.19292032911646118,-0.1527692128587801,-0.040151116257681085,0.012631679179721682,14.3198881149292,1.2985796313085523,-0.0176470885227293,0.04125085643526988
2018-10-12,14.283287048339844,14.38393857477802,14.109435760359965,14.319887365420891,225100,37.361922431389885,-0.21571036541651445,-0.14044739932706668,-0.07526296608944777,0.015957473521628997,13.752581596374512,-0.7040494346568499,-0.0025559081679251633,-0.004484389918257983
2018-10-15,14.25583553314209,14.338186456090327,14.191785203124704,14.219235219900684,193800,36.9453689738854,-0.23329743363983368,-0.12642757404030872,-0.10686985959952497,0.015928417943340656,14.283287048339844,-0.13904931141714794,0.0025740001255610255,0.006418625727708508
2018-10-16,14.612690925598145,14.640140945537315,14.319887513305526,14.347338405865097,221200,45.45832901723541,-0.21595071864862092,-0.08726468723927677,-0.12868603140934415,0.016651016147902015,14.25583553314209,0.14138286893704843,0.018494895166379668,-0.003130906494329584
2018-10-17,14.36563777923584,14.576090253977085,14.356487481938313,14.566939956679558,216200,41.30106448305924,-0.2196069539790102,-0.07273673805573283,-0.14687021592327737,0.016912078902447863,14.612690925598145,-0.022603978300180794,-0.013819112184327562,-0.0012737820733950932
2018-10-18,14.182637214660645,14.383939406557294,13.999635618672983,14.347339087359762,232800,38.49290599248238,-0.2345672181044982,-0.07015760174497668,-0.16440961635952153,0.017014039086316823,14.36563777923584,0.07678075855689181,-0.011479611076051197,0.0109676647096281
2018-10-19,14.264986991882324,14.383938237763811,14.237536972869787,14.338187624329336,89100,40.45491489210543,-0.23704587907282892,-0.0581090101706459,-0.17893686890218302,0.016964759975337963,14.182637214660645,-0.6172680412371134,-0.005105291851726341,0.007055961746418316
2018-10-22,14.200939178466797,14.402240517133237,14.182638580795015,14.3656401944102,75400,39.40217159551283,-0.2413956996586819,-0.04996706460519909,-0.19142863505348282,0.01646287213042625,14.264986991882324,-0.15375982042648706,-0.011464926986511229,-0.010309462949715673
2018-10-23,14.10943603515625,14.210086690934311,13.898983553376146,14.054535122155228,179900,37.88533528319522,-0.24935212665346995,-0.04633879327998969,-0.20301333337348026,0.016325287725710905,14.200939178466797,1.385941644562334,0.003906277406107714,0.0019455424976288957
2018-10-24,13.715982437133789,14.136886542580223,13.661082394861024,14.136886542580223,413400,32.1535526146153,-0.2841307866579772,-0.06489396262759753,-0.21923682403037967,0.017142399415466456,14.10943603515625,1.2979433018343522,-0.02977346561979352,0.006003883891497269
2018-10-25,13.862381935119629,13.944732860585422,13.725130974423523,13.798331603144156,352900,36.03161436574714,-0.29646247443861284,-0.06178052032658654,-0.2346819541120263,0.01745395990310374,13.715982437133789,-0.1463473633284954,0.004641889600687521,-0.017161635791655177
2018-10-26,13.606180191040039,13.69768141632056,13.414028316047233,13.624480785144286,234300,32.527593235310775,-0.32318330941339823,-0.07080108424109754,-0.2523822251723007,0.017669510646651884,13.862381935119629,-0.3360725417965429,-0.0013432140565826974,-0.008742408225621046
2018-10-29,13.258477210998535,13.569580340469097,13.148676260471346,13.487229409418608,274300,28.479696972352077,-0.3681724257141781,-0.09263216043350192,-0.27554026528067616,0.018135727939649814,13.606180191040039,0.17072129748186082,-0.016960651552373505,0.011732285902430955
2018-10-30,13.478079795837402,13.487230093667321,13.304228500171105,13.414029456268835,188500,34.06097530792959,-0.38170645678075843,-0.08493295320006577,-0.29677350358069265,0.018825489853159384,13.258477210998535,-0.3127962085308057,0.004774876913561127,0.023082081105589614
2018-10-31,13.889833450317383,13.91728346916763,13.743432186288906,13.78918192683253,152100,43.036961583925894,-0.3551136658712064,-0.04667212983241098,-0.3084415360387954,0.020499392344383416,13.478079795837402,-0.19310344827586212,0.00729931072190685,-0.00658757759398556
2018-11-01,13.981334686279297,14.01793500459598,13.79833309469588,13.79833309469588,243000,44.83411211085983,-0.3229327349009914,-0.011592959089756771,-0.3113397758112346,0.02063151011278129,13.889833450317383,0.5976331360946745,0.013262586888394682,0.014397829966849745
2018-11-02,13.963033676147461,14.356486843623362,13.898982470532975,14.182635565801965,446500,44.53149646228523,-0.2954995193091907,0.012672205201635145,-0.30817172451082586,0.02054378359583269,13.981334686279297,0.8374485596707819,-0.015483856201171892,0.0032765631765834568
2018-11-05,14.15518569946289,14.219236033143515,14.00878443812412,14.00878443812412,200100,48.46466448989157,-0.25531037680829805,0.042289078162022264,-0.2975994549703203,0.020876126571226217,13.963033676147461,-0.5518477043673012,0.010450675573274393,-0.0012927490441822654
2018-11-06,14.136886596679688,14.21008723507046,14.08198655419683,14.136886596679688,112000,48.114764497323826,-0.22237339442354376,0.060180848437421275,-0.28255424286096503,0.020869361484216555,14.15518569946289,-0.440279860069965,0.0,0.009708755045229845
2018-11-07,14.356488227844238,14.356488227844238,14.191787231033423,14.274138165749044,76000,52.54280175306297,-0.176515817767962,0.08483074007440244,-0.26134655784236444,0.020263564310897434,14.136886596679688,-0.3214285714285714,0.005769179276462,0.0006373017796851113
2018-11-08,14.264986991882324,14.47543859201239,14.191786359435312,14.365637643341872,134700,50.60488121337374,-0.1458751845929651,0.09237709859951948,-0.2382522831924846,0.018058458154973922,14.356488227844238,0.7723684210526316,-0.007006347644178308,-0.008980066029761058
2018-11-09,13.990485191345215,14.182637083510498,13.953884872486134,14.136886466781538,151500,45.216895888944656,-0.1421041747739995,0.0769184867347881,-0.2190226615087876,0.016446974491647018,14.264986991882324,0.12472160356347439,-0.010355977306624988,-0.007848395707051014
2018-11-12,13.898982048034668,14.091133913796451,13.862381734204819,13.8806823274299,206800,43.55225654426266,-0.14482965515401247,0.059354405083820116,-0.2041840602378326,0.016494334021440904,13.990485191345215,0.36501650165016497,0.0013183588654431813,7.414802034956824e-08
2018-11-13,13.853233337402344,13.990484306286085,13.825782445529292,13.898983078616672,114700,42.705744318968705,-0.14896399242350533,0.044176054251461816,-0.19314004667496715,0.015301989580155306,13.898982048034668,-0.445357833655706,-0.0032915891008395487,2.3893737299029796e-08
2018-11-14,13.825782775878906,13.999634938080693,13.743432716153238,13.853233668407862,67500,42.17602564526225,-0.152695338583257,0.03235576647336813,-0.18505110505662514,0.014924455191167443,13.853233337402344,-0.41150828247602445,-0.00198155125265497,0.002647275484470944
2018-11-15,13.93558406829834,13.981334684342963,13.697682435583058,13.862383431675111,214600,45.10895363214784,-0.14511956266261627,0.031945233915207094,-0.17706479657782337,0.01484342758175764,13.825782775878906,2.1792592592592595,0.005280523149862351,-0.00919246498032001
2018-11-16,13.898982048034668,13.926432937872288,13.734281072110505,13.807481699770202,119300,44.30227276473418,-0.1404501607781583,0.029291708639732045,-0.16974186941789035,0.014766254337717359,13.93558406829834,-0.44408201304753026,0.006626867248789394,1.4277130013184574e-07
2018-11-19,13.715982437133789,13.944734649384667,13.688532415997406,13.898984032410405,172900,40.41119026978113,-0.14978948540461623,0.015961907210619297,-0.16575139261523553,0.01499385008233176,13.898982048034668,0.44928751047778714,-0.013166544752471358,-0.006003982928481603
2018-11-20,13.688532829284668,13.798333789765772,13.62448248715914,13.633631912733884,196700,39.84586505938777,-0.157589329707843,0.006529650325914016,-0.16411898003375702,0.014951619794441144,13.715982437133789,0.13765182186234814,0.0040268739028744,0.018047989872261794
2018-11-21,14.036234855651855,14.11858578565201,13.880683292900533,13.93558333115372,123300,49.485648048672985,-0.13416751525278592,0.02396117182477689,-0.1581286870775628,0.014730945282975475,13.688532829284668,-0.37315709201830194,0.007222627292043315,-0.009126377760237343
2018-11-23,13.926435470581055,14.045386730316022,13.87153455354166,13.908134874027766,30200,46.92816528042447,-0.12304704159418378,0.028065316386703232,-0.151112357980887,0.014689223905681148,14.036234855651855,-0.7550689375506894,0.0013158196062265188,0.008541320898276914
2018-11-26,14.246686935424805,14.310738145699835,14.045385624904434,14.045385624904434,171700,54.34028684427251,-0.08738504889299392,0.05098184727031446,-0.13836689616330838,0.014820523342505552,13.926435470581055,4.685430463576159,0.014332202468221006,-0.0012845274026821176
2018-11-27,14.264986991882324,14.274137289093293,14.118585726988298,14.228386675658818,301900,54.72936869290897,-0.05698906664453318,0.06510226361502017,-0.12209133025955335,0.01329169557181823,14.246686935424805,0.7582993593476994,0.0025723447821473623,0.0006414710511373648
2018-11-28,14.603540420532227,14.685890479179376,14.274137568082468,14.274137568082468,617100,61.29962659729957,-0.005517991467604233,0.0932586710335593,-0.09877666250116353,0.01374449998538176,14.264986991882324,1.0440543226233854,0.023076900504750385,-0.005012404734700417
2018-11-29,14.457140922546387,14.548641289784356,14.411390302617153,14.530341565384962,287000,57.41886030832916,0.023192640144710452,0.09757544211669919,-0.07438280197198874,0.012581289135242894,14.603540420532227,-0.5349214065791605,-0.0050377785346050015,-0.0018988495024917311
2018-11-30,14.36563777923584,14.45713900697036,14.310737740691431,14.429688987698157,196400,55.07208096839434,0.03812302510229415,0.0900046616594263,-0.05188163655713216,0.01266885674495873,14.457140922546387,-0.31567944250871083,-0.004438848856473819,0.019745260181560156
2018-12-03,14.603540420532227,14.73164196612844,14.557789806203552,14.649291034860902,240600,59.68553810049345,0.06836415820550101,0.09619663581010654,-0.027832477604605527,0.013088516703701678,14.36563777923584,0.22505091649694497,-0.003123059963775879,-1.0085426672444664e-08
2018-12-04,14.36563777923584,14.676741779009134,14.356487481938313,14.60354027324929,267100,53.74244800079191,0.07230028645125763,0.08010621124469053,-0.007805924793432896,0.013427247175115644,14.603540420532227,0.11014131338320854,-0.01629074111907231,-0.0038215044178248917
2018-12-06,14.493741035461426,14.530341356354189,14.146037550669947,14.310739430997618,290400,56.26762515421737,0.08477927589882306,0.07406816055380476,0.010711115345018295,0.013536211594741995,14.36563777923584,0.08723324597529025,0.012787711309131887,0.002525160052343557
2018-12-07,14.246686935424805,14.594390388987811,14.182636597770177,14.530340051333186,239900,50.53779113172145,0.07388209696281045,0.05053678529423372,0.02334531166857673,0.013696789783899778,14.493741035461426,-0.17389807162534432,-0.019521436862887123,0.0006422522567165671
2018-12-10,14.274137496948242,14.37478814987343,13.999634684964548,14.255836902259816,435400,51.13323509313796,0.06669224832292642,0.034677549323479745,0.03201469899944667,0.013628501143611539,14.246686935424805,0.814922884535223,0.0012837264352768725,-9.603909879455273e-08
2018-12-11,14.25583553314209,14.365636472866306,14.182634906659278,14.274136126072941,164500,50.695043510106615,0.05883916468807904,0.021459572550905887,0.03737959213717315,0.012855264356094654,14.274137496948242,-0.6221864951768489,-0.0012820805945253286,0.008986112342782853
2018-12-12,14.493741035461426,14.58524140138309,14.38394007278314,14.38394007278314,201800,55.97631649140011,0.070994148752483,0.026891645292247877,0.04410250346023512,0.013181632213680345,14.25583553314209,0.22674772036474167,0.007633580376634599,-0.0025254707483565193
2018-12-13,14.4296875,14.512037549326338,14.4022366109376,14.457137516442113,135700,54.29018040334965,0.0745985505467317,0.024396837669197265,0.050201712877534437,0.01320865454848973,14.493741035461426,-0.3275520317145689,-0.0018987172537367441,-0.006975134264995735
2018-12-14,14.228387832641602,14.429690024549979,14.200937811396964,14.32903849228557,160400,49.26752180196494,0.06051429301167843,0.008250064107315193,0.05226422890436324,0.013667566500412058,14.4296875,0.1820191599115697,-0.007024243789850648,-0.0038585571970120346
2018-12-17,13.944734573364258,14.173486784368084,13.898983956639407,14.173486784368084,256800,43.2022759988406,0.026162386305262686,-0.020881474079280447,0.04704386038454313,0.014381544282951702,14.228387832641602,0.600997506234414,-0.01613944504157696,0.000656076015242943
2018-12-18,13.963033676147461,14.091134342135751,13.926433361205044,13.953883379256771,117800,43.68394270986713,0.00041010991906453853,-0.03730700037238288,0.03771711029144742,0.014368764019772535,13.944734573364258,-0.5412772585669782,0.000655752713563038,-0.00786351679990728
2018-12-19,13.661083221435547,14.04538703107926,13.560431683478079,13.853235126257404,236300,37.963009153728144,-0.043858064376703254,-0.06526013973452055,0.02140207535781729,0.014901459352448613,13.963033676147461,1.005942275042445,-0.01387054381670408,0.008238664071814847
2018-12-20,13.792082786560059,13.939690222646927,13.77363229695406,13.77363229695406,154700,41.540038082201534,-0.06759119215545795,-0.07119461401062019,0.003603421855162244,0.015048095653307792,13.661083221435547,-0.3453237410071942,0.0013395514856366709,-5.4421197725738314e-08
2018-12-21,13.496867179870605,13.865885750005342,13.450739638651346,13.792082035978394,220500,36.44071261300661,-0.10896521596696829,-0.09005491025770443,-0.018910305709263865,0.014602083098003713,13.792082786560059,0.42533936651583715,-0.021404662134236394,-0.005468142089579745
2018-12-24,13.432290077209473,13.653701234573157,13.39538821764886,13.423064392366888,85000,35.41653371876919,-0.14529044263024282,-0.10110410953678317,-0.04418633309345966,0.014552467358982985,13.496867179870605,-0.6145124716553287,0.0006873009450682044,3.6674223599451354e-08
2018-12-26,13.773633003234863,13.773633003234863,13.413839199466421,13.432290569828282,168900,44.323997069527216,-0.1448650113857095,-0.08054294263379988,-0.06432206875190963,0.014776613425854934,13.432290077209473,0.9870588235294118,0.025412079319763,-0.005358368461411333
2018-12-27,13.745955467224121,13.764406836941044,13.542995679196352,13.699828802551275,178800,43.79653210490987,-0.1450887075979903,-0.06461331107686454,-0.08047539652112577,0.014761314652098638,13.773633003234863,0.05861456483126104,0.0033669519041183743,-0.001342226834351568
2018-12-28,13.6998291015625,13.810534682851095,13.607574010583793,13.727505276932211,262800,42.880685135200515,-0.14729013171910488,-0.05345178815838328,-0.0938383435607216,0.013488064671270674,13.745955467224121,0.4697986577181208,-0.0020161110712678767,-3.684473699134764e-08
2018-12-31,13.607573509216309,13.810534174005578,13.561445965426513,13.6998285967959,237500,41.032525076335,-0.15469579465962724,-0.04868596087912451,-0.10600983378050273,0.013419069215794397,13.6998291015625,-0.09627092846270924,-0.00673403224921864,-0.004067810101024762
2019-01-02,13.745955467224121,13.939690450203159,13.515318624620965,13.552220484245082,267900,44.87075810169527,-0.147696020602039,-0.03334894945722902,-0.11434707114480999,0.013703729982659384,13.607573509216309,0.1279999999999999,0.014295442079345086,-0.009396023871106444
2019-01-03,13.358484268188477,13.681376169951701,13.284680555752823,13.616798141522917,203300,37.508753600528884,-0.1714381050030429,-0.04567282708658632,-0.12576527791645659,0.014140516157100633,13.745955467224121,-0.24113475177304966,-0.018970235928425862,0.011049814454106119
2019-01-04,13.755180358886719,13.76440604321318,13.478415987760673,13.506093040740055,187600,47.081627309985144,-0.15644047038968978,-0.024540153978586554,-0.13190031641110322,0.015744668371651248,13.358484268188477,-0.07722577471716674,0.01844258864464445,0.0020120519599915584
2019-01-07,13.87511157989502,13.921239121598603,13.690602292890368,13.782856496487854,264400,49.59554516441199,-0.13334022654791688,-0.001151928109450917,-0.13218829843846597,0.0157374564495186,13.755180358886719,0.4093816631130065,0.006693466149827056,-0.0013296297698870633
2019-01-08,13.801309585571289,13.88433899502629,13.662927823019482,13.856662818477886,120900,48.08182339504961,-0.11960953674274499,0.01006300935657678,-0.12967254609932177,0.015363809951685287,13.87511157989502,-0.5427382753403933,-0.003994701583759669,0.005347437422271898
2019-01-09,13.976591110229492,14.031944334819617,13.85666073660193,13.875111224925533,149100,51.84132797958832,-0.09350623037857808,0.028933052576594967,-0.12243928295517305,0.015675065361594864,13.801309585571289,0.23325062034739452,0.007313806978473716,1.4435179118400142e-07
2019-01-10,14.10575008392334,14.10575008392334,13.921240775004778,13.976593127775454,156800,54.45826850364116,-0.06168604395382715,0.048602591201076725,-0.11028863515490388,0.015838599652204004,13.976591110229492,0.05164319248826299,0.009240946986659771,-0.005232228856675744
2019-01-11,14.114974975585938,14.124200660465519,13.930465677042996,14.03194557128918,86100,54.64782507348533,-0.03531683481087988,0.0599774402752192,-0.09529427508609908,0.015325060999057886,14.10575008392334,-0.4508928571428571,0.005917169780550207,-0.00326799306807242
2019-01-14,14.050395965576172,14.068847335209707,13.939690387204148,14.068847335209707,205900,52.98518386443441,-0.01940632890409688,0.06071035694560177,-0.08011668584969865,0.015326817113052723,14.114974975585938,1.391405342624855,-0.0013115054271260296,0.0006565435425926005
2019-01-15,14.170326232910156,14.216453773942538,14.05962066231824,14.05962066231824,278000,55.68186288902617,0.0028474087749152943,0.06637127569969116,-0.06352386692477587,0.015167691769923258,14.050395965576172,0.35016998542982036,0.00787400835704072,0.003906356336507795
2019-01-16,14.179553031921387,14.23490626147423,14.14265117215607,14.225680576580467,124000,55.89147866067386,0.02098626518216129,0.06760810568554973,-0.04662184050338844,0.014431022937003057,14.170326232910156,-0.5539568345323741,-0.0032425545063214664,-0.0019518813845127328
2019-01-17,14.198003768920898,14.234905627041543,14.031944967473148,14.151876226317668,247800,56.33622368115832,0.036430313863784036,0.06644172349373798,-0.030011409629953946,0.014431007930854547,14.179553031921387,0.9983870967741935,0.0032594648133968725,0.005847981315344928
2019-01-18,14.271808624267578,14.299484800114614,14.170327846478836,14.281033429676745,213900,58.15383154336692,0.05400275854098879,0.0672113345367542,-0.013208575995765397,0.013436290083867306,14.198003768920898,-0.13680387409200967,-0.0006459480299231677,-0.005171314933361741
2019-01-22,14.06884765625,14.271808327801649,13.967367760379052,14.198004607202822,267400,51.77146648034429,0.05096430881898151,0.05133830785179752,-0.0003739990328160171,0.013803915666343525,14.271808624267578,0.25011687704534835,-0.00909683821959738,0.012458932573286964
2019-01-23,14.327159881591797,14.327159881591797,14.188778133117044,14.244130480583065,104500,58.07764293749997,0.06860907064445954,0.05518645574182044,0.013422614902639095,0.013246769249909284,14.06884765625,-0.6091997008227374,0.005829025585093706,-0.0051512392108439805
2019-01-24,14.271808624267578,14.317936170552482,14.16110304106967,14.25335725382971,232800,56.37655102963396,0.07723595957423157,0.05105067573727398,0.02618528383695759,0.013219584382879304,14.327159881591797,1.2277511961722487,0.001294528026574935,0.006464092857886578
2019-01-25,14.585474967956543,14.585474967956543,14.299484883176708,14.36406292046483,805200,62.9917441665478,0.10813655285252644,0.06556101521245507,0.04257553764007137,0.012934000623019217,14.271808624267578,2.4587628865979383,0.015414305041525652,-0.003795145491334625
2019-01-28,14.65927791595459,14.705404580260437,14.483993424277354,14.530120968392929,469700,64.36116369203921,0.13700150864758598,0.07554077680601168,0.061460731841574294,0.012887936457050771,14.585474967956543,-0.41666666666666663,0.008888910687159014,-0.002517443119549298
2019-01-29,14.530118942260742,14.668500675501289,14.428639063204981,14.622374017627509,220000,60.16531650338228,0.14775195179751144,0.06903297596474971,0.07871897583276173,0.013092320811361352,14.65927791595459,-0.5316159250585479,-0.006309172180628933,0.004444620804505828
2019-01-30,14.714631080627441,14.714631080627441,14.456318050996433,14.594699811203458,245200,63.79637216892631,0.16920979776134892,0.07239265754286975,0.09681714021847918,0.013050755257931262,14.530118942260742,0.1145454545454545,0.00821745366300162,-0.0037616969257143577
2019-01-31,14.613151550292969,14.659279098128424,14.502445963373756,14.659279098128424,264000,60.528467319035855,0.17599795046688982,0.06334464819872851,0.11265330226816131,0.013183337618939653,14.714631080627441,0.07667210440456773,-0.003146645038045879,-0.014520345878819126
2019-02-01,14.382513046264648,14.493218620524523,14.290257961143238,14.400963535403113,307500,53.78514648561209,0.16091211593515986,0.03860705093359883,0.12230506500156103,0.011856593033398423,14.613151550292969,0.1647727272727273,-0.0012811982401806706,-0.00833866215493048
2019-02-04,14.465542793273926,14.502444652244126,14.198004095787546,14.262582129032968,106300,55.69860112576578,0.1538824292009533,0.02526189135951379,0.1286205378414395,0.010192997900456342,14.382513046264648,-0.6543089430894309,0.014230288905948577,-0.006377481867191478
2019-02-05,14.493220329284668,14.557798368597629,14.364063370848944,14.373289056410739,127400,56.34742209872291,0.14882908857300592,0.01616684058525314,0.13266224798775278,0.010089999359337935,14.465542793273926,0.19849482596425205,0.008344038194962591,0.0006364089964234263
2019-02-06,14.483992576599121,14.520894433769946,14.410188862257469,14.502443945089372,83200,56.05266997047075,0.14243774355256988,0.007820396451853673,0.1346173471007162,0.009959098880254242,14.493220329284668,-0.34693877551020413,-0.0012722937292578395,-0.0019107122416616232
2019-02-07,14.207229614257812,14.456317834674877,14.13342589261048,14.456317834674877,174800,47.950956496454005,0.11372910024662453,-0.01671059748327336,0.13043969772989789,0.010747026102031433,14.483992576599121,1.1009615384615383,-0.017230405644485927,0.001298688070738226
2019-02-08,14.290258407592773,14.290258407592773,14.161102340159403,14.225680373876088,133600,50.27304046777935,0.0965638948427987,-0.027100642309679346,0.12366453715247805,0.010634072370989716,14.207229614257812,-0.2356979405034325,0.004539539200900084,0.01613941502862443
2019-02-11,14.447091102600098,14.54857187236864,14.437865418110286,14.520894818899203,189600,54.410402180401405,0.09452579910143655,-0.023310990440833207,0.11783678954226975,0.010879130733545394,14.290258407592773,0.41916167664670656,-0.005082587348752664,0.019157053339022505
2019-02-12,14.76998233795166,14.788433706077656,14.686952941003991,14.723854797446325,470400,61.51069126376595,0.11760948874406907,-0.0001818406385605542,0.11779132938262962,0.01175497858550261,14.447091102600098,1.481012658227848,0.0031328440235185713,0.016239996705231543
2019-02-13,14.834562301635742,15.009846802456323,14.825336616369444,15.009846802456323,369800,62.75993428517531,0.13950639951301902,0.0173720561043115,0.12213434340870752,0.011680323808626015,14.76998233795166,-0.21386054421768708,-0.011677967345535875,0.005596912290491492
2019-02-14,15.092874526977539,15.12054982007036,14.899138677231049,14.917590045705829,467900,67.32783432100604,0.17567838576082373,0.04283523388169297,0.13284315187913076,0.01214357986679434,14.834562301635742,0.26527852893455917,0.011750187579539186,0.010391216494984085
2019-02-15,15.231256484985352,15.314285884667365,15.139001400936516,15.249707853718993,615300,69.48711277028235,0.21305524473324944,0.06416967428329493,0.1488855704499545,0.01220624101046319,15.092874526977539,0.31502457790126104,-0.001209948997753542,0.005451358067206127
2019-02-19,15.341962814331055,15.369639870383207,15.258935165413718,15.314287517898462,315800,71.13088579629726,0.24874240273941517,0.07988546583156853,0.16885693690784664,0.012229358089374052,15.231256484985352,-0.4867544287339509,0.001807155337801206,0.003607939062333186
2019-02-20,15.443442344665527,15.45266802927017,15.341961573633899,15.397315681261743,350400,72.58862568074828,0.2819629887511059,0.09048484147460742,0.1914781472764985,0.011488004330856167,15.341962814331055,0.10956301456618123,0.002995760063549245,0.006571227254997956
2019-02-21,15.424992561340332,15.563376085018099,15.3880915787473,15.544924713911783,368700,71.87800134612004,0.3033054823838839,0.08946186808590828,0.2138436142979756,0.01109261641432153,15.443442344665527,0.052226027397260344,-0.0077151967461198965,0.010167360158954997
2019-02-22,15.683304786682129,15.692530471240389,15.517245983872272,15.581824016160681,399800,75.49511782453811,0.33717644001649916,0.09866626057481881,0.23851017944168035,0.011302772681472374,15.424992561340332,0.08435042039598595,0.006512765797906411,0.005882316001435022
2019-02-25,15.747881889343262,15.803234233805858,15.720206596921617,15.775558941384212,347500,76.31528567278187,0.3650224983168293,0.10120985510011915,0.26381264321671016,0.010553813538325778,15.683304786682129,-0.13081540770385192,-0.0017544260804822835,-0.001757177008521806
2019-02-26,15.66485595703125,15.72021007335439,15.600277914273946,15.72021007335439,479200,72.93535262770382,0.3760562588142271,0.08979489247801353,0.2862613663362136,0.010744896782778303,15.747881889343262,0.37899280575539573,-0.003521207163571275,0.00412229742103151
2019-02-27,15.72943115234375,15.766333889878801,15.664853121276785,15.72943115234375,379800,73.90344413028045,0.38556669918538766,0.07944426627933926,0.3061224329060484,0.010354858027273477,15.66485595703125,-0.20742904841402332,0.0,-0.01759517080634819
2019-02-28,15.388091087341309,15.452669124531567,15.268158938599791,15.452669124531567,568900,61.40098137436989,0.3613945695137595,0.04421770928616886,0.3171768602275906,0.01161805516563847,15.72943115234375,0.49789362822538186,-0.00417908625816231,0.011990267116506446
2019-03-01,15.443442344665527,15.618726832914865,15.35118725823854,15.572598409891663,384300,62.508593078851675,0.3427533195631227,0.02046116746842569,0.322292152094697,0.011415859846371553,15.388091087341309,-0.32448584988574447,-0.008293803116639555,0.005973802389832251
2019-03-04,15.563375473022461,15.683305861258313,15.498795676689817,15.535698417451327,274800,64.8614294175653,0.3338096459999207,0.00921399512417892,0.32459565087574177,0.010578920237735,15.443442344665527,-0.2849336455893833,0.0017815134426170578,-0.0011854829677224285
2019-03-05,15.461895942687988,15.591052026531813,15.369640842962541,15.544925356478924,333900,61.352946430601996,0.3149031626288501,-0.0077539905975133605,0.32265715322636346,0.010825153151920291,15.563375473022461,0.21506550218340603,-0.005341255225540851,0.005966297313475846
2019-03-06,15.397313117980957,15.591047183568115,15.240480025049823,15.55414621091209,540100,59.159725992650316,0.29134984448253753,-0.02504584699506074,0.3163956914775983,0.010953824858080566,15.461895942687988,0.6175501647199761,-0.010083040933555493,0.004793421840752628
2019-03-07,15.046746253967285,15.471118934969594,15.037520569639042,15.471118934969594,508900,48.933962268821254,0.24161071610490126,-0.05982798029815767,0.3014386964030589,0.012375439500402263,15.397313117980957,-0.057767080170338825,-0.027429992800526732,-0.0006130319411056091
2019-03-08,14.899140357971191,15.046747803182011,14.843788005922018,15.037522117903892,545000,45.37742797242546,0.18811308574547247,-0.09066048852606917,0.27877357427154165,0.011697572269008109,15.046746253967285,0.07093731577913154,-0.0092024310154092,0.006191949789434547
2019-03-11,15.305061340332031,15.332738395494081,14.945268421322908,14.991395086973487,312000,55.05232459224482,0.17643641000267785,-0.08186973141509102,0.25830614141776886,0.012937850637949149,14.899140357971191,-0.4275229357798165,0.02092308631310099,0.005424899598379029
2019-03-12,15.674078941345215,15.75710834189846,15.388089761450365,15.388089761450365,673100,61.69469871876155,0.19471464749296175,-0.0508731951398457,0.24558784263280745,0.013650268304855544,15.305061340332031,1.157371794871795,0.01858509953661037,0.005885861314662724
2019-03-13,15.821686744689941,15.821686744689941,15.729431657508831,15.766334396229048,326900,63.98725121048057,0.21859121505281465,-0.02159730206399424,0.2401885171168089,0.013036370106994344,15.674078941345215,-0.514336651314812,0.00351079376282493,1.3873646677541864e-07
2019-03-14,15.655630111694336,15.830914625694852,15.61872912747404,15.821688939734859,243800,59.661271255247,0.2215601765766646,-0.014902672432115432,0.23646284900878003,0.01340427969271255,15.821686744689941,-0.25420617925971245,-0.010495644850119628,-2.2672439279479508e-07
2019-03-15,15.544921875,15.655626562181105,15.50801913952678,15.655626562181105,217300,56.89937759136054,0.2125299574464954,-0.01914631324982774,0.23167627069632313,0.013112657151015035,15.655630111694336,-0.10869565217391308,-0.007071239642910972,0.008902274875627293
2019-03-18,15.830914497375488,15.830914497375488,15.600277629104145,15.683307042451402,840100,61.81688864177156,0.22584723190783862,-0.004663231030787612,0.23051046293862623,0.013549690691023608,15.544921875,2.8660837551771743,0.009411755730124038,-0.000582966672194478
2019-03-19,15.747881889343262,15.821685601833158,15.701755228894315,15.821685601833158,326500,59.687647744393395,0.2270835524899919,-0.00274152835890748,0.22982508084889938,0.013583435212720046,15.830914497375488,-0.6113557909772647,-0.004664718687201387,-0.00995874867810442
2019-03-20,15.627955436706543,15.720210540366105,15.489573661027071,15.59105269139482,514600,56.652447651478234,0.21589755042817949,-0.011142024336575934,0.22703957476475542,0.013668009083334522,15.747881889343262,0.5761102603369066,0.0023669181319674938,-0.01062597053726148
2019-03-21,15.471118927001953,15.489570295648935,15.323511497064828,15.461893242678464,444700,52.86629107529163,0.1921620431904607,-0.027902025259435775,0.22006406844989648,0.013873339128461774,15.627955436706543,-0.13583365720948304,0.0005966723595027928,-0.0035776971425340418
2019-03-22,15.185131072998047,15.452670693806795,15.185131072998047,15.415767949025014,351400,46.73306141221824,0.14856212132366764,-0.05720155770098309,0.20576367902465073,0.01390392756840937,15.471118927001953,-0.2098043624915673,-0.014961101956750322,-0.006682800420795708
2019-03-25,15.111327171325684,15.166681287869299,15.037523442220566,15.083651872673578,355200,45.273342092200934,0.10682213202028024,-0.0791532376034964,0.18597536962377664,0.013857145925788123,15.185131072998047,0.010813887307911108,0.0018347876817711654,0.010378412618051388
2019-03-26,15.314287185668945,15.38809090725402,15.22203209378272,15.268158759916073,258300,49.90713716543162,0.0890930574194222,-0.07750584976348357,0.16659890718290576,0.014248150906918517,15.111327171325684,-0.27280405405405406,0.003021217324119966,0.005421567794353587
2019-03-27,15.194353103637695,15.39731463186825,15.175903495305251,15.39731463186825,206100,47.35546533727491,0.06462006014936961,-0.08158307762682893,0.14620313777619853,0.014271132705032566,15.314287185668945,-0.20209059233449478,-0.013181618553827526,0.0
2019-03-28,15.194353103637695,15.258932891468788,15.13900075940177,15.194353103637695,240900,47.35546533727491,0.04470964849734038,-0.08119479142308653,0.1259044399204269,0.01346736364169167,15.194353103637695,0.1688500727802038,0.0,0.00121437992052624
2019-03-29,15.277382850646973,15.480344383538547,15.212804820952138,15.212804820952138,144000,49.43135351795697,0.03522426706703463,-0.07254413828271382,0.10776840534974845,0.013504036063097205,15.194353103637695,-0.402241594022416,0.0042449785200617835,0.011473452087595357
2019-04-01,15.692529678344727,15.70175536243684,15.40654050996647,15.452667170807722,496400,58.287916923749194,0.06050841012667796,-0.0378079961784564,0.09831640630513436,0.01476434080117133,15.277382850646973,2.4472222222222224,0.015522401724288683,2.006314344543895e-07
2019-04-02,15.526473999023438,15.701758512702542,15.49879694119421,15.692532826759466,689200,54.19896859898887,0.06638176249106209,-0.025547715051257816,0.0919294775423199,0.014893582901329853,15.692529678344727,0.38839645447219984,-0.010582028380584887,0.004753219890087957
2019-04-03,15.646401405334473,15.701755510408809,15.544922398603529,15.60027474405853,258900,56.56862851321232,0.07979376313764419,-0.009708571523740578,0.08950233466138477,0.014942409399139616,15.526473999023438,-0.6243470690655832,0.0029567851869731396,-0.001768835292960981
2019-04-04,15.720206260681152,15.738655868694527,15.517244735960615,15.618725498320883,258800,58.00849870617066,0.09527997702643809,0.004622113892042659,0.09065786313439543,0.0138761557901291,15.646401405334473,-0.00038624951718813083,0.006497377930816407,1.628293809830745e-07
2019-04-05,15.766335487365723,15.78478685800279,15.65562902316287,15.720208820392607,312500,58.92508301047809,0.11000706323293485,0.015479360078831536,0.09452770315410332,0.01358111500912384,15.720206260681152,0.20749613601236483,0.0029342273693768886,-0.002340744688538089
2019-04-08,15.747881889343262,15.766333257370562,15.646401124812416,15.729430521315962,205300,58.376129112500614,0.11881965499711455,0.019433561474408986,0.09938609352270557,0.012331270042105649,15.766335487365723,-0.34304,0.0011730474286589924,-0.004686563275650055
2019-04-09,15.637177467346191,15.710981181095924,15.618726099003924,15.674078444411391,231300,55.062094832821025,0.11553891510891567,0.012922257268968076,0.1026166578399476,0.011243942975904139,15.747881889343262,0.12664393570384802,-0.0023542677291089257,0.002949774442104499
2019-04-10,15.544921875,15.692529297654326,15.517244823395085,15.683303613786022,245900,52.39274630063944,0.10429243158930568,0.0013406189994864537,0.10295181258981922,0.011085100367466055,15.637177467346191,0.06312148724600086,-0.008823506972369043,0.005341289088704238
2019-04-11,15.646401405334473,15.747882171684754,15.563373766961641,15.627951796595697,460400,54.97825107709371,0.10238779955259503,-0.00045121042977935844,0.10283900998237439,0.010956213799404835,15.544921875,0.8723058153721024,0.00118055193533386,0.007075364489181526
2019-04-12,15.849360466003418,15.867811831483662,15.738654032741012,15.757105398221256,350100,59.69308552633579,0.11591922032303437,0.010464168272527982,0.10545505205050638,0.011186959590569551,15.646401405334473,-0.23957428323197216,0.0058548232972139725,0.0011643580117160022
2019-04-15,15.674078941345215,15.867814795842584,15.674078941345215,15.867814795842584,377200,54.39503908488584,0.11121717228927253,0.004609696191012896,0.10660747609825963,0.010708823366051778,15.849360466003418,0.07740645529848611,-0.01220935944803997,-3.084542165913868e-08
2019-04-16,15.646401405334473,15.692529826229753,15.60027474405853,15.67407845787164,264200,53.58627608263395,0.10405790474869647,-0.0020396570796505364,0.10609756182834701,0.01065484340962549,15.674078941345215,-0.29957582184517495,-0.0017657849940944054,1.0915565149257457e-07
2019-04-17,15.508021354675293,15.646403113227612,15.498795669489201,15.646403113227612,398300,49.61435952569751,0.08622408249482305,-0.01589878346681918,0.10212286596164223,0.010702867071418643,15.646401405334473,0.5075700227100681,-0.00884431760775289,0.0023795984012516458
2019-04-18,15.388091087341309,15.544924217497455,15.351188346307136,15.544924217497455,282000,46.40408099145091,0.06170201715252688,-0.03233667904729229,0.09403869619981917,0.010604931115817753,15.508021354675293,-0.29199096158674365,-0.010089025070936905,-0.0005995241095871721
2019-04-22,15.341962814331055,15.378865555733924,15.28661046184631,15.378865555733924,173400,45.19284685427451,0.03810666763107484,-0.04474562285499546,0.0828522904860703,0.009730039910297928,15.388091087341309,-0.38510638297872335,-0.0023995750056551037,-0.0012025863571041727
2019-04-23,15.554149627685547,15.554149627685547,15.32351277915934,15.32351277915934,355700,51.46814924481254,0.03611260206128186,-0.03739175073983077,0.07350435280111263,0.010073711870723041,15.341962814331055,1.0513264129181086,0.015051173438500513,-0.0005931235385228796
2019-04-24,15.508021354675293,15.572599391358406,15.489571743922639,15.54492409541966,112400,50.12451493440651,0.030459012077734826,-0.03443627257870224,0.06489528465643707,0.009711734237313764,15.554149627685547,-0.6840033736294631,-0.002373941520579067,-1.1141208044938154e-08
2019-04-25,15.489571571350098,15.526472552063813,15.415766090683647,15.5080211818972,179600,49.56714289549607,0.02421067239997754,-0.032547689805167625,0.056758362205145164,0.009517219209770927,15.508021354675293,0.5978647686832741,-0.0011896817995476821,0.002382227030173406
2019-04-26,15.406540870666504,15.572597909354348,15.323511471512901,15.526471247433173,895600,47.03245350953586,0.012415812798487025,-0.03547403952532651,0.047889852323813535,0.009621924712957003,15.489571571350098,3.986636971046771,-0.007724252011640851,-1.3433364284906507e-07
2019-04-29,15.397313117980957,15.471116822912132,15.360410385705809,15.406538801049745,270000,46.74635176268754,0.002297218163731074,-0.03647410732806597,0.03877132549179704,0.009560467306623868,15.406540870666504,-0.6985261277355963,-0.0005988160733518817,0.0017976998024985186
2019-04-30,15.378866195678711,15.434218550466776,15.295836783686797,15.42499286473216,209300,46.14207945399065,-0.00712818417722616,-0.03671960773521857,0.029591423557992404,0.007196659672375942,15.397313117980957,-0.2248148148148148,-0.0029903851144665833,0.0017995221340838497
2019-05-01,15.222030639648438,15.406540805794949,15.194353586840656,15.406540805794949,315600,41.25884748497485,-0.026942624279511662,-0.04522723827000325,0.01828461399049159,0.0071701904802311004,15.378866195678711,0.5078834209268992,-0.011976093042061091,0.004242509172362671
2019-05-02,15.139002799987793,15.314287299917332,15.139002799987793,15.286610244259132,376300,38.911119321723156,-0.048783023258165414,-0.053654109798925605,0.00487108654076019,0.006931186273352387,15.222030639648438,0.19233206590621044,-0.009655995797156695,0.003046856808789505
2019-05-03,15.240483283996582,15.305061319668003,15.15745387824204,15.18512917374722,117600,43.16777801341262,-0.05724320580475073,-0.04969143387640874,-0.007551771928341994,0.00704019739269967,15.139002799987793,-0.6874833909115068,0.0036452841208003497,-0.021186351882522048
2019-05-06,15.111327171325684,15.139004229597491,14.788436956253104,14.917593042282135,393800,39.404473914590056,-0.07352226145112617,-0.052776391618227336,-0.02074586983289883,0.007121603451097606,15.240483283996582,2.348639455782313,0.012986956306854069,-0.0030526505052073803
2019-05-07,14.917590141296387,15.065197570801782,14.87146347943321,15.065197570801782,313700,34.54021178150592,-0.1008934526128602,-0.0641180662239691,-0.03677538638889111,0.007507953692872832,15.111327171325684,-0.2034027425088878,-0.009797908644190435,0.0043290295636218105
2019-05-08,14.963717460632324,15.028297253545368,14.917590796742443,14.982168830036052,243300,36.54857867706186,-0.11750866291946949,-0.0645866212244627,-0.05292204169500679,0.007540238178277825,14.917590141296387,-0.22441823398151095,-0.0012315552983715391,-0.009864306104984785
2019-05-09,14.825336456298828,14.88068880767943,14.650052837180574,14.816110771132141,359100,33.25251287254028,-0.14022608828692462,-0.06984323727353427,-0.07038285101339035,0.007663516335546712,14.963717460632324,0.47595561035758327,0.0006226792786040839,0.0018668998549769254
2019-05-10,15.028298377990723,15.046747989155447,14.769984465869326,14.853013874779077,472300,41.5748950196412,-0.14023592821720854,-0.055882461763054544,-0.084353466454154,0.008244956223755174,14.825336456298828,0.31523252575884153,0.011801275127688743,-0.012277603073270055
2019-05-13,14.889913558959961,14.963717276045015,14.742306124789856,14.843786895639084,617000,38.08784849520054,-0.14968475215117216,-0.05226502855761453,-0.09741972359355763,0.0075938348262486865,15.028298377990723,0.3063730679652763,0.0031074727524165674,0.010532773861451556
2019-05-14,15.129775047302246,15.231255811228888,15.046745651293048,15.046745651293048,524200,46.468749764097716,-0.1362476179621428,-0.031062315494868126,-0.10518530246727467,0.008472400438068826,14.889913558959961,-0.1504051863857374,0.005518096599317701,0.006707506340447187
2019-05-15,15.341962814331055,15.415766537517234,15.129777330123234,15.231258109361566,588500,52.58362597696563,-0.10724060984066597,-0.0016442458987130232,-0.10559636394195294,0.00917559153991761,15.129775047302246,0.12266310568485306,0.007268257433143154,-1.3218376327211857e-07
2019-05-16,15.452667236328125,15.461892920459356,15.249707464299012,15.341960786372674,736800,55.4433376251507,-0.0744610842318707,0.0249082237680658,-0.0993693079999365,0.009150353253907454,15.341962814331055,0.2519966015293118,0.007215925754013455,-0.009551977694315768
2019-05-17,15.14823055267334,15.305063703569035,15.092878193421852,15.305063703569035,613600,47.041213094154664,-0.0722161077731478,0.02172256018143097,-0.09393866795457877,0.01002284727422,15.452667236328125,-0.16720955483170463,-0.010247141333957495,-0.0048721642070544725
2019-05-20,15.212807655334473,15.258936084867608,15.055974514161141,15.074425885974396,554100,48.813213709120284,-0.06448279771117349,0.023564696194724233,-0.08804749390589772,0.010068065472011197,15.14823055267334,-0.09696870925684486,0.009179903129102286,0.0012128341579954352
2019-05-21,15.351188659667969,15.369640030561698,15.222032582651012,15.231258268097877,269700,52.48234651692561,-0.04665014933731193,0.033117875654868636,-0.07976802499218057,0.009767690810107796,15.212807655334473,-0.5132647536545749,0.007873964807049999,-0.0018027303273701694
2019-05-22,15.185131072998047,15.323514606310004,15.129778715445097,15.323514606310004,314500,48.03285018734892,-0.04539383459827029,0.027499352315128234,-0.07289318691339852,0.010021780898728476,15.351188659667969,0.16611049314052662,-0.009030795928172578,3.0685918403543134e-08
2019-05-23,15.14823055267334,15.18513153896774,15.037524074550587,15.18513153896774,426000,47.077700793692365,-0.046835865018390876,0.020845857516006122,-0.067681722534397,0.0100268286086535,15.185131072998047,0.3545310015898251,-0.0024300735360576636,-0.004263256258803283
2019-05-24,14.972943305969238,15.08364976395986,14.899139587181974,15.08364976395986,471400,42.73082948605381,-0.061414947107206075,0.005013420341752742,-0.06642836744895882,0.010260309870480192,15.14823055267334,0.10657276995305165,-0.007339500699302796,0.0043130128156026815
2019-05-28,14.936042785644531,15.055973172504205,14.908365730390988,15.037521802335176,361000,41.85469144576005,-0.07508105068295556,-0.006922146587197392,-0.06815890409575817,0.010261350485702161,14.972943305969238,-0.2341960118795079,-0.006748387003162055,-0.0006176647306614782
2019-05-29,15.139002799987793,15.166679855645995,14.86223928188392,14.926817318800188,534600,48.15162410485002,-0.06874194492508323,-0.00046643266346003964,-0.06827551226162319,0.010800474372370342,14.936042785644531,0.4808864265927977,0.014215051786046817,-1.000352092528888e-07
2019-05-30,14.917590141296387,15.13900128555448,14.899138772703372,15.13900128555448,330100,42.71675300420297,-0.08065457335882797,-0.009903248877763823,-0.07075132448106415,0.011047282774273179,15.139002799987793,-0.38252899364010473,-0.014625214707482858,-0.0030920136018659106
2019-05-31,14.936042785644531,14.972943766363082,14.834562009334379,14.871464749672437,779400,43.29122573252233,-0.0875966830001289,-0.0134762868152518,-0.0741203961848771,0.011004980934897846,14.917590141296387,1.361102696152681,0.004342412604213461,-0.0006176704408299306
2019-06-03,14.825336456298828,14.926817233512867,14.714630873727863,14.926817233512867,429800,40.65687094722409,-0.100868679128439,-0.021398626354849515,-0.07947005277358948,0.010963348310464532,14.936042785644531,-0.4485501667949705,-0.006798554281632143,0.0018667188313793688
2019-06-04,14.98216724395752,14.98216724395752,14.853011191043336,14.853011191043336,611800,45.69806316667048,-0.0976067479726801,-0.014509356159272485,-0.08309739181340761,0.011135646988974313,14.825336456298828,0.42345276872964166,0.008695614057846196,0.0030789944362991464
2019-06-05,14.963717460632324,15.083649602137113,14.908365112040581,15.028297253545368,357900,45.21148101033587,-0.0954105538797485,-0.009850529653072704,-0.0855600242266758,0.010748468384748673,14.98216724395752,-0.4150049035632559,-0.004297212905993633,-1.074159211897925e-08
2019-06-06,14.95449161529541,14.982168669103704,14.843786919301067,14.963717299898175,341500,44.95371623559719,-0.09333855410298852,-0.006222823901050181,-0.08711573020193834,0.010728087441761585,14.963717460632324,-0.04582285554624199,-0.0006165369485313182,0.0024676401952055936
2019-06-07,15.102100372314453,15.148227034374104,14.991393919904178,14.991393919904178,380900,49.87749198435757,-0.07887644768830704,0.006591426010905052,-0.08546787369921209,0.010710210997114528,14.95449161529541,0.11537335285505135,0.007384667029747599,2.1046473474102591e-07
2019-06-10,15.065200805664062,15.157455908819173,15.055975119386579,15.102103550774002,303300,48.704663161225135,-0.0695904158120122,0.012701966309759921,-0.08229238212177212,0.010302303688022728,15.102100372314453,-0.2037280126017328,-0.002443549998572762,0.004898742826347967
2019-06-11,15.102100372314453,15.20357938076956,15.09287468797865,15.139001350038301,199600,49.9715327293625,-0.05857842636631361,0.018971164604366805,-0.07754959097068041,0.01007076996488025,15.065200805664062,-0.34190570392350805,-0.0024374776691432464,-0.0012216290895201165
2019-06-12,15.000621795654297,15.092876892870349,14.945269441172513,15.083651207186781,245300,46.56544696932824,-0.057378396005775656,0.016136955971923814,-0.07351535197769947,0.00951756933342908,15.102100372314453,0.22895791583166325,-0.005504596360125591,-1.0640989023845986e-07
2019-06-13,14.963717460632324,15.009845884141642,14.926816481444307,15.000620199439778,209900,45.3547284656273,-0.05872825198140319,0.011829679997037032,-0.07055793197844022,0.008897570855022314,15.000621795654297,-0.1443130860171219,-0.00246008087111172,0.0036992861010050927
2019-06-14,15.019072532653809,15.083650570091546,14.963718420890421,15.019072532653809,162000,47.557295834632995,-0.0547007743995529,0.012685726063109859,-0.06738650046266276,0.008755929160304585,14.963717460632324,-0.22820390662220102,0.0,-0.004914002997293531
2019-06-17,14.834562301635742,14.945268765211779,14.816110931103147,14.945268765211779,298200,41.54617601208805,-0.06564073746478982,0.001396610398298359,-0.06703734786308818,0.00806957879165565,15.019072532653809,0.8407407407407408,-0.007407458863083745,0.002487534607895548
2019-06-18,14.880687713623047,14.917590451576638,14.806883997335259,14.871463788754044,329100,43.46981310655948,-0.06978437096176116,-0.0021976184789383735,-0.06758675248282278,0.008033910618883313,14.834562301635742,0.10362173038229372,0.000620243238999672,0.0024798906944196114
2019-06-19,15.046746253967285,15.046746253967285,14.899138823954141,14.917590192610625,585100,49.86635356041214,-0.05898870884831808,0.006878434907603759,-0.06586714375592184,0.00818319731227044,14.880687713623047,0.777879064114251,0.008657970871236109,0.005518035894393132
2019-06-20,15.166677474975586,15.194352766670141,15.102099448195949,15.129774739890502,304900,53.921605070637625,-0.04029117008813898,0.020460778934226292,-0.060751949022365276,0.00807079680451658,15.046746253967285,-0.4788924970090582,0.002439080271815797,-0.0018247981459979946
2019-06-21,15.102100372314453,15.139001350038301,15.06519763497124,15.139001350038301,257600,51.50572702763317,-0.030334392410390265,0.02433404528958001,-0.054668437699970276,0.008109660610883182,15.166677474975586,-0.15513283043620862,-0.0024374776691432464,0.00244363554845268
2019-06-24,15.185131072998047,15.212808131584383,15.129778715445097,15.139004401640541,666100,54.33847193137711,-0.015564275458357812,0.031283329793289974,-0.046847605251647786,0.007730542767545028,15.102100372314453,1.5857919254658386,0.0030468761441477072,-0.0012151702940006422
2019-06-25,15.0559720993042,15.166678552807634,15.046746414877298,15.166678552807634,791800,49.49508003396629,-0.014118155799625498,0.02618355956161783,-0.04030171536124333,0.007976144669734106,15.185131072998047,0.18871040384326676,-0.007299320884132572,0.004902050638145059
2019-06-26,15.019072532653809,15.129777236941488,14.963718420890421,15.129777236941488,332300,48.17397888198715,-0.015767820577011094,0.019627115827385792,-0.035394936404396886,0.007366537466867116,15.0559720993042,-0.5803233139681738,-0.00731700821195026,-0.0012286407678801753
2019-06-27,14.788434028625488,15.00984517210866,14.751531291568618,15.00061948784444,744800,40.83691648685173,-0.03527911585981869,9.26564356625581e-05,-0.035371772295481246,0.007442409539790633,15.019072532653809,1.2413481793560037,-0.014145113099555271,0.0006239628010958795
2019-06-28,14.779210090637207,14.954492833510276,14.7515330345743,14.797661461345811,484900,40.57078738007323,-0.05089951472877807,-0.012422193946637461,-0.03847732078214061,0.007432382724003417,14.788434028625488,-0.34895273899033297,-0.001246911260728756,0.014356813894750145
2019-07-01,15.009843826293945,15.046744800422843,14.908363068105883,14.991392459419899,565200,49.44265122489764,-0.04415953476199519,-0.004545771183883662,-0.03961376357811153,0.00806142094937644,14.779210090637207,0.1656011548772942,0.0012307974008413398,0.004302475189311135
2019-07-02,15.046746253967285,15.102100359936736,14.982168223288955,15.07442330695201,320800,50.71055304329172,-0.03543189771137989,0.003345492693385313,-0.0387773904047652,0.007732817961105523,15.009843826293945,-0.43241330502477004,-0.0018360273173409361,-0.0024522758612807657
2019-07-03,15.000621795654297,15.019073167021432,14.936043755488946,15.009847481337864,296000,49.05462183995948,-0.03186966709314376,0.005526178649297157,-0.03739584574244092,0.007762047295670691,15.046746253967285,-0.07730673316708225,-0.0006146422003979758,0.006150042377434923
2019-07-05,15.019072532653809,15.102101940679342,14.982169791478217,15.092876255385445,414700,49.76134459210489,-0.027243704915440148,0.008121712661600618,-0.035365417577040766,0.007763409120285326,15.000621795654297,0.40101351351351355,-0.004889970704245421,-0.005528235510634963
2019-07-08,14.862239837646484,14.963718859615554,14.825337095388932,14.93604356254199,513100,44.1544048512477,-0.03581977625924182,-0.00036348694576084084,-0.03545628931348098,0.00776645845221947,15.019072532653809,0.23727996141789243,-0.004941316928172139,-0.0031037654517249696
2019-07-09,14.834562301635742,14.843787986902042,14.7607585791249,14.816110931103147,348200,43.22868138547666,-0.04433861250656257,-0.007105858554465272,-0.0372327539520973,0.007760960134943816,14.862239837646484,-0.32137984798284935,0.0012453585572082158,0.004353228573341745
2019-07-10,15.028298377990723,15.06519935993974,14.899140542120241,14.899140542120241,328900,50.97649792669141,-0.035052901338605835,0.0017438820907931668,-0.036796783429399,0.008332254858288425,14.834562301635742,-0.05542791499138422,0.008668811164331864,0.002455368894025864
2019-07-11,14.972943305969238,15.10210113356154,14.945268011186174,15.06519839435818,255800,48.92208877067086,-0.03179409746412887,0.0040021487722161075,-0.035796246236344975,0.008234538023295723,15.028298377990723,-0.22225600486470054,-0.00612372210269007,-1.222572414951953e-07
2019-07-12,15.157451629638672,15.166677313311606,14.972941475418493,14.972941475418493,263200,55.377372183199334,-0.01415996493398275,0.017309025041889782,-0.03146898997587253,0.00866023741574995,14.972943305969238,0.02892885066458173,0.012322906258806585,-0.001825995462699886
2019-07-15,15.009843826293945,15.129774191736859,14.96371540910883,15.129774191736859,271100,49.93977757267089,-0.01195766347565197,0.015609061200176452,-0.027566724675828422,0.008930622208178281,15.157451629638672,0.030015197568389107,-0.0079267782799041,0.004302678451928141
2019-07-16,15.185131072998047,15.194356759193493,15.055974985501257,15.074426357892147,334400,55.52472181767028,0.0038870842812084305,0.025163047165629483,-0.021275962884421053,0.008801218315567976,15.009843826293945,0.233493175949834,0.007343875811761223,-1.9169778512883052e-07
2019-07-17,15.0559720993042,15.185128162042053,14.954491330227665,15.185128162042053,541700,51.00895562412146,0.005953483234439005,0.021783556895088048,-0.015830073660649042,0.009048694254132666,15.185131072998047,0.6199162679425838,-0.00850543119291563,-0.0006126652153314695
2019-07-18,15.019072532653809,15.074424884797649,14.88068901286489,15.046747828915954,227000,49.76375434559566,0.004561055636120415,0.016312903437415566,-0.011751847801295151,0.008720552526767908,15.0559720993042,-0.5809488646852501,-0.0018392875707640335,0.0006141607328633935
2019-07-19,15.102100372314453,15.166678403045712,15.028296657247392,15.028296657247392,326100,52.569437086924346,0.010041447939297399,0.01743463659247404,-0.0073931886531766414,0.008618741867303322,15.019072532653809,0.4365638766519824,0.004910983376913151,0.0018327365406189732
2019-07-22,15.111327171325684,15.148229915688093,15.019073829659062,15.12977854350689,137500,52.88435584070165,0.014956811084401167,0.017879999790062245,-0.00292318870566108,0.008566042469214549,15.102100372314453,-0.5783501993253604,-0.0012195401359079534,0.0024419431086420474
2019-07-23,15.175905227661133,15.249708948273621,15.120551117487144,15.148228172574138,356900,55.129871809972926,0.023788956947530693,0.021369716522553418,0.0024192404249772747,0.00852946847894064,15.111327171325684,1.5956363636363635,0.001827082004026348,0.0030394878585334626
2019-07-24,15.139002799987793,15.268158873820331,15.055973392632724,15.222032207342863,489100,53.55900920682422,0.027493846718806836,0.020059685035063647,0.007434161683743187,0.00831598755064079,15.175905227661133,0.37041188007845327,-0.005454554702296472,0.0030467916372568593
2019-07-25,15.120550155639648,15.222030924883743,15.065197808606225,15.185128187115204,210200,52.74961724357684,0.028611212127572117,0.016941640355063143,0.011669571772508974,0.008299023783777644,15.139002799987793,-0.5702310365978327,-0.004252715596457782,0.0006101339458607786
2019-07-26,15.231256484985352,15.240482169352171,15.129775716569695,15.129775716569695,171900,56.95272515134019,0.0379918613030128,0.021057831624403056,0.01693402967860974,0.007553038462470915,15.120550155639648,-0.18220742150333014,0.006707354445744895,-0.0006056150161729158
2019-07-29,15.139002799987793,15.222032207342863,15.102101818729727,15.222032207342863,156400,52.74235137930344,0.037549148761996776,0.016492095266709625,0.02105705349528715,0.007729218529623242,15.231256484985352,-0.09016870273414779,-0.005454554702296472,-0.006093884411696309
2019-07-30,14.871464729309082,15.04674746681632,14.853013359165319,15.04674746681632,421800,42.84918598844308,0.01543231536361489,-0.00449979050533781,0.0199321058689527,0.008047418667760526,15.139002799987793,1.6969309462915603,-0.011649211093214812,0.013647525117152984
2019-07-31,14.9268159866333,15.074423417731182,14.8622379554804,15.074423417731182,199900,45.141865752143985,0.002343930061817545,-0.014070540645708125,0.01641447070752567,0.008076212512322675,14.871464729309082,-0.5260787102892366,-0.009791912234882528,0.0012361011074618344
2019-08-01,14.723855018615723,15.092874468391834,14.723855018615723,14.945267040405257,673300,38.96871625288986,-0.0241278328519563,-0.032433842847585576,0.008306009995629277,0.008588375472125686,14.9268159866333,2.368184092046023,-0.014814858857385177,0.00814547602274315
2019-08-02,14.825336456298828,14.908365863179492,14.714630873727863,14.843787826632203,446400,43.154548138014626,-0.036497471640423385,-0.03584278530884213,-0.0006546863315812562,0.008753868962201318,14.723855018615723,-0.3369968810337145,-0.0012430365179614392,-0.026135714224283596
2019-08-05,14.09652328491211,14.4839932429362,13.948915849438116,14.437865699398149,969100,28.19731377157407,-0.10391180092559615,-0.08260569167521192,-0.021306109250384238,0.013843589820509487,14.825336456298828,1.1709229390681002,-0.023642165787722238,0.0013089129033723962
2019-08-06,14.078072547912598,14.188778122572064,14.022719320678014,14.11497440613242,301000,27.9333586629283,-0.15701696897604123,-0.10856868778052559,-0.04844828119551564,0.013845586229298474,14.09652328491211,-0.6894025384377257,-0.002614376559109463,-0.0013107270128882504
2019-08-07,14.373286247253418,14.410188102478589,14.031943866468177,14.059620037934648,329500,37.94304103040267,-0.1732844041795314,-0.09986889838721259,-0.0734155057923188,0.01441531881429518,14.078072547912598,0.09468438538205981,0.02230972163347647,0.005776697172352774
2019-08-08,14.603923797607422,14.631599970467269,14.437865000828998,14.456316369275344,327400,44.436201485870676,-0.1656563576106702,-0.07379268145468112,-0.09186367615598909,0.01496757706416224,14.373286247253418,-0.006373292867981828,0.010210583703452613,-0.008212113842718733
2019-08-09,14.437867164611816,14.603925986277243,14.41019098760418,14.48399471283108,320200,41.10166158148928,-0.17103882908359758,-0.06334012234208677,-0.1076987067415108,0.01478254685924628,14.603923797607422,-0.02199144777031159,-0.003184725563203951,-0.009584688431622615
2019-08-12,14.207229614257812,14.336386567045523,14.161102948085551,14.299484706221858,445300,36.95386600911069,-0.19170514175776354,-0.06720514801300218,-0.12449999374476137,0.015011183553963527,14.437867164611816,0.39069331667707674,-0.006451637514175867,-0.002597469821435754
2019-08-13,14.327159881591797,14.483992999095024,14.17032676408857,14.17032676408857,435200,40.326159925696324,-0.19614493643871356,-0.05731595415516175,-0.1388289822835518,0.01486549200552946,14.207229614257812,-0.022681338423534703,0.011067713547769751,-0.013522174144948438
2019-08-14,14.059621810913086,14.225680620271897,14.059621810913086,14.133425530670394,529200,35.734252417567646,-0.21873020644016883,-0.06392097932529361,-0.15480922711487521,0.015240145061563432,14.327159881591797,0.2159926470588236,-0.005221927238881279,0.003936893289417696
2019-08-15,14.234904289245605,14.290256631319712,14.11497304167222,14.11497304167222,381600,40.513528004745,-0.21994991878013437,-0.05211255333220732,-0.16783736544792704,0.01564388821148498,14.059621810913086,-0.2789115646258503,0.008496739400019195,0.0038885097275005195
2019-08-16,14.373286247253418,14.42863946999599,14.262580681577905,14.290256853044376,202600,44.051057287177386,-0.20735996548711988,-0.03161808003135427,-0.1757418854557656,0.015785441237007248,14.234904289245605,-0.4690775681341719,0.005810210065703167,0.007060496234865337
2019-08-19,14.419416427612305,14.502445837030827,14.410190742163628,14.474768780684792,253400,45.22052981189274,-0.1914530650096946,-0.012568943643143204,-0.1788841213665514,0.01582174528493133,14.373286247253418,0.25074037512339586,-0.0038240578423850355,0.007677453485222222
2019-08-20,14.465542793273926,14.576248370184526,14.428640934303726,14.530120826519347,145100,46.42639234131759,-0.1731289962636655,0.004604100082308715,-0.17773309634597423,0.015800343702189797,14.419416427612305,-0.4273875295974744,-0.004444425068204408,0.0063774851141141205
2019-08-21,14.62237548828125,14.64082597732451,14.539346088062352,14.557796577105611,180400,50.422495463152444,-0.1442886818750111,0.02675553157677052,-0.1710442134517816,0.016069829188711172,14.465542793273926,0.24328049620951075,0.004436036101589666,0.0012619191739521684
2019-08-22,14.677729606628418,14.705405783438302,14.594700196388969,14.64082774427864,174100,51.78936376707275,-0.11563296535620537,0.04432899847646099,-0.15996196383266637,0.01611513850028897,14.62237548828125,-0.03492239467849223,0.002520476505448827,-0.004399844465098894
2019-08-23,14.382513046264648,14.613149879258476,14.354836872652104,14.613149879258476,297800,44.70960719231927,-0.115414189817999,0.03563821921173391,-0.1510524090297329,0.016500314646405955,14.677729606628418,0.710511200459506,-0.015782828130791106,0.006414375695965637
2019-08-26,14.364062309265137,14.502444943035412,14.327160449555011,14.474767888395517,266500,44.301984255132965,-0.1153993767231487,0.028522425845267374,-0.14392180256841608,0.016484200793236467,14.382513046264648,-0.10510409670920084,-0.00764817646707368,0.0006422627088565481
2019-08-27,14.290258407592773,14.428641039598174,14.262582233115584,14.37328781083407,258100,42.627808484809385,-0.11996016914152285,0.01916930674151457,-0.13912947588303742,0.01611076932068713,14.364062309265137,-0.031519699812382784,-0.005776646535854626,0.0006456053395909997
2019-08-28,14.364062309265137,14.391739363905033,14.253356730134758,14.29948427472485,196000,44.87137881330787,-0.1162788813684763,0.01828047561164889,-0.1345593569801252,0.016140308305770595,14.290258407592773,-0.2406044168926773,0.004516109343497902,-0.0006422866413607235
2019-08-29,14.354836463928223,14.419414493788667,14.244130013010786,14.354836463928223,309100,44.63639449149891,-0.1128055309592817,0.01740306081667481,-0.1302085917759565,0.015899858311835886,14.364062309265137,0.5770408163265306,0.0,0.0038560593236041806
2019-08-30,14.465542793273926,14.502444652244126,14.364062021248587,14.410189564913766,175800,48.14557917380178,-0.09996743777396411,0.024192923201593927,-0.12416036097555803,0.01592271326422643,14.354836463928223,-0.431252021999353,0.0038412560855503692,-0.0038264589487428708
2019-09-03,14.437867164611816,14.456318535823444,14.354838633588907,14.41019098760418,138600,47.33778718939869,-0.09097761505453761,0.026546196736816352,-0.11752381179135396,0.011231790700723226,14.465542793273926,-0.21160409556313997,0.001920597515428072,0.003833772986794717
2019-09-04,14.511669158935547,14.520894843440951,14.44709112701711,14.493218669734436,181300,49.75859433141542,-0.0770101861396526,0.032410900521361086,-0.10942108666101369,0.011246338107418982,14.437867164611816,0.3080808080808082,0.0012730429052064615,0.0063574151820823144
2019-09-05,14.613151550292969,14.650053412599375,14.557798316928464,14.60392586476392,171200,52.96065552445289,-0.05709397344973688,0.04186169056902145,-0.09895566401875833,0.010378726584767406,14.511669158935547,-0.055708769994484264,0.0006317264011390872,0.0025252222167610624
2019-09-06,14.585474967956543,14.650053005244665,14.539347421403695,14.650053005244665,151400,51.987519846148416,-0.04304727807051911,0.044726708758591374,-0.08777398682911049,0.009755434050095515,14.613151550292969,-0.11565420560747663,-0.004408041204014978,0.004427551635563112
2019-09-09,14.520895957946777,14.650052911506384,14.46554360628535,14.650052911506384,112000,49.69306540968688,-0.03670306706968418,0.04085673580754105,-0.07755980287722523,0.009448890076255592,14.585474967956543,-0.26023778071334214,-0.00881614246308725,-0.005717883633035894
2019-09-10,14.437867164611816,14.511670889838717,14.419416673209994,14.437867164611816,108900,46.83127175109536,-0.0379376423399691,0.03169772842980491,-0.06963537076977401,0.008771490575510806,14.520895957946777,-0.02767857142857144,0.0,-0.0025560288254720042
2019-09-11,14.447091102600098,14.474767276259838,14.373287386300992,14.400963559960733,112300,47.19509390064306,-0.03773675164565837,0.02551889529929252,-0.0632556469449509,0.008587292835472684,14.437867164611816,0.031221303948576695,0.0032030872411630894,0.003831446153875226
2019-09-12,14.511669158935547,14.57624807066368,14.44709112701711,14.50244435423984,74800,49.7857690372468,-0.03199778433821976,0.025006290085384908,-0.05700407442360467,0.007343685140234129,14.447091102600098,-0.333926981300089,0.0006360861983249172,0.005721552438724818
2019-09-13,14.62237548828125,14.650051661750986,14.567022261532086,14.594698435001822,116400,53.95620942190967,-0.01830552117987594,0.030958842594982987,-0.049264363774858926,0.007040620730609925,14.511669158935547,0.5561497326203209,0.0018963771949580715,0.0018927418981949688
2019-09-16,14.760757446289062,14.806884109460952,14.650051871019059,14.650051871019059,611900,58.586312955215085,0.0036696619468550296,0.04234722057737116,-0.03867755863051613,0.007024751509485587,14.62237548828125,4.256872852233677,0.007556667801907432,8.628551369115644e-08
2019-09-17,14.779210090637207,14.89914048100402,14.742307349219995,14.760758719928601,490000,59.17583595885212,0.022316872071673544,0.04879554456175174,-0.0264786724900782,0.0070111700454744755,14.760757446289062,-0.1992155580977284,0.001250028610229533,-8.628550628657432e-08
2019-09-18,14.760757446289062,14.834561163135731,14.668502360325874,14.779208815405582,236000,58.28236850971772,0.03520018048845586,0.049343082382827246,-0.014142901894371389,0.007016848356882722,14.779210090637207,-0.5183673469387755,-0.001248467989523632,0.009375053624095306
2019-09-19,14.834562301635742,14.899140338880287,14.834562301635742,14.899140338880287,163000,60.829792369174534,0.05078036579434908,0.05193861415097638,-0.001158248356627296,0.006701605950289155,14.760757446289062,-0.30932203389830504,-0.0043343465311232576,0.003109307267163927
2019-09-20,14.797659873962402,14.899138882734693,14.779208505233123,14.880687514005414,70800,58.89335889815097,0.05946458665215282,0.04849826800702409,0.010966318645128727,0.006698463576773495,14.834562301635742,-0.5656441717791412,-0.005579556721748769,-0.002493801586713886
2019-09-23,14.760757446289062,14.797660184522101,14.714629903307468,14.760757446289062,64500,56.941276571901284,0.06264702088131102,0.041344561788945834,0.021302459092365188,0.004721605503409395,14.797659873962402,-0.08898305084745761,0.0,0.0068750922665625465
2019-09-24,14.751532554626465,14.89913999625371,14.742306869572325,14.86223901565665,128700,56.43766941133567,0.06369056607487344,0.03391048558600661,0.02978008048886684,0.004704857302467973,14.760757446289062,0.9953488372093022,-0.007448841383425553,0.001250747327208312
2019-09-25,14.816109657287598,14.825335341760717,14.714629767512369,14.76998299454139,123300,59.160655511989994,0.06893378983111731,0.031322967473800374,0.037610822357316935,0.00449133169843261,14.751532554626465,-0.04195804195804198,0.0031230003963616344,0.0006226924692629618
2019-09-26,14.945267677307129,14.945267677307129,14.825335537194965,14.825335537194965,321200,64.00666158348892,0.08255936229319616,0.035958831948703376,0.04660053034449278,0.004696244633749868,14.816109657287598,1.6050283860502836,0.008089674585190255,0.0024691487194721837
2019-09-27,14.899140357971191,15.05597348846013,14.88068898741495,14.98216976585472,242200,61.21302103162113,0.08861414872195006,0.03361089470196582,0.05500325401998424,0.0047991760748252255,14.945267677307129,-0.24595267745952676,-0.0055418813950939535,0.0061918706334387974
2019-09-30,15.046746253967285,15.07442330695201,14.991393907617196,14.991393907617196,148000,66.28420054378397,0.10412290872454122,0.03929572376364558,0.06482718496089564,0.004962048721175649,14.899140357971191,-0.38893476465730803,0.003692274827223661,0.001226266232118597
2019-10-01,14.917590141296387,15.083648939394797,14.862237795136702,15.065197570801782,222600,59.01358812433299,0.10478400904086627,0.03196545926397651,0.07281854977688976,0.0054389851554039,15.046746253967285,0.5040540540540541,-0.009797908644190435,0.0012369580213681536
2019-10-02,14.74230670928955,14.936042574081146,14.733081904145457,14.936042574081146,868600,50.86001385097767,0.09012512144722962,0.013845257336271885,0.07627986411095773,0.006136269495597649,14.917590141296387,2.9020664869721475,-0.0129710305678821,-0.0012516063591331151
2019-10-03,14.853012084960938,14.889913062463313,14.714629460183481,14.723855144463913,87800,55.081219341894126,0.08644436915309939,0.008131604033713324,0.07831276511938606,0.006164680829202834,14.74230670928955,-0.8989177987566198,0.008771951315045814,0.0037266144064034136
2019-10-04,14.98216724395752,14.991392927682712,14.880686482599662,14.908363533775237,79200,59.45690481785245,0.0928784434961365,0.011652542701400342,0.08122590079473616,0.006369546827758827,14.853012084960938,-0.09794988610478361,0.004950490375089031,-0.007388931084134726
2019-10-07,14.834562301635742,14.899140338880287,14.788435634923795,14.871465042700937,114500,53.09161870041618,0.08508618789881695,0.0030882296832646233,0.08199795821555232,0.006734100321367865,14.98216724395752,0.4457070707070707,-0.002481446243475976,-0.003109483443593806
2019-10-08,14.696179389953613,14.788434475765845,14.677728020867285,14.788434475765845,83900,47.91277067596973,0.0669724085029273,-0.012020439770100033,0.07899284827302733,0.006970475849038792,14.834562301635742,-0.26724890829694326,-0.006238326711553702,0.0037664463877617555
2019-10-09,14.760757446289062,14.825335478577472,14.723855587865728,14.751531761730803,224100,50.34688455021902,0.05716900853002471,-0.017459071794402092,0.0746280803244268,0.00701323220212023,14.696179389953613,1.67103694874851,0.0006254051923064306,7.674645706378814e-08
2019-10-10,14.834562301635742,14.908366024146586,14.7607585791249,14.7607585791249,45200,53.04744270361007,0.054724350191103,-0.015922984106659044,0.07064733429776204,0.0070276338896200306,14.760757446289062,-0.7983043284248104,0.004999995231628374,0.004975014015479144
2019-10-11,14.917590141296387,14.945267194185908,14.862237795136702,14.908364456999879,156000,55.949972598023436,0.05880868371398229,-0.009470920467023802,0.06827960418100609,0.00694283138582036,14.834562301635742,2.4513274336283186,0.0006188260505112924,0.0006185377215142409
2019-10-14,14.825336456298828,14.945268603846243,14.816110771132141,14.926817233512867,90900,52.096348060336354,0.05397920737211237,-0.01144031744711499,0.06541952481922736,0.006822198019449035,14.917590141296387,-0.41730769230769227,-0.006798554281632143,-1.823826839899606e-08
2019-10-15,14.991394996643066,15.019072051638348,14.825336185910363,14.825336185910363,225300,57.73886479801477,0.06282711707620336,-0.0020739261944192067,0.06490104327062257,0.007249206457655853,14.825336456298828,1.4785478547854787,0.011201014847172364,0.0012308717566930857
2019-10-16,15.000621795654297,15.037522778768944,14.963719052920027,15.009847481337864,174500,58.034645379148884,0.06977930246832464,0.0039026073581616555,0.06587669511016299,0.007234289239500898,14.991394996643066,-0.22547714158899246,-0.0006146422003979758,0.001229922268732562
2019-10-17,14.945267677307129,15.05597237320514,14.90836493892818,15.019071394445607,92100,55.5239588980001,0.07001525249464713,0.0033108459075873037,0.06670440658705983,0.007231693103151069,15.000621795654297,-0.47220630372492833,-0.004914000020385582,0.003086371786575687
2019-10-18,14.889913558959961,14.991394329809191,14.825335526462966,14.991394329809191,92900,53.05227001736781,0.06498650586655508,-0.001374320576403798,0.06636082644295888,0.007262271328634958,14.945267677307129,0.008686210640608039,-0.0067692683293270346,0.001239186506701798
2019-10-21,14.945267677307129,14.963717286877186,14.889913569738708,14.90836493892818,126100,55.19998299782355,0.064721730845271,-0.0013112764781503111,0.06603300732342131,0.007267704386188123,14.889913558959961,0.3573735199138859,0.0024753042020449574,0.002469075334970762
2019-10-22,14.95449161529541,15.000620038309233,14.936042005709297,14.982168669103704,124000,55.56477070052729,0.06451252916275863,-0.0012163825285301522,0.06572891169128878,0.007261572634207435,14.945267677307129,-0.016653449643140417,-0.0018473329475571381,0.0
2019-10-23,14.95449161529541,15.028297092117528,14.95449161529541,14.95449161529541,99000,55.564770700527305,0.06361343919312112,-0.0016923779985341253,0.06530581719165525,0.0072109553505214944,14.95449161529541,-0.2016129032258065,0.0,0.004935305046693404
2019-10-24,14.917590141296387,15.037520517912261,14.908364456999879,15.028296593235112,606000,53.54197014410278,0.059240377169203384,-0.004852352017961498,0.06409272918716488,0.0069689299755232685,14.95449161529541,5.121212121212121,-0.007366533608909399,1.1875967435180436e-07
2019-10-25,15.028298377990723,15.028298377990723,14.917591912904534,14.917591912904534,117100,58.43121484098889,0.06397051124950792,-9.777435012557623e-05,0.0640682855996335,0.00712388807481121,14.917590141296387,-0.8067656765676567,0.007421202143921197,0.0006138020783331195
2019-10-28,15.000621795654297,15.037522778768944,14.963719052920027,15.037522778768944,79800,56.821276727071165,0.06473962954485124,0.0005370751561741965,0.06420255438867704,0.006779601152722388,15.028298377990723,-0.318531169940222,-0.0024539269969882406,0.0012299338947770945
2019-10-29,14.963717460632324,15.019071568843504,14.945267850848033,15.019071568843504,257500,54.65869210991018,0.06166050599050621,-0.002033638718536679,0.06369414470904289,0.006510750680494093,15.000621795654297,2.226817042606516,-0.003685587884540741,0.00493204021979555
2019-10-30,15.009843826293945,15.03751911698582,14.954489725671806,15.03751911698582,120900,56.868300107500296,0.06222499954355065,-0.001175316132393786,0.06340031567594444,0.005896772794755156,14.963717460632324,-0.5304854368932039,-0.0018404159939263845,-0.0012291474694568105
2019-10-31,14.963717460632324,15.009845884141642,14.945267850848033,14.991394514737914,171100,54.03259107033063,0.058278553647218345,-0.0040974096229808785,0.062375963270199224,0.005746902545978179,15.009843826293945,0.4152191894127377,-0.0018461961012620194,0.0184957631476629
2019-11-01,15.332737922668457,15.378864586896599,15.129776376977961,15.240482834592727,322300,67.84625482358683,0.08395999553021483,0.017267225808012474,0.06669276972220235,0.007728827165072567,14.963717460632324,0.8836937463471655,0.006053291688786244,0.0042115893220238095
2019-11-04,15.397313117980957,15.434214090636981,15.341959019568234,15.397313117980957,274100,69.56957824738187,0.10827527189617747,0.033266001739180096,0.07500927015699738,0.007299626948590204,15.332737922668457,-0.14955010859447715,0.0,0.0017976998024985186
2019-11-05,15.378866195678711,15.452669921936009,15.323513840890646,15.42499286473216,458800,68.44109517378283,0.1246202465075541,0.03968878108044538,0.08493146542710872,0.006854922332027482,15.397313117980957,0.6738416636264137,-0.0029903851144665833,0.0023992635841119008
2019-11-06,15.369637489318848,15.424989833228405,15.286608093644865,15.415764149306932,159700,67.84814899399643,0.13526977144778662,0.040270644816542314,0.09499912663124431,0.006865386385859125,15.378866195678711,-0.6519180470793374,-0.0029921747336902867,0.0018009054581045161
2019-11-07,15.32351303100586,15.45266910522501,15.29583597526481,15.39731675336245,133700,64.82528974467293,0.13839243651903743,0.034714647910234486,0.10367778860880295,0.006917067818108239,15.369637489318848,-0.1628052598622417,-0.004793284670231468,0.00120400660326137
2019-11-08,15.32351303100586,15.351188327127367,15.29583597526481,15.341962641880352,87600,64.82528974467293,0.1392618471985756,0.02846724687181812,0.11079460032675748,0.006861776307077912,15.32351303100586,-0.3448017950635752,-0.0012025587146281482,-0.005418557199022182
2019-11-11,15.258933067321777,15.286608359949037,15.222030330993007,15.240481699157392,119900,60.45182882249248,0.13320430179949838,0.01792776117819271,0.11527654062130567,0.006761109000177234,15.32351303100586,0.3687214611872147,0.0012106814291444018,-0.001813826178047145
2019-11-12,15.258933067321777,15.323511096277809,15.2312560150752,15.2312560150752,102700,60.45182882249247,0.1269403639307125,0.009331058647525453,0.11760930528318705,0.006364365446667865,15.258933067321777,-0.14345287739783152,0.0018171221217202298,-0.007859582134292428
2019-11-13,15.111327171325684,15.166681287869299,15.046749128311168,15.139004229597491,202600,51.280929104643064,0.10881127715712324,-0.007038422500851058,0.1158496996579743,0.006790471962219293,15.258933067321777,0.9727361246348589,-0.0018281954250133278,-0.0030526045086619385
2019-11-14,15.083649635314941,15.11132492986197,15.037521211704162,15.06519826587063,201100,49.756658378982905,0.09115966752844606,-0.019752025703622597,0.11091169323206866,0.0067442655553538325,15.111327171325684,-0.007403751233958533,0.0012247677805948829,-0.002446505940703337
2019-11-15,15.175905227661133,15.212806208157629,15.046747396874656,15.046747396874656,100500,54.60067455125744,0.0836506227070597,-0.021808856420007183,0.10545947912706688,0.006780829889471188,15.083649635314941,-0.5002486325211337,0.008583770789779083,-0.003039646524364847
2019-11-18,15.120550155639648,15.166678577850321,15.055972124164091,15.129775840081782,86600,51.39862553471437,0.07239839526172887,-0.026448867092270414,0.09884726235399928,0.006823808575918762,15.175905227661133,-0.13830845771144273,-0.000609770067953897,-0.0030505639392795613
2019-11-19,15.083649635314941,15.11132492986197,15.074423950592786,15.074423950592786,105300,49.32212750898464,0.05981386335972161,-0.031226719195422137,0.09104058255514375,0.006857689887350041,15.120550155639648,0.2159353348729791,0.0006120091057802873,-0.0006115613900085947
2019-11-20,15.037522315979004,15.083650742977207,14.963718592401445,15.074425057577566,151100,46.77803776613924,0.04559287570189419,-0.03635816548259965,0.08195104118449384,0.006902251099144445,15.083649635314941,0.4349477682811016,-0.0024480364231212587,-0.006135007353746171
2019-11-21,14.843786239624023,14.99139366727068,14.843786239624023,14.94526700598835,172100,37.92895149053271,0.018476769586083464,-0.0507794172787283,0.06925618686481176,0.0074899447538343735,15.037522315979004,0.13898080741230978,-0.006790160813029654,0.0024859636085593248
2019-11-22,14.788434028625488,14.88991303629318,14.733080802849859,14.880687352028962,446100,35.84270162063653,-0.007394165365912642,-0.061320281784579524,0.05392611641866688,0.007303780727134977,14.843786239624023,1.5920976176641486,-0.006199533746060159,-0.0012475806565169678
2019-11-25,14.834562301635742,14.843787986902042,14.769984264391198,14.769984264391198,97500,38.86079172636425,-0.023899404129585022,-0.06226041643860153,0.03836101230901651,0.0073498862897110285,14.788434028625488,-0.7814391392064559,0.004372248208837627,0.0024875245720345413
2019-11-26,14.9268159866333,14.94526735542538,14.853012271084358,14.871463639876438,107400,44.48542678875794,-0.029199232800694475,-0.054048196087768785,0.02484896328707431,0.0074849596262724204,14.834562301635742,0.10153846153846158,0.0037220510433445342,0.0012361430509718356
2019-11-27,14.889913558959961,14.945267666488313,14.853012580227142,14.945267666488313,137600,42.78964817710115,-0.03596254883546912,-0.04864920969803475,0.012686660862565625,0.007463795971334355,14.9268159866333,0.2811918063314711,-0.0037037883003241284,-0.009293591729141197
2019-11-29,14.705405235290527,14.760758466656787,14.686954744708284,14.751532781460783,104800,35.502521771469546,-0.05557022626272179,-0.05460550970022993,-0.0009647165624918578,0.00791811999613733,14.889913558959961,-0.2383720930232558,-0.0031269663196103557,-0.0018821200149798855
2019-12-02,14.567022323608398,14.686953582234587,14.539346150020723,14.677727897768797,133900,31.209565242826386,-0.08133818043520868,-0.06429877109817346,-0.017039409337035225,0.0054109752938062625,14.705405235290527,0.27767175572519087,-0.0075424190263962635,-0.00886649679290319
2019-12-03,14.530118942260742,14.530118942260742,14.391737209020196,14.437863866893975,243400,30.162128849566876,-0.10354367716862178,-0.06920341426526924,-0.03434026290335254,0.005172692687705882,14.567022323608398,0.8177744585511575,0.006389800888641686,0.005079463030494359
2019-12-04,14.6869535446167,14.742305891650275,14.603924144256641,14.603924144256641,198800,39.461099538260356,-0.10725013878413847,-0.058327900704628746,-0.048922238079509725,0.00600599312773893,14.530118942260742,-0.18323746918652428,0.005685417120761421,-0.00439696742685752
2019-12-05,14.62237548828125,14.668502150794245,14.567022261532086,14.62237548828125,66400,37.26107735506596,-0.11408336375999006,-0.052128900544384266,-0.0619544632156058,0.006010040541548188,14.6869535446167,-0.6659959758551308,0.0,0.002523669518607506
2019-12-06,14.696179389953613,14.760757422136354,14.622375673227706,14.659277531590659,206200,41.28965332568192,-0.11224944400640702,-0.04023598463264097,-0.07201345937376605,0.0062378683212166875,14.62237548828125,2.105421686746988,0.0025173040269843485,0.0012555407830546238
2019-12-09,14.585474967956543,14.733082413077835,14.576249282684019,14.714631042532787,267000,37.40935552028584,-0.11836453833021743,-0.0370808631651611,-0.08128367516505633,0.006333036516538917,14.696179389953613,0.2948593598448108,-0.008777391305491588,-0.005060257079296592
2019-12-10,14.603923797607422,14.603923797607422,14.493218226358364,14.511668714995038,223200,38.447500599198996,-0.1203349815082877,-0.031241045074585097,-0.0890939364337026,0.0063709112675991225,14.585474967956543,-0.16404494382022472,0.006357303520652745,-0.004421822226215676
2019-12-11,14.677729606628418,14.686955292168312,14.530122157229307,14.539347842769201,203900,42.552615298858164,-0.11461979431554603,-0.02042068630547475,-0.09419910801007128,0.006559043593785221,14.603923797607422,-0.08646953405017921,0.009517742154304225,0.004399604915304923
2019-12-12,14.9268159866333,14.954491280202042,14.714629644572826,14.742305817951257,177000,53.760774144295446,-0.08896573649388628,0.0041866972129480096,-0.09315243370683429,0.0075344838169260145,14.677729606628418,-0.13192741539970576,0.012515692657614756,-0.0012361455639840258
2019-12-13,14.843786239624023,14.908364269267018,14.696178811977367,14.908364269267018,263900,50.24193973351717,-0.07447600449766867,0.014941143367332502,-0.08941714786500117,0.007612695766518809,14.9268159866333,0.4909604519774011,-0.004331664324577829,-0.005593451603458368
2019-12-16,14.751532554626465,14.816110590385946,14.733082064327935,14.760758239680605,143600,46.592828641196625,-0.06963418929248633,0.015826366858011878,-0.0854605561504982,0.007524145918227316,14.843786239624023,-0.455854490337249,-0.0006250143051147194,-0.00562856734668941
2019-12-17,14.650052070617676,14.714630103785925,14.62237589637553,14.668502560175869,141900,42.90154741056239,-0.07314250158208857,0.009854443654727707,-0.08299694523681628,0.007609394612308438,14.751532554626465,-0.011838440111420656,-0.0012578304760490506,-2.195972438899466e-08
2019-12-18,14.631600379943848,14.65005174890657,14.557796663712354,14.65005174890657,157400,42.24618151599055,-0.07652957626066481,0.005173895180921179,-0.08170347144158599,0.007606717943460117,14.650052070617676,0.10923185341789998,-0.0012594746611799181,-0.006935483250999094
2019-12-19,14.557799339294434,14.576250711648338,14.530123160573435,14.530123160573435,256600,39.63802364303093,-0.08419839782690275,-0.0019959411082534073,-0.08220245671864934,0.007641108812588556,14.631600379943848,0.6302414231257942,0.0019047449505518322,0.0012672941178164321
2019-12-20,14.650052070617676,14.686953929543778,14.576248352765473,14.576248352765473,119200,44.269710061785204,-0.08188801566837434,0.0002515528402200068,-0.08213956850859434,0.007349353882794835,14.557799339294434,-0.5354637568199532,0.0050632862493866625,0.0009508066591358127
2019-12-23,14.663981437683105,14.673268528946569,14.626833958295018,14.663981437683105,96200,44.95649164084737,-0.07803351585612006,0.0032848421219794366,-0.0813183579780995,0.007319969867068631,14.650052070617676,-0.19295302013422821,0.0,-0.0025332075366883964
2019-12-24,14.719703674316406,14.719703674316406,14.617547437761237,14.626834529387308,64900,47.73140848602274,-0.06967925905405181,0.009311279139238154,-0.07899053819328997,0.007338738926951639,14.663981437683105,-0.32536382536382535,0.006349230569506449,-3.3265375986963966e-08
2019-12-26,14.738276481628418,14.756850664262682,14.673268613740044,14.719703184659929,118300,48.660438442159275,-0.06085824406396334,0.014505835303461306,-0.07536407936742465,0.007186885106064752,14.719703674316406,0.8228043143297381,0.0012617983348906748,0.0006301341495872115
2019-12-27,14.738276481628418,14.821858532151058,14.701129002025665,14.74756357294555,146400,48.660438442159275,-0.053253651190656726,0.01768834254141434,-0.07094199373207107,0.007174435815874024,14.738276481628418,0.23753169907016058,-0.0006297373305899369,0.002901472880925486
2019-12-30,14.790335655212402,14.808928583334318,14.743854221467224,14.781039191151445,214100,51.46480501932586,-0.04253588906737171,0.022724883731759488,-0.0652607727991312,0.006648093833956472,14.738276481628418,0.46243169398907114,0.0006289452277836384,0.0012570655351009433
2019-12-31,14.864705085754395,14.864705085754395,14.762446644263049,14.808928076417144,94800,55.22731480688633,-0.0277214383683706,0.030031467544608483,-0.05775290591297908,0.006312604327963713,14.790335655212402,-0.5572162540868753,0.0037664447453204645,0.0006254848057784258
2020-01-02,15.115705490112305,15.125001954594701,14.864706268445515,14.874002732927911,615400,65.0694783908218,0.00422406310661394,0.049581575215674425,-0.045357512109060485,0.0071706551040258675,14.864705085754395,5.491561181434599,0.016250014305114687,-0.0036899961459003587
2020-01-03,14.957669258117676,15.059928595111225,14.874002850235556,15.059928595111225,402400,56.62872605113773,0.016597573526400566,0.04956406850836884,-0.032966494981968276,0.007370807623349532,15.115705490112305,-0.34611634709132266,-0.0067901608130296965,-0.0055935846576669265
2020-01-06,14.911188125610352,14.939075745068113,14.781039400036908,14.874002268841013,157600,54.393825739537995,0.022394876549563847,0.0442890972252257,-0.021894220675661855,0.007327184336456555,14.957669258117676,-0.6083499005964215,0.0025000572204589688,9.464838647437583e-09
2020-01-07,14.883298873901367,14.957668815024704,14.883298873901367,14.911188266742341,108500,53.04119422291251,0.024456927197199718,0.03708091829828926,-0.01262399110108954,0.007289441536570417,14.911188125610352,-0.3115482233502538,-0.0018703668910933174,-0.009993875436748057
2020-01-08,14.743852615356445,14.799630507086457,14.660187107600697,14.734557038867704,193300,46.77761392159359,0.01466986446231111,0.02183508445072052,-0.00716521998840941,0.007408639834808571,14.883298873901367,0.7815668202764976,0.0006308690830827548,1.371113741812043e-07
2020-01-09,14.734559059143066,14.799632536284133,14.688077624088177,14.743854636906338,220100,46.38447885385299,0.006093393567955019,0.010606890845091543,-0.004513497277136525,0.007411351762913627,14.743852615356445,0.1386445938954992,-0.0006304713382078072,0.0025236285902941013
2020-01-10,14.790335655212402,14.827520624896623,14.743854221467224,14.771743613650097,75800,49.14681567333736,0.0037539110030593292,0.006613926624156684,-0.002860015621097354,0.007375414608064247,14.734559059143066,-0.655611085870059,0.0012586220048610393,0.0012571499299388119
2020-01-13,14.966965675354004,14.98555860440665,14.790336395592478,14.808929324645124,353600,56.746633928885245,0.01596834751190812,0.01506269050640438,0.0009056570055037409,0.006847975525549792,14.790335655212402,3.6649076517150396,0.010671693222674415,0.0012422739363043033
2020-01-14,14.93907642364502,14.994853438213342,14.929779959030412,14.985558746718057,153800,55.34031536277867,0.02313130364306204,0.017780517310046637,0.0053507863330154014,0.006734396179534045,14.966965675354004,-0.5650452488687783,-0.003101807804344816,-0.0031113026400315514
2020-01-15,14.8554105758667,14.90189290069395,14.808930024158837,14.8925964357285,146200,51.23797578817889,0.02180550302682782,0.013163773355049936,0.008641729671777886,0.006704242953842963,14.93907642364502,-0.04941482444733425,-0.0024969359790471914,-7.369747868557371e-08
2020-01-16,14.883298873901367,14.948372350744378,14.855409481060395,14.855409481060395,195800,52.50191037389329,0.02274298212483039,0.011281001962442003,0.011461980162388388,0.0064881975071629135,14.8554105758667,0.33926128590971283,0.0018773897061894705,-2.1608238772972476e-08
2020-01-17,14.920482635498047,14.94837202773638,14.883298552299491,14.883298552299491,121500,54.20628380173816,0.026184521008472572,0.011778032676867348,0.014406488331605224,0.006479517547801443,14.883298873901367,-0.3794688457609806,0.002498376490123588,-0.003115253516688057
2020-01-21,14.864705085754395,14.920482095091645,14.846113044828503,14.874001549497128,312200,51.2362800593994,0.024132993134243108,0.0077812038421103055,0.016351789292132803,0.006421761304247441,14.920482635498047,1.5695473251028806,-0.0006250143051147029,4.8362498860375245e-08
2020-01-22,14.911188125610352,14.994852757102878,14.864705804648677,14.864705804648677,177400,53.5217569673274,0.025958699624318626,0.00768552826574866,0.018273171358569967,0.006322361652549337,14.864705085754395,-0.4317745035233824,0.0031270259615321636,0.0024937459683129063
2020-01-23,14.948372840881348,14.966965770051633,14.836817925538611,14.948372840881348,218700,55.325578506415056,0.03005957288318406,0.009429121219691274,0.020630451663492786,0.006332385075712674,14.911188125610352,0.23280721533258175,0.0,-0.008706521557094485
2020-01-24,14.883298873901367,14.948372350744378,14.790336004217384,14.818224510498728,82100,51.5547235009473,0.02773886285245908,0.005686728951173031,0.022052133901286047,0.0064033232026071436,14.948372840881348,-0.6245999085505258,0.004391508804346531,-0.016864486661624673
2020-01-27,14.595114707946777,14.715966084084483,14.409189854873244,14.632299678561484,402800,38.907510585547676,0.002615480070158327,-0.015549323064902178,0.018164803135060505,0.007795792558954796,14.883298873901367,3.906211936662607,-0.002541293674376303,-0.011464942995061464
2020-01-28,14.4928560256958,14.585818007447306,14.409189621527714,14.427782549813784,496200,35.57279276484183,-0.02525527573736497,-0.034736063097940376,0.00948078736057541,0.007930340271222984,14.595114707946777,0.23187686196623636,0.004510289481931253,1.13737263733336e-07
2020-01-29,14.53004264831543,14.576524087757663,14.437079769430966,14.492857674073589,161500,37.66511251219261,-0.04383707434354811,-0.04265428936329882,-0.0011827849802492942,0.007905399719411507,14.4928560256958,-0.6745264006449012,0.002565744801893792,-0.008317361159030397
2020-01-30,14.427783966064453,14.502153913389758,14.362709597235034,14.409191035953276,344700,34.360529024941606,-0.06605328352404172,-0.05189639883503394,-0.01415688468900778,0.007892973076092451,14.53004264831543,1.1343653250773995,0.00129035211378522,-0.015464152708702909
2020-01-31,13.842117309570312,14.279040444618314,13.842117309570312,14.204670511565057,745800,22.295476651432303,-0.12942624868750485,-0.09221549119879766,-0.0372107574887072,0.010792801481244181,14.427783966064453,1.163620539599652,-0.025523520710991756,-0.0026862600200971585
2020-02-03,13.90719223022461,13.90719223022461,13.804933783248119,13.804933783248119,343500,25.42868311423733,-0.1724113274535508,-0.10816045597187489,-0.06425087148167592,0.01087226243346922,13.842117309570312,-0.5394207562349156,0.0074073840977475795,0.008021320989490018
2020-02-04,14.037339210510254,14.111709146768993,13.91648784244991,14.018746283165783,266200,31.38738700060589,-0.19374219897164124,-0.10359306199197225,-0.09014913697966899,0.0112513117878936,13.90719223022461,-0.22503639010189225,0.0013262903093408886,0.0052980262154122375
2020-02-05,14.000154495239258,14.130301442762862,13.953673062598146,14.111709401642171,351700,30.63420208732314,-0.21121283401202895,-0.09685095762588797,-0.11436187638614098,0.011248712391961966,14.037339210510254,0.3211870773854244,-0.007905130642070334,0.01062426352178728
2020-02-06,14.065229415893555,14.148895825942414,14.037340908063829,14.148895825942414,245100,33.63554655239023,-0.21730250786313654,-0.08235250518159642,-0.13495000268154012,0.01126717380321654,14.000154495239258,-0.3030992323002559,-0.005913281932251912,-0.013218788908253386
2020-02-07,13.990859031677246,14.065228974596277,13.879304117298702,13.879304117298702,461800,31.934925969620885,-0.22552991822113633,-0.07246393243167695,-0.15306598578945937,0.011279146765184734,14.065229415893555,0.8841289269685844,0.008037500542949126,-0.0033222500778604435
2020-02-10,13.944377899169922,14.000155800852855,13.888599997486986,13.944377899169922,254400,30.88392576362167,-0.23311365008942886,-0.06403813143997558,-0.16907551864945328,0.011181413423148611,13.990859031677246,-0.4491121697704634,0.0,0.006666683404482835
2020-02-11,14.10241413116455,14.13030263848534,14.037340651896155,14.037340651896155,233600,38.31697790814625,-0.22379187563806902,-0.0437730855908926,-0.1800187900471764,0.011139679752147138,13.944377899169922,-0.08176100628930816,0.004635741261975109,0.005932646799303219
2020-02-12,14.22326374053955,14.260448707856849,14.186078773222253,14.186078773222253,146600,43.33546396803082,-0.2042977316518133,-0.019423153283709527,-0.18487457836810378,0.011431737578202952,14.10241413116455,-0.37243150684931503,0.002621229439913217,2.0792377077280498e-07
2020-02-13,14.204673767089844,14.22326669789418,14.158192326638739,14.22326669789418,301300,42.759156286962266,-0.18817932348590105,-0.002643796094237788,-0.18553552739166326,0.01140854365694418,14.22326374053955,1.0552523874488404,-0.0013072194453816596,0.0013088040964704375
2020-02-14,14.1953763961792,14.288338378785864,14.1953763961792,14.223264902305237,167100,42.45506321902051,-0.17414811791874563,0.00910992757833412,-0.18325804549707975,0.011375218797742287,14.204673767089844,-0.44540325257218716,-0.0019607668364186796,-0.004584108409492759
2020-02-18,14.009451866149902,14.13030325186556,13.990859822648872,14.13030325186556,294400,36.81635749478472,-0.1760020006485945,0.005804835878788189,-0.1818068365273827,0.01156194273669309,14.1953763961792,0.7618192698982644,-0.008552639215276667,0.0019905770963272833
2020-02-19,13.962968826293945,14.06522726372918,13.94437589954597,14.03733876016676,218500,35.5452733276699,-0.17915680083116214,0.0021200285569764332,-0.18127682938813858,0.01156106626112442,14.009451866149902,-0.2578125,-0.005298008058610894,0.0059921013944768935
2020-02-20,13.944377899169922,14.046636351269019,13.907192926901189,14.046636351269019,169100,35.024443386547375,-0.18106987435353794,0.00016556402768053147,-0.18123543838121847,0.011478181734617987,13.962968826293945,-0.22608695652173916,-0.007279924498782829,-0.0053333780745931526
2020-02-21,13.90719223022461,13.944377200630573,13.86071079557725,13.870007259818648,126000,33.95280328862389,-0.183471624928206,-0.0017889492375900151,-0.181682675690616,0.011399230922766979,13.944377899169922,-0.25487876995860437,0.0026809625769761776,-0.0454544959042044
2020-02-24,13.200677871704102,13.275047817956882,13.024049470993672,13.275047817956882,689800,20.8805635083052,-0.23962261338089696,-0.04635195015222476,-0.1932706632286722,0.015549622373706357,13.90719223022461,4.474603174603175,-0.005602235658404285,0.009154850346451053
2020-02-25,13.08912181854248,13.47026798171294,13.070529776869577,13.32152810209126,528900,19.59754514261911,-0.2897838693908472,-0.07721056492973999,-0.21257330446110723,0.015239351997191264,13.200677871704102,-0.2332560162365903,-0.017445917748152042,0.0063920403865933345
2020-02-26,13.117010116577148,13.284342921781036,13.117010116577148,13.172788013831644,193700,20.905967421635864,-0.32355691092988437,-0.0887868851750217,-0.23477002575486267,0.01532278215606444,13.08912181854248,-0.6337681981470977,-0.004234327402515538,-0.0042522869945639565
2020-02-27,12.73586368560791,13.061232825050864,12.72656722183878,13.061232825050864,609000,16.8662447660109,-0.3767348563619475,-0.11357186448566786,-0.2631629918762796,0.016126639734389953,13.117010116577148,2.1440371708828083,-0.024911058841161602,-0.016058359919464797
2020-02-28,12.773049354553223,12.828827253667091,12.373311142715748,12.531346602659177,723900,18.520483361087592,-0.4111388359571073,-0.11838067526466212,-0.2927581606924452,0.016260422901735728,12.73586368560791,0.18866995073891624,0.019287851462248755,-0.009461424163859672
2020-03-02,12.893900871276855,12.893900871276855,12.624309610162271,12.65219811674388,581100,23.825554846433036,-0.4237676011325444,-0.10480755235207934,-0.3189600487804651,0.014391357179173737,12.773049354553223,-0.19726481558226272,0.019103617592986167,-0.005046848969678128
2020-03-03,12.763752937316895,12.977567183721863,12.670790953863996,12.82882730094952,233400,22.152767831169164,-0.43921484378095954,-0.09620383600039556,-0.343011007780564,0.014330915883077758,12.893900871276855,-0.5983479607640682,-0.005072510690654396,0.0029134205473485574
2020-03-04,12.996159553527832,12.996159553527832,12.800939117385754,12.800939117385754,103500,31.413252675609883,-0.42777252782450503,-0.06780921603515283,-0.3599633117893522,0.014896449225889391,12.763752937316895,-0.5565552699228792,0.015250477668231146,-0.0021458340785015665
2020-03-05,12.726569175720215,12.986864881861022,12.689384201494345,12.968271951468228,224600,27.349066129062162,-0.43543863488801016,-0.06038025847892636,-0.3750583764090838,0.015368814978085602,12.996159553527832,1.170048309178744,-0.018638009493674182,-0.013878809110013749
2020-03-06,12.63360595703125,12.782345839495841,12.549939551505009,12.549939551505009,354300,26.0953056874244,-0.4438984497774783,-0.05507205869471554,-0.38882639108276273,0.015220177355887236,12.726569175720215,0.5774710596616206,0.006666677969473378,-0.06548936105304155
2020-03-09,11.796942710876465,12.066533967713463,11.46227797752835,11.806239175109374,601100,18.067532049722544,-0.5122102052983539,-0.09870705137247293,-0.413503153925881,0.020435852196652924,12.63360595703125,0.6965848151284222,-0.0007874196088207616,0.01576059119130782
2020-03-10,11.927091598510742,12.243164317726475,11.852721651231713,11.982869502249867,606200,22.0830284970526,-0.5495114106923378,-0.10880660541316545,-0.44070480527917233,0.02086695108154236,11.796942710876465,0.008484445183829736,-0.00465480357010085,-0.010912053358814114
2020-03-11,11.545944213867188,11.79694253857233,11.462277810112269,11.79694253857233,470900,19.12665441010718,-0.6028786830871944,-0.12973910224641766,-0.47313958084077673,0.021047360110894586,11.927091598510742,-0.22319366545694486,-0.021276557369373932,-0.12157797229455719
2020-03-12,10.309544563293457,10.783653671914182,9.742472571451499,10.14221172811914,722400,13.031872313629135,-0.7364504078515868,-0.21064866160864804,-0.5258017462429387,0.02981538822083979,11.545944213867188,0.5340836695689106,0.016498653317440548,0.024346140652497995
2020-03-13,10.411802291870117,11.043947725483845,10.170099521775493,10.560542185294596,685000,15.432068985086547,-0.8245507106397785,-0.23899917151747174,-0.5855515391223067,0.030200161010982107,10.309544563293457,-0.0517718715393134,-0.014084494035883549,-0.16964288615938947
2020-03-16,9.547250747680664,9.98417393130535,8.645514100956325,8.645514100956325,406200,12.332979303580892,-0.9531456498463253,-0.29407528857921483,-0.6590703612671105,0.03357627560755006,10.411802291870117,-0.40700729927007295,0.10430110184246809,0.03992199720250489
2020-03-17,9.946988105773926,10.39320860191398,9.80754469941991,9.928396065321184,509300,20.302350093468316,-1.0111467314867912,-0.28166109617574464,-0.7294856353110466,0.036235605712873535,9.547250747680664,0.2538158542589857,0.0018726126889399117,-0.0205605399909296
2020-03-18,9.3334379196167,10.02136042464699,9.184698014373367,9.74247265903586,478900,17.650203418147868,-1.0940103090867446,-0.29161973902055827,-0.8023905700661863,0.03746222131925173,9.946988105773926,-0.05968977027292366,-0.04198469461854665,-0.003984092513856596
2020-03-19,9.78895378112793,9.946990146923744,9.231179154695416,9.296252639472609,917000,25.437874513461388,-1.110127113876846,-0.24618923504852774,-0.8639378788283183,0.04029437923508957,9.3334379196167,0.9148047609104197,0.05299997329711904,-0.018993409270096184
2020-03-20,9.761064529418945,9.993470827738443,9.510065301685245,9.603028175636911,757700,25.280242527279327,-1.1123280025082476,-0.19871209894394337,-0.9136159035643042,0.04029104842405405,9.78895378112793,-0.17371864776444934,0.01645692909482194,-0.02952391935680737
2020-03-23,9.017363548278809,9.472879647415787,9.017363548278809,9.472879647415787,403700,21.4611312423824,-1.160702816854478,-0.19766953063213888,-0.9630332862223391,0.04179244492772181,9.761064529418945,-0.4672033786459021,-0.04808633869440579,0.07731967195524074
2020-03-24,9.751768112182617,9.761064576934974,9.38921485243751,9.714583139732872,385800,32.33247148237242,-1.126790950439915,-0.1310061313740607,-0.9957848190658543,0.04734101939002144,9.017363548278809,-0.044339856328957095,0.003827747615608754,0.008579675700922364
2020-03-25,10.086434364318848,10.22587779784742,9.66810229061367,9.83543512009574,450600,36.636719951385544,-1.0606838788570698,-0.051919247832972415,-1.0087646310240974,0.0484356118181697,9.751768112182617,0.16796267496111983,0.025519892222182077,-0.0027651615204814005
2020-03-26,10.2630615234375,10.300246493623304,10.058543744135772,10.058543744135772,401300,38.847578341022846,-0.9827131077572595,0.020841218613470325,-1.0035543263707298,0.04868671648694075,10.086434364318848,-0.10940967598757212,0.020332742443056325,-0.012681337401134373
2020-03-27,9.779655456542969,10.132912177490189,9.6309147113616,10.132912177490189,308500,35.22503186459164,-0.9489881943372325,0.04365290562679791,-0.9926410999640304,0.04929164260339404,10.2630615234375,-0.23124844256167454,-0.03486230954729522,-0.0009504590897922961
2020-03-30,9.723878860473633,9.826137305246327,9.39850971151385,9.77036029411926,338600,34.82155120499219,-0.9162002761665331,0.061152659037997936,-0.977352935204531,0.049058843769484085,9.779655456542969,0.09756888168557531,-0.0047573919739280065,0.012428418424362552
2020-03-31,9.705286979675293,9.993471190128044,9.705286979675293,9.844731295659413,136100,34.678959785455746,-0.8815538204991391,0.07663929176431361,-0.9581931122634527,0.04911705584029354,9.723878860473633,-0.5980507974010632,-0.014164359777457971,-2.2219993876378303e-07
2020-04-01,9.603026390075684,9.946987541246157,9.575137887699565,9.70528482316112,250500,33.85771509564675,-0.8525205040269448,0.08453808658920647,-0.9370585906161513,0.04859095912604355,9.705286979675293,0.8405584129316679,-0.010536366005601686,0.02032923094129798
2020-04-02,9.900506973266602,9.993469838011471,9.761063562708879,9.798248531294911,97900,38.425860105593046,-0.7963276254648175,0.1125847721210671,-0.9089123975858846,0.04957238525210579,9.603026390075684,-0.6091816367265469,0.010436400102026816,0.011267821998415951
2020-04-03,9.984174728393555,10.1236190444239,9.909804781134586,10.012064123535446,117400,39.68754775147256,-0.7365525563765001,0.1378878729675077,-0.8744404293440078,0.049763791890994676,9.900506973266602,0.1991828396322779,-0.0027855789573231933,0.050279167464406214
2020-04-06,10.783651351928711,10.913798296567025,10.35602377691803,10.486170721556347,284600,50.19023285190512,-0.6175505629754241,0.20551189309486695,-0.823062456070291,0.051849874759968405,9.984174728393555,1.4241908006814312,0.028368852488815145,0.03793104438726039
2020-04-07,10.848725318908691,11.294944954973813,10.802243885178672,11.19268651001546,382500,50.939117469485474,-0.5120866840220426,0.24878061763859882,-0.7608673016606414,0.05178976751950113,10.783651351928711,0.34399156711173573,-0.0307308876022735,-0.0034276175747678175
2020-04-08,11.034649848937988,11.220574691934836,10.811540037341771,10.811540037341771,401200,53.1083686083556,-0.4087909567027026,0.28166107596635115,-0.6904520326690538,0.051529464479832754,10.848725318908691,0.04888888888888898,0.020636265585256327,0.01095202168079795
2020-04-09,11.127613067626953,11.387907856101146,11.043946663977488,11.155501573323571,285300,54.19882975329819,-0.3157868001131856,0.29973218604469454,-0.6155189861578801,0.045080578047575245,11.034649848937988,-0.2888833499501495,-0.002499977747599293,0.000835479002053976
2020-04-13,11.071836471557617,11.136909954687937,10.913800109761368,11.136909954687937,250900,53.396499482159996,-0.24377100076096703,0.2973983883175305,-0.5411693890784975,0.04511492976105424,11.127613067626953,-0.12057483350858744,-0.005843046535805729,0.007556519541747415
2020-04-14,11.211278915405273,11.30424089197135,11.155501020217974,11.155501020217974,237900,55.18272534925599,-0.17344673508393527,0.29417812319564984,-0.4676248582795851,0.040199094046504284,11.071836471557617,-0.051813471502590636,0.005000034968058251,-0.014096130207457645
2020-04-15,11.099723815917969,11.12761320852734,10.969576863312728,11.053243268021596,311200,53.4187571932845,-0.1252717572609292,0.2738824808149247,-0.39915423807585393,0.039623552201934295,11.211278915405273,0.30811265237494756,0.004205150178033859,0.0008375402134436938
2020-04-16,11.248464584350586,11.267056626198634,11.109020280971919,11.109020280971919,342400,55.463006089694964,-0.07423486994901296,0.2599354945014728,-0.33417036445048576,0.03626382539139676,11.099723815917969,0.10025706940874035,0.012552349338808421,0.03223143819478798
2020-04-17,11.387908935546875,11.611018775387343,11.35072396224013,11.611018775387343,202400,57.352609865303606,-0.022278957344825656,0.2495131256845281,-0.27179208302935376,0.035108549284831654,11.248464584350586,-0.4088785046728972,-0.019215354324756514,0.017142825176609075
2020-04-20,11.304242134094238,11.62031483958037,11.304242134094238,11.5831298675561,180700,55.82224814315115,0.012006858480978266,0.22703915320826565,-0.21503229472728738,0.03519718082738289,11.387908935546875,-0.10721343873517786,-0.024077061783017294,-0.01726981689691958
2020-04-21,10.867317199707031,11.14620491140201,10.858021622346223,11.109019942279987,210200,48.53834415959079,0.003877723880780337,0.1751280148864542,-0.17125029100567385,0.031254090832438,11.304242134094238,0.16325401217487556,-0.02175734167629459,0.029084699613169108
2020-04-22,11.294944763183594,11.294944763183594,11.090427876739618,11.183389856061536,130600,54.76021468000718,0.03157729330176551,0.16226206744595148,-0.13068477414418597,0.02735121488685152,10.867317199707031,-0.37868696479543296,0.009975053052594178,-0.0008229884965317588
2020-04-23,11.16479778289795,11.443685493185479,11.16479778289795,11.285649153574532,187500,52.67294806039295,0.04253728466805207,0.13857764704979045,-0.09604036238173838,0.026922575205827224,11.294944763183594,0.4356814701378253,-0.010708411100863015,0.009159070285674057
2020-04-24,11.480871200561523,11.480871200561523,11.229871979190774,11.26705695051685,113500,56.96327654765414,0.07585325099750051,0.13751489070339112,-0.0616616397058906,0.027283459167966442,11.16479778289795,-0.3946666666666667,0.018976938785675156,5.326530102663926e-08
2020-04-27,11.387908935546875,11.56453733711399,11.35072396224013,11.480871812093584,114700,55.37332068428598,0.09367528608638231,0.12426954063381833,-0.030594254547436018,0.02454697843600603,11.480871200561523,0.010572687224669641,-0.008097196630031602,0.020408174954430883
2020-04-28,11.508760452270508,11.713278251080274,11.369316135853062,11.620315373468642,120400,57.051610955148895,0.11621147119566544,0.11744458059448117,-0.0012331093988157266,0.024340611323357676,11.387908935546875,0.04969485614646896,-0.009599990844726588,0.017770494029761667
2020-04-29,11.573832511901855,11.713276811177538,11.53664754274026,11.713276811177538,157000,57.968206119474246,0.13773461276247012,0.11117417772902868,0.026560435033441444,0.02422491888283649,11.508760452270508,0.3039867109634551,-0.01190480695740206,-0.004819234286070528
2020-04-30,11.573832511901855,11.573832511901855,11.43438909918577,11.51805550143926,221700,57.968206119474246,0.15302784774771716,0.10117393017142057,0.05185391757629659,0.02388727290800371,11.573832511901855,0.4121019108280255,0.004842571773996529,-0.020080362927851196
2020-05-01,11.081130981445312,11.378610722189759,11.016057509797355,11.341425754596703,96700,48.81909091560829,0.12396199412141584,0.05768646123609539,0.06627553288532045,0.025997827131532165,11.573832511901855,-0.5638249887235003,-0.02295079814333679,-0.0016777421351422046
2020-05-04,11.118317604064941,11.387908880884723,11.062539701092712,11.062539701092712,127300,49.467350303769976,0.1027433836075442,0.029174280577778988,0.07356910302976521,0.025997143362426707,11.081130981445312,0.3164426059979317,0.005042052230259557,0.01923060096192899
2020-05-05,11.471573829650879,11.527350838952886,11.332129533276705,11.332129533276705,242100,55.26410261865551,0.11312823514789372,0.0316473056945028,0.08148092945339092,0.020356925556253003,11.118317604064941,0.9018067556952081,0.01230521553470574,-0.003241445278313279
2020-05-06,11.53664779663086,11.573832766610796,11.434389350825935,11.434389350825935,183400,56.25950462503799,0.12516638987280437,0.03494836833553075,0.09021802153727362,0.020354522763874318,11.471573829650879,-0.2424617926476662,0.008943061379796212,0.0072522725736774984
2020-05-07,11.880609512329102,11.880609512329102,11.471574824586794,11.620314711038542,375800,61.17674873019143,0.1606101363953396,0.05631369188645277,0.10429644450888684,0.020996149644696677,11.53664779663086,1.0490730643402397,0.022399978637695255,0.013302049612329782
2020-05-08,12.289645195007324,12.317533702323049,11.973572490230243,12.03864596948682,385800,66.06271966967998,0.21917876563495753,0.09190585690085656,0.12727290873410096,0.02206821613218631,11.880609512329102,0.026609898882384186,0.020849456505049407,0.009833457269865816
2020-05-11,11.964274406433105,12.456975439610165,11.945682366258644,12.41049489589424,845500,59.63359275063083,0.23661260010298335,0.08747175309510591,0.14914084700787744,0.023089712180364118,12.289645195007324,1.191550025920166,-0.03595509229924086,0.006216075171686762
2020-05-12,12.113015174865723,12.298940023234575,11.973571760228985,12.038645235518182,222600,61.479150142036076,0.25944050777936134,0.0882397286171871,0.17120077916217424,0.023086612558518734,11.964274406433105,-0.7367238320520402,0.006177600377169007,-0.0007674778383449928
2020-05-13,11.824831008911133,12.122310744348542,11.75975665186454,12.103718704163477,275600,56.125022016994954,0.2513799833724022,0.06414336336818235,0.18723662000421984,0.023729382305955275,12.113015174865723,0.23809523809523814,-0.023041488493648742,6.181763801697313e-08
2020-05-14,11.99216365814209,11.99216365814209,11.722572409596557,11.824831739894256,130200,58.390939396110134,0.25554850198512113,0.054649505584721036,0.2008989964004001,0.023746555439858312,11.824831008911133,-0.5275761973875182,0.014150892116569811,-0.0077518844314104175
2020-05-15,11.982868194580078,11.992163772055768,11.75975749053097,11.899201791381612,221700,58.21109043113795,0.25516068326951036,0.043409349495288185,0.21175133377422217,0.02366861583842981,11.99216365814209,0.7027649769585254,0.0070312618161550875,0.004654825232044098
2020-05-18,12.373311996459961,12.447681942703472,12.038646351804468,12.038646351804468,240300,63.3214019143069,0.2830955367531729,0.05707536238316058,0.22602017437001232,0.024437832593092727,11.982868194580078,0.08389715832205691,0.027799275340065942,-9.658769849619633e-08
2020-05-19,12.12231159210205,12.447680740410522,12.12231159210205,12.373310801350232,310800,58.37894232559988,0.28173283373030245,0.04457012748823208,0.23716270624207036,0.023022731675703206,12.373311996459961,0.29338327091136085,-0.020285533377274532,0.03450931856605375
2020-05-20,12.726569175720215,12.782347080338878,12.41049733808018,12.540644304590867,257400,65.38386778818202,0.3256574424912664,0.07079578899935679,0.2548616534919096,0.023931192093728727,12.12231159210205,-0.1718146718146718,0.014825782999146622,-8.961416839976433e-08
2020-05-21,12.615013122558594,12.791642399222777,12.549939645134756,12.726568035239302,258200,63.26686025837149,0.347461055456435,0.07407952157162034,0.2733815338848147,0.02383112562397135,12.726569175720215,0.0031080031080030768,-0.008765514188256978,-0.005895398092671902
2020-05-22,12.56853199005127,12.698678938853599,12.466272659924186,12.54064259825683,286700,62.36085215923937,0.356876091449001,0.06679564605134902,0.290080445397652,0.02335154773635844,12.615013122558594,0.11037955073586359,0.002223920471054282,0.013313566373999969
2020-05-26,12.977566719055176,13.005455224436524,12.735863974924559,12.735863974924559,455800,66.85859735590935,0.3928151311762633,0.08218774862288902,0.3106273825533743,0.023931830506433775,12.56853199005127,0.5898151377746774,0.018978119160702522,-0.005730703049573696
2020-05-27,12.791641235351562,12.949677568909912,12.605716397800432,12.90319613788224,367200,63.16383125096912,0.4016643102548709,0.0728295421611973,0.3288347680936736,0.02436987165878739,12.977566719055176,-0.19438350153576134,-0.00864552482490488,0.006540787395954745
2020-05-28,12.78234577178955,12.968270623885473,12.78234577178955,12.875308641117325,233500,62.97645062484307,0.40327853824877735,0.05955501612408293,0.3437235221246944,0.02441057110830657,12.791641235351562,-0.36410675381263613,-0.0072202439505719565,-0.008727315113990986
2020-05-29,12.73586368560791,12.847418591158744,12.642901707595339,12.670790212343153,203300,61.98618798980773,0.3962395072865075,0.04201278812945042,0.35422671915705706,0.024465294083518253,12.78234577178955,-0.1293361884368308,0.005135707574210034,0.02043799133189259
2020-06-01,13.061233520507812,13.061233520507812,12.782345798501312,12.99615915721853,280800,66.01465867085533,0.4121644754729079,0.04635020505268067,0.36581427042022724,0.022111047048979107,12.73586368560791,0.38121003443187407,0.0050071996273712656,0.008540897354029221
2020-06-02,13.098418235778809,13.182084639406462,13.033344760317128,13.172788175323475,259800,66.45221551938748,0.4229105734129561,0.045677042394183076,0.37723353101877305,0.022117551010092,13.061233520507812,-0.07478632478632474,-0.005645725001786921,0.002838980548999162
2020-06-03,13.200677871704102,13.200677871704102,13.04264151427702,13.13560439037284,291500,67.68441039657493,0.43466785103623273,0.045947456013967714,0.388720395022265,0.021426386214462897,13.098418235778809,0.12201693610469588,0.0049539769467291305,0.007042229002299778
2020-06-04,13.024048805236816,13.293640068262233,12.85671599144185,13.293640068262233,533800,63.35583684900413,0.4248358455694845,0.028892360437775544,0.39594348513170896,0.02191860242464742,13.200677871704102,0.8312178387650087,-0.020279717341606805,0.006424068478495527
2020-06-05,13.154196739196777,13.312233100294664,13.107716186628926,13.107716186628926,235600,65.12562922386432,0.42267344461576783,0.021383967587247088,0.40128947702852075,0.021237300946078872,13.024048805236816,-0.5586361933308355,0.003546045085662307,0.019787920360177628
2020-06-08,13.516749382019043,13.526045846112114,13.39589800848797,13.414490936674111,664300,69.53908639735067,0.44508404278752955,0.03503565260720698,0.4100483901803226,0.020792714819926086,13.154196739196777,1.819609507640068,0.007622983669500674,-0.004814365875041455
2020-06-09,13.395896911621094,13.451674805052763,13.2192685411133,13.451674805052763,262500,66.5172166225345,0.44792936801528427,0.030304782267969343,0.4176245857473149,0.01973992480654267,13.516749382019043,-0.6048472075869336,-0.004146538943293335,1.7151397883618313e-07
2020-06-10,13.479565620422363,13.54463910178737,13.395899209204673,13.395899209204673,160600,67.56799887358638,0.451728430157754,0.02728307552835124,0.42444535462940275,0.01967973549710535,13.395896911621094,-0.3881904761904762,0.006245673389375814,-0.0227586441936143
2020-06-11,12.69867992401123,13.19138102532842,12.65219848730742,13.172788982582695,528700,51.36578986062117,0.3872641249413338,-0.0297449837504552,0.417009108691789,0.023472910644456852,13.479565620422363,2.292029887920299,-0.03599154736315447,0.019033647209481912
2020-06-12,12.78234577178955,13.042640564723841,12.717272295195885,12.94038211771099,220900,52.675175628252454,0.33901883520774945,-0.06239221878723167,0.4014110539949811,0.023358597465557022,12.69867992401123,-0.582182712313221,-0.012212649092111576,-0.026908986617601435
2020-06-15,12.456977844238281,12.587125696820726,12.317534413054007,12.438385800474911,349300,47.33760937261599,0.27140108025332665,-0.10400797899332359,0.37540905924665025,0.0242294922137396,12.78234577178955,0.5812584880036216,0.001494731234551343,0.038059630523848115
2020-06-16,12.615013122558594,12.996159295857588,12.596421080391629,12.931085818433752,288800,49.988380276268984,0.22793811973905065,-0.11797675160607968,0.3459148713451303,0.023308201866467777,12.456977844238281,-0.173203549957057,-0.024442858110537393,0.0022107692989674146
2020-06-17,12.689382553100586,12.8288268532531,12.642902006276017,12.642902006276017,306000,51.23240233404775,0.19722096143361867,-0.11895512792920937,0.31617608936282804,0.022765292567986085,12.615013122558594,0.059556786703601095,0.003676414386625424,2.7531772265639857e-08
2020-06-18,12.78234577178955,12.884604218802401,12.689382902461777,12.689382902461777,158300,52.812505553121994,0.17832314873721877,-0.11028235250048746,0.28860550123770623,0.019922398546134503,12.689382553100586,-0.48267973856209145,0.007326035477244456,0.007272676217621503
2020-06-19,12.791641235351562,12.996158113378026,12.754456267841336,12.87530763388946,199400,52.97656943731941,0.16222651595453286,-0.10110318822653869,0.26332970418107154,0.019805029126892908,12.78234577178955,0.2596336070751737,-0.006498205784044821,1.1639944928902893e-07
2020-06-22,12.847419738769531,12.958974654285138,12.735864823253923,12.791642724291558,318400,54.009880543291054,0.15221602597346617,-0.08889094256608432,0.2411069685395505,0.019789039328793164,12.791641235351562,0.59679037111334,0.004360426231421544,0.01085384545662299
2020-06-23,12.912493705749512,12.986863647130503,12.782345865052958,12.986863647130503,236200,55.24548302024522,0.1478294796109374,-0.07462199114289048,0.22245147075382787,0.018410517125319926,12.847419738769531,-0.2581658291457286,-0.005726551336929148,-0.006479478037018248
2020-06-24,12.605717658996582,12.903197428841102,12.559236223318464,12.828827486379971,301500,48.61448673106935,0.11823589705475257,-0.08337245895926026,0.20160835601401284,0.018908497855835715,12.912493705749512,0.2764606265876377,-0.01739128752181438,-0.005162305990494287
2020-06-25,12.63360595703125,12.763752910907952,12.540643087211064,12.540643087211064,460400,49.21129440943249,0.09592733168096679,-0.08454481946643685,0.18047215114740364,0.018918542761826248,12.605717658996582,0.5270315091210613,0.007412926847028211,0.006622499706605032
2020-06-26,12.540642738342285,12.717272008775053,12.512754232795913,12.717272008775053,315700,47.241629286711806,0.06994005268436965,-0.0884256787704272,0.15836573145479685,0.01897016743156641,12.63360595703125,-0.3142919200695048,-0.013888927618351782,0.003706515459492706
2020-06-29,12.587124824523926,12.670791232060234,12.45697698096082,12.587124824523926,252000,48.3546869487501,0.05249058396153394,-0.08470011799461033,0.13719070195614427,0.017989130213346378,12.540642738342285,-0.2017738359201774,0.0,0.0014771109020869017
2020-06-30,12.494161605834961,12.624309445787274,12.475569563875847,12.605717403828159,179000,46.25296115562822,0.03080529519253794,-0.08510832541088506,0.115913620603423,0.017998811512025002,12.587124824523926,-0.28968253968253965,-0.00884961913863943,0.011904741123744846
2020-07-01,12.791641235351562,12.847418243337122,12.568531430290205,12.642901365310658,292500,53.25470399085033,0.037194907825645274,-0.06297497022222219,0.10016987804786746,0.018804799770855765,12.494161605834961,0.6340782122905029,0.01176469433266431,0.005814064923235223
2020-07-02,12.847419738769531,12.94967907624525,12.828827696130093,12.86601266796863,272900,54.45284296883463,0.04622670822024588,-0.043154535862097276,0.08938124408234316,0.018627601486160404,12.791641235351562,-0.06700854700854697,-0.0014451197646794813,0.011577471768942397
2020-07-06,13.154196739196777,13.154196739196777,12.986864799521147,12.996160378098889,376500,60.45612959656032,0.07724834436724848,-0.009706319772075755,0.08695466413932423,0.019286940270510748,12.847419738769531,0.379626236716746,0.012160234753967119,-0.000706772348071659
2020-07-07,13.08912181854248,13.228565234047903,12.986863372942478,13.144899716680419,370400,58.68903299090257,0.09548156027789112,0.006821516910853503,0.08866004336703762,0.01819688676523019,13.154196739196777,-0.016201859229747706,-0.004243311043838395,0.014204550179649732
2020-07-08,13.191380500793457,13.275046906221515,13.117010559648433,13.275046906221515,270200,60.63613589428397,0.11683612220764061,0.02254086307248239,0.09429525913515822,0.018219288775591057,13.08912181854248,-0.27051835853131745,-0.006302531811683992,0.0077519012952532215
2020-07-09,13.209972381591797,13.358712252084329,13.117009519254184,13.293638780383736,280200,60.99608373808611,0.13371855156434975,0.03153863394335321,0.10217991762099654,0.01815551600687917,13.191380500793457,0.03700962250185058,-0.0062937168802418685,-0.0007036138567380207
2020-07-10,13.22856616973877,13.330825509131454,13.144900646453406,13.200677661976982,138100,61.37646846324118,0.14690493314541087,0.03578001241953145,0.11112492072587941,0.012212167077128648,13.209972381591797,-0.5071377587437544,0.0021126572798695633,3.9115216054741336e-08
2020-07-13,13.154196739196777,13.38660304827488,13.11701176520667,13.228566687176993,192100,58.90214089028878,0.14962940934778857,0.030803590897527308,0.11882581845026126,0.012281880890078164,13.22856616973877,0.39102099927588707,-0.0056219203288521,-3.6177754847904216e-08
2020-07-14,13.368010520935059,13.377306985736189,13.135604220264893,13.154196263307472,92000,63.462696108796294,0.16711516207409716,0.03863147489906871,0.12848368717502845,0.010929592402781395,13.154196739196777,-0.5210827693909422,0.016254452446023103,0.0013907938559746056
2020-07-15,13.628305435180664,13.665490408113993,13.377307089520611,13.386602667834179,519700,68.10315489659808,0.19967464626303055,0.05695276727040166,0.1427218789926289,0.011324889830089904,13.368010520935059,4.648913043478261,0.018055571928436882,-0.010231968958064941
2020-07-16,13.498157501220703,13.591119483580192,13.488861037016868,13.488861037016868,113400,63.74383358964234,0.21252654773318902,0.0558437349924481,0.15668281274074092,0.011704171992986019,13.628305435180664,-0.7817971906869348,0.0006891956391517029,0.0027548961550236247
2020-07-17,13.479565620422363,13.572528496566393,13.433084182350347,13.53534352342072,81600,63.12224247254442,0.2186906333485954,0.049606256486283584,0.1690843768623118,0.011702884544937746,13.498157501220703,-0.28042328042328046,-0.00412090782194345,0.00482759762606963
2020-07-20,13.553936004638672,13.637602418559606,13.386603176796802,13.544639539411964,398800,64.60893656509347,0.2269605244280779,0.04630091805261288,0.18065960637546502,0.011708885111669226,13.479565620422363,3.8872549019607847,0.0006863575217086506,0.010973769773805013
2020-07-21,13.442378997802734,13.702673777882463,13.395897565434316,13.702673777882463,261700,60.65862641693799,0.22195420464955973,0.033035678619275755,0.18891852603028397,0.011965494024393987,13.553936004638672,-0.34378134403209626,-0.018995911622728085,-0.0013831728463630753
2020-07-22,13.470267295837402,13.470267295837402,13.340120351075027,13.423785864182452,370400,61.29572606839131,0.21772718922870027,0.023046930558733025,0.19468025866996724,0.01194823877646645,13.442378997802734,0.4153611004967519,0.0034626171875232646,-0.0013801820929081035
2020-07-23,13.237861633300781,13.451675874129002,13.163491693854342,13.451675874129002,286000,53.51777392163741,0.19339472042905648,-0.001028430592728613,0.1944231510217851,0.011274430561110138,13.470267295837402,-0.2278617710583153,-0.01589498905779018,-0.009129216811356453
2020-07-24,13.08912181854248,13.144899716680419,12.90319696901538,13.117010324331641,391400,49.213640003586335,0.1602616075662322,-0.027329234764442323,0.18759084233067452,0.01168658657624995,13.237861633300781,0.36853146853146845,-0.0021261327924266696,-0.026988680969729627
2020-07-27,12.73586368560791,12.791641581663118,12.670790212343153,12.73586368560791,379400,40.81743456516534,0.1042961369402775,-0.06663576431231763,0.17093190125259514,0.013222889817963525,13.08912181854248,-0.030659172202350482,0.0,0.019708122489268974
2020-07-28,12.912493705749512,12.996159224883403,12.847419342121418,12.986863647130503,225500,45.79685804231406,0.07335013008576574,-0.07806541693346353,0.15141554701922927,0.01352989129686201,12.73586368560791,-0.40564048497627836,-0.005726551336929148,0.0014397983857310406
2020-07-29,12.866011619567871,12.949678021026847,12.828826650759392,12.931085093342812,318200,44.73027992735383,0.04456081151477065,-0.08548378840356691,0.13004459991833756,0.01342713409519174,12.912493705749512,0.4110864745011087,-0.00503232894263778,0.002167668779854645
2020-07-30,12.893900871276855,12.968270813200904,12.828827393733224,12.893900871276855,249500,45.549675086520004,0.023722045687902593,-0.08505804338434798,0.10878008907225058,0.012369484780415775,12.866011619567871,-0.21590194846008803,0.0,0.002162856469441492
2020-07-31,12.73586368560791,12.940381455730897,12.698678717090965,12.921788528192634,234000,41.77061252772663,-0.005481914380109032,-0.0914096027618877,0.08592768838177867,0.012649393978423296,12.893900871276855,-0.06212424849699394,-0.014388475881575892,0.02846724818056511
2020-08-03,13.172788619995117,13.237862097653473,13.014752271487993,13.098418677939957,407100,53.30514625500871,0.006554372804107089,-0.06349865246213726,0.07005302526624435,0.013858249678996647,12.73586368560791,0.7397435897435898,0.005677780187345216,0.011291356701428413
2020-08-04,13.34941577911377,13.414490137327979,13.20997237226536,13.321527275055999,217200,57.01227462331538,0.029999734455858018,-0.032042632648309075,0.06204236710416709,0.014107688786360213,13.172788619995117,-0.4664701547531319,0.002093491495527739,0.018105989333284857
2020-08-05,13.674786567687988,13.721268004456842,13.479565242506542,13.591120158815988,180100,62.86150428406398,0.0739822347307495,0.009551894101265918,0.06443034062948358,0.01498258519795765,13.34941577911377,-0.17081031307550643,0.006155961237509139,-3.5815552098711463e-08
2020-08-06,13.609712600708008,13.674786077917958,13.53534265916531,13.674786077917958,226000,61.07169167242379,0.10240727051773924,0.03038154391060452,0.07202572660713472,0.015056672369292248,13.674786567687988,0.25485841199333703,-0.0047586468145948075,1.4370479774921428e-07
2020-08-07,13.600418090820312,13.609714556489005,13.433085255022899,13.609714556489005,266700,60.8053931298186,0.1227691208952173,0.040594715430466055,0.08217440546475124,0.015065324120527943,13.609712600708008,0.18008849557522133,-0.0006830757272759656,-0.0047848667103696715
2020-08-10,13.721266746520996,13.749155251401683,13.535341903050437,13.535341903050437,183700,63.06075810202043,0.14696340787483209,0.051831201928064674,0.09513220594676741,0.015053908258606972,13.600418090820312,-0.3112110986126734,0.013736250240465488,0.002032532344303764
2020-08-11,13.516749382019043,13.74915566498812,13.498157340392517,13.74915566498812,369200,57.07512070476254,0.14792947363506137,0.04223781415063517,0.1056916594844262,0.015137137726455724,13.721266746520996,1.009798584648884,-0.016903313092955483,0.0034387827281273675
2020-08-12,13.693377494812012,13.693377494812012,13.535342041169086,13.563230546334356,113300,60.557160377874744,0.1610905486998071,0.04431911137230471,0.11677143732750239,0.014781867174246567,13.516749382019043,-0.6931202600216685,0.009595571499949865,3.0376399846816985e-08
2020-08-13,13.637600898742676,13.721267303339564,13.59111946434889,13.693377910767522,109500,58.93143017327612,0.16511672749771122,0.038676232136167055,0.12644049536154417,0.014639024832602475,13.693377494812012,-0.033539276257722905,-0.004073283625728813,-0.0013633032202098761
2020-08-14,13.66549015045166,13.66549015045166,13.572528163150976,13.619008713521483,81900,59.51666318114854,0.16861425258968943,0.03373900578251621,0.13487524680717322,0.014634507089105186,13.637600898742676,-0.2520547945205479,0.0034129823915913047,-4.425248282198078e-08
2020-08-17,13.758452415466309,13.758452415466309,13.665489545719792,13.665489545719792,300200,61.48674376519306,0.17684874207785128,0.033578796216542445,0.14326994586130884,0.014659179039171988,13.66549015045166,2.6654456654456653,0.006802747127023616,-0.01418913701997983
2020-08-18,13.368010520935059,13.674786766894902,13.368010520935059,13.563231848960385,311500,50.394378113212596,0.1501385329441156,0.0054948696662454055,0.1446436632778702,0.01595142531955627,13.758452415466309,0.03764157228514331,-0.014393422614853386,0.008344905281243174
2020-08-19,13.247159004211426,13.479565302530924,13.219270496649793,13.479565302530924,230300,47.53583847233139,0.11786017365119328,-0.02142679170134154,0.13928696535253482,0.016062831212680175,13.368010520935059,-0.26067415730337073,-0.017241379310344786,-0.008421042569788621
2020-08-20,13.107715606689453,13.154196157200813,13.024049197273529,13.135604114308203,157800,44.4059165682281,0.08010403510198039,-0.04734634420044356,0.12745037930242395,0.0157659302806422,13.247159004211426,-0.3148067737733391,-0.002123123335330389,0.012765894949522582
2020-08-21,13.135603904724121,13.275047327152668,13.107715397550344,13.275047327152668,85400,45.18329768459607,0.05183485590975678,-0.060492418714133744,0.11232727462389053,0.015563330351216662,13.107715606689453,-0.458808618504436,-0.01050417516352886,0.02264688320979183
2020-08-24,13.451677322387695,13.47026936597119,13.395899418517798,13.433084392244494,144600,53.17491425124612,0.05430976187294689,-0.04641401020075492,0.10072377207370181,0.015030836977598681,13.135603904724121,0.693208430913349,0.0013841147423994465,0.008292967956136465
2020-08-25,13.674786567687988,13.674786567687988,13.526046679275394,13.563231651378544,142200,57.846551575208196,0.07342776461024947,-0.02183680597076189,0.09526457058101136,0.015147554707703225,13.451677322387695,-0.016597510373444035,0.00822480358492631,4.3842582931412957e-08
2020-08-26,13.730565071105957,13.758453579766105,13.63760219349252,13.674787167225952,261000,58.94922244029929,0.09201904036529385,-0.0025964241725740245,0.09461546453786787,0.015069099013858885,13.674786567687988,0.8354430379746836,0.004078886435153171,-0.004739348295359863
2020-08-27,13.526047706604004,13.665491140941883,13.507454775860428,13.665491140941883,161400,53.43036765160522,0.08922142915481324,-0.004315228306443708,0.09353665746125694,0.015613589041630509,13.730565071105957,-0.3816091954022989,-0.01020405581473074,0.008934623603104536
2020-08-28,13.702674865722656,13.75845276630482,13.50745354352456,13.646897851700146,253200,57.16052384367319,0.10010271592353348,0.005252846769821226,0.09484986915371225,0.01537769594937526,13.526047706604004,0.5687732342007434,0.004087156995577677,0.0006784603553893604
2020-08-31,13.66549015045166,13.758453024312017,13.591120205987245,13.71197158738184,192300,56.141003170309176,0.10452086683554462,0.007736798145465892,0.09678406869007873,0.013639242519836569,13.702674865722656,-0.24052132701421802,-0.0033898434396518683,0.004081664190228527
2020-09-01,13.80493450164795,13.80493450164795,13.693378698065143,13.72126809224068,247000,59.08794953583328,0.11791502600066472,0.016904765848468797,0.10101026015219593,0.01351552111017005,13.66549015045166,0.2844513780551221,0.006097571218988345,-1.9446567360422002e-09
2020-09-02,13.944377899169922,13.944377899169922,13.80493447480209,13.80493447480209,180200,61.848566258520975,0.13818895419730381,0.029742955236086305,0.10844599896121751,0.01260514829677498,13.80493450164795,-0.2704453441295547,0.010100984153336998,-6.351389843843541e-09
2020-09-03,13.814229965209961,13.944377810603742,13.665490077079735,13.944377810603742,294300,57.92022579704084,0.14211611170843774,0.02693609019777618,0.11518002151066156,0.01275673873673407,13.944377899169922,0.6331853496115427,-0.00933335622151691,0.0013458603719724465
2020-09-04,13.953673362731934,14.009450373853321,13.730563545127168,13.832821989889451,291200,60.793536030441906,0.1546970775185308,0.031613644806295374,0.12308343271223542,0.012916373833387168,13.814229965209961,-0.010533469249065619,0.008736566763514614,-0.0039973365977200885
2020-09-08,13.758452415466309,13.897895833526453,13.702674516306471,13.897895833526453,190200,55.11908015208608,0.14721784892669199,0.019307532971565233,0.12791031595512675,0.013224322558693808,13.953673362731934,-0.34684065934065933,-0.01003341942769205,0.00945939012744791
2020-09-09,14.093116760253906,14.102413224282898,13.888598984414132,13.888598984414132,283600,61.71613775651727,0.16637722897110763,0.03077353041278469,0.13560369855832294,0.013761468470930424,13.758452415466309,0.49106203995793907,0.014725587229445164,-2.3188042729287303e-08
2020-09-10,13.721266746520996,14.093116433462113,13.721266746520996,14.093116433462113,278200,52.48479145777436,0.1498288535061736,0.011380123958280502,0.13844872954789308,0.014899307436243736,14.093116760253906,-0.019040902679830718,-0.02638519937706695,0.0027100789390894662
2020-09-11,13.74915599822998,13.870007374690159,13.69337809887927,13.758452462548371,221400,53.05199274766188,0.13738093436363918,-0.0008542361474031257,0.1382351705110423,0.014869504047580627,13.721266746520996,-0.20416966211358734,-0.0006756911319566319,0.017579513421936543
2020-09-14,14.065229415893555,14.11171085331622,13.9443780332185,13.990859470641164,167200,59.02219513751934,0.1512765303548882,0.010433087875076685,0.1408434424798115,0.015697511889941798,13.74915599822998,-0.24480578139114728,0.005315609481208144,0.004626516310649883
2020-09-15,14.130302429199219,14.130302429199219,14.093117457802366,14.130302429199219,182800,60.14587550442254,0.16563045385555064,0.019829609100591283,0.14580084475495936,0.01566677006343448,14.065229415893555,0.09330143540669855,0.0,-0.001315726639552783
2020-09-16,13.925785064697266,14.111710813868184,13.925785064697266,14.111710813868184,144100,55.037672850456836,0.15867410326069553,0.010298606804588939,0.1483754964561066,0.0145414892731288,14.130302429199219,-0.2117067833698031,-0.013175280561177678,-0.00534049888444071
2020-09-17,13.888599395751953,13.962970223626913,13.804933876691935,13.851414425094289,122100,54.1373681843447,0.1484493409897638,5.907562692575308e-05,0.14839026536283806,0.01435209968923708,13.925785064697266,-0.15267175572519087,0.002684561266919947,0.004016148291308442
2020-09-18,13.777045249938965,13.94437807048387,13.777045249938965,13.94437807048387,166100,51.41995349896626,0.12984785075834182,-0.014833931683597007,0.14468178244193883,0.014243700903763878,13.888599395751953,0.36036036036036045,-0.012000020345052112,-1.3267770922836925e-08
2020-09-21,13.66549015045166,13.777045067148284,13.544638769057068,13.777045067148284,261500,48.78292391467297,0.10489530374318967,-0.031829182958999336,0.136724486702189,0.014443250125365426,13.777045249938965,0.5743527995183624,-0.008097158436581577,0.006802740143068542
2020-09-22,13.684082984924316,13.758452928872845,13.63760154831657,13.758452928872845,60300,49.25007736994111,0.08563338841867285,-0.040872878626812936,0.1265062670454858,0.013484863942157272,13.66549015045166,-0.7694072657743786,-0.005405400180747048,-0.002717357246922621
2020-09-23,13.479565620422363,13.730564854075432,13.479565620422363,13.646898442857742,152100,44.44762953448417,0.05325148963242832,-0.058603821930445985,0.1118553115628743,0.01340274038397042,13.684082984924316,1.5223880597014925,-0.012261600915111522,-0.0020690660964676295
2020-09-24,13.433082580566406,13.553933950519244,13.293639169537524,13.451675508202037,305100,43.411510495364524,0.02356615276429963,-0.07063132703885974,0.09419747980315937,0.01336909413264643,13.479565620422363,1.0059171597633134,-0.001382201616764663,-0.0034601913516670293
2020-09-25,13.516749382019043,13.516749382019043,13.321528068862635,13.386601544394901,310300,45.857974750619825,0.006714124818090639,-0.06998668398805499,0.07670080880614563,0.013044863383993783,13.433082580566406,0.017043592264831098,0.00972224632163163,0.01031636345937353
2020-09-28,13.758452415466309,13.758452415466309,13.581823140259852,13.656193081433214,126300,52.27677909891335,0.012715608442144699,-0.05118816029120074,0.06390376873334544,0.013339350712105257,13.516749382019043,-0.5929745407669997,0.007488128896780546,-0.0020269459788860816
2020-09-29,13.628305435180664,13.730564775667084,13.600416927120587,13.730564775667084,178900,48.914064051117,0.006890623014363939,-0.0456105165751852,0.05250113958954914,0.013503505541159965,13.758452415466309,0.4164687252573238,-0.007447569867456632,-0.0006821597770778158
2020-09-30,13.80493450164795,13.832823009263816,13.619008753383053,13.619008753383053,96000,53.30414324449571,0.016338430354496225,-0.028930167388042334,0.04526859774253856,0.013627163237928305,13.628305435180664,-0.46338736724427054,0.013651929566365188,0.001346719194839745
2020-10-01,13.897895812988281,13.93508078352001,13.804933829938774,13.823525871924824,159700,55.47294436760151,0.030970082817880495,-0.01143881193972645,0.042408894757606945,0.013517307333383535,13.80493450164795,0.6635416666666667,0.005379954560977852,-0.017391272068560247
2020-10-02,13.80493450164795,13.888600024495545,13.64689814755859,13.656193725724098,214700,52.83047141472988,0.03466497563448989,-0.006195135298493651,0.04086011093298354,0.0134347124233082,13.897895812988281,0.3443957420162804,0.010891817948047215,4.873023252353752e-09
2020-10-05,13.925785064697266,13.925785064697266,13.804934568919716,13.804934568919716,181000,55.77953259157591,0.04680529297754177,0.004756145635646573,0.042049147341895195,0.013385244622836365,13.80493450164795,-0.15696320447135537,0.008754152015296843,0.0006675775133754227
2020-10-06,13.777045249938965,13.94437807048387,13.702675304487826,13.935081605662557,122000,51.5109376730385,0.04391825959918272,0.0014952898058300176,0.0424229697933527,0.013222838192433493,13.925785064697266,-0.3259668508287292,-0.011340899192106166,0.012145644725150473
2020-10-07,14.037339210510254,14.037339210510254,13.91648784244991,13.944376346907045,134600,57.62268077335075,0.06192003646114941,0.015597653334237363,0.046322383126912045,0.012747491198452025,13.777045249938965,0.10327868852459021,0.006666692097981726,-0.002648929573729635
2020-10-08,14.018747329711914,14.03734025844441,13.962970316633706,14.000155287539059,51500,57.06937104091801,0.0738352382527232,0.022010284100648925,0.051824954152074276,0.011163173871550195,14.037339210510254,-0.6173848439821694,0.0013279882823445078,0.0013262573101725202
2020-10-09,14.083820343017578,14.13030177675736,14.01874686771765,14.037339795837406,232200,58.56892909675734,0.08752009270352268,0.02855611084115872,0.05896398186236396,0.011189469697488595,14.018747329711914,3.50873786407767,0.003311207668703393,4.6173243128452746e-08
2020-10-12,14.130302429199219,14.130302429199219,14.065228950894637,14.083820993313239,70000,59.65304611528967,0.1009524374791404,0.03359076449342116,0.06736167298571924,0.009977942562608838,14.083820343017578,-0.698535745047373,0.0033003427058642927,-0.0013157043280312252
2020-10-13,14.158191680908203,14.20467311923937,14.083821734202214,14.111711129136731,332900,60.32388021361042,0.1125506828102818,0.036151207859650036,0.07639947495063176,0.009934632513603376,14.130302429199219,3.7557142857142853,0.0032937573159007344,0.0
2020-10-14,14.158191680908203,14.223266049195715,14.093118199180386,14.158191680908203,118800,60.32388021361043,0.12035499829410767,0.035164418674780734,0.08519057961932694,0.009321936653094571,14.158191680908203,-0.64313607689997,0.0,-0.005252922966915661
2020-10-15,14.167486190795898,14.176782654491173,14.037339245300336,14.083819790657566,145100,60.57722418634279,0.1258393659343664,0.03251902905203155,0.09332033688233485,0.00928506569706646,14.158191680908203,0.22138047138047146,0.005940604280795468,2.1203128591103738e-08
2020-10-16,14.121005058288574,14.195375882868099,14.083820089278609,14.16748649119093,59400,58.563305838305226,0.12499427170966015,0.02533914786186023,0.09965512384779993,0.009099793586332824,14.167486190795898,-0.5906271536871124,-0.003280852459697561,5.934028307008418e-08
2020-10-19,13.860711097717285,14.121005896233012,13.860711097717285,14.121005896233012,311400,48.78261294934163,0.10214353411812382,0.001990728216259105,0.10015280590186472,0.009916776769208003,14.121005058288574,4.242424242424242,-0.018433162653459692,0.007377674723183138
2020-10-20,14.074525833129883,14.176784285866452,13.962970915628258,13.962970915628258,140200,55.375499862484006,0.10013295183153836,-1.5883256261089995e-05,0.10014883508779945,0.010446486192383584,13.860711097717285,-0.5497752087347463,0.007989339673891704,-9.949100238479068e-08
2020-10-21,14.000154495239258,14.167486411563834,13.990858031399117,14.0745244328412,363500,52.82821905405582,0.09148383674015648,-0.006931998678114393,0.09841583541827087,0.00985455818346801,14.074525833129883,1.5927246790299572,-0.005284010692994253,0.005312100201577186
2020-10-22,14.093116760253906,14.130301729810265,14.06522825472654,14.07452471875553,263600,55.5788644503057,0.09108070689206471,-0.005868102820964935,0.09694880971302965,0.009822236557021564,14.000154495239258,-0.27482806052269604,0.001320971178060508,0.003957886973156982
2020-10-23,14.353412628173828,14.36270909290298,14.148895723490496,14.148895723490496,98100,62.22152443622033,0.11049125038483965,0.010833952537447997,0.09965729784739165,0.010432710802945123,14.093116760253906,-0.627845220030349,0.014454619546300453,-0.00906743889879942
2020-10-26,14.046634674072266,14.251152440410294,14.037339097034746,14.223263936178606,257900,52.29582842754772,0.09996746618008423,0.00024813466615405955,0.09971933151393017,0.011164223657657148,14.353412628173828,1.6289500509683994,-0.012418335404510232,-0.0006616644619392664
2020-10-27,13.981562614440918,14.046636093075154,13.972266149904696,14.037340515098588,116400,50.45718125650024,0.0853921721894686,-0.011461727459569276,0.09685389964903787,0.010974588211042356,14.046634674072266,-0.5486622721985266,-0.00397353762257711,-0.009308459906399776
2020-10-28,13.553936004638672,13.851415799415577,13.544639539411964,13.851415799415577,213100,40.403869267934795,0.03888698811356939,-0.04637352922837479,0.08526051734194418,0.012726978591003194,13.981562614440918,0.8307560137457044,-0.021476490135359027,0.013031542590480168
2020-10-29,13.777045249938965,13.777045249938965,13.581823921489804,13.730564698951763,169200,46.40394245936288,0.01980603453830554,-0.05236358624291092,0.07216962078121646,0.013208373922123307,13.553936004638672,-0.2060065696855936,0.0033851885924801022,-0.005398137471940006
2020-10-30,13.702674865722656,13.786341273316078,13.609712880165253,13.702674865722656,121700,44.78533530580042,-0.0013018205312338438,-0.05877715304996024,0.0574753325187264,0.013178909216140034,13.777045249938965,-0.2807328605200946,0.0,0.015603967687581056
2020-11-02,13.85141658782959,13.925786540756908,13.758454589950329,13.916490961560822,104600,48.6436544825011,-0.005959041736373294,-0.05074749940407976,0.04478845766770646,0.01326288151113104,13.702674865722656,-0.14050944946589972,-0.0046760619405406,0.006711356606574989
2020-11-03,14.009451866149902,14.074526234802764,13.851415506872483,13.944378384056742,82400,52.44587929622999,0.0030668503676185566,-0.033377285840070325,0.03644413620768888,0.013262505484154821,13.85141658782959,-0.21223709369024857,0.004666646321614561,0.008626244650904379
2020-11-04,14.372003555297852,14.446373489650373,14.13030082537238,14.13030082537238,165900,59.79913470967438,0.03902497066183486,0.0020646675633167744,0.03696030309851808,0.013840162874269708,14.009451866149902,1.0133495145631066,0.01710527843055327,-0.0032339754878982713
2020-11-05,14.251154899597168,14.372006287534749,14.251154899597168,14.325524848088032,160300,56.65441577758355,0.05711220951836715,0.01612152513587925,0.0409906843824879,0.013999789217396221,14.372003555297852,-0.03375527426160341,-0.005191429234147005,-8.156595353479697e-08
2020-11-06,14.27904224395752,14.306931637286556,14.13959882355092,14.25115373718813,141300,57.21358448482917,0.07285690322082417,0.025492975070669006,0.04736392815015516,0.01397503017974973,14.251154899597168,-0.1185277604491578,0.001956929753456758,0.020182240472372628
2020-11-09,14.44637393951416,14.64159524490866,14.353411075398846,14.567225308240237,289100,60.50579158649312,0.0977106087219024,0.04027734445739779,0.05743326426450461,0.014180157297848715,14.27904224395752,1.046001415428167,-0.008296114474025148,0.003861030872843329
2020-11-10,14.44637393951416,14.567225308240237,14.40918897117995,14.502151835295264,228600,60.50579158649312,0.11606937390113004,0.04690888770930034,0.0691604861918297,0.014181375531936888,14.44637393951416,-0.20927014873746108,-0.003846180650608796,0.0006436152011018513
2020-11-11,14.511448860168457,14.511448860168457,14.418486873338528,14.455671845382433,146200,61.830447591123075,0.13432145568746456,0.05212877559650789,0.08219268009095668,0.014198682398960003,14.44637393951416,-0.36045494313210846,0.0038584865084524416,0.0019217890459970093
2020-11-12,14.44637393951416,14.539336803629475,14.316226107064635,14.539336803629475,161300,59.67495524930694,0.14189962916373844,0.0477655592582254,0.09413406990551304,0.01425790876521245,14.511448860168457,0.10328317373461005,-0.006393886142874684,0.005148045617710978
2020-11-13,14.4928560256958,14.539337459851362,14.44637459154024,14.52074453156529,82400,60.728087217445285,0.14992782746119282,0.04463500604454382,0.105292821416649,0.014227504960035572,14.44637393951416,-0.48915065096094235,-0.0019205975154280212,-0.003207157805717595
2020-11-16,14.40919017791748,14.492856585316222,14.316227306016733,14.44637514936585,198500,57.80193058129708,0.14783494849869072,0.03403370166563337,0.11380124683305735,0.013565006020627789,14.4928560256958,1.408980582524272,-0.0025740001255609816,0.002580603987012766
2020-11-17,14.4928560256958,14.539337459851362,14.409189621527714,14.44637459154024,111800,59.8836129509539,0.15118469843917737,0.029906761284896,0.12127793715428137,0.013231461821949649,14.40919017791748,-0.43677581863979853,0.0032175154992021794,0.0032073161321736644
2020-11-18,14.381302833557129,14.539339196628285,14.381302833557129,14.539339196628285,153000,55.92241735281575,0.14318741370981414,0.017527581244426216,0.12565983246538792,0.013307829110581735,14.4928560256958,0.368515205724508,-0.010869569856916565,0.008403341598922543
2020-11-19,14.576523780822754,14.585819359267692,14.42778388698737,14.502153833905062,181100,60.80828459942445,0.1508631503708493,0.02016265432436909,0.1307004960464802,0.013539093922436907,14.381302833557129,0.18366013071895426,0.005128200112166772,0.0019131606943617763
2020-11-20,14.911188125610352,14.911188125610352,14.604411013180654,14.604411013180654,323300,67.46604890330715,0.1818545367935105,0.04092323259762423,0.14093130419588626,0.013863773484903063,14.576523780822754,0.7852015461071231,0.02100578463265844,3.592638060674969e-08
2020-11-23,14.966965675354004,14.98555860440665,14.883299267736401,14.911188661315371,305400,68.42868358647898,0.20851261232593288,0.05406504650403729,0.1544475658218956,0.012726049521012767,14.911188125610352,-0.055366532632230125,0.0037406148701838063,0.003726670072176995
2020-11-24,15.115705490112305,15.134298419077098,14.976262069114966,15.022742618407646,225200,70.90126863160813,0.2388876412015577,0.06755206030372968,0.17133558089782802,0.012667656159992298,14.966965675354004,-0.26260641781270466,0.006188142476111488,-0.004920075486810762
2020-11-25,14.911188125610352,15.059928006449223,14.892595197225683,15.041335078064552,205200,63.53330262192617,0.2436485989506636,0.05785041444226846,0.18579818450839514,0.010627949760199778,15.115705490112305,-0.08880994671403197,-0.008652619716184622,0.009975016937608537
2020-11-27,15.125000953674316,15.19007442762545,15.013445160387244,15.059927479723182,131600,67.35296995292804,0.2616583658195868,0.06068814504895331,0.20097022077063348,0.010515806460956553,14.911188125610352,-0.3586744639376218,0.004320968612813692,0.004917085508382935
2020-11-30,14.836817741394043,15.208668341147668,14.836817741394043,15.199371876677906,327900,58.464252311955164,0.24979774610969585,0.039062020271249887,0.21073572583844596,0.011595872805186563,15.125000953674316,1.4916413373860182,-0.023853231450976654,0.011904652479882573
2020-12-01,15.013444900512695,15.087814837043714,14.920482036569135,15.013444900512695,203600,61.79242127012676,0.2517484556557452,0.03281018385383941,0.2189382718019058,0.011630629530421634,14.836817741394043,-0.37907898749618785,0.0,-1.3015971072922108e-08
2020-12-02,15.19007396697998,15.208666894150518,15.01344470509813,15.01344470509813,276200,64.82753849317857,0.2644979290563878,0.03644772580358557,0.22805020325280223,0.011642650194832837,15.013444900512695,0.3565815324165029,0.011764739228824116,0.0006120354615093094
2020-12-03,15.273740768432617,15.385294788155877,15.199370830910722,15.199370830910722,203200,66.19732443828242,0.2781468860638636,0.040077346248849094,0.23806953981501452,0.010470781240421206,15.19007396697998,-0.26430123099203473,0.004892961580399802,-0.001825842166027082
2020-12-04,15.264446258544922,15.32951974056649,15.208669241543495,15.245853328504646,156600,65.89033061316398,0.2849293058813682,0.03748781285308295,0.24744149302828528,0.010160246362104946,15.273740768432617,-0.22933070866141736,0.0012195401359078593,0.00243590938659492
2020-12-07,15.301629066467285,15.33881492343953,15.264444982614291,15.301629066467285,170400,66.55848303358378,0.2899622598646019,0.03401661346905327,0.2559456463955486,0.010157007554311951,15.264446258544922,0.08812260536398475,0.0,-9.199258350581558e-09
2020-12-08,15.32951831817627,15.33881478233381,15.292334234665342,15.301628925703646,127100,67.07937241478675,0.29282582782409783,0.029504145142839333,0.2633216826812585,0.009975665086008736,15.301629066467285,-0.25410798122065725,0.0018226420604001705,0.001212809688537708
2020-12-09,15.366703033447266,15.47825704881363,15.273740171895893,15.34811010651317,260600,67.79954052269768,0.2946986195766712,0.025101549516330146,0.26959707006034106,0.009951752065754313,15.32951831817627,1.050354051927616,0.0012114147478135106,-0.004839494438488937
2020-12-10,15.49685287475586,15.49685287475586,15.255150098754408,15.292335959578987,297100,70.25244648895017,0.303189841258412,0.02687421695845671,0.27631562429995526,0.010019634557218285,15.366703033447266,0.1400613967766693,0.013373817820734265,-0.0005998719716090701
2020-12-11,15.589816093444824,15.589816093444824,15.459667350841919,15.487556747068144,199400,71.89906070285585,0.31380322222916845,0.02999007834337053,0.2838131438857979,0.00986184529233696,15.49685287475586,-0.3288455065634467,0.0066026777526441306,0.008348070586448115
2020-12-14,15.757146835327148,15.831516775616914,15.719960978622646,15.719960978622646,425200,74.62205269863534,0.33189076539368934,0.038462097206313106,0.29342866818737623,0.009978495271153172,15.589816093444824,1.1323971915747242,0.0023655183848783437,0.006489638959126311
2020-12-15,15.794331550598145,15.88729442295816,15.692072213690196,15.859405029314361,299000,75.19722661171205,0.3452459885739074,0.041453856309224935,0.3037921322646825,0.009711197720829588,15.757146835327148,-0.2968015051740357,-0.004103147539011437,0.00647446370167406
2020-12-16,15.859405517578125,15.896591376914698,15.812924966526776,15.896591376914698,266200,76.21325358469936,0.35696614098331914,0.042539206974909316,0.3144269340084098,0.009707899485696923,15.794331550598145,-0.10969899665551841,-0.002339234773976422,-0.003517198981728273
2020-12-17,15.692069053649902,15.803624832640883,15.636292050713887,15.803624832640883,306200,68.44835166258119,0.3487318286148433,0.027443915685146758,0.32128791292969655,0.009916307742249234,15.859405517578125,0.1502629601803156,-0.007058872896082251,0.00473953004343785
2020-12-18,15.673480987548828,15.831517337917587,15.654888058536198,15.766442086373377,199400,67.62414604490054,0.3368234836956976,0.012428456612800787,0.3243950270828968,0.009746713985515472,15.692069053649902,-0.34879163945133895,-0.005896136764101884,-0.0035737518920460603
2020-12-21,15.71081829071045,15.738823955512634,15.514783978629541,15.617467855214628,326800,68.44604752855814,0.32663361389791135,0.001790869452011623,0.3248427444458997,0.008626101761357691,15.673480987548828,0.6389167502507522,0.00597730927710232,-0.007724137658693452
2020-12-22,15.514785766601562,15.682814433244431,15.477444875895369,15.589465767502283,260400,59.85460705626424,0.2992898551371379,-0.020442311447009476,0.3197321665841474,0.009257456465829369,15.71081829071045,-0.20318237454100363,-0.004790414374326911,0.010830355362210449
2020-12-23,15.645477294921875,15.748162976794191,15.617471623362544,15.682816409822422,165500,63.173421489882536,0.2848815067417192,-0.027880527873942573,0.31276203461566177,0.009193715387722996,15.514785766601562,-0.3644393241167435,-0.002380893452094545,-0.0005967288068122559
2020-12-24,15.617470741271973,15.645476411249515,15.580131628480377,15.636141187923668,90000,61.990731463198465,0.26811226076478256,-0.035719819080703374,0.30383207984548594,0.008515589637995005,15.645477294921875,-0.4561933534743202,-0.0011940571799207852,0.013747604106698463
2020-12-28,15.962864875793457,15.962864875793457,15.832173546170926,15.832173546170926,341100,69.55954277321923,0.2794713607074737,-0.019488575310409817,0.2989599360178835,0.00923864933534101,15.617470741271973,2.79,0.00825479390062263,0.01111122647766402
2020-12-29,16.32693099975586,16.32693099975586,16.130896659729235,16.140231882660746,420100,75.17175603807634,0.31422839350621423,0.012214765990664567,0.30201362751554967,0.008771424079600262,15.962864875793457,0.23160363529756678,0.011567313186849669,0.0005717280368933976
2020-12-30,16.336265563964844,16.36427123163012,16.242915118925573,16.336265563964844,203000,75.29751014715842,0.33862337425686917,0.029287797393055592,0.3093355768638136,0.008655841877466992,16.32693099975586,-0.5167817186384194,0.0,0.00514290639225125
2020-12-31,16.32693099975586,16.420281448559273,16.261586219746984,16.420281448559273,151800,74.8890224081892,0.35313265748066236,0.035037664493479004,0.31809499298718336,0.008532038428963492,16.336265563964844,-0.2522167487684729,-0.005685069960332731,0.006289444065815551
2021-01-04,16.38294219970703,16.606984011506718,16.364273532483637,16.429618319045254,580500,75.73950150302653,0.36494415564377647,0.037479330125274435,0.32746482551850203,0.008520860788354744,16.32693099975586,2.824110671936759,-0.0028409740525813373,0.01139599640727574
2021-01-05,16.765676498413086,16.79368216838351,16.55097170350855,16.5696421501555,502900,80.5796997700771,0.40057078167241045,0.05848476492312671,0.34208601674928374,0.009531627676561592,16.38294219970703,-0.13367786391042202,0.01183093433648762,-4.339157138254643e-08
2021-01-06,16.803016662597656,16.849690996677964,16.64432143400821,16.765675770924037,641100,80.97842474069644,0.42689717377598413,0.0678489256213603,0.35904824815462383,0.00953440199999638,16.765676498413086,0.27480612447802755,0.002227222581649677,0.0038888210306471513
2021-01-07,16.99905014038086,17.008385362825905,16.812351033014835,16.86836058717348,813100,82.95679456361869,0.45829633762586397,0.07939847157699209,0.3788978660488719,0.009629820618030319,16.803016662597656,0.2682888784900952,0.007747614389198781,0.0021967145645976805
2021-01-08,17.195087432861328,17.23242654469694,16.999051309061205,17.03639220140856,499900,84.67350476503945,0.4933123743713512,0.09153160665798343,0.4017807677133678,0.009705442698301241,16.99905014038086,-0.38519247325052264,0.009315072673640786,0.0032572805505502113
2021-01-11,17.279102325439453,17.344447105269868,17.195087099797004,17.251096656721398,410600,85.354362317071,0.5218268404673942,0.09603685820322116,0.4257899822641731,0.009684313048163116,17.195087432861328,-0.17863572714542908,0.001623413819732082,0.010264620140107596
2021-01-12,17.363115310668945,17.503140075167995,17.335109645564543,17.45646574717214,381600,86.02301666875846,0.5449223800712915,0.09530591824569468,0.4496164618255968,0.009684579994882292,17.279102325439453,-0.07062834875791524,-0.005347613764161623,1.4779725814839257e-07
2021-01-13,17.353782653808594,17.400456988702786,17.288437872752027,17.36311787688978,223800,85.55572714892116,0.5560627489564709,0.08515702970469924,0.47090571925177166,0.009688596286308934,17.363115310668945,-0.4135220125786163,-0.0005376467030505233,0.0010757806799646177
2021-01-14,17.269765853881836,17.40045540409345,17.269765853881836,17.372451517911866,269200,81.27540893669475,0.5517518659070362,0.0646769173242116,0.4870749485828246,0.00991833981204861,17.353782653808594,0.20285969615728328,-0.005910833247924518,-0.0037838626094812804
2021-01-15,17.213754653930664,17.26976420144621,17.120404221063808,17.204419432592836,483200,78.45732520720595,0.5376184929701253,0.04043483550984056,0.49718365746028476,0.010069543582856152,17.269765853881836,0.7949479940564637,0.0005426060073926755,-0.023861111092481704
2021-01-19,16.66299057006836,16.989716224483733,16.616314459145265,16.8030153418145,623200,57.3865588819498,0.47648303462916886,-0.016560498264892698,0.49304353289406155,0.012553154221586833,17.213754653930664,0.2897350993377483,-0.008333312140570856,0.005042119511567549
2021-01-20,16.905702590942383,16.952376925731553,16.747007359942767,16.747007359942767,422000,62.203868324397966,0.44251652010549947,-0.040421610230849725,0.4829381303363492,0.012763739707524972,16.66299057006836,-0.3228498074454429,0.009476035185796802,0.0022085380151356765
2021-01-21,17.14841079711914,17.157744238441953,16.943039477787057,16.943039477787057,536800,66.30582124642234,0.43022299360555394,-0.042172109384636225,0.47239510299019016,0.012969523488835667,16.905702590942383,0.27203791469194316,0.012121279632343013,-0.004899224001451902
2021-01-22,17.129741668701172,17.148412113803367,17.045726446252942,17.064396891355138,228800,65.71503236890193,0.41419921195993936,-0.04655671282420065,0.46075592478414,0.012424959544514159,17.14841079711914,-0.5737704918032787,0.0038293048246632196,-0.005449550213670835
2021-01-25,17.008386611938477,17.129742732124946,16.87769704913313,17.036392281330375,479200,61.85681472656345,0.3872440028723645,-0.05880953752942042,0.4460535404017849,0.012683696564460792,17.129741668701172,1.0944055944055946,-0.0016438732408497738,-0.0021953196914321856
2021-01-26,16.952377319335938,17.027057325039593,16.89636776018614,16.971047765889796,306600,60.102916314106295,0.3572442344864868,-0.07104744473223851,0.4282916792187253,0.012725820788626344,17.008386611938477,-0.36018363939899833,-0.0011001351720537139,-0.030286341385015333
2021-01-27,16.19624137878418,16.522967058110652,16.14956526430228,16.438951832554938,774700,42.55882186484285,0.26935044651066775,-0.12715298616644605,0.3965034326771138,0.016081049411859845,16.952377319335938,1.5267449445531636,-0.014764350929607688,-0.031124105864185986
2021-01-28,15.71081829071045,15.822839169407727,15.496113535428083,15.692147847508991,753900,35.41229931448509,0.15869506205067907,-0.19024669650114784,0.3489417585518269,0.01661010131755891,16.19624137878418,-0.026849102878533593,0.0011897952646693763,0.024361291710417773
2021-01-29,15.79483413696289,16.093554118099814,15.71081891970419,16.093554118099814,641600,37.372478866039216,0.07689287606882189,-0.21763910598640407,0.29453198205522596,0.016680002260990336,15.71081829071045,-0.14895874784454166,-0.018561467463607925,0.0047281138712632585
2021-02-01,15.91618824005127,15.91618824005127,15.69214825731726,15.869513911340167,629300,40.19577131039847,0.021607241416937484,-0.2183397925106308,0.23994703392756828,0.016807123082271613,15.79483413696289,-0.019170822942643384,0.0029411315917968537,0.022874038815301406
2021-02-02,16.233579635620117,16.31759485675481,16.09355486056617,16.280255747645846,505200,46.93381576138177,0.0033650208499622636,-0.18926561046208482,0.19263063131204708,0.017436974173675877,15.91618824005127,-0.19720324169712378,-0.0028670380090606564,0.024151816819900838
2021-02-03,16.709665298461914,16.756341410496717,16.48562530222971,16.625650077310887,394000,55.104834277824956,0.02701267845751687,-0.13249436228362418,0.15950704074114105,0.017907897771823635,16.233579635620117,-0.22011084718923202,0.005053349538835973,-0.00335194928071526
2021-02-04,16.66299057006836,16.690994456110644,16.58831057310298,16.653655347883742,304500,54.22332705414819,0.04150886858067793,-0.09439853772837051,0.13590740630904843,0.017910028245976314,16.709665298461914,-0.22715736040609136,0.0005605509414966808,0.002801136956202603
2021-02-05,16.728336334228516,16.831022003820983,16.66299155558301,16.709665888755033,266100,55.301405509912954,0.05760601446680269,-0.06264111347379661,0.1202471279405993,0.017721221798726965,16.66299057006836,-0.1261083743842365,0.0011173440329556071,-0.023437519106757128
2021-02-08,16.308259963989258,16.504296077436567,16.12156085364744,16.336265631770775,394000,47.54889956778998,0.036050893937222384,-0.06735698720270154,0.10340788113992393,0.01828072883657723,16.728336334228516,0.4806463735437805,-0.0017143249511719521,0.005724136187058964
2021-02-09,16.56964111328125,16.56964111328125,16.38294021951848,16.401610664997094,253500,52.05290524901512,0.03960306048648832,-0.051043856522748496,0.09064691700923681,0.018682472209051924,16.308259963989258,-0.3565989847715736,0.010244752891418919,0.009014215731717082
2021-02-10,16.616317749023438,16.719003432873496,16.56030818533792,16.719003432873496,255500,52.83184378882433,0.045658272338009454,-0.03599091573698189,0.08164918807499134,0.01864892661449574,16.56964111328125,0.007889546351084853,-0.006141854343312968,0.009550271556763815
2021-02-11,16.737668991088867,16.775008095800086,16.616312894626745,16.775008095800086,234400,54.88395674404602,0.059562502958090846,-0.017669348093520415,0.07723185105161126,0.01876398268352184,16.616317749023438,-0.0825831702544031,-0.0022258770009516175,0.0011157217840701216
2021-02-12,16.812353134155273,16.821688357766998,16.66299311739139,16.75634357299678,326200,56.14842071866704,0.0757350653927027,-0.0011974285271268564,0.07693249391982955,0.018795648461201755,16.737668991088867,0.3916382252559727,0.0033425884898155276,0.005552302509290656
2021-02-16,16.644319534301758,16.905700404649124,16.644319534301758,16.905700404649124,568600,52.57790348404929,0.0741384090167756,-0.0022352679224431626,0.07637367693921876,0.018895177729805715,16.812353134155273,0.7431023911710608,-0.015461108625554842,0.00673041136813612
2021-02-17,16.877696990966797,16.91503788336064,16.690996090021088,16.756342651710312,432300,56.69662811930386,0.09065959034775517,0.011428730726829123,0.07923085962092605,0.017754800055267354,16.644319534301758,-0.23971157228279982,0.007242292771095716,0.0077431920018654395
2021-02-18,16.989715576171875,17.017719461145557,16.88702991657103,17.00838423931716,505900,58.55720208358929,0.1115063336251616,0.025820379203388436,0.08568595442177317,0.017517992558914924,16.877696990966797,0.17025213971778852,-0.001097615322102687,0.013186828160683083
2021-02-19,17.16707992553711,17.22309125806106,16.9897160474126,17.213756035973734,428100,61.38617614903096,0.14071724772491478,0.04402503464251328,0.0966922130824015,0.017375000737430618,16.989715576171875,-0.1537853330697766,-0.0027115587289072763,-0.008156575477221373
2021-02-22,16.98038101196289,17.073731453350636,16.896365792765078,17.027055342400974,203800,56.97716800314232,0.14710631554957132,0.04033128197373585,0.10677503357583547,0.017550117114558565,17.16707992553711,-0.5239430039710349,-0.0027411862767518277,-0.01044526696768853
2021-02-23,16.859025955200195,16.93370595686453,16.616315504663195,16.80301639907987,268200,54.249647577872544,0.14075482495193015,0.027183833100875743,0.1135709918510544,0.017551392360863685,16.98038101196289,0.31599607458292445,0.0033333036634656432,-0.0066444437477540036
2021-02-24,16.803016662597656,16.859026219596366,16.588311877009495,16.747007105598943,279200,52.98886935601194,0.12970656453303775,0.01290845814558668,0.11679810638745107,0.017551656026901452,16.859025955200195,0.04101416853094708,0.003344451736691982,0.003333207842180335
2021-02-25,16.2429141998291,16.859024609509714,16.2429141998291,16.859024609509714,263100,42.381451411532254,0.07489184421723394,-0.033525009736173714,0.10841685395340765,0.01618167060803085,16.803016662597656,-0.05766475644699143,-0.03654484313007533,0.004597693282915648
2021-02-26,16.429615020751953,16.485624572201846,16.242914141903594,16.31759413734063,331800,46.24434392029377,0.045985882741806705,-0.04994477696928076,0.09593065971108747,0.014690924126606913,16.2429141998291,0.26111744583808427,0.006865036749196826,0.015341059117489297
2021-03-01,16.84969139099121,16.877697060401808,16.625651377241706,16.6816627160629,183000,53.7565463042296,0.05632507200103376,-0.03168447016804296,0.08800954216907672,0.015577668175864598,16.429615020751953,-0.44846292947558775,0.01007265749154105,-0.0027701189231432795
2021-03-02,16.709665298461914,16.84969007354309,16.709665298461914,16.803015742019902,310600,51.18862349650617,0.05261352262058949,-0.02831681563878978,0.08093033825937927,0.015753218733157846,16.84969139099121,0.6972677595628416,-0.005555576748318037,-0.0027932976855960584
2021-03-03,16.429615020751953,16.70966455851296,16.429615020751953,16.662990229056636,209000,46.41328028502072,0.02676583616479533,-0.043331601675667145,0.07009743784046248,0.015758770909738415,16.709665298461914,-0.3271088216355441,-0.0140056019415847,-0.0017045689926550522
2021-03-04,16.21491050720215,16.429615274840152,16.140230510610166,16.40160960842632,427100,43.094043498715436,-0.010917649588474632,-0.0648120699431497,0.05389442035467506,0.014509869042516055,16.429615020751953,1.0435406698564593,-0.011382974334924703,0.024755155048171763
2021-03-05,16.522964477539062,16.616313130900167,16.26158361879824,16.616313130900167,345500,48.75650231621546,-0.015743224558168123,-0.05571011593027455,0.039966891372106426,0.015201528790749253,16.21491050720215,-0.191055958791852,-0.00561789204534854,-0.002824804007451797
2021-03-08,16.336265563964844,16.522966454043384,16.336265563964844,16.476290341267926,244900,45.783109561666365,-0.03423789634879171,-0.05936383017671851,0.0251259338279268,0.01535864148582041,16.522964477539062,-0.2911722141823444,-0.008498562140068913,0.0022859075252063964
2021-03-09,16.38294219970703,16.578978339903784,16.37360875635128,16.37360875635128,187700,46.6589475047131,-0.044614356053198634,-0.05579223190490035,0.011177875851701713,0.014290827199657253,16.336265563964844,-0.23356472029399755,0.000570029704180499,0.0028488668565135084
2021-03-10,16.429615020751953,16.522965460176135,16.36427024730849,16.429615020751953,172500,47.570979518650695,-0.04851244723622017,-0.047752258470337504,-0.0007601887658826648,0.013824966448913765,16.38294219970703,-0.08098028769312737,0.0,0.01704543596591334
2021-03-11,16.79368019104004,16.79368019104004,16.550969754742606,16.70966497153279,172100,54.15565052615371,-0.021971423071889262,-0.016968987444805277,-0.005002435627083984,0.014705415277575129,16.429615020751953,-0.002318840579710102,0.005027941592508409,-0.009449648063195098
2021-03-12,16.597646713256836,16.70966582464458,16.569641045154064,16.63498582354886,262300,50.47934305387829,-0.016564785010498184,-0.009249879506731359,-0.007314905503766825,0.014863793968501815,16.79368019104004,0.5241138872748403,-0.002244613292015294,0.008998886017468646
2021-03-15,16.672327041625977,16.747007044187647,16.578976593295963,16.747007044187647,107100,51.82113527466155,-0.006182637428558735,0.0009058144601664731,-0.007088451888725208,0.014864429138899637,16.597646713256836,-0.5916889058330157,-0.004459304421657229,0.003919150307097172
2021-03-16,16.718997955322266,16.765672279683233,16.653653189012378,16.73766839727119,109400,52.68397843551813,0.005745017039370026,0.010266775142476188,-0.0045217581031061615,0.014700235005344977,16.672327041625977,0.02147525676937434,-0.001115474479824668,-0.003349830687050743
2021-03-17,16.747007369995117,16.784346481746518,16.56964169276867,16.66299214291479,110100,53.22539044280115,0.01725894445066345,0.01742456204301569,-0.00016561759235223916,0.01434993639478637,16.718997955322266,0.006398537477148025,0.005042025247311452,-5.0811113754187625e-08
2021-03-18,16.62565040588379,16.78434562891518,16.569640850846724,16.74700651906102,232800,50.527685657508556,0.016402247200478115,0.013254291834264284,0.003147955366213832,0.014332970660137143,16.747007369995117,1.114441416893733,-0.007246436134070118,0.003930378902417678
2021-03-19,16.70033073425293,16.803016404264955,16.634985955340436,16.690995511478047,133800,52.13542619185295,0.021501530567238802,0.014682860160819976,0.006818670406418826,0.014143917315547216,16.62565040588379,-0.42525773195876293,0.000559296943580354,0.0022359684529967214
2021-03-22,16.747007369995117,16.80301692787809,16.690996031600402,16.73767214692933,164500,53.1600124246046,0.028975156220720777,0.01772518865144156,0.011249967569279217,0.013985342010658583,16.70033073425293,0.22944693572496266,0.0005577372399123618,-0.007804048075813567
2021-03-23,16.39227294921875,16.681659468590507,16.39227294921875,16.61631291935367,422100,45.23503989253366,0.006202457212420853,-0.004038008285486691,0.010240465497907544,0.014666739399492954,16.747007369995117,1.5659574468085107,-0.01348313378679653,0.002847521652182624
2021-03-24,16.2429141998291,16.438950301370138,16.2429141998291,16.438950301370138,267000,42.37091127249963,-0.02362474232901235,-0.027092166261535915,0.003467423932523565,0.01476553945459973,16.39227294921875,-0.3674484719260839,-0.011925098497602813,-0.0017238709667191496
2021-03-25,16.38294219970703,16.40161264744232,16.158902168419235,16.214913511625106,257800,45.8336221758735,-0.03555407824922696,-0.031217201745400422,-0.0043368765038265394,0.012877964873709302,16.2429141998291,-0.03445692883895135,0.01036260156191761,0.006267699657476939
2021-03-26,16.653656005859375,16.653656005859375,16.429616006111555,16.4856255609206,85100,51.856355681270685,-0.02289984603497075,-0.014850375624915368,-0.008049470410055382,0.01315004860094979,16.38294219970703,-0.6698991466252909,0.010192542850002245,0.0022421206253770455
2021-03-29,16.70033073425293,16.719001179802696,16.653656400890203,16.690995511478047,244200,52.83018776243739,-0.009001254473488984,-0.0007614272507468819,-0.008239827222742102,0.011806180413984813,16.653656005859375,1.8695652173913042,0.000559296943580354,-1.4211584637254245e-07
2021-03-30,16.681659698486328,16.747004468112294,16.644318812693527,16.700328360871293,76100,52.373803640875366,0.0005011064833091439,0.006992746964840997,-0.006491640481531853,0.011660516204784957,16.70033073425293,-0.6883701883701884,-0.0011178619953787889,-0.0022383409230331565
2021-03-31,16.896366119384766,16.9430404507251,16.616314789807927,16.644320456919093,201300,56.97652957563903,0.02506784329910161,0.02524758702450677,-0.00017974372540516,0.011298343913167154,16.681659698486328,1.645203679369251,0.01514304312501363,0.009392499692508171
2021-04-01,17.316444396972656,17.325779621474624,17.055065232965593,17.055065232965593,326100,64.25519874172615,0.07754013111564362,0.06217589987283902,0.015364231242804597,0.011898441554326126,16.896366119384766,0.6199701937406856,0.015325603299472941,0.002695129842522753
2021-04-05,17.400453567504883,17.4751335569594,17.353779241787585,17.363114463033323,268400,65.51180205043299,0.12446883595891833,0.08728368377289099,0.037185152186027345,0.011326526392592174,17.316444396972656,-0.17693958908310337,0.0021504842665787806,1.0554831570548619e-07
2021-04-06,17.269765853881836,17.456466737479786,17.269765853881836,17.40045540409345,317300,61.86808430611741,0.14939266076410007,0.08976600686245817,0.059626653901641895,0.011110541728411886,17.400453567504883,0.18219076005961243,-0.007510697115482896,-0.004864819475171969
2021-04-07,16.88703155517578,17.223092451561108,16.877696332441555,17.18575156062421,306300,52.634994312172864,0.1366858824581172,0.06164738284518023,0.07503849961293696,0.012437815833052928,17.269765853881836,-0.03466750709108102,-0.01738184125347501,0.011608610440093765
2021-04-08,17.353782653808594,17.409792211783973,17.083066525989388,17.083066525989388,167100,60.39710726798642,0.16240646136905923,0.06989436940489781,0.09251209196416142,0.013737313972207555,16.88703155517578,-0.45445641527913805,0.01584704522500987,-0.0048414677836479
2021-04-09,17.363115310668945,17.44713052547067,17.17641443766256,17.26976487416575,196500,60.536366522564805,0.1814516116457625,0.07115161574528087,0.11029999590048165,0.012965140623720771,17.353782653808594,0.17594254937163378,0.005405426025390696,0.00806457199755518
2021-04-12,17.661836624145508,17.6898422913764,17.437796627833222,17.503141404193688,276400,64.8026763697978,0.21813482149434904,0.08626786047509391,0.13186696101925513,0.012999722794819197,17.363115310668945,0.40661577608142485,0.009066670735677044,8.89642105003227e-08
2021-04-13,17.745853424072266,17.783192536523682,17.643167748935262,17.66183819541686,569000,65.91865694301502,0.25109155602521227,0.09537967600476571,0.15571188002044656,0.013001213180509216,17.661836624145508,1.0586107091172212,0.00475687908165799,0.007890563741413304
2021-04-14,17.745853424072266,17.895213434901482,17.745853424072266,17.885878211660685,565200,65.91865694301502,0.2740509171986787,0.09467122974258571,0.17937968745609298,0.01302086456971874,17.745853424072266,-0.006678383128295273,-0.007828790173530907,-1.0726164739558633e-07
2021-04-15,17.9045467376709,17.960556290596234,17.745851520622793,17.745851520622793,391300,68.13207114146313,0.30157522897836486,0.09775643321781749,0.20381879576054737,0.013081299644679873,17.745853424072266,-0.30767869780608637,0.008942665662658271,0.0031283516800346143
2021-04-16,18.007234573364258,18.007234573364258,17.932552786442162,17.96055845653795,386200,69.5118883962318,0.32789472818894794,0.09926074594272044,0.2286339822462275,0.012843650998790644,17.9045467376709,-0.013033478149757194,0.0025988121103950107,0.003110304049586185
2021-04-19,18.24060821533203,18.249941657366477,18.06324254797964,18.06324254797964,425000,72.43316162738252,0.363395427178272,0.10780915594563556,0.25558627123263644,0.012996697157117529,18.007234573364258,0.10046607975142408,0.009819148853328576,-0.0010235791462687804
2021-04-20,18.29661750793457,18.371297506721586,18.21260228673523,18.22193750914756,301300,73.0993505183953,0.3915360844609559,0.10875985058265553,0.28277623387830036,0.012994938936651766,18.24060821533203,-0.2910588235294118,0.004098356651125709,-0.001020431498694259
2021-04-21,18.29661750793457,18.29661750793457,18.128587065535886,18.277947063109913,279100,73.0993505183953,0.40912165829256253,0.10107633953140971,0.3080453187611528,0.011576129886677927,18.29661750793457,-0.07368071689346167,0.0010214738427785227,-0.015306216674551343
2021-04-22,17.988561630249023,18.053906404225753,17.857870301784008,18.016565515946734,321300,63.335981385150276,0.39366291639890605,0.06849407811020258,0.32516883828870347,0.012203795890404417,18.29661750793457,0.15120028663561458,-0.0015543409576550017,0.01193552125249882
2021-04-23,18.147254943847656,18.221934932072898,18.03523407125411,18.203264489888745,326900,65.86525962408264,0.3897244750724411,0.05164450942699006,0.33807996564545106,0.012206854975747316,17.988561630249023,0.017429193899782147,-0.0030768956893528895,-0.014917533986406002
2021-04-26,17.82986831665039,17.923218766787024,17.783192201326205,17.876542651462834,361900,57.34476171403701,0.35687890576591386,0.015039152096370245,0.3418397536695436,0.01289575527176836,18.147254943847656,0.10706638115631684,-0.0026109262692707823,0.0015706756815307117
2021-04-27,17.86720848083496,17.9325532656261,17.82986936688796,17.85787325722025,157400,58.03261023370897,0.33005690409870425,-0.009426279656671477,0.33948318375537573,0.012898735221237611,17.82986831665039,-0.5650732246476927,0.0005227511406453859,-0.0047022423453220216
2021-04-28,17.745853424072266,17.87654298841989,17.73651820083147,17.783192536523682,891300,54.93223646818667,0.2956004378188375,-0.0351061967492306,0.3307066345680681,0.013066075321289486,17.86720848083496,4.66264294790343,-0.002099685552789701,0.005260390323991592
2021-04-29,17.82986831665039,17.867207428398,17.7458530895786,17.83920353971523,260100,56.65858361077994,0.27193800765914844,-0.04701490152713572,0.31895290918628416,0.012873642875805192,17.745853424072266,-0.7081790642881185,-0.0005232981979299074,-0.005235747552161777
2021-04-30,17.59649085998535,17.783189956175875,17.53114608729309,17.73651562725612,291300,50.83353270337029,0.23168305292646352,-0.06981588500785652,0.30149893793432003,0.012226799587460662,17.82986831665039,0.11995386389850049,-0.007894716764751166,-0.007426963619820107
2021-05-03,17.372453689575195,17.50314325612381,17.27910323610684,17.465802362531743,254600,45.9496819785167,0.17963209698720917,-0.09749347275768872,0.2771255697448979,0.012553508847572219,17.59649085998535,-0.12598695502917956,-0.005344654142932643,0.004835943288408065
2021-05-04,17.46579933166504,17.54981454715609,17.33510978779518,17.456465890398476,247000,48.183455746303785,0.14425072008484818,-0.10629987972803978,0.25055059981288796,0.012478468172548334,17.372453689575195,-0.02985074626865669,0.0005346695788920426,0.011758552299317342
2021-05-05,17.661836624145508,17.73651662291627,17.549815735733556,17.671171846555804,282300,52.61272423787322,0.13052468777990356,-0.09602072962638752,0.22654541740629108,0.011459283317931442,17.46579933166504,0.142914979757085,-0.0005282741004024572,0.002114127350258455
2021-05-06,17.60582733154297,17.717846441106158,17.54981599624973,17.69917599600841,164200,51.264426700062195,0.11381523527890636,-0.0901841457019078,0.20399938098081416,0.009829707975326363,17.661836624145508,-0.418349273822175,-0.005274181379206236,0.002120864178136648
2021-05-07,17.783191680908203,17.801862126491496,17.643166900056897,17.643166900056897,125800,55.181346525052,0.11357546719724354,-0.07233913102685652,0.18591459822410006,0.010046888827689286,17.60582733154297,-0.23386114494518884,0.007936487913111233,0.01207338895706219
2021-05-10,17.93254852294922,18.10991416369662,17.87653897658581,17.9978950709698,311600,58.22606710897885,0.12400781331092503,-0.04952542793054002,0.17353324124146505,0.009488056453377622,17.783191680908203,1.4769475357710653,-0.0036307883651341107,-0.01093146770871568
2021-05-11,17.755189895629883,17.867209021371654,17.559153754813934,17.736519447835622,384800,53.57194342929182,0.11661984283536597,-0.045530718724879266,0.16215056156024524,0.009729093267456586,17.93254852294922,0.23491655969191272,0.0010526556717721115,-0.0015774295567334215
2021-05-12,17.43779754638672,17.736517557205143,17.372452766584153,17.7271823343031,276000,46.4209938460784,0.0841834980179037,-0.06237365083387325,0.14655714885177695,0.010524602401295189,17.755189895629883,-0.28274428274428276,-0.016324353326947337,-0.0037473104746733508
2021-05-13,17.30710792541504,17.53114793273447,17.30710792541504,17.37245270498591,276800,43.826839591193085,0.04738566837664493,-0.07933718438010562,0.12672285275675055,0.010362465727247236,17.43779754638672,0.0028985507246377384,-0.0037614020703085563,0.011326757369166982
2021-05-14,17.689842224121094,17.69917566598429,17.493806115273397,17.503141337648202,254300,52.2437474176526,0.04854696335931408,-0.06254071151794918,0.11108767487726326,0.01155497136902083,17.30710792541504,-0.08128612716763006,0.010666707356770826,-0.01319243004557049
2021-05-17,17.512479782104492,17.577824570239162,17.36311975765041,17.456470218062197,176400,48.60888223979677,0.03475499723490216,-0.06106614211388889,0.09582113934879105,0.01125081143120144,17.689842224121094,-0.30633110499410143,0.0032085274595973026,-0.0063967039583819425
2021-05-18,17.503143310546875,17.56848809402436,17.381788967018945,17.40045763336122,340000,48.41791193373257,0.022808467671470822,-0.0584101373418562,0.08121860501332702,0.011194474538643277,17.512479782104492,0.9274376417233561,0.005901320491064505,-0.011200114374381781
2021-05-19,17.59649085998535,17.671170854563865,17.307106103557555,17.307106103557555,214800,50.51135243086103,0.020635253664767816,-0.04846668107884737,0.06910193474361519,0.011311413803405876,17.503143310546875,-0.3682352941176471,0.01672057446786627,0.013793123893597348
2021-05-20,17.85787010192871,17.92321665568567,17.76452144329897,17.839201438509683,202300,55.90744979073709,0.03954819927135489,-0.023642988377808247,0.06319118764916314,0.011326814122506907,17.59649085998535,-0.058193668528864095,0.0010464965869339763,1.1778585237195733e-07
2021-05-21,17.82986831665039,17.923218766787024,17.73651786651376,17.857872205333162,182300,55.21288313898552,0.05168158176973847,-0.009207684703539734,0.060889266473278206,0.011122675293196728,17.85787010192871,-0.09886307464162136,-0.001568153717350973,0.00837692507344144
2021-05-24,18.100582122802734,18.10991734558872,17.92321823140407,17.9792277876083,174400,60.342437428940286,0.08219423257384761,0.01704397288045552,0.0651502596933921,0.010943923504691118,17.82986831665039,-0.04333516182117392,0.006749696740483825,0.0005156175845132458
2021-05-25,18.02589988708496,18.14725598775148,17.97922555945105,18.109915101235178,188200,58.356757408038646,0.09920591189218442,0.027244521759033857,0.07196139013315056,0.010993793307113392,18.100582122802734,0.07912844036697253,-0.004639183214309293,0.004143192615312469
2021-05-26,18.24994468688965,18.29662080736841,18.072580770606177,18.100584662381493,486000,62.35855355631192,0.12927611861442045,0.04585178278501591,0.08342433582940455,0.011161682591086028,18.02589988708496,1.5823591923485654,0.00825166851204374,-0.004603883248171265
2021-05-27,18.165924072265625,18.231270621589136,18.109914524785456,18.165924072265625,158700,60.0288218402596,0.1446596660921564,0.0489882642102015,0.09567140188195492,0.011212728207964547,18.24994468688965,-0.6734567901234567,0.0,0.0035973389575102506
2021-05-28,18.37129783630371,18.37129783630371,18.20326739089055,18.23127305862996,217900,63.60782201067536,0.17144685208952026,0.06062036016605227,0.110826491923468,0.010923255240304209,18.165924072265625,0.3730308758664147,0.007680471748925366,0.0010163155555458654
2021-06-01,18.389968872070312,18.4739840974751,18.380633649190703,18.389968872070312,310500,63.92407914156038,0.1919695807002917,0.06491447102145895,0.12705510967883274,0.010350825392493351,18.37129783630371,0.4249655805415329,0.0,7.048409443563116e-09
2021-06-02,18.492652893066406,18.53932900779345,18.389969001690343,18.389969001690343,271600,65.69000347966569,0.21405227196255083,0.06959772982697446,0.14445454213557637,0.010353578334170298,18.389968872070312,-0.12528180354267315,0.005583690291518444,0.002019178648741141
2021-06-03,18.55799674987793,18.670017639137875,18.49265197302281,18.529992862946667,229300,66.80361084478649,0.23412679902805777,0.07173780551398512,0.16238899351407265,0.010169778568055069,18.492652893066406,-0.1557437407952872,0.0015112734871722685,0.0015090047999482409
2021-06-04,18.791370391845703,18.856716943723185,18.58600085605092,18.58600085605092,296200,70.48782118351893,0.2658032939625308,0.0827314403587665,0.18307185360376427,0.010313945347351194,18.55799674987793,0.29175752289576984,0.011049689354120686,0.00049681345153906
2021-06-07,18.65134620666504,18.847382307362743,18.63267576269163,18.800706197429225,191900,65.77125804473917,0.2764219428117407,0.07468007136638116,0.20174187144535954,0.010452941011287013,18.791370391845703,-0.35212694125590815,-0.007944381939472521,-0.004003905010939559
2021-06-08,18.389968872070312,18.576667988127404,18.29661842378591,18.576667988127404,296300,57.97316945650427,0.2607406758420332,0.04719904351733892,0.21354163232469428,0.0109689171175977,18.65134620666504,0.5440333507034913,-0.010050193940937835,0.008629402091011781
2021-06-09,18.55799674987793,18.595337639801787,18.49265197302281,18.548663307908598,171500,61.161155537918134,0.2588873124761477,0.03627654412116274,0.22261076835498497,0.010769016702600574,18.389968872070312,-0.42119473506581173,0.0005031867695475692,-2.5026131809474743e-08
2021-06-10,18.53932762145996,18.604672396679756,18.48331628797592,18.557996285443057,144300,60.61102118765803,0.2529956891963039,0.024307936673055114,0.22868775252324877,0.009717455656895474,18.55799674987793,-0.15860058309037905,-0.0010059633430220976,0.005035070861974037
2021-06-11,18.670015335083008,18.72602488254506,18.623341008949865,18.632674449767364,158100,63.112342902668324,0.25592183399033175,0.021787265173666387,0.23413456881666536,0.009421622783692712,18.53932762145996,0.09563409563409553,0.002004053976057613,0.005000188562446415
2021-06-14,18.838048934936523,18.884723268941094,18.71669281770591,18.76336893222219,276300,66.09374599691435,0.2687022991706556,0.027654184283192162,0.24104811488746342,0.008493442513536504,18.670015335083008,0.747628083491461,0.00398009563123214,0.0009910715669293117
2021-06-15,18.819377899169922,18.884722676932537,18.763368344017913,18.856718789612362,203100,65.46063941057557,0.27416392232291287,0.02649264594835954,0.24767127637455333,0.007978524855796537,18.838048934936523,-0.26492942453854507,-0.0019802432681453683,-0.007440457066129604
2021-06-16,18.50198745727539,18.81004268145916,18.41797223426967,18.67935312589988,325300,55.694194433959055,0.24999970096830282,0.0018627396749995584,0.24813696129330326,0.009173860753394056,18.819377899169922,0.6016740521910389,-0.00949527895473867,0.008577251728269937
2021-06-17,18.726028442382812,18.78203978100409,18.520658875640038,18.660683661169735,200500,60.207323267947295,0.24609083460538628,-0.0016369013503335916,0.24772773595571987,0.009394080188596025,18.50198745727539,-0.38364586535505685,0.003501735649109747,0.004486526950376889
2021-06-18,18.679353713989258,18.894058499313893,18.670018491082313,18.810043273663087,206200,58.86210761671323,0.23650053835683238,-0.008981758079110003,0.24548229643594238,0.00905188250099499,18.726028442382812,0.028428927680798077,-0.006947860659991917,-3.174388102088977e-08
2021-06-21,18.819377899169922,18.82871312178053,18.670017898423467,18.679353121034076,121000,61.631731114320736,0.2374616311297082,-0.0064165322449873385,0.24387816337469553,0.009075425072982977,18.679353713989258,-0.4131910766246363,0.00749623272436397,-0.000992152538113999
2021-06-22,18.810041427612305,18.810041427612305,18.688687102755352,18.800706205621534,103800,61.33521180864465,0.23476371883457148,-0.007291555632099267,0.24205527446667074,0.008609537078083837,18.819377899169922,-0.14214876033057855,0.0004965357092798703,-0.000496205292339494
2021-06-23,18.735363006591797,18.8007077855068,18.6700182276768,18.8007077855068,227900,58.89447908122661,0.22401734691128183,-0.01443034204431115,0.23844768895559298,0.008603808934749064,18.810041427612305,1.1955684007707128,-0.0034756552604564618,0.003487738715884358
2021-06-24,18.772703170776367,18.800707057506035,18.67935272715036,18.800707057506035,181500,59.756799456475584,0.21602362306689216,-0.017939252710960668,0.23396287577785282,0.008244904739971493,18.735363006591797,-0.20359806932865288,-0.0014895124233366074,0.0104425410970061
2021-06-25,19.136768341064453,19.136768341064453,18.819377894430257,18.968737895139096,227700,67.02107870217996,0.2363411621511986,0.0019026290986766115,0.234438533052522,0.009027239229913057,18.772703170776367,0.25454545454545463,0.008858282868066633,0.00048786383330332635
2021-06-28,19.230119705200195,19.267458816905155,19.146104478224363,19.146104478224363,253400,68.58688227294462,0.2570129478930241,0.01805953187240167,0.23895341602062242,0.00881461635284264,19.136768341064453,0.11286780851998235,0.004388110754925977,0.002427137181711794
2021-06-29,19.25812339782715,19.276793843745455,19.18344339466564,19.276793843745455,202900,69.0614305257922,0.2725137817419778,0.026848292577084293,0.24566548916489353,0.00881172998133402,19.230119705200195,-0.19928966061562747,-0.0009685451880456106,0.006786238160769932
2021-06-30,19.40748405456543,19.42615271888494,19.323468833336968,19.3888136097343,321100,71.53165883467355,0.29346754974815425,0.0382416484666086,0.25522590128154565,0.008866946222748955,19.25812339782715,0.582552981764416,0.0009629493174227382,0.004328936723315647
2021-07-01,19.48216438293457,19.4914978249964,19.370143492564495,19.4914978249964,172500,72.70513041636221,0.3124973651243401,0.04581717107423555,0.26668019405010457,0.008869239120996818,19.40748405456543,-0.4627841793833697,-0.0004788468359707617,-0.001916549169741899
2021-07-02,19.500835418701172,19.556846760952524,19.435490633253124,19.444825856961682,113400,73.00473256558686,0.3253349684560156,0.04692381952472885,0.27841114893128677,0.008547173563138477,19.48216438293457,-0.3426086956521739,0.0028804352454222335,-0.018669245639845917
2021-07-06,19.01541519165039,19.136769532087232,18.856719958456516,19.136769532087232,426500,55.84282909935634,0.2929624177009309,0.011641015015715295,0.2813214026852156,0.010267029518466135,19.500835418701172,2.7610229276895946,-0.006341422476419694,0.003927229319766402
2021-07-07,19.04341697692871,19.118096973680917,18.950066535860557,19.09009308771857,309200,56.47841128521094,0.266494465733242,-0.011861549561578921,0.2783560152948209,0.009638475744901426,19.01541519165039,-0.27502930832356387,-0.002445043645171599,-0.005392083663395192
2021-07-08,18.698022842407227,18.94073327935219,18.58600195592817,18.94073327935219,377900,47.41309954535778,0.21516768390803165,-0.0505506651094314,0.26571834901746305,0.010440603403979783,19.04341697692871,0.22218628719275557,-0.01281420488664764,-0.00649026509597323
2021-07-09,18.604673385620117,18.642012496082668,18.501987715952655,18.57666771738944,204200,45.296929531447475,0.1650556596128574,-0.08053015152368453,0.24558581113654193,0.010507261338984664,18.698022842407227,-0.45964540883831706,0.0015075722221408185,-0.020070399770831387
2021-07-12,18.147254943847656,18.27794447811399,18.044569292346186,18.231270153164974,531600,36.66206239870176,0.08742390551242707,-0.1265295244992919,0.21395343001171896,0.011735833243737222,18.604673385620117,1.603330068560235,-0.004608302581854558,-0.005144046678315642
2021-07-13,17.93254852294922,18.10991416369662,17.87653897658581,18.05390461733321,487300,33.439761366839555,0.008477444586997507,-0.16438078833977718,0.17285823292677469,0.011692936779674746,18.147254943847656,-0.08333333333333337,-0.006721875237309008,-0.0005205149256926235
2021-07-14,17.96988868713379,18.035233452023377,17.876538259929536,17.923214363787316,210300,34.51768774249152,-0.05049310223827774,-0.17868106813204193,0.1281879658937642,0.011732481789200203,17.93254852294922,-0.568438333675354,0.0026041268267579846,0.009350963614870658
2021-07-15,18.0819149017334,18.175263576024545,18.063244454670436,18.137924462410453,138300,37.77363087312481,-0.08718311351807273,-0.17229686352946955,0.08511375001139682,0.011347750538608847,17.96988868713379,-0.34236804564907275,-0.0030879806999489015,0.0056786679383392475
2021-07-16,18.091245651245117,18.249940866629352,18.081912209615073,18.18459609214965,242900,38.04992787569926,-0.11419097580167659,-0.15944378065045872,0.045252804848782135,0.010926534396793206,18.0819149017334,0.7563268257411424,-0.00513348992914025,-0.02579979966115287
2021-07-19,17.48447036743164,17.63383035991654,17.363116041229492,17.62449513782229,659700,29.024584108997978,-0.1824533865468645,-0.18216495311651731,-0.00028843343034719304,0.013049432490678683,18.091245651245117,1.7159324825030877,-0.007944895402430863,0.006940813407778399
2021-07-20,17.876541137695312,17.932550690829764,17.568485924688456,17.605826813785814,435100,39.0798219185934,-0.2025797906532958,-0.16183308577835886,-0.040746704874936916,0.01408067275307519,17.48447036743164,-0.3404577838411399,0.015376405026177013,0.0020889088483688843
2021-07-21,17.96055793762207,17.96989316071762,17.77385881724634,17.913883602656075,222000,41.008501926346625,-0.20933754441028896,-0.13487267162828162,-0.07446487278200734,0.014166713188198411,17.876541137695312,-0.48977246609974723,0.002605483880618458,0.0088356044279543
2021-07-22,18.02589988708496,18.203265537014467,18.016564665455885,18.119250322864254,187200,42.53232066265947,-0.2070340045828587,-0.10605530544068109,-0.10097869914217761,0.01421906791263171,17.96055793762207,-0.1567567567567567,-0.005152003207411732,-0.007767819853033094
2021-07-23,17.801862716674805,17.94188750216834,17.736517935478606,17.885877944073275,311500,38.82883304101335,-0.22074178606607475,-0.0958104695391177,-0.12493131652695705,0.014379681213763765,18.02589988708496,0.6639957264957266,-0.004697294013812178,-0.0036707629606809677
2021-07-26,17.9045467376709,17.9045467376709,17.671171523218486,17.736516298383307,218000,41.34958647666981,-0.22077460707955154,-0.07667463244207559,-0.14409997463747595,0.01358609885990361,17.801862716674805,-0.3001605136436597,0.009473700272409591,0.0026068241203171527
2021-07-27,17.988561630249023,17.988561630249023,17.75518642003981,17.951220741970005,129900,43.40454586897758,-0.2115823288977836,-0.053985883408246116,-0.1575964454895375,0.01358032429057608,17.9045467376709,-0.4041284403669725,0.002080130862171151,0.000519081146822106
2021-07-28,18.03523826599121,18.07257915904447,17.885878254801735,17.997899153449733,136300,44.56661382984967,-0.1982457146061627,-0.03251941529330016,-0.16572629931286254,0.01360342712790653,17.988561630249023,0.049268668206312594,0.002074637279780555,0.008281631480058083
2021-07-29,18.072580337524414,18.193934686837242,18.025904218164175,18.184599462965192,124700,45.530197262668416,-0.18255873514305776,-0.01346594866415618,-0.16909278647890158,0.01342092399124882,18.03523826599121,-0.08510638297872342,-0.006160109584426994,-0.000516516780650805
2021-07-30,18.24994468688965,18.24994468688965,18.016569426031662,18.063245546510423,153700,49.97786886543583,-0.15403920216541778,0.012042867450787031,-0.1660820696162048,0.013656384208036526,18.072580337524414,0.2325581395348837,0.010335857966305135,-0.006649838938177739
2021-08-02,18.212600708007812,18.35262547103171,18.10991505088494,18.12858549409118,267500,49.069366003770334,-0.1329184130804535,0.026530925228601066,-0.15944933830905456,0.013625044514798568,18.24994468688965,0.7404033832140533,0.0046344053673694876,0.008200938041288498
2021-08-03,18.5766658782959,18.59533632193464,18.36196111798491,18.36196111798491,269500,57.23169083819368,-0.08581381074782257,0.05890842204898561,-0.14472223279680818,0.013581467283251998,18.212600708007812,0.007476635514018781,0.01169291008359074,1.8428983325709662e-07
2021-08-04,18.52999496459961,18.63267886251326,18.492654070440583,18.576669301786556,162500,55.99283965684106,-0.05165359621515009,0.0744549092653265,-0.12610850548047658,0.01357130203533077,18.5766658782959,-0.3970315398886828,-0.0025125245235677143,0.006045182468912624
2021-08-05,18.688688278198242,18.73536261057619,18.623343500664458,18.642012165308646,270800,59.22486652494337,-0.011641954727661386,0.09157324060225216,-0.10321519532991355,0.013131692956031145,18.52999496459961,0.6664615384615384,0.0025038130259595432,-0.006993032527496951
2021-08-06,18.492652893066406,18.69802423684197,18.43664333590567,18.55799767317255,136500,53.95340545342418,0.0042007189027621905,0.08593273138614059,-0.0817320124833784,0.013299412109724204,18.688688278198242,-0.49593796159527326,-0.0035211115583125155,0.008581411588621857
2021-08-09,18.866050720214844,18.903391607665636,18.567330742654562,18.651345958907328,228700,61.06253718681234,0.04635191985122589,0.10246714586768343,-0.05611522601645754,0.012738344346578168,18.492652893066406,0.6754578754578755,0.01151148886415778,-0.004947890395631786
2021-08-10,18.660682678222656,18.77270356905279,18.604673123063417,18.77270356905279,213800,55.94645645634483,0.06246550220348013,0.09486458257595014,-0.03239908037247001,0.012685859569711558,18.866050720214844,-0.065150852645387,-0.005967222058244355,-0.007003425810951884
2021-08-11,18.62334442138672,18.66068353303276,18.52999397150401,18.52999397150401,199400,55.04348437880327,0.0713996957836791,0.0830390209249193,-0.011639325141240187,0.012718447007977234,18.660682678222656,-0.06735266604303092,0.005037802496118832,-0.007518847815996647
2021-08-12,18.483318328857422,18.539329668526094,18.399303099866195,18.483318328857422,116500,51.67509248417994,0.06641557572840995,0.062443920695720107,0.0039716550326898414,0.012840974020121531,18.62334442138672,-0.4157472417251755,0.0,-0.0020201912841063966
2021-08-13,18.520658493041992,18.520658493041992,18.4459784902681,18.4459784902681,145800,52.50968348310964,0.0647324682613295,0.04860865058291172,0.016123817678417775,0.012841303478052516,18.483318328857422,0.2515021459227469,0.004048579088026826,-8.178148129587522e-08
2021-08-16,18.40863609313965,18.557996086472546,18.352626540767705,18.520656978395106,194200,49.73460862756081,0.053739842552616324,0.030092819899358837,0.023647022653257486,0.010099797550874425,18.520658493041992,0.33196159122085045,-0.006048429350326681,-0.006592221605784971
2021-08-17,18.137922286987305,18.34329183851281,18.081912733027917,18.28728228455342,180300,43.72123804103924,0.02291956331508871,-0.0005819674705350233,0.023501530785623732,0.009672742380818992,18.40863609313965,-0.07157569515962925,-0.008167424510763651,0.0005146835267417009
2021-08-18,18.10991668701172,18.277947130025563,18.10991668701172,18.147257576797738,184900,43.140126054599236,-0.003722635667525509,-0.021779333162519395,0.018056697494993886,0.009639947776278187,18.137922286987305,0.025513033832501364,-0.0020576602072239184,-0.001546379389267673
2021-08-19,18.175260543823242,18.24060709764176,17.979226223902288,18.08191188510557,282500,44.97772401392913,-0.019341114832268858,-0.029918249861810194,0.010577135029541338,0.009639430985758566,18.10991668701172,0.5278528934559221,0.005162543613242923,-0.019003336398304805
2021-08-20,17.885879516601562,18.016569090484204,17.764525166640816,17.829869953582133,361000,38.97101855103749,-0.054441929855581606,-0.05201525190809836,-0.00242667794748325,0.009912947373517323,18.175260543823242,0.27787610619469016,0.003141333232673245,-0.0052192682345827985
2021-08-23,18.0819149017334,18.0819149017334,17.79252831379299,17.79252831379299,307300,44.3891267793543,-0.06568399717266615,-0.05060585538014632,-0.015078141792519833,0.010129802182961774,17.885879516601562,-0.14875346260387812,0.01626450062839431,-0.005678897425990718
2021-08-24,17.997900009155273,18.053909570886344,17.932553443205183,17.97922956174096,187000,42.64187946375803,-0.0804453918042789,-0.052293800009407254,-0.028151591794871644,0.010143628190024883,18.0819149017334,-0.39147412951513183,0.001038445354412846,0.005186576217025256
2021-08-25,18.119253158569336,18.17526271659795,18.016567485090423,18.091247489299157,199300,45.95123202987305,-0.08141323731106453,-0.04260931641295431,-0.038803920898110224,0.010239811193113442,17.997900009155273,0.06577540106951862,0.0015480231137595273,-0.004121651587947059
2021-08-26,17.951221466064453,18.11925190907474,17.89521191189823,18.044571910015904,192700,42.31102174900951,-0.09464797222633337,-0.04467524106257851,-0.049972731163754856,0.010447613673490341,18.119253158569336,-0.03311590566984446,-0.005173325497383245,0.007280391160173774
2021-08-27,18.44597816467285,18.520658166128545,18.07257815739439,18.08191338014031,337100,53.892970085801494,-0.06447068633390529,-0.011598364136120351,-0.05287232219778494,0.011990294135998088,17.951221466064453,0.7493513233004669,0.020134195805428422,0.004048525463152425
2021-08-30,18.53932762145996,18.604672396679756,18.408636290508785,18.520657176965283,207000,55.70012775677423,-0.03264612463649286,0.016180958049033668,-0.048827082685526525,0.012012962170972115,18.44597816467285,-0.38593889053693264,0.0010080875811414893,-1.432666387431245e-08
2021-08-31,18.436641693115234,18.539327355853246,18.38996736305881,18.539327355853246,165800,53.228642027690746,-0.015531785685830357,0.02663623759975694,-0.042168023285587296,0.011213967829580831,18.53932762145996,-0.19903381642512075,-0.005538801962283238,-0.000506340378270999
2021-09-01,18.5953369140625,18.651346466250715,18.427306476986296,18.427306476986296,236000,56.44509071412111,0.010713332663740971,0.04230508475946262,-0.03159175209572165,0.011374014439330032,18.436641693115234,0.42340168878166473,0.009118556598928674,0.003513956213516194
2021-09-02,18.670015335083008,18.68868577774083,18.595335344963132,18.660680113754097,195200,57.91189438505765,0.03711091102285735,0.054962130494863204,-0.01785121947200585,0.011243483403284862,18.5953369140625,-0.17288135593220344,0.00050026158060714,0.005500231549409527
2021-09-03,18.856719970703125,18.875388636582002,18.72602862648038,18.77270474245699,273100,61.41089662152559,0.0722636751312038,0.07209191568256772,0.00017175944863608017,0.011169711508962345,18.670015335083008,0.399077868852459,0.004475392832239152,-0.0019803444150004227
2021-09-07,18.698022842407227,18.838047615122356,18.60467240042661,18.819377170623916,183000,57.06803110332549,0.08632189688899672,0.0689201099522885,0.017401786936708206,0.010391961244067969,18.856719970703125,-0.3299157817649213,-0.006448371118578646,-0.003993987586141014
2021-09-08,18.455312728881836,18.62334317128927,18.417971839230574,18.62334317128927,330700,51.114451848898035,0.07699095733664763,0.04767133631995153,0.029319621016696093,0.010513107098351118,18.698022842407227,0.807103825136612,-0.009022571342962719,0.005058170507994252
2021-09-09,18.698022842407227,18.73536195089252,18.501986736196777,18.548662847442877,159800,56.051976547313664,0.08816449287074946,0.04707589748324269,0.04108859538750677,0.010936742561749133,18.455312728881836,-0.5167825824009676,0.00805233219196393,0.0
2021-09-10,18.698022842407227,18.819377170623916,18.660681953410347,18.698022842407227,151700,56.05197654731366,0.09591396381204476,0.043860294739630386,0.05205366907241437,0.010783550947315436,18.698022842407227,-0.05068836045056324,0.0,2.0947913130224713e-07
2021-09-13,18.51132583618164,18.69802675925281,18.389971482543753,18.69802675925281,140800,51.418890752242035,0.08599924153082128,0.02715645796672552,0.05884278356409576,0.011033476203189656,18.698022842407227,-0.07185234014502306,-0.009985060213841986,-0.0005045218730109469
2021-09-14,18.436641693115234,18.55799601956888,18.399300804660843,18.501986467398854,183100,49.65089104240648,0.0712935389686642,0.009960604323654747,0.06133293464500945,0.010984136526867489,18.51132583618164,0.30042613636363646,-0.003531770731686553,0.003544342036248294
2021-09-15,18.50198745727539,18.642012235447712,18.43664267949575,18.50198745727539,161100,51.2309648418512,0.0641722826610156,0.0022714784128049156,0.061900804248210685,0.010430633440988747,18.436641693115234,-0.12015292190060078,0.0,0.000504580616507289
2021-09-16,18.548664093017578,18.57666798113416,18.427307976140032,18.511323201513193,100400,52.38053862308346,0.061585135041454464,-0.0002525353654049822,0.061837670406859446,0.01041712426514771,18.50198745727539,-0.37678460583488516,0.0020171919153425485,0.0035228870549391194
2021-09-17,18.520658493041992,18.63267760694697,18.4459784902681,18.614008941637284,143700,51.5947099342837,0.05662227767717454,-0.00417231418374793,0.06079459186092247,0.010418981339455324,18.548664093017578,0.43127490039840644,-0.005015064131965574,-0.017137185307334626
2021-09-20,18.091245651245117,18.259276088770964,18.025900876765412,18.20326653643287,264100,41.35097174625077,0.017833575522761436,-0.03436881307052883,0.052202388593290266,0.011141220254288665,18.520658493041992,0.83785664578984,-0.006153889191456363,-0.0010319746147451386
2021-09-21,18.212600708007812,18.277945478718202,18.072575944983914,18.072575944983914,124100,44.6929333298384,-0.003078919648739742,-0.04422504659362401,0.041146126944884266,0.01097300257877676,18.091245651245117,-0.5301022340022719,0.007747913936018781,0.00871369333704393
2021-09-22,18.52999496459961,18.651349309592774,18.315290164720718,18.37129972544742,204900,52.341906944570034,0.005890934171780771,-0.028204154218482796,0.03409508839026357,0.011532712363543708,18.212600708007812,0.6510878323932312,0.008638215124886746,0.004030037144864363
2021-09-23,18.417970657348633,18.604671532601095,18.30595155660636,18.604671532601095,748600,49.7278210479813,0.003915052294082955,-0.02414402887694449,0.028059081171027445,0.01158236805722221,18.52999496459961,2.653489507076623,-0.010035161057549731,-0.002534141543355654
2021-09-24,18.27794647216797,18.37129691276154,18.24994080583643,18.37129691276154,138200,46.59534124013251,-0.008847639758919001,-0.02952537674395716,0.020677736985038157,0.011511062605216303,18.417970657348633,-0.8153887256211595,-0.0050813201178369705,-0.010214645887449013
2021-09-27,17.93254852294922,18.10991416369662,17.904544640023204,18.091243721405025,315800,39.91595235285776,-0.04629918486907414,-0.05358153748328984,0.007282352614215698,0.01050517352101593,18.27794647216797,1.285094066570188,-0.008771934141158177,0.0036442765270403355
2021-09-28,17.923219680786133,18.053909249334918,17.83920444942996,17.997899688601414,214600,39.75021272318658,-0.07585811861945402,-0.06651237698693577,-0.009345741632518244,0.010399294501896493,17.93254852294922,-0.32045598480050663,-0.004149373488428686,-0.001041737525016306
2021-09-29,17.801862716674805,18.02590272956681,17.77385882788315,17.904548390275547,379800,37.56504192494419,-0.10783324483595891,-0.07879000256275254,-0.029043242273206378,0.01042723822326481,17.923219680786133,0.7698042870456663,-0.0057351725026761275,0.005243747515296995
2021-09-30,17.988561630249023,18.10991595613273,17.895211190063026,17.895211190063026,178900,42.776751541085545,-0.11676275238614764,-0.070175608090353,-0.046587144295794636,0.010532974439502973,17.801862716674805,-0.5289626119010005,0.005216503968270198,-0.007265081873417466
2021-10-01,17.86720848083496,17.9325532656261,17.80186369604382,17.85787325722025,153100,40.41523270661365,-0.13210876876891575,-0.06841729957849689,-0.06369146919041886,0.01050559407144246,17.988561630249023,-0.14421464505310233,0.0005227511406453859,0.0020898530322987553
2021-10-04,17.82986831665039,18.00723399385882,17.82986831665039,17.904548320657348,134200,39.68918419522335,-0.14560519049926768,-0.06553097704707905,-0.08007421345218863,0.010110515264867758,17.86720848083496,-0.1234487263226649,-0.004171007426129557,0.005235716878324591
2021-10-05,18.016569137573242,18.109919596524215,17.923220459134182,17.923220459134182,159800,45.00866790562558,-0.13962647889815116,-0.04764181235677002,-0.09198466654138114,0.010430171734951027,17.82986831665039,0.19076005961251874,0.005208253653516108,-0.006217859609930576
2021-10-06,17.93254852294922,17.960554186386613,17.867203755440013,17.904544640023204,125400,43.16358413084086,-0.1400536173698761,-0.03845516066279596,-0.10159845670708013,0.010122315567429242,18.016569137573242,-0.2152690863579474,0.001564065631885217,0.005205731365647099
2021-10-07,18.175260543823242,18.24060709764176,18.025900553261124,18.025900553261124,240000,49.59207283124271,-0.11943057470825735,-0.014265694400941775,-0.10516488030731558,0.010151624888731583,17.93254852294922,0.9138755980861244,0.008285854574688471,0.005649796273295695
2021-10-08,18.29661750793457,18.32462139465994,18.231272731559887,18.277947063109913,209100,52.48583857370947,-0.09223099058889517,0.010347111774736337,-0.1025781023636315,0.010307567277956559,18.175260543823242,-0.12875000000000003,0.0010214738427785227,0.012244838986378001
2021-10-11,18.333955764770508,18.52999186529293,18.30595187934697,18.520656643314574,99600,53.37274619751034,-0.06689115928807965,0.02854955446044148,-0.09544071374852113,0.010106734706109415,18.29661750793457,-0.5236728837876614,-0.010080683538370099,0.003055174910021859
2021-10-12,18.305953979492188,18.436643541159434,18.2592778642455,18.389969206424485,115800,52.58007534483721,-0.04850948334197369,0.037544984325237965,-0.08605446766721166,0.010075206765604108,18.333955764770508,0.16265060240963858,-0.0045685354874301426,-0.002549845873054392
2021-10-13,18.29661750793457,18.361962284309257,18.240607953972216,18.259276618285256,90200,52.301163836823626,-0.03429986050740297,0.04140368572784696,-0.07570354623524993,0.010034337097479548,18.305953979492188,-0.22107081174438692,0.0020450366369892535,-0.002040769693757824
2021-10-14,18.324623107910156,18.352628777765517,18.2592783254261,18.2592783254261,87400,53.10472893647242,-0.02054201856765303,0.04412922213407752,-0.06467124070173055,0.010020998355726462,18.29661750793457,-0.03104212860310418,0.0035787166020173327,0.0025470357297581944
2021-10-15,18.203266143798828,18.389967021580862,18.156591814609083,18.371296577700356,344600,49.234081376825486,-0.019209882919259513,0.036369086225976836,-0.05557896914523635,0.010111322974684717,18.324623107910156,2.94279176201373,-0.00914635682848256,-0.002051185233308675
2021-10-18,18.324623107910156,18.352628777765517,18.16592787308668,18.16592787308668,200400,52.92887112074909,-0.008266373431791152,0.03785007657075616,-0.04611645000254731,0.008746503741533879,18.203266143798828,-0.41845618107951243,0.008735872779644103,0.00866013133825348
2021-10-19,18.399301528930664,18.501987195710793,18.36196241951802,18.483316750748653,76100,55.09472877668182,0.006359057882612262,0.04198040630812766,-0.0356213484255154,0.008670448940880324,18.324623107910156,-0.6202594810379242,-0.004545462427060654,-0.0025367447682905675
2021-10-20,18.399301528930664,18.40863675141173,18.305952865143233,18.35262719703695,195500,55.09472877668182,0.017745261244236588,0.04269328773580159,-0.024948026491565002,0.007706756011963051,18.399301528930664,1.568988173455979,0.0025431962079658613,-0.006088126041318017
2021-10-21,18.268613815307617,18.31528993241437,18.240609925555376,18.28728426215032,32300,50.389067939820315,0.016038619928067988,0.03278931713570639,-0.016750697207638405,0.007751553636788979,18.399301528930664,-0.8347826086956522,-0.0010209524046905323,0.000510843252730239
2021-10-22,18.333955764770508,18.38996709664065,18.268610991433544,18.2779462134119,98500,52.57030522664944,0.019731194695310705,0.029185513522359288,-0.009454318827048582,0.007604886233705109,18.268613815307617,2.0495356037151704,0.0030643241152284325,-0.0020365556995663825
2021-10-25,18.399301528930664,18.40863675141173,18.296617642662167,18.296617642662167,249700,54.714643770871106,0.027612148195867547,0.029653173618332904,-0.0020410254224653562,0.006160677206642009,18.333955764770508,1.53502538071066,0.005612178615410854,0.004566182077256145
2021-10-26,18.40863609313965,18.557996086472546,18.40863609313965,18.4833160898061,190300,55.02743314283856,0.034216653659459695,0.02900614326554004,0.0052105103939196545,0.006148940510085442,18.399301528930664,-0.23788546255506604,-0.004040400342860438,0.018255777978099925
2021-10-27,18.763370513916016,18.810044851855086,18.670020057526013,18.744700066535643,324200,64.93846892173461,0.06729909288905489,0.04967086599610819,0.017628226892946703,0.00703147939236911,18.40863609313965,0.7036258539148712,0.0009960387370350477,0.005472574863367797
2021-10-28,18.894060134887695,18.978075367811325,18.856721020539343,18.86605446374253,296800,67.75763528319001,0.10287682452378277,0.06819887810466885,0.03467794641911392,0.006867213057666539,18.763370513916016,-0.08451573103022825,0.001484447699384559,0.0004939675477204108
2021-10-29,18.9500675201416,18.9687379654273,18.847383632093567,18.903393187439008,269400,68.91130425662519,0.13404655583023484,0.07949488752889673,0.054551668301338105,0.006514741063962114,18.894060134887695,-0.09231805929919135,0.00246909812644685,-0.0009850918295112893
2021-11-01,19.01541519165039,19.043419080706403,18.903394293891047,18.931399963458823,177900,70.24890583346473,0.16215260907296525,0.08608075261730172,0.07607185645566353,0.006405294058723098,18.9500675201416,-0.3396436525612472,0.004437877196284114,0.0014727325096419146
2021-11-02,18.97807502746582,19.043419811787473,18.96873980391818,19.043419811787473,164800,68.43695773247786,0.17934642562080327,0.0826196553321118,0.09672677028869148,0.006268830385581386,19.01541519165039,-0.07363687464867907,-0.00343135765358728,-0.0073784436566180145
2021-11-03,18.847381591796875,18.875385476182245,18.688686385071062,18.838046370164594,161300,62.37288683564449,0.1803478434254835,0.06689685850943361,0.11345098491604988,0.006422620918616114,18.97807502746582,-0.02123786407766992,0.0004955514732709014,0.0004954735415509617
2021-11-04,18.856719970703125,18.931399975753934,18.79137340833587,18.856719970703125,243400,62.62770229614041,0.1798221258527164,0.0530969127493332,0.1267252131033832,0.00588385239524072,18.847381591796875,0.5089894606323622,0.0,0.007425642719837323
2021-11-05,19.062088012695312,19.080758457590555,18.996743236073588,18.996743236073588,123600,67.79326491262138,0.19374361969847342,0.05361472527607217,0.14012889442240126,0.006135549823098571,18.856719970703125,-0.4921939194741167,0.0034397883789700997,0.004407468298853504
2021-11-08,19.29546356201172,19.304798784618832,19.108762670892773,19.146103561321222,351500,72.4528906709399,0.22105972143536334,0.06474466161036965,0.1563150598249937,0.006543598705547552,19.062088012695312,1.8438511326860842,0.007801065120750309,-0.0009676215588849571
2021-11-09,19.192777633666992,19.276792855480437,19.136768079295237,19.276792855480437,167100,67.80449502074116,0.23175055647311638,0.06034839731849814,0.17140215915461823,0.0067215180625518275,19.29546356201172,-0.5246088193456615,-0.0043583609806524,-0.0029182655377986136
2021-11-10,19.220783233642578,19.37014323178408,19.13676801212403,19.13676801212403,310200,68.39995651089015,0.23971959980304902,0.05465395251874461,0.1850656472843044,0.00669116283780235,19.192777633666992,0.8563734290843805,0.004390251345750798,0.0043711265278835185
2021-11-11,19.230119705200195,19.304799709121852,19.192778812983494,19.304799709121852,169000,68.6084029261099,0.24397609473219717,0.047128357958314215,0.19684773677388295,0.0067030999068641555,19.220783233642578,-0.4551901998710509,-0.0038684682072287462,0.003883498038709139
2021-11-12,19.33280372619629,19.38881506489341,19.23011983294174,19.304799837359482,141600,70.88326075188284,0.25272191898996965,0.044699345772869326,0.20802257321710033,0.006378102815753874,19.230119705200195,-0.16213017751479286,0.0014506179329874475,0.0004828319793222572
2021-11-15,19.37014389038086,19.454159114755974,19.33280299932006,19.342138222085257,193800,71.68676536710542,0.25967274118967154,0.041320134378056955,0.21835260681161459,0.0063238060087167,19.33280372619629,0.3686440677966101,0.0014479096351211467,0.0009638129193692298
2021-11-16,19.360807418823242,19.398148307475516,19.304797866356402,19.38881308531245,207300,71.1580028907311,0.261414518786669,0.03444952958004352,0.22696498920662547,0.006357342203909328,19.37014389038086,0.06965944272445812,-0.001444423976134066,0.0024109674749231225
2021-11-17,19.4634952545166,19.51950481323493,19.38881524938824,19.407485695798275,205200,73.47535549619757,0.2679916987394968,0.03282136762629706,0.23517033111319974,0.006355151475621928,19.360807418823242,-0.01013024602026047,0.002885977070716189,0.0
2021-11-18,19.4634952545166,19.491499143619883,19.416819138491523,19.4634952545166,196700,73.47535549619757,0.2700907235032233,0.02793631391201884,0.24215440959120443,0.0059565652007574745,19.4634952545166,-0.041423001949317695,0.0,-0.008153483035863834
2021-11-19,19.174110412597656,19.304799976140284,19.146104743047765,19.304799976140284,159600,58.19374173094579,0.24557247091713208,0.0027344490607421057,0.24283802185638997,0.007193020047240488,19.4634952545166,-0.18861209964412806,-0.006769796304761167,-0.002434412377196968
2021-11-22,18.931398391723633,19.136767943301713,18.931398391723633,19.127432720887487,192600,48.9905221866762,0.20420282439486215,-0.03090815796922225,0.2351109823640844,0.007917289535830414,19.174110412597656,0.20676691729323315,-0.010248857336185089,0.009861883350999422
2021-11-23,19.192777633666992,19.202112856147558,19.11809763433411,19.11809763433411,205400,56.896268280713244,0.1903143761988808,-0.0358372849321629,0.2261516611310437,0.008378467142971429,18.931398391723633,0.0664589823468329,0.003906246362021153,0.004377374570862781
2021-11-24,19.34213638305664,19.370142048689495,19.27679161042483,19.27679161042483,142300,60.649351041368035,0.18917894663825763,-0.029578171594228875,0.2187571182324865,0.007487322216632496,19.192777633666992,-0.30720545277507305,0.0033898157926069163,-0.010135047692709962
2021-11-26,19.304798126220703,19.41681723266229,19.14610290833546,19.14610290833546,236400,59.26021572692295,0.18315492923902,-0.028481751194773225,0.21163668043379322,0.0074123489273087715,19.34213638305664,0.6612789880534082,0.008288643315301122,3.4105413825134925e-08
2021-11-29,19.29546356201172,19.528838785654575,19.239454006880695,19.304798784618832,304300,58.8970235930936,0.1756033842259228,-0.028826636966296337,0.20443002119221915,0.0074068490469289885,19.304798126220703,0.2872250423011844,-0.0004835700548482874,1.6934510180220035e-08
2021-11-30,19.37014389038086,19.444823891990776,19.295463888770943,19.295463888770943,322300,60.95858200031399,0.1736431585245839,-0.0246294901341082,0.1982726486586921,0.007414997477529886,19.29546356201172,0.05915215248110428,0.003870339787652204,0.00626494142352178
2021-12-01,19.41681671142578,19.584847147089047,19.370142381746675,19.491496707219284,195600,62.23346982505826,0.1738517177476382,-0.019536744728843147,0.19338846247648134,0.007388967063225297,19.37014389038086,-0.39311200744647845,-0.0038314141245932346,-1.7194358795799967e-08
2021-12-02,19.34213638305664,19.463492486954156,19.304797276057684,19.416816377566068,296800,58.91817231591625,0.16607649757958143,-0.021849571917519933,0.18792606949710136,0.007244364359373875,19.41681671142578,0.5173824130879345,-0.0038461503192517023,-0.0106175888176089
2021-12-03,19.01541519165039,19.183443867521763,18.931399963458823,19.136769532087232,251000,47.09728380253456,0.1320289622636004,-0.0447176857868008,0.1767466480504012,0.008313126541900365,19.34213638305664,-0.1543126684636119,-0.006341422476419694,-0.018164036761066357
2021-12-06,18.679353713989258,18.716692825105333,18.548664154315432,18.670018491082313,502800,38.533504354366414,0.07704061629363324,-0.07976482540541438,0.15680544169904762,0.008860933881195061,19.01541519165039,1.003187250996016,0.0005000114440916861,0.018490633420737996
2021-12-07,19.146102905273438,19.192777236198037,18.9687372428391,19.024746796050934,339700,51.676099244622215,0.07031417683221264,-0.06919301189346799,0.13950718872568063,0.010216216760836701,18.679353713989258,-0.3243834526650756,0.006378855420440813,0.0019502505964378593
2021-12-08,19.323469161987305,19.323469161987305,19.183442603883908,19.183442603883908,204800,55.56428454808685,0.07839174842413854,-0.04889235224123367,0.1272841006653722,0.010361362095657679,19.146102905273438,-0.39711510156020013,0.007299344596003173,0.004347901151013094
2021-12-09,19.4634952545166,19.491499143619883,19.398150472593258,19.407485695798275,293600,58.40941787298224,0.0949971495207329,-0.025829560915711453,0.12082671043644436,0.010472992115326164,19.323469161987305,0.43359375,0.002885977070716189,-0.003837024503169964
2021-12-10,19.304798126220703,19.39814856859642,19.258122014777047,19.38881334630769,133400,54.175719489959654,0.09426489057826615,-0.021249455886542576,0.11551434646480872,0.010657946921930991,19.4634952545166,-0.5456403269754768,-0.004333180096500613,0.007736936414457549
2021-12-13,19.304798126220703,19.454158121817212,19.24878857299991,19.454158121817212,275600,54.175719489959654,0.09261693966233508,-0.018317925441978924,0.11093486510431401,0.01059034269346985,19.304798126220703,1.0659670164917543,-0.00767753580809063,-0.0024178842643041865
2021-12-14,19.314132690429688,19.39814790765407,19.230117473205304,19.258121358605745,56800,54.401187491683636,0.09101498392821128,-0.015935904940882192,0.10695088886909347,0.010581250910491684,19.304798126220703,-0.7939042089985486,0.00290845253184122,-0.00048331572651515446
2021-12-15,19.360807418823242,19.416816971290082,19.276792199867195,19.304797866356402,117000,55.578138671038325,0.09244602276702452,-0.01160389288165517,0.10404991564867969,0.010595464511072145,19.314132690429688,1.0598591549295775,0.002901328097532216,0.002410957936452428
2021-12-16,19.33280372619629,19.416818953730218,19.239455056057928,19.40748551112578,168500,54.66645533636511,0.09027977831132716,-0.011016109869882024,0.10129588818120919,0.01052669558119632,19.360807418823242,0.44017094017094016,-0.003848091752364264,0.00048286243611947574
2021-12-17,19.38881492614746,19.463494930030794,19.34213881090054,19.34213881090054,160600,56.21357451234523,0.09202187876737256,-0.007419207531069311,0.09944108629844187,0.010550720220515616,19.33280372619629,-0.04688427299703268,0.0024131827252018303,-0.007596679556270292
2021-12-20,19.325958251953125,19.36348345330587,19.241524312177688,19.241524312177688,178300,53.98691502705373,0.08732388227991095,-0.009693763214824735,0.09701764549473568,0.010002549496498826,19.38881492614746,0.11021170610211706,0.004388110754925988,0.007766894050885721
2021-12-21,19.588638305664062,19.6449287868174,19.476060922127886,19.476060922127886,217000,60.948535072773964,0.10360250604268728,0.005267888438361276,0.098334617604326,0.009914967492865358,19.325958251953125,0.21704991587212552,0.0057802953064431655,8.018878683215934e-08
2021-12-22,19.691837310791016,19.691837310791016,19.56049642300499,19.588639876453204,169200,63.29791268696153,0.1234081574790018,0.020058831899740642,0.10334932557926116,0.009545655933478399,19.588638305664062,-0.22027649769585256,0.005268228676859878,-0.012386804462324335
2021-12-23,19.382247924804688,19.447918372518345,19.363484428490644,19.447918372518345,165400,52.99727182343884,0.11282245579083394,0.007578504169258218,0.10524395162157572,0.010137647634726278,19.691837310791016,-0.022458628841607542,-0.003376734026529821,0.005324223007187553
2021-12-27,19.710599899291992,19.748125098625177,19.40100939990564,19.485443335136946,350500,60.36440458099804,0.12943640877725926,0.019353965724546826,0.11008244305271243,0.010790776793821656,19.382247924804688,1.1191051995163241,0.011555116313367881,-1.130802637991997e-09
2021-12-28,19.748125076293945,19.79503381213902,19.701218129834178,19.710599877003194,107700,61.114524408769896,0.1439714412337061,0.027111198544794907,0.11686024268891118,0.010785588621396596,19.710599899291992,-0.6927246790299573,0.001903808079151005,-0.0014251190790822376
2021-12-29,19.710599899291992,19.719981646471616,19.65431120559956,19.719981646471616,100800,59.89381602813854,0.15072512557710738,0.02709190631055694,0.12363321926655044,0.010788007904446428,19.748125076293945,-0.06406685236768805,-0.0004757482713632686,3.613149952073422e-08
2021-12-30,19.945138931274414,19.992045879482042,19.710600611465523,19.710600611465523,305400,64.6468668783702,0.17300847482962567,0.03950020445046018,0.1335082703791655,0.011061867172160556,19.710599899291992,2.0297619047619047,0.01189909553910101,0.00047032739781400736
2021-12-31,19.926374435424805,20.048335357655688,19.879467489573102,19.954519676567,126000,63.99343100996448,0.18699844993314585,0.04279214364318429,0.14420630628996156,0.011008277090519011,19.945138931274414,-0.5874263261296659,-0.0014104694875339972,0.0018833577402604241
2022-01-03,19.95452117919922,20.02957337184476,19.93575768369148,19.96390292695309,360600,64.57189896477473,0.1980735444614048,0.043093790537154564,0.15497975392425023,0.010119706170467912,19.926374435424805,1.861904761904762,-0.0004699355525919969,0.012693729969418864
2022-01-04,20.198436737060547,20.320395851824713,20.18905499140407,20.207818482717023,422200,69.19112700761768,0.22395101579343546,0.05517700949534818,0.16877400629808728,0.009150649979181942,19.95452117919922,0.170826400443705,-0.0004642631595538269,0.0009289586534541873
2022-01-05,20.160911560058594,20.264108982137248,20.123386363456923,20.217200249653686,315600,67.72808018755332,0.23867977817828034,0.05592461750415442,0.18275516067412592,0.0077677747324983925,20.198436737060547,-0.2524869729985789,-0.0027841980541324796,4.1148377138448405e-08
2022-01-06,20.067096710205078,20.170294136530142,19.907610591968734,20.160912389647386,227800,64.080004220901,0.2400156036689367,0.04580835439584863,0.19420724927308808,0.0077641040822784965,20.160911560058594,-0.27820025348542454,-0.004653344929492488,0.00046763891204377404
2022-01-07,20.076480865478516,20.151533060158634,20.06709911747032,20.076480865478516,160300,64.2872220038473,0.23907556362025417,0.03589465147773285,0.20318091214252132,0.007666620821029099,20.067096710205078,-0.29631255487269537,0.0,-0.006542128322932458
2022-01-10,19.88884925842285,19.945137951383657,19.729363137212832,19.945137951383657,427500,57.183921657193714,0.22064679363327855,0.013972705192605767,0.20667408844067278,0.007750462032174242,20.076480865478516,1.666874610106051,-0.002822176166342364,-0.00801893008482218
2022-01-11,19.757505416870117,19.76688716337122,19.616782798123946,19.72936196675199,226800,52.78697970471489,0.19321623384858455,-0.010766283673670607,0.20398251752225516,0.007956554625771882,19.88884925842285,-0.46947368421052627,0.0014264754311646458,0.009496692065429376
2022-01-12,19.7856502532959,19.945136361795186,19.748123268056,19.945136361795186,140200,53.61011977853093,0.17176833226378818,-0.025771348206773598,0.19753968047056178,0.00795494127066075,19.757505416870117,-0.38183421516754845,-0.007996240567438887,-0.009483127738643382
2022-01-13,19.44791603088379,19.59802040455177,19.391627338104616,19.59802040455177,297800,43.75242967521884,0.12606518556175672,-0.05717959592704405,0.18324478148880077,0.008935694834249813,19.7856502532959,1.1241084165477888,-0.007659159985011538,-7.228399613811277e-08
2022-01-14,19.45729637145996,19.504205103206253,19.372862443701784,19.447914625110702,164700,44.06009484246073,0.08956952587750422,-0.07494020448903724,0.16450973036654146,0.008926685327648134,19.44791603088379,-0.4469442578912022,0.0004824037193759402,-0.035679842121481134
2022-01-18,18.462854385375977,18.78182660137665,18.462854385375977,18.763063108815402,569000,27.122546358182476,-0.019373380467314405,-0.1471064886670847,0.1277331081997703,0.014528892612135611,19.45729637145996,2.4547662416514875,-0.01599998474121099,0.0020325502705935915
2022-01-19,18.528526306152344,18.650485438812684,18.500381065052903,18.500381065052903,495700,29.061954837467376,-0.09926794440240982,-0.1816008420817441,0.08233289767933427,0.014586142046681846,18.462854385375977,-0.12882249560632686,0.001521333047166652,0.009113947549348286
2022-01-20,18.678630828857422,18.838116950922107,18.659867334641508,18.697394323073336,336700,33.42307992102375,-0.14875799189186623,-0.1848727116569604,0.03611471976509418,0.014326555373133213,18.528526306152344,-0.32075852330038335,-0.001003535246232646,-0.0035158851512236008
2022-01-21,18.612958908081055,18.688011089590045,18.5566702192956,18.612958908081055,497500,32.482197502100774,-0.19107578355503207,-0.181752402656101,-0.009323380898931075,0.014217326562100181,18.678630828857422,0.4775764775764775,0.0,-0.026209532209198336
2022-01-24,17.93749237060547,18.12512196207122,17.68419054327197,18.12512196207122,682200,24.76125467319614,-0.27593661723727436,-0.2132905890706746,-0.06264602816659974,0.01585703432527407,18.612958908081055,0.37125628140703526,-0.010351907802793586,0.010983017592932388
2022-01-25,18.275222778320312,18.35027495811153,18.106354926443792,18.13450016488492,435000,33.298391632931434,-0.3123369915325789,-0.1997527706927833,-0.11258422083979558,0.01599165235431929,17.93749237060547,-0.3623570800351803,0.007759938909586505,0.004106896721842711
2022-01-26,18.134502410888672,18.35027723083954,18.106357168961686,18.35027723083954,187800,31.68515519692561,-0.3485219637638153,-0.18875019433921575,-0.15977176942459953,0.015960288601646343,18.275222778320312,-0.5682758620689655,-0.011758668124546784,5.2341212987794004e-09
2022-01-27,18.172029495239258,18.24708168471871,18.11573901109066,18.134502505806857,238800,32.62263375279284,-0.36990663939548796,-0.16810789597671072,-0.20179874341877724,0.016014062794156157,18.134502410888672,0.2715654952076678,0.002069369668144141,0.0015487081757443561
2022-01-28,18.38780403137207,18.4065675257975,18.172029213635575,18.200172665888402,202000,37.89955956187726,-0.3652327711032122,-0.13074722214754794,-0.23448554895566423,0.01601275576759935,18.172029495239258,-0.15410385259631487,0.010309317880007544,-0.0035713781840933656
2022-01-31,18.547290802001953,18.584816002776083,18.322134229201044,18.322134229201044,123000,41.5437974012357,-0.34468612027009016,-0.08816045705154074,-0.2565256632185494,0.016249848855202306,18.38780403137207,-0.3910891089108911,0.012288774330779873,0.002529098471563588
2022-02-01,18.603580474853516,18.63172571895124,18.425330841005536,18.59419872682094,123900,42.81921064642718,-0.3201699256830999,-0.050915409971640346,-0.26925451571145953,0.01627943117001786,18.547290802001953,0.007317073170731714,0.0005045524236030346,0.0035299394734805618
2022-02-02,18.659868240356445,18.74430217904103,18.566054343493914,18.669249987919773,112100,44.131877052252875,-0.29282322867958044,-0.018854970374496738,-0.2739682583050837,0.01594213845134825,18.603580474853516,-0.09523809523809523,-0.0005025240740468201,-0.004022249805813149
2022-02-03,18.537906646728516,18.594195335271532,18.490997915121714,18.584813588950173,243900,41.88805611303157,-0.27778986694423935,-0.0030572869113245082,-0.27473258003291484,0.01594599324600581,18.659868240356445,1.175735950044603,-0.0025239393441936985,0.0015183512466086905
2022-02-04,18.500381469726562,18.56605370039509,18.45347452292008,18.56605370039509,108100,41.19406361697349,-0.26583935700423567,0.007114578422943385,-0.27295393542717905,0.01595171739996092,18.537906646728516,-0.5567855678556786,-0.0035372207647514976,0.0035497280153611818
2022-02-07,18.51914405822754,18.56605279212452,18.472237113715792,18.56605279212452,165100,41.714039514442,-0.2519501828174988,0.016803002087744212,-0.268753184905243,0.015960118445739142,18.500381469726562,0.5272895467160037,-0.0025265862605366915,-0.0035461150958176735
2022-02-08,18.434709548950195,18.462854788406457,18.340893873481164,18.453473041921036,208100,39.999950352303884,-0.24493264044468432,0.019056435568446994,-0.2639890760131313,0.015910054329258665,18.51914405822754,0.2604482132041188,-0.0010168000857191265,0.016793863024386235
2022-02-09,18.791208267211914,18.791208267211914,18.641103906134802,18.74429953600961,420200,49.445617604316844,-0.20820466658248904,0.04462752754451382,-0.25283219412700286,0.01669604189934486,18.434709548950195,1.0192215281114847,0.002502559837575579,-0.008487078309119576
2022-02-10,18.6411075592041,18.744303209302004,18.547291867799704,18.63172581112511,168400,46.15123659196478,-0.1890303313852968,0.05104149019336485,-0.24007182157866164,0.016716125785971037,18.791208267211914,-0.5992384578772013,0.0005035361819992152,-0.003523120381163464
2022-02-11,18.406566619873047,18.622341426989657,18.387803126371107,18.57543269323481,283300,41.498590977188535,-0.19056333080552434,0.039606792618509856,-0.2301701234240342,0.016544295074036694,18.6411075592041,0.6823040380047507,-0.009090828523378816,-0.006116214739281222
2022-02-14,18.200172424316406,18.312751599989397,18.134501984084363,18.293988105813018,252500,37.87961507062448,-0.2060572310702753,0.019290313883007143,-0.22534754495328244,0.01663548541906641,18.406566619873047,-0.10871867278503355,-0.00512822469075515,0.011340204353611046
2022-02-15,18.434709548950195,18.509761731448386,18.378420859422846,18.40656609887911,102200,43.86989347994996,-0.1971385819499858,0.022567170402637338,-0.21970575235262313,0.012600735174317897,18.200172424316406,-0.5952475247524752,0.0015289897050812893,1.1111530844012956e-07
2022-02-16,18.584815979003906,18.62234296911541,18.40656814413038,18.434711597328633,59800,47.36801583042468,-0.17593014070387625,0.03502048931899754,-0.2109506300228738,0.012710113955168759,18.434709548950195,-0.41487279843444225,0.0081424860314617,0.0015144483279956825
2022-02-17,18.59419822692871,18.716159158687876,18.537909529632017,18.612961722489416,281700,47.58788437989557,-0.15656049726402088,0.043512106207082346,-0.20007260347110323,0.012575270840634332,18.584815979003906,3.7107023411371234,-0.0010080875811415827,-0.0010091792343125182
2022-02-18,18.56605339050293,18.669249029631786,18.56605339050293,18.575433348199404,114800,46.95421249730701,-0.14184585761987734,0.04658139668098074,-0.18842725430085808,0.012555025036648348,18.59419822692871,-0.5924742634007809,-0.0005049657534575574,-0.01010613967349443
2022-02-22,18.425329208374023,18.481619691581685,18.256461337521664,18.378422261752952,286900,43.81280830954576,-0.13992667746885346,0.0388004614656037,-0.17872713893445716,0.009451035274348367,18.56605339050293,1.499128919860627,0.002552283648346056,0.012219848661194922
2022-02-23,18.462854385375977,18.65048394283305,18.42532740025348,18.65048394283305,222600,44.87196561146565,-0.13383497887209472,0.03591372804988996,-0.16974870692198468,0.008519869760859557,18.425329208374023,-0.22411990240501922,-0.010060305031879541,-0.028963460477241784
2022-02-24,18.29398536682129,18.31274885818838,17.85305405600472,17.92810623208807,423100,41.11580741457447,-0.14100812841606825,0.02299246280473316,-0.1640005912208014,0.00859930872268166,18.462854385375977,0.9007187780772687,0.02040813067463658,0.0030770318564225666
2022-02-25,18.378421783447266,18.406567024318605,18.303369597175628,18.350276542575926,219100,43.65552046491852,-0.13828551857390536,0.02057205811751686,-0.15885757669142223,0.00864292366160083,18.29398536682129,-0.48215551878988416,0.0015337774777419396,-0.005615144941410133
2022-02-28,18.303369522094727,18.331514762850613,18.209553842293694,18.27522428133884,193900,41.924613730594224,-0.140563591328835,0.014635188290069795,-0.1551987796189048,0.008276192305818062,18.378421783447266,-0.11501597444089462,0.0015400763526949575,0.00256264012744108
2022-03-01,18.228315353393555,18.387801454892045,18.209551861597244,18.35027447129943,142500,40.20773421887339,-0.14673376900953272,0.006772008487497649,-0.15350577749703037,0.008045228251532073,18.303369522094727,-0.26508509541000513,-0.006646174044787334,-0.0010291482334543198
2022-03-02,18.340896606445312,18.378423597978866,18.200173966965373,18.20955571484876,176800,43.91772085513642,-0.1409149333989994,0.010072675278424786,-0.1509876086774242,0.008154700366718871,18.228315353393555,0.24070175438596486,0.007212745530603512,0.016879672491829516
2022-03-03,18.51914405822754,18.650484934368617,18.500380564668745,18.650484934368617,134200,49.28334079746929,-0.12053097848049887,0.024365304157540263,-0.14489628263803914,0.008446840090534003,18.340896606445312,-0.24095022624434392,-0.007042223116625039,-0.010131609890053196
2022-03-04,18.425329208374023,18.462856197179132,18.33151531513188,18.33151531513188,134400,46.74825535337323,-0.11067087671237275,0.02738032474053312,-0.13805120145290586,0.008396368969399846,18.51914405822754,0.0014903129657228842,0.005117628937347206,-0.007128298829352923
2022-03-07,18.050067901611328,18.29398795574753,18.031304407588863,18.29398795574753,221100,38.26854058685049,-0.13161989408067143,0.0051450458977875535,-0.13676493997845898,0.009523968236007416,18.425329208374023,0.6450892857142858,-0.013333345070863391,-0.0077962279897284634
2022-03-08,17.79676628112793,17.928108951233227,17.768622829193813,17.909345457020287,232500,33.810388659224046,-0.16673939713906094,-0.02397956572848156,-0.14275983141057938,0.009926668353483811,18.050067901611328,0.05156037991858886,-0.006286057531389399,0.0015815740143515552
2022-03-09,17.93749237060547,17.98439932112554,17.82491318421765,17.82491318421765,170200,38.123215633912345,-0.18112850040723671,-0.030694935197325857,-0.15043356520991086,0.010142643802353217,17.79676628112793,-0.2679569892473118,0.00631583364386301,0.004184002627016451
2022-03-10,17.79676628112793,18.01254288580617,17.759241082087343,18.01254288580617,184500,35.6234845764031,-0.20156388474481446,-0.04090425562792288,-0.16065962911689158,0.008984194717516013,17.93749237060547,0.08401880141010576,-0.011979241689871073,-0.003690040856349755
2022-03-11,17.38397979736328,17.73109548643966,17.38397979736328,17.73109548643966,258500,29.510936543112468,-0.2482063254834621,-0.07003735709325642,-0.17816896839020568,0.010038910234560784,17.79676628112793,0.40108401084010836,-0.019576663457813136,-0.008095109780757455
2022-03-14,17.07438850402832,17.243254572477156,17.0180980251602,17.243254572477156,292200,25.918829828972868,-0.30661772751927785,-0.10275900730325771,-0.20385872021602014,0.010352663762493731,17.38397979736328,0.1303675048355899,-0.00979316681424928,0.0027472187462851396
2022-03-15,17.26201820373535,17.308926936501283,17.074388640827202,17.121295584207942,293000,31.371023664002607,-0.3339198160035437,-0.10404887663001883,-0.22987093937352487,0.010689312269901781,17.07438850402832,0.002737850787132068,0.008219157179740916,0.0027175856630305495
2022-03-16,17.599756240844727,17.62790148421237,17.308929216920795,17.308929216920795,331100,39.939704956655945,-0.3245629215023911,-0.07575358570309296,-0.24880933579929812,0.011285874655501927,17.26201820373535,0.13003412969283268,0.01680213838067036,-0.003731386508475636
2022-03-17,17.468414306640625,17.53408474785518,17.4121238232693,17.53408474785518,252600,37.95505373694454,-0.32401071775278467,-0.0601611055627892,-0.2638496121899955,0.011066568152633596,17.599756240844727,-0.23708849290244638,-0.0037453019167474184,0.005370471059636794
2022-03-18,17.684188842773438,17.693570589852403,17.449650533955182,17.562227920132184,151400,42.96891639969564,-0.3026728661463167,-0.031058603165056986,-0.27161426298125974,0.011571550196773361,17.468414306640625,-0.40063341250989704,0.006944501756604907,0.018567624650015938
2022-03-21,18.00316047668457,18.05006742110676,17.80614737346387,18.012542223446054,183500,49.46955070823481,-0.2570608820839908,0.011642704717815144,-0.26870358680180595,0.012446804312140411,17.684188842773438,0.2120211360634081,-0.0005208452335657707,0.002084477199735817
2022-03-22,18.078214645385742,18.125121594955736,17.94687196569599,18.040687654221404,148600,50.88808049673993,-0.21240830126031796,0.04503622843319044,-0.2574445296935084,0.012420218025598232,18.00316047668457,-0.19019073569482292,0.002080130862171255,0.0015567277383471256
2022-03-23,18.03130531311035,18.153266240995894,18.021923565627972,18.106357503584007,104700,49.944365373271225,-0.1787455330898311,0.06295919728294186,-0.24170473037277296,0.012406202312294626,18.078214645385742,-0.29542395693135937,-0.004145073931010137,0.0031217705715910217
2022-03-24,18.012542724609375,18.087594911404192,17.965633989496812,18.087594911404192,112500,49.54856688682509,-0.15183131399805205,0.07189873309977673,-0.2237300470978288,0.012261356543222803,18.03130531311035,0.07449856733524363,-0.004149373488428637,-3.323917365021797e-08
2022-03-25,17.965633392333984,18.01254212588734,17.90934470145518,18.01254212588734,102300,48.51342298224307,-0.13275645872021613,0.07277887070209013,-0.20553532942230626,0.012202660338931769,18.012542724609375,-0.09066666666666667,-0.0026042261678288392,-0.010443683286980693
2022-03-28,17.749860763549805,17.83429470491828,17.618519872259043,17.778006007134444,225600,43.96369337978869,-0.13351150877625884,0.057619056516837935,-0.19113056529309677,0.012432448392200614,17.965633392333984,1.2052785923753664,-0.0015831496273172648,0.007928082936959678
2022-03-29,17.928110122680664,17.95625357645371,17.824912687151716,17.890583131802714,115100,48.27895625021682,-0.11836225143905921,0.05821465108323007,-0.17657690252228928,0.012674253132311424,17.749860763549805,-0.4898049645390071,0.0020975834382525654,-0.005232969766004591
2022-03-30,17.82491111755371,17.86243810512717,17.721713691111958,17.834292864447075,222800,46.067080826470416,-0.11337671688084683,0.05056014851315396,-0.1639368653940008,0.012611576208955979,17.928110122680664,0.9357080799304953,-0.0005260509606224423,0.0031578351541309696
2022-03-31,17.702951431274414,17.881199248499982,17.66542444487838,17.881199248499982,82800,43.52899169511303,-0.11790760675204126,0.03682340691356764,-0.1547310136656089,0.012388275331032612,17.82491111755371,-0.6283662477558348,-0.009968448690068748,0.01483832000466093
2022-04-01,18.00316047668457,18.040685674345276,17.89996305169348,17.965633489638634,135800,50.72562622859194,-0.09616547289473587,0.046852432616698414,-0.14301790551143428,0.013077751850074457,17.702951431274414,0.6400966183574879,0.0020888206957789326,0.008337735784583042
2022-04-04,18.247081756591797,18.265843461996553,18.096977377041647,18.153266072026614,203700,55.66898551285164,-0.05857702691257316,0.0675527028790889,-0.12612972979166207,0.012636276717902567,18.00316047668457,0.5,0.005167978268646014,-0.0010282589605202703
2022-04-05,18.078214645385742,18.23770077906332,18.031305906430322,18.228319031272235,150700,51.79490891308019,-0.0419307259468269,0.06735920307586814,-0.10928992902269503,0.012387367218838777,18.247081756591797,-0.2601865488463426,-0.008234680643287862,-0.0072652867048093395
2022-04-06,17.881200790405273,18.078213907202603,17.843675590158618,17.94687123287593,189000,47.63029675921053,-0.04412711418068582,0.05213025187360737,-0.09625736605429319,0.012536904363847483,18.078214645385742,0.25414731254147305,-0.003659158279932381,-0.00524669242097339
2022-04-07,17.815528869628906,17.928108039797923,17.749858432607482,17.78738362974035,101700,46.294069039885514,-0.05058384377991132,0.036538817819505506,-0.08712266159941683,0.01243522666134165,17.881200790405273,-0.46190476190476193,0.0015823147728987502,-0.005792295768859711
2022-04-08,17.609140396118164,17.712336057137357,17.599758647046297,17.712336057137357,146000,42.27968146667631,-0.07153011877412041,0.012474034260237132,-0.08400415303435754,0.011527125595693799,17.815528869628906,0.4355948869223205,-0.005826202748541966,-0.0069262217407844604
2022-04-11,17.53408432006836,17.61851825368005,17.487175585070045,17.487175585070045,253300,40.89098720705348,-0.09311323922342396,-0.0072872689512531175,-0.08582597027217084,0.01075395876174489,17.609140396118164,0.734931506849315,0.002682464916653774,-0.003745340367007955
2022-04-12,17.41212272644043,17.524701896706137,17.402740979802854,17.468413206265886,92300,38.66842785622316,-0.11869110186800214,-0.02629210527666502,-0.09239899659133712,0.010658570811574805,17.53408432006836,-0.6356099486774576,-0.0032224151765121484,0.009698387819228636
2022-04-13,17.590373992919922,17.60913748796486,17.327690430446914,17.580992245397454,115300,43.501844756053984,-0.123158658444531,-0.024607729482555102,-0.0985509289619759,0.009961036695060441,17.41212272644043,0.2491874322860239,0.0005336301496250468,-0.001600072084482684
2022-04-14,17.393362045288086,17.56222812653824,17.393362045288086,17.56222812653824,100500,39.771203287829906,-0.14097141616093722,-0.033936389759169044,-0.10703502640176818,0.010142209238044575,17.590373992919922,-0.12836079791847355,-0.009615299381915068,-0.011866278717185081
2022-04-18,16.88675880432129,17.262019753206914,16.88675880432129,17.18696756342979,197200,32.13873937264356,-0.1937335627547796,-0.06935882908240913,-0.12437473367237047,0.011585703626718095,17.393362045288086,0.9621890547263681,-0.017467232541200604,-0.011111224518495048
2022-04-19,16.60531234741211,16.699126235856802,16.58654885396908,16.699126235856802,326700,28.82869703833218,-0.2553152062184374,-0.10475237803685353,-0.15056282818158387,0.010971395124381727,16.88675880432129,0.6566937119675456,-0.005617892045348649,-0.0016948228800737306
2022-04-20,16.427064895629883,16.577169284114945,16.417683147676385,16.577169284114945,229700,26.936533607340493,-0.31487252752195616,-0.1314477594722978,-0.18342476804965835,0.01089494852279151,16.60531234741211,-0.2969084787266606,-0.00905488662825559,-0.0005712098931027663
2022-04-21,16.286340713500977,16.445826834843242,16.276958966435515,16.417681593646858,315600,25.512821408136652,-0.3691718162626678,-0.14859763857040756,-0.22057417769226026,0.010915428073695449,16.427064895629883,0.37396604266434474,-0.007999965122767773,0.006336382266363517
2022-04-22,16.19252586364746,16.408300689076306,16.19252586364746,16.38953719398196,184800,24.58010054215739,-0.41499071351207917,-0.15553322865585512,-0.25945748485622405,0.010875826565082557,16.286340713500977,-0.4144486692015209,-0.012020554821208592,-0.03823867162759097
2022-04-25,15.573345184326172,15.592108679834634,15.442002505152347,15.573345184326172,487300,19.510329935414966,-0.4955528015762809,-0.18887625337604547,-0.30667654820023543,0.013108381724805777,16.19252586364746,1.6369047619047619,0.0,0.015060243469901589
2022-04-26,15.685922622680664,15.854790503960484,15.667160916504903,15.807883554442943,232600,22.634748745744353,-0.5440433848737882,-0.1898934693388422,-0.354149915534946,0.013426295895256192,15.573345184326172,-0.5226759696285656,-0.007715196746119832,0.01136349997596702
2022-04-27,15.911076545715332,15.995510472263302,15.864169604026516,15.864169604026516,237300,28.603948726090994,-0.5578736612907349,-0.1629789966046311,-0.3948946646861038,0.013729889083392248,15.685922622680664,0.020206362854686244,0.002956785186973175,-0.0005894054482789341
2022-04-28,15.854789733886719,15.911078428450883,15.779737544672717,15.901698470511304,340100,28.02187342587639,-0.5668419293838944,-0.1375578117582325,-0.42928411762566193,0.013739727667134017,15.911076545715332,0.43320691108301723,-0.002949919891360963,0.009467400143473217
2022-04-29,15.98613166809082,16.117472545797753,15.967368174308328,16.004893372488056,282200,31.52354867435119,-0.5569311939148598,-0.10211766103135822,-0.45481353288350157,0.014088263332088504,15.854789733886719,-0.1702440458688621,-0.0011722480094422908,0.000586698142517352
2022-05-02,16.04241943359375,16.061182926292638,15.967367252183346,15.995510701846527,222400,33.02727425107067,-0.5383293863258949,-0.06681268275391461,-0.4715167035719803,0.013283804583035316,15.98613166809082,-0.21190644932671865,0.0029326185716475953,0.002339127013624667
2022-05-03,16.154996871948242,16.16437861833307,16.070562943869938,16.079944690254766,237700,36.05193576699582,-0.5086399763367382,-0.029698618211806305,-0.4789413581249319,0.01286014295955993,16.04241943359375,0.06879496402877705,0.004667440289080162,-0.011033612300090907
2022-05-04,16.004892349243164,16.042419334408923,15.845406241058962,15.976748899753984,314200,33.856370729384444,-0.4915567255771265,-0.010092293961755705,-0.4814644316153708,0.012860640503664466,16.154996871948242,0.32183424484644507,0.0017615254308474167,-0.0035167362563400606
2022-05-05,15.817266464233398,15.995514317003302,15.779739470354121,15.948607364039761,269700,31.291160040697932,-0.48753793332376816,-0.004858801366717902,-0.48267913195705026,0.012878516554470911,16.004892349243164,-0.14162953532781664,-0.008235258214614048,-0.009490040738903792
2022-05-06,15.592107772827148,15.69530341334987,15.5545807839932,15.667159961109727,233800,28.50044831968406,-0.49679469616253513,-0.011292451364387834,-0.4855022447981473,0.01299265389726303,15.817266464233398,-0.1331108639228773,-0.004790414374326862,-0.03790619745578688
2022-05-09,14.766531944274902,15.047978992982355,14.757150197046121,15.001070256838453,517700,21.0776401783583,-0.5642435685143123,-0.06299305897293195,-0.5012505095413804,0.016620035045378095,15.592107772827148,1.2142857142857144,-0.015634771956129803,0.02604830001173495
2022-05-10,15.141793251037598,15.188701988310825,15.01983411289793,15.151174998492243,327400,30.001755850507028,-0.5807226255893116,-0.06357769283834491,-0.5171449327509667,0.018272949202825673,14.766531944274902,-0.36758740583349425,-0.0006192092333154866,-0.0049566563984147485
2022-05-11,15.09488582611084,15.216844960396271,15.066740584636369,15.066740584636369,243800,29.55193096204481,-0.5907575489261152,-0.05889009294011882,-0.5318674559859964,0.0182954164872717,15.141793251037598,-0.25534514355528404,0.0018680378358123982,-0.0391547201673803
2022-05-12,14.334981918334961,14.503849795630915,14.306837570349865,14.503849795630915,694000,23.424606462976755,-0.6525065037399074,-0.09651123820312879,-0.5559952655367786,0.020213665679259647,15.09488582611084,1.8465955701394585,-0.011642969258191221,-0.01505242898161871
2022-05-13,14.28807258605957,14.306836079222473,14.119205621056436,14.119205621056436,492000,23.106115427716002,-0.6971913979351871,-0.11295690591872676,-0.5842344920164604,0.020266194802122967,14.334981918334961,-0.2910662824207493,0.011960089649186625,-0.012475334321656822
2022-05-16,14.034771919250488,14.128587597204156,14.01600842578271,14.109824103736377,347400,21.41308083833927,-0.7444620503073125,-0.12818204663268162,-0.6162800036746309,0.019843644224549015,14.28807258605957,-0.2939024390243903,-0.0053191438769257795,0.04010699149963359
2022-05-17,14.682097434997559,14.700860928722062,14.597664397315164,14.597664397315164,442600,34.60112130105612,-0.7213750610200957,-0.08407604587637185,-0.6372990151437239,0.023245040551755424,14.034771919250488,0.27403569372481296,0.0057840100569734884,-0.0012779047303297364
2022-05-18,14.466322898864746,14.747769047205791,14.447559404785444,14.663335113234213,141100,32.63514745593669,-0.712278949093184,-0.05998394715956801,-0.652295001933616,0.023305423067998383,14.682097434997559,-0.6812019882512427,-0.013435702918066441,0.00648518814200928
2022-05-19,14.635191917419434,14.67271801383568,14.550757976809702,14.560139724586941,170400,35.71365869549939,-0.6835641938344814,-0.025015353520692285,-0.6585488403137891,0.023628723196672096,14.466322898864746,0.20765414599574772,0.005154634107374385,0.006410076185355382
2022-05-20,14.522610664367676,14.72900461259739,14.43817763048026,14.72900461259739,140600,34.579112952813006,-0.6622578138172965,-0.0029671788028058366,-0.6592906350144907,0.023635674018963788,14.635191917419434,-0.17488262910798125,-0.014012756031944585,-0.005813811482819848
2022-05-23,14.363126754760742,14.466323290915703,14.344363260172932,14.438178943726653,224800,32.98072097709288,-0.650740046606467,0.006840470726419023,-0.657580517332886,0.02238041134342284,14.522610664367676,0.5988620199146515,-0.005198175563443946,0.005225240843395155
2022-05-24,14.447558403015137,14.522610584743065,14.419414058540307,14.43817755131858,244700,34.701579611955836,-0.6275650257502665,0.02401239326609561,-0.6515774190163621,0.02234740830167103,14.363126754760742,0.08852313167259784,0.0006497254700750156,0.021428690594501493
2022-05-25,14.738388061523438,14.757150661879338,14.644572375665867,14.757150661879338,323800,40.380334075701036,-0.5790561332240873,0.058017028633819856,-0.6370731618579072,0.022630767819925478,14.447558403015137,0.3232529628116061,-0.0012714243274867588,0.003182666721300676
2022-05-26,14.766531944274902,14.785295438732463,14.71962410282366,14.785295438732463,279900,40.9158243641891,-0.5322065642934977,0.08389327805152758,-0.6160998423450252,0.022663999066125207,14.738388061523438,-0.13557751698579368,-0.001269064560482639,0.01080052314432581
2022-05-27,14.91663646697998,14.92601821430047,14.888492119711177,14.92601821430047,149400,43.814380292552336,-0.47746187953899977,0.11091037024482042,-0.5883722497838202,0.022718454451672122,14.766531944274902,-0.4662379421221865,-0.0006285499043208184,0.014465330548856058
2022-05-31,15.047978401184082,15.160555784731429,14.972925320998144,15.132410544151966,317300,46.296962660032186,-0.4186521644866996,0.1357760682376965,-0.5544282327243961,0.022831283306256136,14.91663646697998,1.1238286479250337,-0.005579556721748717,0.009975047602484622
2022-06-01,15.066740036010742,15.198082702057054,15.029214838129827,15.198082702057054,159900,46.659528841877766,-0.3663085574426095,0.15049574022542933,-0.5168042976680388,0.022735019258700268,15.047978401184082,-0.49606051055783174,-0.008642054963191793,-0.0031133395013396175
2022-06-02,15.029213905334473,15.029213905334473,14.935398232377034,15.019832159100215,225600,45.990713263829,-0.32411768989856604,0.15414928621557822,-0.47826697611414426,0.022690453367493542,15.066740036010742,0.4108818011257036,0.0006246239062380995,-0.004993731692109433
2022-06-03,14.832202911376953,14.954162043547912,14.822821164381452,14.954162043547912,174500,42.54296796691223,-0.3030844947321967,0.1401459851055581,-0.44323047983775476,0.0227209247441178,15.029213905334473,-0.22650709219858156,-0.008155531003061399,0.010752728293634705
2022-06-06,14.822822570800781,14.991689559279047,14.822822570800781,14.991689559279047,146200,42.38006108318842,-0.2838998305910341,0.12746451939737657,-0.41136434998841065,0.022568813546464374,14.832202911376953,-0.16217765042979948,-0.01126403984090948,0.002531582730775905
2022-06-07,14.91663646697998,14.91663646697998,14.822821677853083,14.860347772442376,172300,44.662324723936386,-0.25815005550783887,0.12257143558445743,-0.3807214910922963,0.01920676833850321,14.822822570800781,0.17852257181942544,0.0037878450356315795,0.008805118863942234
2022-06-08,14.972926139831543,15.057359182109494,14.954162645085772,15.047979224121955,222900,46.04329606189626,-0.23054350505269916,0.12014238883167772,-0.3506858938843769,0.018329733486699962,14.91663646697998,0.293673824724318,-0.004987585586913973,0.006892176102563272
2022-06-09,14.944781303405762,15.076122183557935,14.935399556339851,15.076122183557935,138700,45.43279295606664,-0.20853233703146756,0.11372284548232747,-0.32225518251379504,0.01832232077927722,14.972926139831543,-0.3777478689995514,-0.008711847685568238,-0.008160731634427085
2022-06-10,14.682097434997559,14.822820953853464,14.66333483596568,14.822820953853464,217000,40.08990727802081,-0.2098655215370666,0.08991172878138276,-0.2997772503184494,0.014728534989407783,14.944781303405762,0.5645277577505408,-0.009493706986949851,-0.027476045629732007
2022-06-13,14.025389671325684,14.278691455933394,14.00662707322099,14.278691455933394,468200,30.44925282410093,-0.2609053535476189,0.03109751741666439,-0.2920028709642833,0.017966843598187673,14.682097434997559,1.1576036866359445,-0.017739845796755648,0.010033560663712133
2022-06-14,14.119206428527832,14.259929056527078,14.081680334748524,14.166114269425131,115300,32.93060718417497,-0.29043658769876224,0.0012530266124168299,-0.29168961431117907,0.017579580575641233,14.025389671325684,-0.7537377189235369,-0.003311270825941384,-0.009966856559519902
2022-06-15,14.053534507751465,14.109824093421036,13.875285793400945,13.978482323320444,275100,32.06813581123263,-0.31550256155206213,-0.01905035779270642,-0.2964522037593557,0.013921894917997496,14.119206428527832,1.385949696444059,0.005369122533839793,-0.0020026214177832234
2022-06-16,13.969101905822754,14.025390598550686,13.847141878655384,14.025390598550686,403600,30.945952158484435,-0.3382810385248636,-0.033463067812406266,-0.3048179707124573,0.01364059550223389,14.053534507751465,0.46710287168302433,-0.0040133422547068915,-0.006044377075881341
2022-06-17,13.903429985046387,13.931575224916049,13.809615202891989,13.884667386492549,117400,30.06469776505249,-0.3575111547503873,-0.04215454723034395,-0.31535660752004335,0.013285131727495268,13.969101905822754,-0.7091179385530229,0.0013513178264602202,-0.012145656122756148
2022-06-21,13.640748023986816,13.78147065159574,13.61260367740356,13.734563705521197,351000,26.779677840693502,-0.389457970285104,-0.059281090212048526,-0.33017688007305546,0.013744736870498198,13.903429985046387,1.9897785349233392,-0.00683062698938642,-0.002751071307322752
2022-06-22,13.556313514709473,13.612603100181754,13.415590893067678,13.603221353487607,189300,25.80370517601134,-0.4167847755576748,-0.06928631638769545,-0.34749845916997935,0.013640312409253346,13.640748023986816,-0.4606837606837607,-0.0034482890161974624,0.008996561996976021
2022-06-23,13.74394416809082,13.790852007527528,13.603221544473318,13.678273729695,270400,31.755758427667526,-0.41847729422732804,-0.05678306804587896,-0.3616942261814491,0.01401781724803241,13.556313514709473,0.428420496566297,0.004801076487689526,0.0027303846531626843
2022-06-24,13.875286102294922,13.912812195345845,13.743944329270377,13.7814704223213,175700,35.64741820092798,-0.4045569503513473,-0.03429017933591855,-0.37026677101542876,0.013304683675290573,13.74394416809082,-0.3502218934911243,0.00680737810253339,0.014198789103247693
2022-06-27,13.894049644470215,14.072298363408631,13.88466789750171,14.072298363408631,292100,36.207095041690685,-0.3875435556271061,-0.013821427689341803,-0.37372212793776427,0.013294600818443731,13.875286102294922,0.6624928856004553,-0.012666638692220025,0.012153868650362833
2022-06-28,13.903429985046387,14.062916098870726,13.84714129469227,14.062916098870726,109800,36.50440088756982,-0.3690492328128414,0.003738316099938299,-0.3727875489127797,0.012966993192389583,13.894049644470215,-0.6241013351591921,-0.011340899192106145,0.002024365802871984
2022-06-29,13.800233840942383,13.93157561325074,13.762707748096084,13.93157561325074,115100,34.59426308206512,-0.35858586053289443,0.011361350703908257,-0.3699472112368027,0.012665335246986912,13.903429985046387,0.04826958105646639,-0.009427632304807912,-0.012916344666384732
2022-06-30,13.509406089782715,13.621985264176065,13.453117397278675,13.621985264176065,238700,29.85327828551475,-0.36950154775042243,0.00035653078910419245,-0.3698580785395266,0.013131182978432921,13.800233840942383,1.0738488271068638,-0.008264520347809903,-0.0006943886212776475
2022-07-01,13.584458351135254,13.603221845201793,13.453117471440043,13.50002531191375,325200,32.426935566272256,-0.36785580551665475,0.0016018184182974848,-0.36945762393495224,0.0133451404110392,13.509406089782715,0.362379555927943,0.006254287475075407,-0.020718170487763178
2022-07-05,13.218579292297363,13.396828014199512,13.134145357562211,13.303013227032515,986600,27.189658579561197,-0.3915612508474471,-0.017682901529995854,-0.37387834931745123,0.014124996132723045,13.584458351135254,2.0338253382533824,-0.006346978184128793,-0.008516655364372848
2022-07-06,12.946515083312988,13.106001208058231,12.908988988943086,13.106001208058231,375900,24.075799874838886,-0.4273747845059681,-0.04279714815081348,-0.38457763635515463,0.01445290656614112,13.218579292297363,-0.6189945266572066,-0.012168938657443637,0.020289787292086376
2022-07-07,13.284249305725098,13.29363105254799,13.209197120527197,13.209197120527197,219900,34.15661475751806,-0.42362169160149676,-0.031235244197073686,-0.3923864474044231,0.015980769168958884,12.946515083312988,-0.41500399042298486,0.00568181279400163,8.526791677748493e-09
2022-07-08,13.396827697753906,13.443735537575723,13.218578980062158,13.284249418997124,203000,37.152124068756706,-0.4068730241030867,-0.011589261358930902,-0.3952837627441558,0.016160316999367454,13.284249305725098,-0.07685311505229653,0.008474568280522477,-7.656737872643439e-08
2022-07-11,13.303011894226074,13.396826671993926,13.284248401856967,13.396826671993926,95800,35.69475814408734,-0.3965980008560894,-0.001051390489546944,-0.3955466103665425,0.016141830778025102,13.396827697753906,-0.5280788177339901,-0.007002761181046838,0.009167933634345624
2022-07-12,13.453117370605469,13.490643463764638,13.378065184287129,13.42497302440925,112600,39.766043748038214,-0.37205390759406143,0.01879416221798491,-0.39084806981204634,0.016311121720204363,13.303011894226074,0.17536534446764085,0.002096417336932256,-0.007670938916306751
2022-07-13,13.331156730651855,13.4437350049484,13.284248892688481,13.349919329021649,209900,37.67872291045462,-0.35831332822445283,0.026027793270074873,-0.3843411214945277,0.013327702453622657,13.453117370605469,0.8641207815275311,-0.0014054465729246065,0.003518708434911621
2022-07-14,13.453117370605469,13.453117370605469,13.368683437324178,13.378065184287129,204700,41.0131171910086,-0.3337355203662149,0.04048448090265028,-0.3742200012688652,0.013427444417494246,13.331156730651855,-0.024773701762744182,0.0056100927364661395,-0.004881456917148662
2022-07-15,13.537550926208496,13.5469317782171,13.387446557759514,13.387446557759514,179200,43.275826942507265,-0.30394070897201253,0.05622343383748213,-0.36016414280949466,0.013549678053823446,13.453117370605469,-0.12457254518808014,0.01121232251433191,-0.0020789189413878374
2022-07-18,13.38744831085205,13.528170951027514,13.368684814992536,13.509407455167999,316200,40.315095857599054,-0.2891074817944812,0.056845328812010765,-0.34595281060649197,0.013680067824156254,13.537550926208496,0.7645089285714286,-0.009027719736833665,0.010511516971903709
2022-07-19,13.621986389160156,13.621986389160156,13.528170700982056,13.528170700982056,78800,46.47685857256641,-0.2554817450605036,0.0723768524367907,-0.3278585974972943,0.014338611638282657,13.38744831085205,-0.7507906388361796,0.006934839177575582,0.007575630962025823
2022-07-20,13.70641803741455,13.734563277813983,13.650129346000922,13.725181531014172,177600,48.536612899935946,-0.21949003356988328,0.08669485114192882,-0.3061848847118121,0.013770058958151522,13.621986389160156,1.2538071065989849,-0.0013670852773220133,0.005475805628610687
2022-07-21,13.753327369689941,13.790853466270148,13.678275176529528,13.781471718451916,74500,49.69492161873718,-0.18504803329093278,0.09690948113670345,-0.2819575144276362,0.013698063299485789,13.70641803741455,-0.5805180180180181,-0.0020421874627724085,-0.004092812858090504
2022-07-22,13.603221893310547,13.706418426963552,13.575077546803845,13.697037574589746,135000,46.11793143850753,-0.16792897667767903,0.09122283019996574,-0.2591518068776448,0.013576618373921942,13.753327369689941,0.8120805369127517,-0.006849341017596606,0.006206945870663287
2022-07-25,13.668892860412598,13.715800702860792,13.63136676539258,13.687656355268947,98100,47.885301625079315,-0.14736418022692988,0.08943010132057194,-0.23679428154750182,0.013434040301699195,13.603221893310547,-0.2733333333333333,-0.001370833279952027,-0.006863428100923657
2022-07-26,13.453117370605469,13.575077397045927,13.443735623642517,13.575077397045927,133400,42.90552494658982,-0.14678565592418202,0.07200690049865585,-0.21879255642283787,0.013839199701447142,13.668892860412598,0.35983690112130473,-0.008984112787968197,0.004881411680793311
2022-07-27,13.70641803741455,13.725181531014172,13.518787574881426,13.518787574881426,56700,49.539557517198475,-0.12445330413612865,0.0754714018293674,-0.19992470596549605,0.01456692024374178,13.453117370605469,-0.5749625187406298,0.01387923743115483,0.007529113382815426
2022-07-28,13.88466739654541,13.903429995112834,13.734563029235613,13.809615212890511,134900,53.62331155510508,-0.09131885395401262,0.08688468160918675,-0.17820353556319937,0.014778889853136771,13.70641803741455,1.379188712522046,0.005434777327093204,-0.006081133680235662
2022-07-29,13.818995475769043,13.837758968229242,13.734562443775838,13.800232878001408,107000,51.9550180929671,-0.06955692964016791,0.0869172847384252,-0.1564742143785931,0.01395749663999129,13.88466739654541,-0.20681986656782803,0.0013595855905840606,0.014256714718476027
2022-08-01,14.100442886352539,14.109824633438631,13.922194165180002,14.016008951962993,503300,57.98754295612005,-0.029262672086874275,0.10176923383337505,-0.13103190592024933,0.014578407492331429,13.818995475769043,3.7037383177570096,0.006024106768119655,0.003326663974016573
2022-08-02,14.12858772277832,14.203639907931269,14.091061630201846,14.147350321720246,147000,58.54805144176736,0.004885552800377724,0.10873396697650164,-0.10384841417612392,0.0128983672059666,14.100442886352539,-0.7079276773296245,-0.001326227068338021,0.005976120184175172
2022-08-03,14.278693199157715,14.288074052009039,14.119207069680234,14.213021861042305,183300,61.498349852837045,0.043558410268799364,0.11792545955593864,-0.07436704928713928,0.011672114014298525,14.12858772277832,0.24693877551020416,0.004620504967730593,-0.0013141545725762244
2022-08-04,14.316218376159668,14.32560012310178,14.175494856105884,14.259928789199629,304600,62.22223252303544,0.07635472684656364,0.12057742090696233,-0.04422269406039869,0.010564936821883284,14.278693199157715,0.6617566830332788,0.003947396076947636,-0.003276518355521736
2022-08-05,14.34436321258545,14.35374495984823,14.259929276605742,14.269311023868523,139700,62.78735174171823,0.1034248794716941,0.11811805882567424,-0.014693179353980138,0.010513505031243936,14.316218376159668,-0.541365725541694,0.005259692538160034,0.005886113676051548
2022-08-08,14.410032272338867,14.438177511428515,14.34436183718151,14.4287957650653,462900,64.13543318373888,0.12869361487659248,0.11470943538445809,0.013984179492134388,0.01022088521031456,14.34436321258545,2.313528990694345,-0.0013004198709265634,0.0058594575887432835
2022-08-09,14.466322898864746,14.494467245291059,14.41003331131948,14.494467245291059,118600,65.29598682749015,0.151514883593304,0.11002456328093568,0.041490320312368316,0.010078379047427977,14.410032272338867,-0.7437891553251242,-0.0019417303133687917,0.007133478239024706
2022-08-10,14.550755500793457,14.569518098462503,14.475703320732151,14.569518098462503,137300,67.01988107716308,0.17440349389736554,0.10633053886799777,0.06807295502936776,0.009626818573543708,14.466322898864746,0.15767284991568298,-0.001287798096151548,-0.004513199030872192
2022-08-11,14.475704193115234,14.560138124445782,14.419414607330664,14.485085045168818,249600,63.97765146539277,0.18436166268094922,0.09303096612126516,0.09133069655968407,0.009787962918465365,14.550755500793457,0.817916970138383,-0.0006476214688647746,0.008425234286589063
2022-08-12,14.700861930847168,14.729006278659837,14.569520149900235,14.59766539240559,78000,68.58488555264432,0.208023960177405,0.09335461089417674,0.11466934928322825,0.010129633443551125,14.475704193115234,-0.6875,0.007069386485270848,0.0019144716333209808
2022-08-15,14.738388061523438,14.785295904452223,14.700861966118946,14.729006313999143,115200,69.28987312138887,0.22718569131629707,0.09001307362645505,0.137172617689842,0.009486397305144808,14.700861930847168,0.476923076923077,0.0006369572613583219,-9.804187688607293e-08
2022-08-16,14.71024227142334,14.747768363148701,14.653952686488998,14.73838661654421,84100,68.0562704538442,0.23736418469272813,0.08015325360230888,0.15721093109041925,0.009109228685073608,14.738388061523438,-0.2699652777777778,-0.0019095947102701928,0.0044643330047607595
2022-08-17,14.766531944274902,14.822821532954924,14.710243250287538,14.775913691503682,131800,69.23591064610892,0.24712412708472797,0.07193055679544696,0.175193570289281,0.00909301705674735,14.71024227142334,0.5671819262782403,-0.0006349351671006453,-0.007623885192344904
2022-08-18,14.672717094421387,14.710243188486192,14.616427505977851,14.653953600042657,293600,64.93212062350524,0.24447077054217203,0.05542176020231282,0.1890490103398592,0.009371224752428145,14.766531944274902,1.2276176024279213,0.0012804390467481212,-0.007672609074474827
2022-08-19,14.494467735290527,14.560139072095527,14.419415545821389,14.560139072095527,151100,57.605185924341825,0.22538661616315103,0.02907008465863342,0.1963165315045176,0.009473141235262458,14.672717094421387,-0.4853542234332425,-0.004510350930016794,-0.009708691923499732
2022-08-22,14.334981918334961,14.363127161012747,14.306837570349865,14.353745413453485,76400,51.95610150971491,0.19514361960007776,-0.000938329523551884,0.19608194912362964,0.00997963789680139,14.494467735290527,-0.49437458636664455,-0.001307219445381633,0.009816773057354278
2022-08-23,14.51323127746582,14.5601391197106,14.410033845588773,14.475705182608532,222800,57.02823073764231,0.183444427356255,-0.010110017413899719,0.1935544447701547,0.009236025442014194,14.334981918334961,1.9162303664921465,0.0025923500364163775,0.00646412882343847
2022-08-24,14.635191917419434,14.66333626605844,14.550757976809702,14.607046674087716,73700,60.129769521836224,0.18191691266173926,-0.009310025686732365,0.19122693834847163,0.008619190951336269,14.51323127746582,-0.6692100538599641,0.0019268264119157107,0.002563979329714622
2022-08-25,14.804057121276855,14.822820614571878,14.672716246982104,14.672716246982104,389700,64.00374170648473,0.19211774319270347,0.0007126438753854714,0.191405099317318,0.008538311200090843,14.635191917419434,4.287652645861601,0.008951367428083825,-0.006970725360132504
2022-08-26,14.391271591186523,14.70086210486872,14.353745495427855,14.70086210486872,452300,50.967077886351014,0.16499171065913032,-0.021130710926550167,0.1861224215856805,0.010915323430868835,14.804057121276855,0.16063638696433147,-0.02105934410334107,-0.005215126959411769
2022-08-29,14.297455787658691,14.391271473635406,14.278693187278963,14.31621928273111,359700,48.5468387548126,0.13437499188947655,-0.04139794375696315,0.1757729356464397,0.01017622811521496,14.391271591186523,-0.20473137298253374,-0.001310645967476335,-0.001968456294596146
2022-08-30,14.231785774230957,14.3162197152222,14.194259677645151,14.269311870816765,89600,46.86907535773625,0.10361756167526082,-0.057724299176943106,0.16134186085220392,0.010240006217191445,14.297455787658691,-0.7509035307200445,-0.002629846269080077,0.01252463457679788
2022-08-31,14.381889343261719,14.428797185001416,14.325600648928212,14.41003369042847,259000,51.03458193122139,0.09031310690959415,-0.05682300315408781,0.14713611006368196,0.01023597006022674,14.231785774230957,1.890625,-0.0019531076589672197,-0.005218494335167507
2022-09-01,14.297455787658691,14.306837535194902,14.203640996374666,14.306837535194902,101800,48.72069227950576,0.0721247392597899,-0.06000909664311366,0.13213383590290356,0.010315158373844457,14.381889343261719,-0.6069498069498069,-0.000655752713563076,0.0039370657958533156
2022-09-02,14.231785774230957,14.363127559627637,14.231785774230957,14.353745811808007,41900,46.93814635623421,0.051814025764885585,-0.06425584811041439,0.11606987387529998,0.010353068945870843,14.297455787658691,-0.5884086444007859,-0.008496739400019252,-0.0006592856042125107
2022-09-06,14.119206428527832,14.22240296274777,14.091062081866513,14.22240296274777,401700,43.968240634131945,0.026329911822303487,-0.0717919696423972,0.09812188146470069,0.01041707410195104,14.231785774230957,8.58711217183771,-0.007255914101874142,-0.012624598450641341
2022-09-07,13.959720611572266,14.006628453495372,13.837760580449253,13.940957116925954,135900,40.09759767197561,-0.006658845602924401,-0.08382458165410007,0.07716573605117567,0.010595843636202666,14.119206428527832,-0.6616878267363704,0.0013459258563768373,-0.0020161827438763256
2022-09-08,13.940956115722656,14.00662744757573,13.912811770467114,13.931575263765879,88900,39.655269654508636,-0.033925736751971414,-0.08887317824251767,0.05494744149054626,0.010446668842736312,13.959720611572266,-0.3458425312729948,0.0006733518485289746,0.009421338882183963
2022-09-09,14.119206428527832,14.17549512185047,14.034772493851225,14.072298587630534,506800,45.774638540287256,-0.04068266940278242,-0.07650408871466295,0.03582141931188053,0.010928421116828298,13.940956115722656,4.700787401574803,0.0033333460489908388,0.003986679860051774
2022-09-12,14.213021278381348,14.24116651985958,14.12858823802461,14.175495184436357,122800,48.721941800563556,-0.03802913665481533,-0.05908044477335669,0.021051308118541355,0.010377700046066734,14.119206428527832,-0.7576953433307024,0.002647251010052266,-0.012541157400828248
2022-09-13,13.753327369689941,14.034773541387846,13.706419525291505,14.034773541387846,514200,37.86238345567891,-0.07218751668629508,-0.07459105984386916,0.0024035431575740694,0.012377476639806206,14.213021278381348,3.1872964169381106,-0.020053488634350525,0.012960341259586469
2022-09-14,13.865903854370117,13.931575185855934,13.790851670979983,13.931575185855934,442700,41.31222266437547,-0.08914667016454736,-0.07324017065769714,-0.015906499506850216,0.01264354282784829,13.753327369689941,-0.13905095293660052,-0.004713848262649409,-0.002029727575026511
2022-09-15,13.74394416809082,13.91281203218592,13.715799822305843,13.837759846964236,358300,38.799069964693615,-0.1111468175767456,-0.0761922544559163,-0.0349545631208293,0.012606414606400971,13.865903854370117,-0.19064829455613286,-0.006779686879303444,-0.004778074150782696
2022-09-16,13.612604141235352,13.697038078554742,13.603222393823714,13.678274583731465,212900,36.242135587027974,-0.13759403700694683,-0.08211157910889402,-0.05548245789805281,0.012664703476813914,13.74394416809082,-0.4058051911805749,-0.004801076487689456,-0.00758103195492491
2022-09-19,13.48126220703125,13.51878830155501,13.424973512591944,13.509406554250903,150900,33.84040231472449,-0.16722418900977587,-0.08939338488937845,-0.07783080412039742,0.01258868945190383,13.612604141235352,-0.29121653358384214,-0.0020833148448550637,0.0020876296536081165
2022-09-20,13.509406089782715,13.509406089782715,13.434353903315571,13.509406089782715,291100,34.83690389828782,-0.18628791074110929,-0.0867656852965695,-0.09952222544453979,0.012520407073279819,13.48126220703125,0.9290921139827701,0.0,-0.002083421072756563
2022-09-21,13.46249771118164,13.509404651710899,13.36868204073804,13.481260308454836,206400,33.91985968058576,-0.20284291482652606,-0.08265655150558901,-0.12018636332093705,0.011989938470108704,13.509406089782715,-0.29096530401923737,-0.0013917539491042998,-0.005574886734292514
2022-09-22,13.32177448272705,13.50002408134055,13.31239273654896,13.38744581128113,186800,31.26123569291959,-0.22472754405989548,-0.08363294459116674,-0.14109459946872874,0.011728144023917324,13.46249771118164,-0.09496124031007747,-0.004905441223055488,-0.007042115930500461
2022-09-23,13.181053161621094,13.237341854825308,13.134145320822485,13.227961002419704,125600,28.827937980164126,-0.2505382558943783,-0.08755492514051963,-0.16298333075385865,0.011152172407481621,13.32177448272705,-0.3276231263383298,-0.0035461127221368266,-0.017793555625174737
2022-09-26,12.749503135681152,12.993423201625784,12.730739640750327,12.946515358991403,393400,22.932712071187844,-0.3023308298465821,-0.11147799927417876,-0.19085283057240335,0.011699427030991815,13.181053161621094,2.1321656050955413,-0.015217393858296041,-0.0007360047307705581
2022-09-27,12.71197509765625,12.833935111988602,12.683830754254181,12.740119441058317,207700,22.50177578715668,-0.34245738136272763,-0.12128364063225944,-0.2211737407304682,0.011717938607527532,12.749503135681152,-0.4720386375190646,-0.002209111424133478,-0.01033202191138442
2022-09-28,12.665068626403809,12.70259471987952,12.552490345976668,12.580634692410293,225900,21.946654905002447,-0.37373474129594086,-0.12204880045237809,-0.25168594084356277,0.011724547129917594,12.71197509765625,0.08762638420799229,0.0067114208510047416,-0.018518475841093507
2022-09-29,12.271044731140137,12.561872639242365,12.242900383482722,12.430530859019958,188300,17.942369314382276,-0.425412815608853,-0.13898149981223218,-0.28643131579662084,0.012360341873202316,12.665068626403809,-0.16644532979194337,-0.012830194437278905,-0.0022936920924452307
2022-09-30,12.477437019348145,12.636923125725778,12.242898732874279,12.242898732874279,1644200,25.599853196363583,-0.4445889839957218,-0.12652613455928075,-0.31806284943644103,0.013535256005996088,12.271044731140137,7.731810939989378,0.01915708784261118,-0.02481191070291094
2022-10-03,12.064650535583496,12.195992313355141,11.933309652504516,12.167847966222883,287900,21.31554877391785,-0.4874753427302405,-0.13552999463503956,-0.35194534809520095,0.014747097833038084,12.477437019348145,-0.8248996472448608,-0.008481157138538881,0.0023328683861924926
2022-10-04,12.064650535583496,12.15846621894791,12.017743588593953,12.09279577740842,418400,21.31554877391785,-0.5155204916791636,-0.13086011486717009,-0.3846603768119935,0.014858709633578271,12.064650535583496,0.4532823897186522,-0.0023274387778468553,0.008553561794870967
2022-10-05,12.214754104614258,12.252280193788652,12.064648853224146,12.167846269473133,652900,26.502925810359738,-0.5196442354437671,-0.10798708690541886,-0.4116571485383483,0.015493040033020877,12.064650535583496,0.5604684512428297,0.0038550647421317463,-0.024577459687509993
2022-10-06,11.886402130126953,11.95207257343055,11.83949428718466,11.914546478015254,214200,22.94015035383585,-0.5431465370937243,-0.10519151084430078,-0.4379550262494235,0.01608346825439369,12.214754104614258,-0.6719252565477103,-0.0023621837339954624,-0.014996117617178121
2022-10-07,11.642481803894043,11.708152245738493,11.454851330986568,11.708152245738493,717100,20.712624254927434,-0.5748283488882695,-0.10949865811107673,-0.4653296907771928,0.015553634082180667,11.886402130126953,2.3478057889822597,-0.005608950111521858,0.012087033494690749
2022-10-10,11.651863098144531,11.783204871419038,11.558047417992364,11.783204871419038,342700,21.030228917555117,-0.5923511654379361,-0.10161717972859463,-0.49073398570934146,0.015287551270097824,11.642481803894043,-0.5221029145168038,-0.011146523777506826,-0.025764782540758237
2022-10-11,11.28598403930664,11.389181475740424,11.154643148853047,11.351655379226152,633600,18.001556143536835,-0.6285163606996687,-0.11022589999226173,-0.5182904607074069,0.015215618039215504,11.651863098144531,0.8488473883863437,-0.005785177379476445,0.014131202805015702
2022-10-12,11.567428588867188,11.595572933634145,11.445468568620253,11.445468568620253,257200,26.74145874299409,-0.6272369187238347,-0.0871571664131422,-0.5400797523106925,0.01664726247133863,11.28598403930664,-0.5940656565656566,0.010655747251913221,-0.011354388407312158
2022-10-13,11.745678901672363,11.75505975403201,11.276602285369652,11.436087511795343,635200,31.70628293727825,-0.6048671096731386,-0.05182988588995685,-0.5530372237831818,0.017511782244091813,11.567428588867188,1.469673405909798,0.02707144288269075,-0.0015974223791758852
2022-10-14,11.520522117614746,11.858257873648553,11.492377769509494,11.726916091336218,123000,29.029999784170034,-0.5984090584651014,-0.03629746774553566,-0.5621115907195657,0.017696993371298892,11.745678901672363,-0.806360201511335,-0.017600021362304662,0.0008142321939234727
2022-10-17,11.567428588867188,11.614336426607176,11.529902497613715,11.529902497613715,173100,30.349004851939178,-0.582788028518836,-0.016541150239416158,-0.5662468782794199,0.01790095180072726,11.520522117614746,0.4073170731707316,0.003254675506686951,0.012976557671106918
2022-10-18,11.642481803894043,11.717533993057033,11.586193109368134,11.717533993057033,407100,32.51037859443033,-0.5579207197722553,0.006660926805731715,-0.564581646577987,0.018051067908613338,11.567428588867188,1.3518197573656847,-0.006405118108252216,-0.006446545670496789
2022-10-19,11.464231491088867,11.5861915052666,11.417323655683195,11.567428013227312,308200,30.119813841099703,-0.5462991128609893,0.014626026973598272,-0.5609251398345876,0.018114556657166325,11.642481803894043,-0.24293785310734461,-0.008921302299909725,0.004091869416145709
2022-10-20,11.379799842834473,11.511141629306868,11.351655493837788,11.511141629306868,149600,29.030887634185635,-0.5377035225449802,0.018577293831685937,-0.5562808163766662,0.01810431185714941,11.464231491088867,-0.5146009085009734,-0.011409970505271613,-0.023083347915503837
2022-10-21,11.135878562927246,11.14526030981042,10.863814166163628,11.117115963853529,891100,26.09564924376821,-0.5442995180159773,0.009585038688551095,-0.5538845567045284,0.01835655598017397,11.379799842834473,4.956550802139038,0.0016877218097501776,-0.037068122598041084
2022-10-24,10.657421112060547,10.723092451119761,10.572988067029046,10.723092451119761,689800,21.503024780125283,-0.5814320231633499,-0.022037973167057134,-0.5593940499962927,0.019198126936353792,11.135878562927246,-0.2259005723263382,-0.0061242910437051,-0.0008802593190084111
2022-10-25,10.648039817810059,10.704328512165072,10.591750228762379,10.648039817810059,471600,21.42341148901055,-0.6046468011174468,-0.036202200896923276,-0.5684446002205236,0.019236447713306,10.657421112060547,-0.3163235720498695,0.0,-0.007929518581123143
2022-10-26,10.760618209838867,10.83567039953163,10.563605988222195,10.563605988222195,695200,25.01145669335256,-0.606963843157617,-0.03081539434967473,-0.5761484488079422,0.019688741991036554,10.648039817810059,0.47413061916878707,0.018650091818677227,0.027898778336310905
2022-10-27,11.04206371307373,11.088970657827796,10.985774126799184,11.060826312036832,496900,33.221161702098776,-0.5794107294762494,-0.002609824534645644,-0.5768009049416037,0.020294679929060207,10.760618209838867,-0.28524165707710014,-0.0016963107849079723,-0.0016992785644840158
2022-10-28,11.023300170898438,11.051444516565523,10.929484492418,11.023300170898438,232500,32.96207070720879,-0.5527173676546759,0.019266829829542198,-0.5719841974842181,0.01965604425676626,11.04206371307373,-0.5320990138860937,0.0,-0.006808465651335004
2022-10-31,10.957630157470703,10.995156251378782,10.920104063562626,10.94824841032052,192500,32.020816635454196,-0.5307436252171414,0.03299245781366145,-0.5637360830308028,0.018595582409777853,11.023300170898438,-0.17204301075268813,0.0008569176363717764,0.010274036769261738
2022-11-01,10.826289176940918,11.117117097117488,10.826289176940918,11.070209252612528,348000,30.165489120337703,-0.5179567129198279,0.036623496088779905,-0.5545802090086078,0.01863145226831442,10.957630157470703,0.8077922077922077,-0.022033917345694817,0.001733134438246457
2022-11-02,10.769999504089355,11.013919577937633,10.76061865101266,10.84505259155189,324300,29.379801002334098,-0.5065261804594403,0.0384432228393341,-0.5449694032987744,0.018162262730071623,10.826289176940918,-0.06810344827586212,-0.006920490871662418,-5.216117653344876e-08
2022-11-03,10.666802406311035,10.76999894231351,10.648039806443615,10.76999894231351,372200,27.942875187308314,-0.5000305040758182,0.03595111937836504,-0.5359816234541832,0.017521931685148463,10.769999504089355,0.14770274437249453,-0.00958185200901303,-0.000879484001641649
2022-11-04,10.63865852355957,10.713710715690741,10.488554139297229,10.657421124246012,731200,27.547177225928703,-0.49148804166909876,0.03559486542806756,-0.5270829070971663,0.01715414070110198,10.666802406311035,0.9645351961311124,-0.0017605197793822804,-0.011464016479210153
2022-11-07,10.366592407226562,10.516696766928794,10.329066317301006,10.516696766928794,532200,24.007847146309093,-0.5008975058537128,0.020948320994762848,-0.5218458268484757,0.017740368224759995,10.63865852355957,-0.2721553610503282,-0.014272956901662815,0.004524923453558315
2022-11-08,10.55422306060791,10.572986553279204,10.413500444343502,10.413500444343502,601200,30.62764070169614,-0.48759367204367443,0.027401723843841097,-0.5149953958875155,0.01741251339253047,10.366592407226562,0.12965050732807226,0.013513478682458557,-0.006222126446771125
2022-11-09,10.32906723022461,10.48855335017738,10.319685483240885,10.48855335017738,330300,27.52862159705839,-0.48957496624537633,0.020336343713711402,-0.5099113099590877,0.016528508715317206,10.55422306060791,-0.45059880239520955,-0.015205730917131049,0.020890193819799462
2022-11-10,10.282160758972168,10.554225194874558,10.225871164268025,10.54484344664174,906800,26.917565974676545,-0.4892898871443929,0.016497138251755805,-0.5057870253961487,0.01578448736210762,10.32906723022461,1.7453829851650013,-0.024911008778724954,0.008211667861948236
2022-11-11,10.516698837280273,10.601132779907857,10.300923106710588,10.366594448028005,1643200,34.72018619267949,-0.46478099115016214,0.032804827396789304,-0.49758581854695144,0.01677302480641421,10.282160758972168,0.812086457873842,0.014479623950257085,-0.011596962462405458
2022-11-14,10.263395309448242,10.507315348928518,10.244632711245767,10.394737075635911,1630000,30.88499075121668,-0.4604887644159241,0.029677643304821866,-0.490166407720746,0.017199633306118515,10.516698837280273,-0.008033106134371915,-0.012635410134184063,0.005484589142015213
2022-11-15,10.225870132446289,10.33844931049499,10.066384007352072,10.319685815922652,1137000,30.350140317016596,-0.45487163491870675,0.028235818241631405,-0.48310745316033815,0.01696550025703866,10.263395309448242,-0.3024539877300614,-0.009090943769975136,0.022935817901002464
2022-11-16,10.563606262207031,10.6386584538464,10.45102797474798,10.460408827683377,1303300,40.36067062144119,-0.4183451141645431,0.05180987119663605,-0.47015498536117917,0.018946100653692784,10.225870132446289,0.1462620932277925,0.009865525929593028,0.020426262044970212
2022-11-17,10.769999504089355,10.807526495166977,10.60113251770361,10.77938125185876,1383700,45.514395666203484,-0.3684955858546921,0.08132751960518964,-0.44982310545988174,0.01963069328853916,10.563606262207031,0.06168955727767966,-0.0008703419565744711,0.010453029870605963
2022-11-18,10.67618465423584,10.901341231359279,10.6386585580486,10.882578630612013,591500,43.66723372128381,-0.33272411339677355,0.0936791936504866,-0.42640330704726015,0.019188222800833852,10.769999504089355,-0.5725229457252294,-0.018965539637416422,-0.011423623485270757
2022-11-21,10.479171752929688,10.582368287147315,10.441645659151218,10.554223940486624,538000,39.99624403878815,-0.3166224320778497,0.08782469997552839,-0.40444713205337807,0.01709826697086915,10.67618465423584,-0.09044801352493659,-0.007111104329427002,-0.0017905558394963037
2022-11-22,10.460408210754395,10.488553451978744,10.394737770616203,10.460408210754395,542700,39.654325307973906,-0.3018957286302477,0.08204112273850428,-0.383936851368752,0.017099970444931594,10.479171752929688,0.008736059479553804,0.0,-0.0035874874387235222
2022-11-23,10.432263374328613,10.469789466172893,10.375974683908494,10.422881627694393,450500,39.11418504228712,-0.28916247808127693,0.07581949862998005,-0.364981976711257,0.016893680701991334,10.460408210754395,-0.16989128431914502,0.0009001106382415891,0.029676250043699826
2022-11-25,10.854432106018066,10.882577345855303,10.666801647232823,10.741853830746921,528600,50.09494805793893,-0.24221370799410558,0.09821461497372114,-0.3404283229678267,0.018362265789300995,10.432263374328613,0.17336293007769155,0.010480339524720335,0.02160758717679947
2022-11-28,11.070207595825195,11.257838051071198,11.042063251211442,11.088970194003503,1242400,54.60163450506091,-0.18545735380450878,0.12397677533065432,-0.3094341291351631,0.018925619166327325,10.854432106018066,1.3503594400302688,-0.0016920054657964187,0.03220352075241825
2022-11-29,11.445469856262207,11.464233351346175,11.342273317378455,11.42670725587093,1546400,61.16922870496613,-0.10894119964612337,0.16039434359123178,-0.26933554323735515,0.02027340056492566,11.070207595825195,0.24468770122343853,0.001641995368494001,0.015573779462402248
2022-11-30,11.989598274230957,11.989598274230957,11.614337332428994,11.623719079647207,1618300,68.32469715052567,-0.004344895101207058,0.21199251850891848,-0.21633741361012554,0.022320476964325278,11.445469856262207,0.04649508535954472,0.03147694744484951,-0.02112663045734605
2022-12-01,11.623720169067383,11.773824559856534,11.548667973672806,11.736298462159246,1223600,60.28089398526729,0.04846643363291214,0.21184307779443015,-0.163376644161518,0.023629755362546592,11.989598274230957,-0.2438979175678181,-0.009592316815633425,0.029862774723885436
2022-12-02,12.045888900756836,12.111559347557375,11.942691461850007,11.970836705929726,1142200,65.34989726086536,0.12296778450087764,0.22907554292991653,-0.10610775842903888,0.024447501767248258,11.623720169067383,-0.06652500817260543,0.0062695863848792974,0.01869150517328997
2022-12-05,12.233518600463867,12.317952537883304,12.16784815788994,12.271044695462209,1811200,67.34460057928881,0.1949040578412884,0.24080945301626183,-0.045905395174973426,0.02443314447936855,12.045888900756836,0.5857117842759587,-0.003058101076937515,-0.02530682277538369
2022-12-06,11.736296653747559,11.952071458585667,11.698770561832555,11.923927113322568,1242600,57.841849672043125,0.20937882829482568,0.2042273787758393,0.005151449518986398,0.025699616310059063,12.233518600463867,-0.3139355123674912,-0.015735626173475233,0.0007994330731099221
2022-12-07,11.914546012878418,11.923927760039156,11.745679037448394,11.745679037448394,764700,60.01982818549756,0.2325526989991218,0.1819209995841083,0.050631699415013484,0.025638842770907624,11.736296653747559,-0.3845968131337518,0.01437694448244591,0.007874055136192288
2022-12-08,12.027124404907227,12.045887899400592,11.91454612202502,12.008361805106523,640700,61.37698479319529,0.2570393047669004,0.16512608428150954,0.09191322048539087,0.024797055052777718,11.914546012878418,-0.16215509350071922,0.001562461233698438,0.009360251926018788
2022-12-09,12.055268287658691,12.167846557849964,12.027123049091452,12.139701319282727,763100,61.72676412694173,0.27553984061907677,0.14690129610694871,0.12863854451212806,0.024662277058888297,12.027124404907227,0.19104104885281714,-0.006955116061210006,-0.019455201586007265
2022-12-12,11.792585372924805,11.83011146493098,11.736296682261846,11.820730612948891,861700,56.57664083057404,0.26593974484791794,0.10984096026863188,0.15609878457928605,0.02528723115207825,12.055268287658691,0.12920980212291977,-0.002381006804541747,0.021479809720466037
2022-12-13,11.989598274230957,12.102176556771546,11.923927833088777,12.04588786284758,535400,59.318165556734364,0.27110377880835124,0.09200399538325216,0.17909978342509908,0.024357093417265722,11.792585372924805,-0.37867007079029824,-0.004672929821157818,0.007824750915561328
2022-12-14,11.895783424377441,12.120939988289862,11.783205142421231,12.083413894304458,756600,57.45787859491474,0.2645763669222738,0.06838126679773979,0.19619510012453403,0.024480364135938893,11.989598274230957,0.41314904744116543,-0.015527935363983255,-0.002365953627770456
2022-12-15,11.83011245727539,11.961454237660638,11.783205509352436,11.867638552429364,1598500,56.130849774210816,0.25120847286182446,0.04401069818983233,0.20719777467199213,0.023906620861131864,11.895783424377441,1.112741210679355,-0.003162052415751366,-0.007930254582671895
2022-12-16,11.736296653747559,11.820730584229464,11.708151413791853,11.736296653747559,468000,54.204850184863126,0.2303883952069814,0.018552496427991394,0.21183589877899,0.0238737888742526,11.83011245727539,-0.7072255239286831,0.0,-0.006371527538684572
2022-12-19,11.500604629516602,11.699380554351066,11.453277759124454,11.661518516416034,496000,49.60024923340231,0.1926492168184435,-0.015349345568437228,0.20799856238688072,0.02433775201252362,11.736296653747559,0.05982905982905984,-0.013798707833196235,-0.009876414203123986
2022-12-20,11.339692115783691,11.42488193712902,11.292365239660553,11.38701989460913,547000,46.684462031449115,0.14804972591062793,-0.04795906918100226,0.1960087950916302,0.024140692585752254,11.500604629516602,0.10282258064516125,-0.0041562919239163665,0.0016694534861898147
2022-12-21,11.415416717529297,11.462743592052144,11.226105608628837,11.358623204318706,927800,48.22690100449689,0.11746063743651192,-0.06283852612409463,0.18029916356060655,0.02410378916718139,11.339692115783691,0.6961608775137111,0.005000034968058237,-0.00248761178533618
2022-12-22,11.311295509338379,11.424881633883182,11.226105690254208,11.387019592368247,720300,46.24577044223321,0.08385027928986233,-0.0771591074165954,0.16100938670645773,0.024249346545303065,11.415416717529297,-0.22364733778831647,-0.006650035368396122,0.0016737164814960462
2022-12-23,11.491141319274902,11.500606152985812,11.320761674646212,11.33022741105943,641700,50.061724126211686,0.07090849316659842,-0.07208071483188747,0.14298920799848588,0.022907583801339726,11.311295509338379,-0.10912119950020827,0.01420217815384743,-0.014827023205829336
2022-12-27,11.282899856567383,11.358623943977715,11.216641505758925,11.320761900272549,755600,45.990627991056776,0.04334898857294078,-0.0797121755404361,0.12306116411337688,0.023018557813757203,11.491141319274902,0.1774972728689419,-0.0033444784051376154,0.0036082074304106823
2022-12-28,11.219464302062988,11.39935404391066,11.134253039055855,11.323610899666429,942600,44.79556501364344,0.016202392437124402,-0.08548701734100199,0.10168940977812639,0.021723986191662735,11.282899856567383,0.24748544203282163,-0.009197295679464625,0.0025315192024113658
2022-12-29,11.25733470916748,11.266801924021124,11.153187219412725,11.24786659138443,444400,45.702658267975345,-0.0022299497513991184,-0.08313548762362041,0.0809055378722213,0.018570079165164132,11.219464302062988,-0.5285380861447062,0.0008417700997896997,-0.0033640615562507436
2022-12-30,11.209996223449707,11.266803130371587,11.15318841359832,11.219464342246523,571300,44.71361158906723,-0.02042212041503433,-0.0810621266298045,0.06064000621477017,0.017412693136999564,11.25733470916748,0.2855535553555355,-0.0008439011442965314,0.02280396453364755
2023-01-03,11.654987335205078,11.654987335205078,11.465628579751577,11.465628579751577,1271800,54.64898130844688,0.0010553516029450094,-0.04766772368946013,0.04872307529240514,0.017812133572244593,11.209996223449707,1.2261508839488884,0.016515340099879965,0.0008123343561765648
2023-01-04,11.730731010437012,11.7875379173165,11.60764817495878,11.664455081838268,1443000,56.09527597607199,0.02391263452324921,-0.01984835261532475,0.04376098713857396,0.01746648269567675,11.654987335205078,0.13461236043403058,0.00568187096043058,-5.6696509171336654e-08
2023-01-05,11.673922538757324,11.740197560669,11.636050968675015,11.730730345345513,808400,54.686628560121484,0.03701652357726637,-0.005395570849046072,0.04241209442631244,0.014944813900679872,11.730731010437012,-0.4397782397782398,-0.004842648745287136,0.0016221359442417684
2023-01-06,11.76860237121582,11.787537705525597,11.579243610541122,11.692859228117737,920600,56.64090192157231,0.054414069743600635,0.009601580253830552,0.04481248948977008,0.01464298621759922,11.673922538757324,0.1387926768926273,0.00647772641578928,0.005631454996103825
2023-01-09,11.711793899536133,11.844344843920098,11.692858566298101,11.834876725836363,1037100,55.10525194757031,0.06289279256336222,0.014464242458873712,0.04842855010448851,0.01447875355419253,11.76860237121582,0.12654790354116874,-0.010400009155273391,0.001616897476655269
2023-01-10,11.787537574768066,11.787537574768066,11.69285909841046,11.7307306695394,615700,56.78749771364953,0.0748611700895001,0.021146095988009275,0.05371507410149083,0.01456147227093874,11.711793899536133,-0.40632533024780637,0.004842571773996542,0.005622551591021383
2023-01-11,11.939023971557617,11.94849209016126,11.815941138498737,11.853813612913303,781300,60.01456262434577,0.09546937023034907,0.033403436903086586,0.062065933327262485,0.014011057848552846,11.787537574768066,0.26896215689459146,0.007188434155189333,0.0023791543589081424
2023-01-12,11.86328125,11.97689596849111,11.692859623728095,11.967428752480657,802100,57.69457731354044,0.10448527152436249,0.033935470557679995,0.0705498009666825,0.013566941632937823,11.939023971557617,0.0266222961730449,-0.008702579696500736,-0.0007980894336942512
2023-01-13,11.825408935546875,11.863280506002154,11.768602031328687,11.853813290585432,480700,56.51810474940421,0.10733714321971632,0.029429873802427065,0.07790726941728926,0.013473505838380877,11.86328125,-0.4006981673108091,-0.002396220890463684,0.022417939621591547
2023-01-17,12.109445571899414,12.118913689781534,12.052637767536115,12.090510239064594,948200,62.6667544632866,0.13100649353656557,0.042479379295421046,0.08852711424114452,0.014444935150312109,11.825408935546875,0.9725400457665905,0.0015661318224304355,0.008600557067716353
2023-01-18,12.033703804016113,12.279869479385896,11.995832231107649,12.21359354959894,1427500,60.22125891290738,0.14201582647746314,0.04279096978905489,0.09922485668840825,0.014393562549037968,12.109445571899414,0.5054840750896434,-0.01472865007766153,2.0045072817963745e-09
2023-01-19,12.204126358032227,12.270401385022508,12.03370382813776,12.03370382813776,807500,63.657768643047675,0.1626179198258626,0.05071445050996348,0.11190346931589912,0.013731490612288925,12.033703804016113,-0.4343257443082311,0.014162101072819873,0.006982031681206406
2023-01-20,12.336675643920898,12.384015332936343,12.204125598193013,12.289335954905454,1017600,66.11006148507212,0.18747969759335525,0.06046098262196489,0.12701871497139036,0.013222091697481068,12.204126358032227,0.260185758513932,0.0038520949536372993,0.006139708716881366
2023-01-23,12.431355476379395,12.469227048390252,12.317740760346826,12.412419238909218,1289900,67.78237989107103,0.21237458478573323,0.06828469585147429,0.14408988893425895,0.013233383448132956,12.336675643920898,0.2675904088050314,0.0015255879700564322,-0.0022849066356239217
2023-01-24,12.270400047302246,12.421886322724712,12.23252847844663,12.402950989761615,791500,62.16626721476652,0.21661915351679006,0.05802341166602487,0.1585957418507652,0.013464105529342395,12.431355476379395,-0.3863865415923715,-0.010687048797402126,0.0015432470106520437
2023-01-25,12.09997844696045,12.365080351837962,12.043171540864906,12.28933630549475,1138000,56.80001430671618,0.2038811904894473,0.03622835891094567,0.16765283157850164,0.013742186611240893,12.270400047302246,0.43777637397346814,-0.015408306341949155,0.013301978355242702
2023-01-26,12.241996765136719,12.421886493948143,12.128382057003803,12.26093209836082,941600,59.90600458328598,0.20290696916311823,0.02820331006769325,0.17470365909542498,0.01296397672553976,12.09997844696045,-0.1725834797891037,-0.001544363272889592,0.003866963901987574
2023-01-27,12.308272361755371,12.384015504054892,12.24199733797566,12.289336124715751,929800,61.30421991236616,0.20511830239368578,0.024331714638608642,0.18078658775507714,0.012758643810940065,12.241996765136719,-0.012531860662701733,0.0015408673704950019,-0.00999993862446463
2023-01-30,11.976896286010742,12.298805115067774,11.967429069749302,12.185190393564623,842400,51.612482115179596,0.1780787391685621,-0.002166278869212057,0.18024501803777415,0.01459333518462669,12.308272361755371,-0.09399870939987098,-0.017094037994177545,0.006324082245156956
2023-01-31,12.204126358032227,12.241997931016606,12.03370382813776,12.052639163165189,466000,56.67095828743307,0.17299112427687646,-0.005803115008718163,0.17879423928559462,0.014891294107420473,11.976896286010742,-0.4468186134852802,0.012568798652000375,-0.018619213568219866
2023-02-01,12.014766693115234,12.04317104792989,11.84434507887458,11.976895122958483,1574800,51.81015947077152,0.15192807809454933,-0.02149292895283625,0.17342100704738558,0.012992940965431484,12.204126358032227,2.3793991416309015,0.0031620524157513247,-0.0015760182060533257
2023-02-02,11.872748374938965,12.005299320212691,11.617115505468243,11.995831202065402,2698500,48.45345279301715,0.12236522076847045,-0.0408446290231321,0.16320984979160255,0.013272247224127561,12.014766693115234,0.7135509271018543,-0.010260466744917587,-0.004784682297321959
2023-02-03,11.61711597442627,11.863280735686843,11.50350035793126,11.815941045968836,1686100,43.04716418111681,0.07741663426675771,-0.06863457241987589,0.1460512066866336,0.0141346720835011,11.872748374938965,-0.37517139151380396,-0.016826850334565487,0.010594916419996835
2023-02-06,11.702326774597168,11.768602703878528,11.645519867132592,11.740198347216726,1173400,45.24046245423927,0.04811570714353053,-0.07834839963448245,0.12646410677801298,0.014111869760721922,11.61711597442627,-0.30407449142992704,-0.0032258034744818663,-0.01456309196965506
2023-02-07,11.61711597442627,11.61711597442627,11.427757215554239,11.531904713519753,1152100,43.43891384757672,0.017813370413481522,-0.08692058909162517,0.1047339595051067,0.014164912316166338,11.702326774597168,-0.01815237770581213,0.00738917490417842,8.050108455253299e-08
2023-02-08,11.446694374084473,11.636052245270534,11.446694374084473,11.617116909616705,1284600,40.00748586950992,-0.019725663466825694,-0.09956769837754592,0.07984203491072023,0.014418871064246108,11.61711597442627,0.1150073778317855,-0.014669950974768585,0.0049627107252934516
2023-02-09,11.32361125946045,11.512969126087642,11.266803448007526,11.503501007023898,1317900,37.69169106668136,-0.05873038959984278,-0.11085793960845042,0.05212755000860764,0.014157455012307977,11.446694374084473,0.025922466137318967,-0.01563782603692651,-0.0008362201837056741
2023-02-10,11.314142227172852,11.333078463771892,11.266802538604706,11.314142227172852,434600,37.51179632078777,-0.08937572017600459,-0.11320261614768978,0.023826895971685195,0.014133261857872479,11.32361125946045,-0.6702329463540482,0.0,-0.010878714441889356
2023-02-13,11.228930473327637,11.361481414889269,11.153187336129395,11.191058904728516,1013300,35.853423842703755,-0.1191645866586466,-0.11439318610426544,-0.004771400554381161,0.014181355953735491,11.314142227172852,1.3315692590888175,0.0033840916147013515,-0.00252938857878546
2023-02-14,11.200528144836426,11.257335954891618,11.058509974092708,11.200528144836426,659400,35.29334880902152,-0.14341115399153992,-0.110911802749727,-0.03249935124181291,0.01273864348931083,11.228930473327637,-0.34925490970097706,0.0,0.004226458220838737
2023-02-15,11.228930473327637,11.314141728408012,11.172123571893664,11.247866709091905,1074300,36.36389122068762,-0.15850772436996152,-0.10080669850251889,-0.057701025867442635,0.012801578375993791,11.200528144836426,0.6292083712465879,-0.001683540199579537,0.004215974344444859
2023-02-16,11.361482620239258,11.41829043062944,11.219464448658073,11.276271356118741,1614100,41.24914000345683,-0.15795520540432229,-0.08020334362950371,-0.07775186177481858,0.012641429805270357,11.228930473327637,0.5024667225169879,0.007556687971532301,-0.0050000631128662215
2023-02-17,11.247867584228516,11.314142608701129,11.219464131301608,11.304674490082329,330400,38.51954657757958,-0.1647855685699433,-0.06962696543609978,-0.09515860313384353,0.012249130865875089,11.361482620239258,-0.7953038845176879,-0.00502508107629727,0.020202007054580712
2023-02-21,11.408822059631348,11.512968656294158,11.36148236917389,11.47509708451409,1147200,44.15724488803427,-0.15541942123372188,-0.04820865447990266,-0.10721076675381921,0.012679589489949156,11.247867584228516,2.4721549636803872,-0.005775552432770426,-0.012448214684382333
2023-02-22,11.134252548217773,11.26680259333714,11.086912859419659,11.26680259333714,1155500,37.790952942045756,-0.1682130910832491,-0.048801859463543915,-0.1194112316197052,0.013311072763574404,11.408822059631348,0.007235006973500768,-0.011764654969436709,0.003401383424538755
2023-02-23,11.077445030212402,11.17212441027991,10.907023410192172,11.17212441027991,1730900,36.61475897096322,-0.18085131714717306,-0.04915206842197428,-0.13169924872519878,0.013137858793885786,11.134252548217773,0.4979662483773257,-0.008474608462146127,-0.01538454393894468
2023-02-24,10.86915111541748,10.907023590413855,10.774472636715045,10.907023590413855,1181400,32.607363182879475,-0.20530811633021706,-0.0588870940840146,-0.14642102224620246,0.012946466908606218,11.077445030212402,-0.3174649026517996,-0.0034723015571049825,-0.01045301159612924
2023-02-27,10.641921043395996,10.793407322558588,10.5661779038147,10.75553575276794,1586600,28.892331256594755,-0.2402563480299822,-0.07506826062702376,-0.16518808740295843,0.013078310637108348,10.86915111541748,0.34298290164211953,-0.010563370526912676,0.005338108270531582
2023-02-28,10.660857200622559,10.698728770132092,10.61351751300328,10.698728770132092,919700,29.612038683697413,-0.2633889005170804,-0.07856065049129757,-0.18482825002578285,0.012350723840257935,10.641921043395996,-0.4203327870918946,-0.003539819573261895,0.014209595934868317
2023-03-01,10.973298072814941,11.001701524727256,10.812343673762737,10.812343673762737,1586100,40.34138753844077,-0.253587054108241,-0.055007043265966504,-0.1985800108422745,0.01359245460662132,10.660857200622559,0.7245841035120149,0.01488617120474789,-0.005176818941719395
2023-03-02,10.954362869262695,10.96383098843614,10.859684386316875,10.91649129549846,476500,39.94400080771007,-0.2445281644233379,-0.03675852286485071,-0.2077696415584872,0.013390614638371719,10.973298072814941,-0.6995775802282328,0.0034692075264010883,-0.008642993122994179
2023-03-03,10.954362869262695,10.992234443026932,10.75553688126807,10.859684386316875,1017400,39.94400080771007,-0.23464409798162578,-0.02149956513851084,-0.21314453284311494,0.013312265866183767,10.954362869262695,1.1351521511017837,0.008718345725140454,0.0025929271856247387
2023-03-06,10.86915111541748,10.992233950367197,10.831279543350606,10.982766734547605,1372700,37.99083008703352,-0.23102368329293022,-0.014303320359852212,-0.216720362933078,0.012696375383835603,10.954362869262695,0.3492235109101631,-0.010344899593718293,0.012195137444905546
2023-03-07,10.907023429870605,11.020638144398905,10.907023429870605,11.001701907179445,1056000,39.40892189842539,-0.22253327424093605,-0.004650329046286428,-0.21788294519464962,0.012555906058431909,10.86915111541748,-0.23071319297734394,-0.008605802821021238,0.012152703304084163
2023-03-08,11.115316390991211,11.134252627817618,11.030105131131313,11.039573249544517,783600,46.637047826833,-0.19672928991717598,0.01692292422197894,-0.21365221413915492,0.013482227744698677,10.907023429870605,-0.25795454545454544,0.006861057011403831,0.0025554748618430477
2023-03-09,11.020638465881348,11.191060091180413,10.992234109223576,11.143721302609821,1452900,44.06393332350204,-0.1818232188470148,0.0254631962337121,-0.2072864150807269,0.013248969677995371,11.115316390991211,0.854134762633997,-0.011045039030153036,0.014604805053888432
2023-03-10,11.039573669433594,11.238399649025858,11.011170216043128,11.181592742244929,835600,44.72082766838761,-0.1665621130944661,0.032579441589008634,-0.19914155468347475,0.013098628931915683,11.020638465881348,-0.424874389152729,-0.012701148761640723,-0.0008576680310210543
2023-03-13,11.067976951599121,11.124784760430723,10.973298474119106,11.030105380021219,1094100,45.74999644809338,-0.15044147367861527,0.038960064803887584,-0.18940153848250285,0.01312560165277926,11.039573669433594,0.30935854475825764,0.0034334732328576787,-0.00342168660928672
2023-03-14,10.992234230041504,11.039573922061932,10.954362657011067,11.03010580307194,1072100,43.42804866851824,-0.14213906475992566,0.037809978978061765,-0.17994904373798742,0.013108521249601235,11.067976951599121,-0.02010785120190106,-0.003433473232857748,0.010335869010598069
2023-03-15,11.067976951599121,11.172124450635474,10.992233808443315,11.105848523177025,1213600,46.35985968361365,-0.12797235559954778,0.041581350510751736,-0.16955370611029952,0.013218809389960303,10.992234230041504,0.13198395672045526,-0.003410056557035614,-0.003421803217954109
2023-03-16,11.228930473327637,11.228930473327637,11.001701061732911,11.030104512449897,1217400,52.0470106883211,-0.10257511044313716,0.053582876533729895,-0.15615798697686706,0.013630731504608548,11.067976951599121,0.003131179960448316,0.01802575493761828,-0.012647414719640033
2023-03-17,11.011170387268066,11.219464488872651,11.001702268347513,11.086913532773458,1538200,45.08271230218628,-0.09887921172485115,0.045823020201612746,-0.1447022319264639,0.013999453272142566,11.228930473327637,0.2635124034828322,-0.0068317611823607545,-0.010318150714902686
2023-03-20,10.86915111541748,10.91649080623345,10.81234420878192,10.897555471664761,575400,41.20981541751021,-0.10618590864048727,0.03081305862878131,-0.13699896726926858,0.014106943968551876,11.011170387268066,-0.6259264074892732,-0.0026064887966054536,0.01045299212270006
2023-03-21,11.134252548217773,11.153187881979342,10.982766266407376,10.982766266407376,808200,49.867380618871394,-0.08955274026108384,0.037956981606547785,-0.12750972186763163,0.014865605173064976,10.86915111541748,0.40458811261730965,0.01379308984055716,0.003401360817881819
2023-03-22,11.124784469604492,11.238399181368067,11.077444780637304,11.172124158571682,694900,49.58652116215784,-0.07625579990721754,0.04100313756833128,-0.11725893747554882,0.013850667541284698,11.134252548217773,-0.1401880722593417,-0.004237304231073118,0.0034042332129923048
2023-03-23,11.1626558303833,11.304673991686082,11.143720496910007,11.1626558303833,977800,50.78062562730771,-0.06194787996775908,0.0442488460062318,-0.10619672597399088,0.013814748962366672,11.124784469604492,0.40710893653763125,0.0,-0.001696244420706961
2023-03-24,11.200528144836426,11.20999626366721,11.0111702828683,11.143721237710741,697500,52.00492588565328,-0.04701085914750536,0.04734869346118842,-0.09435955260869378,0.013055318686832471,11.1626558303833,-0.2866639394559215,0.005097660459546328,0.005071855424270419
2023-03-27,11.437225341796875,11.45616157886864,11.257335604262508,11.257335604262508,1069500,58.88791803664479,-0.01589050109322443,0.06277524121237547,-0.0786657423055999,0.01262084879318944,11.200528144836426,0.5333333333333334,0.015979779217584415,-0.0016555084027879878
2023-03-28,11.446694374084473,11.446694374084473,11.370951225610048,11.41829091913895,443900,59.14036621624577,0.009427998545955774,0.07047499268124455,-0.061046994135288773,0.012630200920177501,11.437225341796875,-0.5849462365591398,0.002487539960810877,0.0049626214171793765
2023-03-29,11.503499984741211,11.560307791145789,11.41828962952852,11.503499984741211,376200,60.69945782256732,0.03368849001313379,0.07578838731873805,-0.04209989730560426,0.011107399114140463,11.446694374084473,-0.15251182698806043,0.0,0.00082306413134227
2023-03-30,11.503499984741211,11.55083967292345,11.446693081266083,11.512968102963548,475400,60.699457822567325,0.05231208315678515,0.07552958436991153,-0.02321750121312638,0.011080167496124482,11.503499984741211,0.26368952684742153,-0.0008223872538915189,0.0041152318183812825
2023-03-31,11.531904220581055,11.56977579015072,11.503499866206724,11.550839553901167,384400,61.55026617571201,0.06857293325761837,0.07343234757659581,-0.004859414318977427,0.01106451154216856,11.503499984741211,-0.1914177534707615,-0.0016393036395104877,0.009852245268751683
2023-04-03,11.797005653381348,11.797005653381348,11.636051250895392,11.645519369377972,456800,68.4215470522459,0.10167915024652707,0.0852308516524036,0.016448298594123473,0.01166376990782092,11.531904220581055,0.1883454734651404,0.013008117474065661,-0.0016051553216966145
2023-04-04,11.759134292602539,11.797005864280425,11.721262720924653,11.778069626976738,366800,66.59074349981641,0.123437255571762,0.08559116558211081,0.03784608998965118,0.011779922928549215,11.797005653381348,-0.19702276707530653,-0.0016076772318299587,-0.0008051568491302817
2023-04-05,11.730731010437012,11.825409489545995,11.711794772857512,11.749666345087007,430000,65.18204154630094,0.1368117229265131,0.07917250634948955,0.05763921657702357,0.011284620733675671,11.759134292602539,0.1723009814612868,-0.0016115636047753167,-0.0056497266928235024
2023-04-06,11.636052131652832,11.664455586321013,11.541372745519501,11.664455586321013,1042100,60.58144506622446,0.13817845519116823,0.06443139089131572,0.0737470642998525,0.011261542737852518,11.730731010437012,1.4234883720930234,-0.002435043320966493,-0.0016273841926767155
2023-04-10,11.645519256591797,11.7307305162508,11.541371760151032,11.617115804348618,338200,60.87878157798043,0.13842978581882015,0.05174617721517412,0.08668360860364603,0.011267848653940156,11.636052131652832,-0.6754630073889263,0.0024449659211063937,0.007317171464564165
2023-04-11,11.636052131652832,11.730731517786163,11.588712438586166,11.730731517786163,789400,60.38823016838373,0.1362939376166512,0.039688263210404126,0.09660567440624708,0.011295817749280722,11.645519256591797,1.334121821407451,-0.00807105558504836,-1.6055985737203888e-07
2023-04-12,11.626582145690918,11.702325281264457,11.607646813262233,11.636050263369961,347100,59.86855346176618,0.13231190453118735,0.028564984099952215,0.10374692043123514,0.011110409095256185,11.636052131652832,-0.560298961236382,-0.0008136882760681142,-0.004885850434620104
2023-04-13,11.588711738586426,11.588711738586426,11.52243671405407,11.569776404261248,268600,57.72906098078493,0.12466324893132175,0.01673306280006928,0.10793018613125246,0.011148663392807444,11.626582145690918,-0.22615960818208014,0.0016366205934804485,-0.008169897624469123
2023-04-14,11.437225341796875,11.503500365689092,11.370950317904658,11.494033150082691,734700,50.02749405136901,0.10516566375811642,-0.002211617898508836,0.10737728165662526,0.011269839922195943,11.588711738586426,1.7352941176470589,-0.004942373799000868,-0.002483436453961816
2023-04-17,11.465628623962402,11.465628623962402,11.40882171945088,11.40882171945088,222800,51.338338354993944,0.0909570977266938,-0.013136147143945176,0.10409324487063898,0.010199288276398962,11.437225341796875,-0.6967469715530148,0.004979208713084857,0.00660609756592306
2023-04-18,11.484564781188965,11.55083980363642,11.46562854453,11.541371685306938,802000,52.237860300776035,0.08029905884576927,-0.019035348819895784,0.09933440766566505,0.009575044011334966,11.465628623962402,2.599640933572711,-0.004922023626558435,-0.009068320154907092
2023-04-19,11.32361125946045,11.427757860373022,11.314143140396707,11.380419070913373,716100,44.67802831046341,0.05819405731860172,-0.03291228027765067,0.09110633759625239,0.008840250808219423,11.484564781188965,-0.10710723192019955,-0.004991715252219115,-0.0033445737708639204
2023-04-20,11.342545509338379,11.370949863811713,11.27627048809282,11.285738606250598,553400,45.67404459935132,0.0417225682796758,-0.03950701545326128,0.08122958373293708,0.008832248317530303,11.32361125946045,-0.22720290462225945,0.005033512211271489,-0.006677669295745137
2023-04-21,11.266803741455078,11.266803741455078,11.219464950762474,11.266803741455078,859000,42.38652310285026,0.022300006286638308,-0.04714366195703902,0.06944366824367733,0.008974759726850341,11.342545509338379,0.5522226237802674,0.0,-0.0016807812399798774
2023-04-24,11.228930473327637,11.247866709091905,11.191058904728516,11.247866709091905,694300,40.80493339174803,0.003807538819970091,-0.05250890353896579,0.05631644235893588,0.00898734563785136,11.266803741455078,-0.19173457508731084,-0.001683540199579537,-0.00505888700605784
2023-04-25,11.049041748046875,11.181592701603103,11.039573629307966,11.172124582864193,1074200,34.2650089311997,-0.02507435011585457,-0.06511263397983236,0.04003828386397779,0.00823329117898634,11.228930473327637,0.5471698113207548,-0.011016958672847429,0.007712038075774475
2023-04-26,11.1626558303833,11.191059282057967,11.134252378708634,11.134252378708634,341100,40.72651055556792,-0.03835363145906889,-0.06271353225843734,0.024359900799368457,0.00864670727599353,11.049041748046875,-0.6824613665983987,0.0025509976519825198,0.0008482062117153164
2023-04-27,11.314142227172852,11.333078463771892,11.172124064397872,11.172124064397872,821400,48.05784404880156,-0.03623616346317249,-0.04847685141003276,0.01224068794686027,0.009169131326410288,11.1626558303833,1.4080914687774846,0.012711831873363073,0.005857786747332287
2023-04-28,11.503499984741211,11.503499984741211,11.333078371386378,11.380418059568617,512600,55.47182587774138,-0.019058768692124417,-0.02503956531118775,0.005980796619063334,0.009973443950519198,11.314142227172852,-0.3759435110786462,0.010815237588667209,0.0016461764033081237
2023-05-01,11.408822059631348,11.531904893648937,11.399353940953958,11.522436774971547,613500,51.51272656296635,-0.012936156915113628,-0.01513356282734157,0.0021974059122279416,0.01012253230173168,11.503499984741211,0.19683964104564966,-0.009860302777880088,-0.004149433100359895
2023-05-02,11.314142227172852,11.446693174577767,11.285738775203747,11.361481915740997,517100,47.83591436865289,-0.015544625412262647,-0.014193625059592471,-0.001351000352670176,0.008607741756204067,11.408822059631348,-0.1571312143439283,-0.004166682561238591,-0.003347346420198171
2023-05-03,11.285737991333008,11.333077676613094,11.257334541336716,11.276269873691112,465800,46.75766299828982,-0.019677015550675137,-0.01466081215840397,-0.005016203392271168,0.008604208611429116,11.314142227172852,-0.09920711661187387,0.0008396497909283378,-0.002516741234586513
2023-05-04,11.25733470916748,11.285738159587229,11.200526905398577,11.25733470916748,755200,45.64957866631679,-0.02495619254923831,-0.015951991325573713,-0.009004201223664597,0.008604485189834038,11.285737991333008,0.6212966938600257,0.0,-0.004205114320485959
2023-05-05,11.361482620239258,11.361482620239258,11.20052821088484,11.209996329771457,196200,50.30049766980329,-0.020499803359490087,-0.009196481708660392,-0.011303321650829696,0.008832407384040692,11.25733470916748,-0.7402012711864407,0.013513500451867638,0.0033332929873170275
2023-05-08,11.437225341796875,11.503500365689092,11.399353770582826,11.399353770582826,230800,53.42218901970818,-0.01073255992862876,0.00045660937776074995,-0.01118916930638951,0.008996551010671183,11.361482620239258,0.17635066258919463,0.0033222559783854383,1.494568339537512e-08
2023-05-09,11.408822059631348,11.47509708451409,11.399353940953958,11.437225512734024,546800,52.100610298992684,-0.0052236417446778205,0.0047724220493693525,-0.009996063794047173,0.009003807632954455,11.437225341796875,1.3691507798960139,-0.0024834216192600447,0.007468962713228409
2023-05-10,11.607648849487305,11.626584185237645,11.494034126196592,11.494034126196592,810500,59.62943581498208,0.015012817467663808,0.020007105009368788,-0.004994287541704978,0.009897557784916118,11.408822059631348,0.4822604242867594,0.009884669041635097,0.001631226118133744
2023-05-11,11.72126293182373,11.730731050645934,11.607648214745815,11.626583549460713,1098500,63.18989682850502,0.03975973860425519,0.03580322091676814,0.003956517687487056,0.01010176909278564,11.607648849487305,0.35533621221468237,0.008143353716957428,0.004846432952838911
2023-05-12,11.825408935546875,11.901152076457434,11.74019767629013,11.77806924674541,480900,66.13804041247283,0.06700319291306833,0.05043734018046502,0.01656585273260331,0.009721735392598806,11.72126293182373,-0.5622212107419208,0.004019308072462383,0.001601328750990318
2023-05-15,11.806473731994629,11.844345302867584,11.759134042671066,11.844345302867584,370700,65.11689559908893,0.08607370990397634,0.05560628573709842,0.030467424166877914,0.009747615383289174,11.825408935546875,-0.22915367020170518,-0.003197438938544471,-0.0024058187469532476
2023-05-16,11.778069496154785,11.806473851794825,11.749666043444227,11.778069496154785,215500,63.53226454188121,0.09776823619847264,0.05384064962527577,0.04392758657319686,0.009786676124994995,11.806473731994629,-0.4186673860264365,0.0,-0.008038573623214714
2023-05-17,11.683390617370605,11.740197520836606,11.664454380928971,11.683390617370605,867100,58.428248582272985,0.09826371534444078,0.04346890301699513,0.05479481232744565,0.009376867175365159,11.778069496154785,3.0236658932714615,0.0,-2.8886647210166214e-08
2023-05-18,11.74019718170166,11.75913341759629,11.683390279876622,11.683390279876622,265000,60.47973046984235,0.102063674618039,0.03781508983247467,0.06424858478556433,0.009405125784175766,11.683390617370605,-0.6943835774420481,0.004862193290151526,1.4408296116641763e-08
2023-05-19,11.711793899536133,11.759133587025365,11.711793899536133,11.740197350857898,299600,58.91426140366939,0.10161194299733545,0.02989068656941689,0.07172125642791856,0.009250842107069503,11.74019718170166,0.13056603773584907,-0.002419333378555963,0.005658869806672346
2023-05-22,11.797005653381348,11.815940987417031,11.740197845415343,11.778069416416187,357000,62.08500622356238,0.10689757017677337,0.028141050999083844,0.07875651917768953,0.009233393950595768,11.711793899536133,0.19158878504672905,0.0016077538937550545,-0.009630836785958222
2023-05-23,11.683390617370605,11.721262187324422,11.67392249914979,11.683390617370605,268400,55.89149525555736,0.10075721742844834,0.01760055860060704,0.0831566588278413,0.008650633123948233,11.797005653381348,-0.24817927170868348,0.0,-0.004051921831636787
2023-05-24,11.59817886352539,11.721261686346985,11.59817886352539,11.636050431860541,207000,51.723861923760595,0.08800065052483141,0.003875193357592094,0.08412545716723932,0.008745974500784648,11.683390617370605,-0.22876304023845007,-0.003254675506686939,0.0016327332403840813
2023-05-25,11.683390617370605,11.683390617370605,11.617115595683789,11.617115595683789,309000,55.312384167733505,0.08380085168458073,-0.0002596843861268766,0.08406053607070761,0.008415268890262078,11.59817886352539,0.49275362318840576,0.005704946390603243,-0.005672566739611661
2023-05-26,11.645519256591797,11.673922708834976,11.607647685957737,11.617115804348618,719800,53.412098669936185,0.07653433832385836,-0.006020958197479401,0.08255529652133776,0.007682901591047798,11.683390617370605,1.3294498381877022,0.0024449659211063937,0.008130051242855374
2023-05-30,11.778069496154785,11.825409185958703,11.72126259073367,11.740197924897547,724600,58.75331116034387,0.08054282316793326,-0.0016099786827236118,0.08215280185065688,0.007742311226078544,11.645519256591797,0.006668519033064646,0.0032258034744817505,-0.003215423445262132
2023-05-31,11.76860237121582,11.872748967243314,11.626583300709797,11.740198015356922,2147900,58.23973087603985,0.08201029479515931,-0.00011400564439806304,0.08212430043955737,0.0074111332309911475,11.778069496154785,1.9642561413193484,0.00241941028777737,0.008849523895288473
2023-06-01,12.128382682800293,12.147318017001414,11.797005756450595,11.872748899114043,1586400,69.24304108787581,0.1109258567400957,0.023041245040430647,0.08788461169966505,0.00969269523609338,11.76860237121582,-0.26141812933563013,0.021531137048247127,0.006245089942479903
2023-06-02,12.175721168518066,12.232528975574864,12.175721168518066,12.204125523511197,545900,70.3500366511971,0.13609267642099176,0.03856645177706136,0.0975262246439304,0.009583370491243332,12.128382682800293,-0.6558875441250631,-0.0023274387778468215,-0.006998368795411879
2023-06-05,12.147317886352539,12.175721338813473,12.071574744503737,12.090510981430674,205100,68.75113694573393,0.15199356760597027,0.04357387436963189,0.10841969323633838,0.009597554369363501,12.175721168518066,-0.6242901630335227,0.004698470148127964,0.006235422653750994
2023-06-06,12.402952194213867,12.402952194213867,12.223061547483416,12.223061547483416,1068200,74.39223729097893,0.18311189075572187,0.05975375801550678,0.12335813274021509,0.010363585009956478,12.147317886352539,4.208191126279863,0.014717314973145023,0.00992358257969629
2023-06-07,12.440823554992676,12.526033914545174,12.431355436288122,12.526033914545174,303300,75.10911711989293,0.20842667538525284,0.0680548341160302,0.14037184126922264,0.01025148197140481,12.402952194213867,-0.7160644074143419,-0.006802660773060188,-0.0053273136753874545
2023-06-08,12.308272361755371,12.384015504054892,12.29880424323556,12.374547385535081,486700,67.94011936891532,0.21531107897766155,0.059951390166751106,0.15535968881091045,0.01029465966478548,12.440823554992676,0.60468183316848,-0.005355753363325464,0.007692272158668404
2023-06-09,12.450289726257324,12.469225962077788,12.355611255943273,12.40295094256501,317400,71.12062433401063,0.22958017549634135,0.059376389348344716,0.17020378614799664,0.010362762073643493,12.308272361755371,-0.3478528867885762,0.0038167355423341306,0.005323249974539921
2023-06-12,12.611244201660156,12.611244201660156,12.516565730725638,12.516565730725638,575200,74.23973506929903,0.25098304202605703,0.06462340470244832,0.18635963732360872,0.010520343841861528,12.450289726257324,0.812224322621298,0.00756425308438253,0.006006066922109406
2023-06-13,12.639649391174316,12.71539253410102,12.630181272576106,12.686988178306391,431200,74.75787635761598,0.26715740508578456,0.06463821420974067,0.2025191908760439,0.010461475758135497,12.611244201660156,-0.2503477051460362,-0.003731286454023818,-0.008988859250943317
2023-06-14,12.535501480102539,12.563905834962819,12.478694576240896,12.526033361815779,890600,69.25738459961342,0.2684770025532277,0.05276624934174706,0.21571075321148064,0.010712172817580249,12.639649391174316,1.0653988868274582,0.0007558752250830244,3.0411194324452704e-08
2023-06-15,12.469226837158203,12.563906217046199,12.45029060000881,12.53550186132211,654900,65.9328713488922,0.2611644421284183,0.03636295113355009,0.22480149099486818,0.010577392209279878,12.535501480102539,-0.2646530428924321,-0.005286986105310779,1.6940268350225572e-08
2023-06-16,12.431355476379395,12.488162382930929,12.412419238909218,12.469227048390252,321500,64.04109865673416,0.24943791794852643,0.01970914156292658,0.22972877638559985,0.010663622799529473,12.469226837158203,-0.5090853565429836,-0.003037202856591377,-0.00533127264158533
2023-06-20,12.412419319152832,12.431355556745428,12.365080531030351,12.365080531030351,395600,63.066708800699935,0.2358972962288437,0.004934815874595072,0.23096248035424863,0.010641879105848606,12.431355476379395,0.2304821150855365,0.003828425379332027,0.005339467300540631
2023-06-21,12.630181312561035,12.668052884144283,12.478695026228047,12.478695026228047,445800,68.92260652094785,0.2399715858516398,0.007207284397912933,0.23276430145372687,0.011098794741683007,12.412419319152832,0.12689585439838225,0.012139593604506716,0.004497700048429906
2023-06-22,12.829007148742676,12.857410601386976,12.65858462701792,12.68698807966222,1233900,73.11415572642794,0.2562897246435156,0.018820338551831017,0.2374693860916846,0.010971162224145159,12.630181312561035,1.7678331090174968,0.011194072871252946,0.0014759067566650203
2023-06-23,12.819538116455078,12.847941567074809,12.686987175347305,12.847941567074809,543600,72.61186514134508,0.26539854619661796,0.02234332808394668,0.24305521811267128,0.010686831167023503,12.829007148742676,-0.5594456601021153,-0.002210739399104977,0.0007385693434276371
2023-06-26,12.819538116455078,12.885813135544257,12.791134665835346,12.829006234304794,318200,72.61186514134508,0.26951060244253355,0.02116430746388981,0.24834629497864374,0.010730711878750809,12.819538116455078,-0.41464311994113323,-0.0007380242613335105,0.0014771774163001399
2023-06-27,12.904749870300293,12.914217988516162,12.838474848648104,12.838474848648104,434400,74.44420582174773,0.27645847185997674,0.022489741505066385,0.25396873035491035,0.010571934934749339,12.819538116455078,0.365179132620993,0.005162219222571235,1.9347427247495773e-08
2023-06-28,12.857410430908203,12.923685453842642,12.838475097039563,12.904750119974002,315500,71.57911508330277,0.2749750698639044,0.016805071607195243,0.25816999825670917,0.010644095519600919,12.904749870300293,-0.2737108655616943,-0.0036683925396220284,-0.011781983922322251
2023-06-29,12.601778030395508,12.715392746685048,12.563906458298995,12.705924627928544,1632800,58.48861375964752,0.2502869130470078,-0.006306468167761092,0.2565933812147689,0.011918080520581296,12.857410430908203,4.17527733755943,-0.008196695681958846,3.1879156923973947e-09
2023-06-30,12.592309951782227,12.649116858643342,12.58284183299554,12.601778070568914,407000,58.06505328805583,0.22733677920653506,-0.02340528160658706,0.2507420608131221,0.010090393327182865,12.601778030395508,-0.750734933855953,-0.0007513319734458506,3.1927133409076663e-09
2023-07-03,12.582841873168945,12.630181564324019,12.56390653846462,12.592309991985863,227800,57.61571879061171,0.20600988426599898,-0.03578574123769851,0.2417956255036975,0.010096095756877803,12.592309951782227,-0.44029484029484034,-0.0007518968976258551,0.006019563165738924
2023-07-05,12.743796348571777,12.753264467438646,12.620713512091031,12.65858508462899,910700,62.87522157182251,0.1997927608060781,-0.03360229175809554,0.23339505256417364,0.010342022474769137,12.582841873168945,2.997805092186128,0.006731499877206406,-0.014115917902695835
2023-07-06,12.516566276550293,12.620712869998734,12.507098158165126,12.563905965546663,605500,52.89573969180676,0.17451833912145176,-0.04710137075417753,0.2216197098756293,0.010316581743017826,12.743796348571777,-0.33512682551883166,-0.0037679117565976162,0.01285928847498319
2023-07-07,12.73432731628418,12.781667004293379,12.668052294828971,12.6775204130167,289100,59.52564677177138,0.1700988798416514,-0.041216664027182326,0.21131554386883372,0.010980230839697845,12.516566276550293,-0.522543352601156,0.004480915937564064,0.008178518595553423
2023-07-10,12.999428749084473,13.008896867595626,12.82900713053112,12.838475249042274,1194300,65.8308367177617,0.18584558439178522,-0.020375967581638815,0.20622155197342404,0.011434132119524178,12.73432731628418,3.13109650639917,0.01253680806482107,-6.34131315327766e-08
2023-07-11,12.98049259185791,12.999427924749988,12.933152905233584,12.999427924749988,599700,65.0512962398279,0.19455427103388345,-0.009333824751632497,0.20388809578551595,0.011279461807701667,12.999428749084473,-0.49786485807586034,-0.0014566281686923972,0.0065646642962386
2023-07-12,13.084640502929688,13.113044859533582,13.037301714448887,13.06570516812327,283600,67.34186864063878,0.20746826890411185,0.0028641384948767112,0.20460413040923514,0.011084390397278895,12.98049259185791,-0.5270968817742204,0.0014492394067344397,0.010130200399464447
2023-07-13,13.255062103271484,13.264530221476889,13.179318963487145,13.217190533379314,514000,70.72325293242734,0.22881664824390668,0.019370014267737212,0.20944663397616947,0.011360565255326537,13.084640502929688,0.8124118476727786,0.0028653267724731094,0.007857171746086855
2023-07-14,13.30240249633789,13.359209402721936,13.292934377630719,13.359209402721936,490200,71.60282266565557,0.24671143095423886,0.029811837582455508,0.21689959337178336,0.011079634684024293,13.255062103271484,-0.04630350194552524,-0.004252265584853448,0.004270408670887138
2023-07-17,13.3402738571167,13.39708076260173,13.321337620002033,13.359209191301883,322400,72.3192771686992,0.26094111079278903,0.035233213936804536,0.2257078968559845,0.010906141406295583,13.30240249633789,-0.3423092615259078,-0.0014173993321035915,0.003548626535470903
2023-07-18,13.34974193572998,13.397080722516035,13.340273817200979,13.387613506916512,353600,72.5060382567496,0.2698713208030519,0.03533073915765389,0.23454058164539798,0.010820898954190207,13.3402738571167,0.09677419354838701,-0.0028288515475118885,-1.8356374167032097e-08
2023-07-19,13.217190742492676,13.359208906102863,13.188787290356531,13.349741690677122,1123700,65.8115475671575,0.2632185830793041,0.022942401147124925,0.2402761819321792,0.011188419159897801,13.34974193572998,2.1778846153846154,-0.009929102094688056,-0.0014327133422755778
2023-07-20,13.255062103271484,13.273998339682294,13.18878708169255,13.198254296968505,461600,66.75597568669359,0.2580277594196456,0.014201261989973124,0.2438264974296725,0.010667670468449984,13.217190742492676,-0.5892142030791137,0.004304190919857275,0.010714344026004888
2023-07-21,13.567503929138184,13.586440167151995,13.397081398731995,13.397081398731995,1011800,73.30724929045442,0.2759445217563474,0.025694419461339935,0.2502501022950075,0.011304915181096666,13.255062103271484,1.1919410745233967,0.0127208699666719,0.004884770551778965
2023-07-24,13.7284574508667,13.747393687653348,13.605374620541875,13.633778072792383,766200,75.93789173288863,0.29967680142576647,0.03954135930460717,0.2601354421211593,0.011443954383488672,13.567503929138184,-0.24273571852144693,0.0069444711193633515,-0.0068965475010779615
2023-07-25,13.652714729309082,13.728457872925345,13.614843157500951,13.63377849194027,418300,72.32557761378114,0.30881319316301514,0.03894220083348465,0.2698709923295305,0.011598045837139264,13.7284574508667,-0.4540589924301749,0.0013889207148265609,0.0041608614900144406
2023-07-26,13.794733047485352,13.794733047485352,13.690586449615711,13.709521784260417,655300,74.75085690925549,0.3237811927756251,0.04312816035687572,0.2806530324187494,0.01168655221953788,13.652714729309082,0.5665790102797035,0.006215480347590498,0.0034317016634392837
2023-07-27,13.671649932861328,13.842072455831108,13.662182717197052,13.842072455831108,333100,69.09896879506444,0.3219998477981125,0.03307745230349052,0.288922395494622,0.011910825033075893,13.794733047485352,-0.4916831985350222,-0.012311922475018373,0.016620550894503365
2023-07-28,14.021963119506836,14.031430335186041,13.832604359050919,13.898880286382283,505800,74.91290700005135,0.3448799046814912,0.044766007349495374,0.30011389733199584,0.011624003868545087,13.671649932861328,0.5184629240468328,0.008855593442670742,0.012829186486809531
2023-07-31,14.24919319152832,14.287064764742547,14.182917261206276,14.201853499278155,864800,77.82707408577015,0.3770022352820739,0.061510670360062414,0.31549156492201147,0.011767882910887659,14.021963119506836,0.7097667062079873,0.0033333460489908457,-0.009966924532156547
2023-08-01,14.012494087219238,14.126108794326896,13.974622518183352,14.107172558344239,1939500,68.85459364503294,0.3789910018159137,0.05079954951512178,0.32819145230079194,0.012758289387482186,14.24919319152832,1.2427150786308974,-0.006711371164805034,-0.0027027031084691532
2023-08-02,13.842071533203125,14.003025926850906,13.8231362002072,13.974622475892305,1602300,63.20462766898236,0.36263520488454937,0.02755500206700595,0.3350802028175434,0.013216766496809576,14.012494087219238,-0.1738592420726991,-0.009485117964212954,-0.008207938642429309
2023-08-03,13.870474815368652,13.870474815368652,13.71898854152702,13.728456659374476,335400,63.73867860566657,0.3479540280326159,0.01029906017205795,0.33765496786055793,0.012177404358678702,13.842071533203125,-0.7906759033888785,0.010344801277949834,0.016382417796216152
2023-08-04,14.277596473693848,14.391211191967729,14.097706728825916,14.097706728825916,826700,70.3757589395493,0.36496333483231247,0.021846693577403598,0.34311664125490887,0.013067470952527445,13.870474815368652,1.4648181276088255,0.012760213297678206,0.013262495283081715
2023-08-07,14.51429271697998,14.523760835045874,14.419613342179934,14.466953029579956,762100,73.42164332806287,0.39301234008188146,0.039916559061578094,0.35309578102030337,0.012843779211496351,14.277596473693848,-0.07814201040280633,0.0032722638487337734,2.3393100867843103e-08
2023-08-08,14.457486152648926,14.523761174801676,14.410146464141478,14.514293056514294,403100,71.52103846672054,0.40597770555776336,0.04230553962996797,0.3636721659277954,0.012926364259385233,14.51429271697998,-0.4710667891352841,-0.003913859506913581,-0.004584184963974476
2023-08-09,14.258660316467285,14.438550050960782,14.23972407971562,14.391210362011083,506000,65.16293822425217,0.3956484784083365,0.02558104998443289,0.3700674284239036,0.013600515674795708,14.457486152648926,0.2552716447531629,-0.009210486276657773,-0.001992094703545979
2023-08-10,14.12610912322998,14.239723832982968,14.12610912322998,14.23025571477119,485500,61.25345243850261,0.3724730801451699,0.0019245213770130443,0.37054855876815684,0.01376968152801871,14.258660316467285,-0.04051383399209485,-0.007318673228978132,0.004021451956875529
2023-08-11,14.372275352478027,14.372275352478027,14.182916592406631,14.182916592406631,649100,65.40458873120254,0.3697082014442987,-0.0006722858590865188,0.37038048730338524,0.014129109691019296,14.12610912322998,0.33697219361483,0.013351186184989403,0.0079050831155932
2023-08-14,14.665779113769531,14.665779113769531,14.43854969591395,14.485889383699558,1006300,69.58815481387587,0.38674219252021125,0.013089364173460794,0.37365282834675045,0.014594460816450418,14.372275352478027,0.5503004159605607,0.012418273072856464,-0.00645570325017082
2023-08-15,14.391210556030273,14.571101195878482,14.36280710344931,14.571101195878482,427100,62.030993585687774,0.3737776886999704,9.988828257595506e-05,0.37367780041739446,0.01550297940110824,14.665779113769531,-0.5755738845274769,-0.012345713438534873,0.003947430278741855
2023-08-16,14.476422309875488,14.580568908173332,14.438550737500863,14.448018856326897,761600,63.36084228575874,0.3661582579372933,-0.006015633984080948,0.37217389192137423,0.015161451552716943,14.391210556030273,0.7831889487239523,0.001965906456175024,0.0006540353286191214
2023-08-17,14.305999755859375,14.485890401498157,14.249192848868871,14.485890401498157,912100,58.916360219355774,0.3424209131967366,-0.023802382979710157,0.3662232961764468,0.015600071770765105,14.476422309875488,0.19761029411764697,-0.012418335404510396,-0.053606839082629185
2023-08-18,13.425485610961914,13.567503782815754,13.349742465582597,13.53910032903089,2023300,42.37684469891375,0.24968060119226188,-0.09323415598734797,0.34291475717960984,0.02072947799253512,14.305999755859375,1.2182874684793332,-0.008391600276818944,0.00634691535543782
2023-08-21,13.576971054077148,13.595906387775042,13.48229167679931,13.510696031740338,520300,45.22577836825912,0.18625975846071618,-0.12532399897511493,0.3115837574358311,0.020711944911424914,13.425485610961914,-0.7428458458953195,0.0049053743923416285,0.004184047675951141
2023-08-22,13.614842414855957,13.662182102766272,13.576970845113596,13.633777748262416,385700,45.945299347083825,0.1374695228960121,-0.13929138763185522,0.27676091052786733,0.020686094586450265,13.576971054077148,-0.2586969056313665,-0.001388854487441829,-0.0013908311885913749
2023-08-23,13.558034896850586,13.70005396359906,13.463356421947733,13.595906467397619,390800,44.99059570853613,0.09314529675348204,-0.14689249101950824,0.24003778777299029,0.020559196163420036,13.614842414855957,0.013222711952294519,-0.002785512730456558,0.011173176524619468
2023-08-24,13.7284574508667,13.823136828941015,13.700053998616191,13.709521214080048,424600,48.451200360135985,0.07095181566015185,-0.13526877769027076,0.20622059335042262,0.020666068559895515,13.558034896850586,0.08648925281473896,0.0013812471267926388,0.005517205543936433
2023-08-25,13.804200172424316,13.879943311408939,13.74739326965057,13.804200172424316,468500,49.95797546665502,0.05879734739891873,-0.11793859676120311,0.17673594416012184,0.019848031116844005,13.7284574508667,0.10339142722562422,0.0,0.013717422343717166
2023-08-28,14.1166410446167,14.145044496402258,13.993558216306674,13.993558216306674,584400,55.70913788351167,0.07352861879479455,-0.08256586029226182,0.15609447908705637,0.02018357812147793,13.804200172424316,0.24738527214514416,0.00879567772595514,-0.0006707089725062982
2023-08-29,14.12610912322998,14.135577241441759,14.050365983394654,14.107172886806424,606700,55.87463398926422,0.08498756853797929,-0.05688552843926167,0.14187309697724096,0.019813713357336935,14.1166410446167,0.038158795345653695,0.001342312635954597,0.002010746548739166
2023-08-30,14.192384719848633,14.26812786275264,14.145045029801254,14.154513148396628,391900,57.083489844573684,0.0982838010466569,-0.034871436744467244,0.13315523779112415,0.01959988970477627,14.12610912322998,-0.3540464809625845,0.0026755827667795675,0.010673710352816026
2023-08-31,14.353338241577148,14.429081379823247,14.33440290848034,14.34387012356403,469000,59.952876324624306,0.12042063108682477,-0.010187685363439503,0.13060831645026427,0.019724899616712536,14.192384719848633,0.19673386067874454,0.0006600811309330763,0.0052770517313786265
2023-09-01,14.324934959411621,14.45748590437028,14.324934959411621,14.429081549995926,375200,59.20065799783002,0.13412619757133548,0.0028143048968569673,0.13131189267447851,0.01864458294836453,14.353338241577148,-0.19999999999999996,-0.0072178253496900146,0.007270393294410817
2023-09-05,14.429082870483398,14.495358800492737,14.41014753543039,14.429082870483398,426000,61.126641947842074,0.1516437688048562,0.01626550090430215,0.13537826790055404,0.018331315018125988,14.324934959411621,0.1353944562899787,0.0,0.009186283957970713
2023-09-06,14.665779113769531,14.675247231912541,14.56163252298475,14.56163252298475,755700,65.15281710106731,0.1825219791353696,0.037714968987852426,0.14480701014751718,0.018670501322190426,14.429082870483398,0.773943661971831,0.007152123267799225,-0.007101310636563366
2023-09-07,14.608972549438477,14.618439764871514,14.485889719514345,14.56163286055543,451900,63.45421017448637,0.2001027088307552,0.0442365589465904,0.1558661498841648,0.018391466706136506,14.665779113769531,-0.4020113801773191,0.0032509876698841615,0.0019442354395154968
2023-09-08,14.637375831604004,14.656311165179636,14.533229239614393,14.637375831604004,401700,63.96014826284147,0.2138622009434119,0.046396840847397675,0.16746536009601423,0.018219020052391895,14.608972549438477,-0.11108652356716087,0.0,-0.010349272232063746
2023-09-11,14.448018074035645,14.523761214683764,14.391210267084825,14.485889644359704,909400,58.177650679721594,0.20709979158527148,0.031707545191405784,0.1753922463938657,0.018125533407489056,14.637375831604004,1.263878516305701,-0.0026143765591093633,0.017038026814380856
2023-09-12,14.779394149780273,14.817265720261007,14.656311319985527,14.694183793395723,520200,64.26612937732766,0.22587605477906258,0.040387046708157515,0.18548900807090507,0.018279601024636872,14.448018074035645,-0.4279744886738509,0.005798917284731935,-0.009609230614782333
2023-09-13,14.51429271697998,14.656310876250616,14.51429271697998,14.63737554304827,868000,57.103994985280615,0.21686502355617954,0.02510081238821954,0.19176421116796,0.018236866779528,14.779394149780273,0.6685890042291427,-0.008408804276853114,-0.012393939055295166
2023-09-14,14.258660316467285,14.391210362011083,14.23972407971562,14.334403457615016,648600,51.180801598290174,0.1869413742830357,-0.0038582695079394658,0.19079964379097517,0.018629616376630378,14.51429271697998,-0.2527649769585254,-0.005284010692994212,-0.00398405357759188
2023-09-15,14.154513359069824,14.230256503101181,14.14504524033353,14.201853049821796,709900,48.952962748514445,0.1530585142990617,-0.0301929035935308,0.1832514178925925,0.018514880841133872,14.258660316467285,0.0945112550107925,-0.003333346048990846,-0.0060200905687722165
2023-09-18,14.021963119506836,14.069301906691328,13.90834750206149,14.069301906691328,734700,46.196785997975496,0.11419404916927967,-0.05524589497865029,0.16943994414792996,0.011953155537003926,14.154513359069824,0.03493449781659397,-0.003364686286387633,-3.2470835434903757e-08
2023-09-19,13.92728328704834,14.069301449849341,13.879943598471518,14.021962664201979,1097900,44.27905336602092,0.07489051806897962,-0.07563954086316027,0.1505300589321399,0.01191554208729486,14.021963119506836,0.4943514359602559,-0.006752220029465296,0.016315406472620288
2023-09-20,14.12610912322998,14.249191951194746,14.116641005018202,14.154512574935865,1037700,49.06122151849425,0.05910445051407365,-0.073140486734453,0.13224493724852665,0.012260813737238509,13.92728328704834,-0.05483195190818835,-0.0020066711273533846,-0.013404791507487055
2023-09-21,13.898880004882812,13.97462314635933,13.889411886465881,13.936751575621072,610900,44.37404581759339,0.0279363545215503,-0.08344686618158109,0.11138322070313139,0.012847535123526831,14.12610912322998,-0.4112942083453792,-0.0027173886635467,-0.02316072252218708
2023-09-22,13.425485610961914,13.633778809290277,13.397081254247533,13.576971901720547,1043100,36.541498308493935,-0.034565112275645404,-0.11675866638302144,0.08219355410737604,0.014783754577977768,13.898880004882812,0.7074807660828286,-0.011157590356317687,-0.04231314991650903
2023-09-25,12.753264427185059,12.857411025603348,12.724860070674108,12.857411025603348,1168800,28.774466866557983,-0.13676407542629576,-0.17516610362693746,0.03840202820064169,0.01829918970818733,13.425485610961914,0.12050618349151576,-0.008100122039413609,-0.009651063786029845
2023-09-26,12.526034355163574,12.63018185871819,12.50709902001789,12.63018185871819,1041100,26.70791198186154,-0.23340253862095572,-0.21744365345727792,-0.015958885163677796,0.017440201701249797,12.753264427185059,-0.10925735797399039,-0.008245922720639724,0.021164001769589758
2023-09-27,12.866878509521484,12.885813843331574,12.791135368422198,12.791135368422198,844700,34.326972498150454,-0.27926672922501794,-0.2106462752490721,-0.06862045397594584,0.018907486800717643,12.526034355163574,-0.1886466237633273,0.00592153385275518,-0.006622424228155733
2023-09-28,12.800604820251465,12.86687984988495,12.705925432549721,12.781668581539293,554400,33.59566907905112,-0.31730447509048076,-0.19894721689162795,-0.11835725819885282,0.018783723018632216,12.866878509521484,-0.34367230969575,0.001481515389901573,0.009615161587327342
2023-09-29,12.819538116455078,12.942620939713136,12.810069998605362,12.923684704013704,374000,34.028074398327554,-0.34197977400483737,-0.1788980126447876,-0.16308176136004976,0.018459432225457546,12.800604820251465,-0.32539682539682535,-0.008058583131967082,0.005169870230846516
2023-10-02,12.93315315246582,12.961556603811612,12.829006562244958,12.885813464936541,572400,36.69214945075553,-0.34835176003654134,-0.14821599894119325,-0.20013576109534809,0.018724663174253326,12.819538116455078,0.5304812834224599,0.0036737833942804164,-0.04465590042929215
2023-10-03,12.223060607910156,12.384015004536797,12.223060607910156,12.35561155305252,1064200,28.850542006827187,-0.4060197952676834,-0.16470722733786824,-0.24131256792981515,0.02154201059361147,12.93315315246582,0.8591893780573026,-0.0107279955001189,0.017041117994140674
2023-10-04,12.478694915771484,12.544969939723154,12.42188710743471,12.431355225979086,1071200,34.294589968448314,-0.4261818177388399,-0.14789539984721978,-0.2782864178916201,0.021832972708489738,12.223060607910156,0.006577710956587213,0.0038080876084586254,-0.011380939498015264
2023-10-05,12.336675643920898,12.365079999087845,12.279868739445938,12.336675643920898,462700,32.793353838271095,-0.4484506739223981,-0.13613140482462238,-0.31231926909777574,0.02182622353613996,12.478694915771484,-0.5680545182972367,0.0,0.008442115678361086
2023-10-06,12.658584594726562,12.696456165798846,12.440823286793298,12.440823286793298,560300,39.28142248367141,-0.43510788797433797,-0.09823089510124977,-0.3368769928730882,0.023049938289244058,12.336675643920898,0.2109358115409552,0.017503769880280445,0.006731522159989084
2023-10-09,12.781667709350586,12.781667709350586,12.686988328109523,12.74379613744006,425200,41.60279779890089,-0.40987704781169754,-0.05840004395088744,-0.3514770038608101,0.02329733504677669,12.658584594726562,-0.24112082812778868,0.0029717653595589207,0.0014814957780460223
2023-10-10,12.829007148742676,12.857410601386976,12.772199340524597,12.800603696098376,729100,42.513133812618406,-0.38166196650414363,-0.024147970114666795,-0.35751399638947684,0.022427445855172746,12.781667709350586,0.7147224835371591,0.0022189150854625044,0.00885611139705413
2023-10-11,12.923686027526855,13.018365409861286,12.914218811637017,12.942622265165545,373400,44.38059132553029,-0.34765397838006606,0.00788801440752862,-0.3555419927875947,0.022480697099490413,12.829007148742676,-0.4878617473597586,-0.0014630912693523648,0.0051281694116549585
2023-10-12,12.952089309692383,12.999428094003642,12.876346171279048,12.989960878899051,374200,44.95825412645451,-0.3147818856499338,0.03260808571012869,-0.3473899713600625,0.022357005882875102,12.923686027526855,0.002142474558114671,-0.0029154490579095735,0.005117000500088565
2023-10-13,12.971025466918945,13.065704847415596,12.933153895306184,13.01836515716727,585300,45.36565483735752,-0.2839295624427276,0.05076832713386792,-0.3346978895765955,0.02238613184402522,12.952089309692383,0.5641368252271513,-0.0036363775079901093,-0.011678813370938304
2023-10-16,12.781667709350586,12.84794273446163,12.74379613744006,12.819539281261111,489700,42.01657026325859,-0.2716273119588575,0.05045646209419047,-0.32208377405304794,0.02248113195875422,12.971025466918945,-0.16333504185887582,-0.0029542069398612245,-0.023703681660222357
2023-10-17,12.440823554992676,12.573373605138446,12.346144173806127,12.478695126881396,959700,36.75651094075231,-0.2860831757512283,0.028800478641455685,-0.314883654392684,0.02302633075225208,12.781667709350586,0.9597712885440066,-0.003034898401126738,-0.015981742370631855
2023-10-18,12.09997844696045,12.241997518058295,12.09997844696045,12.241997518058295,944600,32.38971348934452,-0.3213387109785728,-0.005164045268711004,-0.3161746657098618,0.023040349911486048,12.440823554992676,-0.01573408356778161,-0.011600972054466726,-0.01408443283295571
2023-10-19,11.702326774597168,11.96742868586358,11.692859558639416,11.929557113244023,1777600,28.182970616775084,-0.37702009037965034,-0.048676339735830854,-0.3283437506438195,0.023668023582579103,12.09997844696045,0.881854753334745,-0.019047675994156327,0.02912616888712881
2023-10-20,12.081042289733887,12.137849191960322,12.043170720606454,12.043170720606454,780800,36.625084769719116,-0.38613765320002,-0.046235122044960386,-0.33990253115505964,0.02450759340923151,11.702326774597168,-0.5607560756075607,0.003144651023059249,-0.011755571517651917
2023-10-23,11.995830535888672,12.05263743575881,11.939022733089143,11.939022733089143,280200,35.61076207901014,-0.3956781326030612,-0.044620481158401226,-0.35105765144465995,0.02211196636473712,12.081042289733887,-0.6411372950819672,0.004758161875518138,0.011839076216372807
2023-10-24,12.260932922363281,12.298804494286099,12.128382872098168,12.13785008788175,853400,41.0780671024713,-0.37749594594817637,-0.021150635602813106,-0.35634531034536326,0.022485563620006813,11.995830535888672,2.0456816559600286,0.010140414784362447,-0.006177649999937191
2023-10-25,12.024234771728516,12.204125406576862,12.024234771728516,12.185189170096214,452100,37.97742628914974,-0.3778305986658026,-0.017188230656351444,-0.36064236800945115,0.021829003261309394,12.260932922363281,-0.4702367002577924,-0.013209019254514152,-0.0401575315594604
2023-10-26,11.39935302734375,11.550839302323027,11.370949576517491,11.541371184404467,917300,31.2674424490167,-0.423635145518956,-0.05039422200760385,-0.37324092351135213,0.02441208880010948,12.024234771728516,1.0289758902897588,-0.012305137300550719,0.0033223363904450317
2023-10-27,11.408822059631348,11.503500537616766,11.389885822276566,11.437225512734024,380300,31.465048617504355,-0.4539387834063877,-0.06455828791602847,-0.38938049549035925,0.024402770631915646,11.39935302734375,-0.5854137141611251,-0.0024834216192600447,-0.011618269556213512
2023-10-30,11.200528144836426,11.276271289623676,11.172124691273584,11.276271289623676,373400,29.458696357754874,-0.48912389708067927,-0.07979472127225595,-0.4093291758084233,0.0243145137828435,11.408822059631348,-0.01814357086510654,-0.006717038180603905,-0.020287427422691608
2023-10-31,10.944894790649414,10.982766361429675,10.897555101441718,10.973298243002242,688300,27.16899923072689,-0.5315089244007485,-0.09774379887386014,-0.43376512552688834,0.02191989467066117,11.200528144836426,0.8433315479378682,-0.002588415235222568,0.02076126860701304
2023-11-01,11.200528144836426,11.200528144836426,11.11531688121839,11.172124691273584,461600,32.79441426050445,-0.5382670808058183,-0.08360156422314391,-0.4546655165826744,0.02207970660989583,10.944894790649414,-0.329362196716548,0.002542350210701378,0.038884157999258914
2023-11-02,11.797005653381348,11.825409105899611,11.626583132412811,11.636051250895392,918200,43.71808065059067,-0.48984558350927543,-0.0281440535412808,-0.46170152996799463,0.025574246722733018,11.200528144836426,0.9891681109185442,0.013832390302816047,0.005618001598537501
2023-11-03,11.86328125,11.882217487879945,11.806474342219206,11.86328125,455000,44.791848802276014,-0.44103928494543254,0.016529796018049714,-0.45756908096348226,0.024791499678223274,11.797005653381348,-0.5044652581137008,0.0,0.01436553167379054
2023-11-06,12.071575164794922,12.071575164794922,11.995832020309,12.03370359255196,284600,48.14055541669055,-0.3811586044351838,0.061128381222638806,-0.4422869856578226,0.025062657562246723,11.86328125,-0.37450549450549453,0.0031471252346951077,-0.00862742968291057
2023-11-07,11.91062068939209,11.986363833447882,11.882217236103543,11.967428498898684,182200,45.82737231980394,-0.34273952680903186,0.07963796707903265,-0.4223774938880645,0.025128165073654563,12.071575164794922,-0.35980323260716796,-0.004746868511629049,0.03577106406140303
2023-11-08,12.402952194213867,12.421887529015775,12.336676265083407,12.336676265083407,348800,53.23028888970968,-0.269458938235136,0.12233484452234278,-0.3917937827574788,0.02697462601381815,11.91062068939209,0.9143798024149286,0.005372267838302764,0.003816704688826131
2023-11-09,12.469226837158203,12.516566527102201,12.431355265788902,12.45029060000881,572300,54.138825799467384,-0.20368774845393034,0.1504848274428388,-0.35417257589676915,0.027007759140524126,12.402952194213867,0.6407683486238531,0.0015209474025754965,-0.002277887234363141
2023-11-10,12.478694915771484,12.478694915771484,12.42188710743471,12.440823344523462,224000,54.27548100371147,-0.14908109778492928,0.16407318248947195,-0.31315428027440123,0.02700408812781225,12.469226837158203,-0.6085968897431417,0.0030441370477857915,-0.00379361458434448
2023-11-13,12.412419319152832,12.440823675541726,12.346144293437755,12.431355556745428,207800,53.083103467739654,-0.10988612166016232,0.16261452689139116,-0.2725006485515535,0.02684797371263404,12.478694915771484,-0.07232142857142854,-0.001523264096675383,0.016018278217060384
2023-11-14,12.658584594726562,12.686988047298406,12.582841452581993,12.611244905153837,456000,56.872918404049976,-0.05828842753760988,0.1713697768111549,-0.22965820434876477,0.026531019661462468,12.412419319152832,1.1944177093358999,0.003753768159190918,0.002991753184995534
2023-11-15,12.696455955505371,12.724859407606763,12.64911626671674,12.696455955505371,319900,57.44247112622548,-0.014177550911801617,0.17238452274957056,-0.18656207366137217,0.025662919409797192,12.658584594726562,-0.2984649122807017,0.0,0.0037285451873858245
2023-11-16,12.762730598449707,12.772198716511715,12.72485902913111,12.743795265255127,560900,58.47595727490968,0.025830686347985576,0.16991420800748622,-0.14408352165950064,0.024257985345233688,12.696455955505371,0.7533604251328541,0.0014858472535419546,-0.020771418306158026
2023-11-17,12.412419319152832,12.55443839230879,12.374547746897143,12.497630582460506,293500,51.37421561901425,0.02893674526746537,0.13841621354157282,-0.10947946827410746,0.024345162859689625,12.762730598449707,-0.4767338206453914,-0.006818193476390737,0.009153315012575833
2023-11-20,12.573373794555664,12.582841913402856,12.488162530789968,12.52603410324922,498300,54.13062651030144,0.043880176985604535,0.1226877162077696,-0.07880753922216506,0.024380691883242017,12.412419319152832,0.6977853492333901,0.0037793040411860544,0.0037650379183917127
2023-11-21,12.658584594726562,12.72485961837069,12.611244905153837,12.620713023654279,300600,55.56665359050672,0.06188537761047641,0.11255433346611318,-0.05066895585563677,0.023974245097821936,12.573373794555664,-0.39674894641782055,0.0030007473429831703,0.008227351683286026
2023-11-22,12.829007148742676,12.838475267267269,12.75326400640489,12.762731222000005,402000,58.373549519445426,0.08888173138212707,0.11164054979021107,-0.022758818408084004,0.023567216656810754,12.658584594726562,0.33732534930139724,0.005192926622824018,-0.01992621413647613
2023-11-24,12.440823554992676,12.696456439509161,12.440823554992676,12.573373605138446,378500,50.541737636786415,0.07805361097379482,0.08064994350550306,-0.002596332531708238,0.021264992935237093,12.829007148742676,-0.05845771144278611,-0.010542122926467423,-0.004566284644666435
2023-11-27,12.365079879760742,12.412418665389886,12.317740191202141,12.384015213426508,379300,49.15588967623884,0.06263831051031943,0.052187714433622134,0.010450596076697297,0.021385375001437293,12.440823554992676,0.0021136063408189187,-0.0015290140830283164,0.005359963545991007
2023-11-28,12.459759712219238,12.507099405938462,12.431356257159527,12.431356257159527,162800,50.96581304173995,0.05739977614946845,0.037559344058216926,0.01984043209125153,0.020724911277462704,12.365079879760742,-0.5707882942262061,0.002284823511783229,0.00911849155770905
2023-11-29,12.554438591003418,12.61124549882126,12.544970472057273,12.573373925966193,388500,52.77615729120166,0.06019411390480833,0.03228294545084544,0.02791116845396289,0.019620325720254794,12.459759712219238,1.3863636363636362,-0.001505986783998369,-0.006033185090185592
2023-11-30,12.402952194213867,12.478695339280526,12.336676265083407,12.478695339280526,563900,49.61955227516488,0.049613052129855006,0.017361506940713693,0.03225154518914131,0.019671007154319454,12.554438591003418,0.45148005148005144,-0.006069796802253322,0.00458010018365548
2023-12-01,12.601778030395508,12.620713364979013,12.450290839079951,12.459758957836456,243000,53.546747319398975,0.05661840602288848,0.01949348866699773,0.03712491735589075,0.016379988516301278,12.402952194213867,-0.5690725305905302,0.011398219904545577,0.014274907812454806
2023-12-04,12.866878509521484,12.885813843331574,12.781667250052422,12.781667250052422,783900,58.22282673268755,0.0826093237209502,0.03638752509204756,0.04622179862890264,0.01684453466092114,12.601778030395508,2.225925925925926,0.006666677969473263,-0.0029433246480615252
2023-12-05,12.838475227355957,12.876346798407116,12.81007087187048,12.829007108860797,346100,57.554349534343515,0.099765372642457,0.042834859210843484,0.05693051343161351,0.016597791148195606,12.866878509521484,-0.5584896032657227,0.0007380242613335914,0.006637059831901759
2023-12-06,12.952089309692383,12.999428094003642,12.895281504417666,12.923684955590307,471100,59.554715804742095,0.12113302582839403,0.051362009917424414,0.06977101591096961,0.01616940489298147,12.838475227355957,0.36116729268997405,0.0021978525629247165,-0.005847966861357708
2023-12-07,12.819538116455078,12.923684704013704,12.78166654798563,12.876345920623956,549600,56.225472005323226,0.1259197469457014,0.04491898482778543,0.08100076211791597,0.013910746950912326,12.952089309692383,0.16663128847378483,-0.0044117954363038295,-0.005908391590390323
2023-12-08,12.762730598449707,12.80060307069774,12.743795265255127,12.743795265255127,330300,54.8112867741595,0.1237033902942084,0.03416210254103394,0.08954128775317446,0.013949348673398986,12.819538116455078,-0.3990174672489083,0.0014858472535419546,0.003709229399274369
2023-12-11,12.904749870300293,12.914217988516162,12.810070494000495,12.810070494000495,300400,57.677266089442796,0.13188637596793917,0.03387607057181177,0.0980103053961274,0.014121486194582264,12.762730598449707,-0.09052376627308512,0.007391011340971163,-0.0022009750014217668
2023-12-12,12.829007148742676,12.885814054031275,12.791135577573783,12.876346838436161,246100,55.650109002935416,0.13075241401007887,0.026193686891161166,0.1045587271189177,0.014136774372465565,12.904749870300293,-0.18075898801597867,-0.003676484509734974,-0.011070094242654486
2023-12-13,12.686988830566406,12.715393187821352,12.582842229420201,12.686988830566406,672000,51.96237273969997,0.11704482966994156,0.009988882040819075,0.10705594762912249,0.013739305848224442,12.829007148742676,1.730597318163348,0.0,-0.004477603576829066
2023-12-14,12.592309951782227,12.649116858643342,12.535502141991607,12.630181523999472,715800,49.602488374781636,0.09741869400562919,-0.007709802898794638,0.10512849690442383,0.013826191941242155,12.686988830566406,0.06517857142857153,-0.0029984978557341213,-0.011278246926759702
2023-12-15,12.440823554992676,12.469227008176842,12.393483864399402,12.450290770767733,341200,46.002597651044624,0.06884752251327342,-0.029024779512920332,0.09787230202619375,0.013999342956595535,12.592309951782227,-0.5233305392567756,-0.0007604011785239201,-0.002002408433560148
2023-12-18,12.346159934997559,12.455770372164658,12.306301507818626,12.415911944985725,817600,43.86043264322522,0.038126600546567246,-0.04779656118370121,0.08592316173026845,0.01268113702067188,12.440823554992676,1.3962485345838216,-0.005617953018451945,0.004035391643996358
2023-12-19,12.465734481811523,12.465734481811523,12.386017632152122,12.39598152563469,427100,47.204737338983925,0.023161721252439094,-0.05020915238226349,0.07337087363470259,0.012522138431763724,12.346159934997559,-0.47761741682974557,0.005627061966217446,0.0007993708263658533
2023-12-20,12.455769538879395,12.565379968713605,12.415911114366972,12.475699226285506,455500,46.953706306646474,0.010378225261002072,-0.05039411869896041,0.060772343959962484,0.012409110872724284,12.465734481811523,0.0664949660501053,-0.0015974805936425037,0.0040000098679000085
2023-12-21,12.545451164245605,12.58530958854401,12.49562789629765,12.5055927399472,316700,49.55376939370524,0.007398485123008669,-0.04269908706956305,0.05009757219257172,0.012107344869768293,12.455769538879395,-0.30472008781558724,0.0031872479079766763,0.004765668104573977
2023-12-22,12.575345039367676,12.635133152365222,12.555416301901705,12.605238620716541,293500,50.42602942666706,0.007364314253999638,-0.03418660635085767,0.04155092060485731,0.00997461190127022,12.545451164245605,-0.07325544679507423,-0.002371520464494479,0.0142630746148148
2023-12-26,12.83442497253418,12.904176977451822,12.655061588117618,12.754708123971218,465200,57.31465107629335,0.027920963492370277,-0.01090396568998963,0.038824929182359906,0.010787177844461699,12.575345039367676,0.5850085178875639,0.0062499939464033365,0.0006997886701811844
2023-12-27,12.793509483337402,12.863365488152077,12.743613560660275,12.84340635771825,621800,55.991410854089914,0.04044449907377334,0.0012956559131307513,0.03914884316064259,0.01075611860205137,12.83442497253418,0.33662940670679276,-0.0038850187396633823,0.007020293080109701
2023-12-28,12.883323669433594,12.913261413386543,12.863365490699534,12.883323669433594,260400,58.268991655489295,0.05696014437087982,0.014249040968189776,0.04271110340269004,0.010739272639882119,12.793509483337402,-0.5812158250241235,0.0,0.003098345759803278
2023-12-29,12.893302917480469,12.923240660696957,12.853385609290585,12.923240660696957,301500,58.525825151903526,0.07004669942653052,0.021868476819072377,0.048178222607458146,0.010268596871977962,12.883323669433594,0.15783410138248843,-0.002316581730736974,-0.0077399185998841625
2024-01-02,12.693717002868652,12.803489367881332,12.673757871937031,12.793509802415521,841800,51.67573618462728,0.06358006191504195,0.012321471446067045,0.05125859046897491,0.010417283441926559,12.893302917480469,1.792039800995025,-0.007800267564419803,0.007861565103849836
2024-01-03,12.823448181152344,12.863365490323016,12.79350948549655,12.79350948549655,567100,55.33516698132015,0.06813797481710537,0.013503507478504373,0.054634467338601,0.009533617048370297,12.693717002868652,-0.3263245426467094,0.002340147219942588,0.006225699743276247
2024-01-04,12.90328311920166,12.933220863895508,12.873344422804069,12.90328311920166,407700,57.46959317740636,0.07730108710821426,0.018133295815690606,0.059167791292523655,0.009622785197391976,12.823448181152344,-0.28107917474872157,0.0,0.003866892487332854
2024-01-05,13.092889785766602,13.092889785766602,12.95317872775723,12.95317872775723,1354500,62.101717911399916,0.0987245577504936,0.03164541316637595,0.06707914458411765,0.009978424355034245,12.90328311920166,2.322295805739514,0.01078585117566442,0.00381096595067579
2024-01-08,13.132806777954102,13.162744521196428,13.072931291469448,13.142786342936109,587500,63.01498005395238,0.1175685234965762,0.04039150312996684,0.07717702036660937,0.009657094437375453,13.092889785766602,-0.5662606127722407,-0.0007593188173047571,-0.009878380276237617
2024-01-09,13.023035049438477,13.052972794131767,12.973138173813828,13.00307591850712,443100,58.81739870423303,0.12223578300583249,0.036047010111378494,0.086188772894454,0.009817339234372207,13.132806777954102,-0.2457872340425532,0.0015349545797043987,-0.003831432165684564
2024-01-10,12.90328311920166,12.97313817405522,12.863365809041948,12.97313817405522,464000,54.54850925874788,0.11494660689868574,0.02300626720338539,0.09194033969530035,0.009771638899440752,13.023035049438477,0.047167682238772324,-0.00538459190955527,0.0023201401028016
2024-01-11,12.883323669433594,12.933220543824323,12.813468616308805,12.933220543824323,338300,53.84701925327063,0.10633357427598966,0.011514587664551448,0.09481898661143821,0.009681453976292147,12.90328311920166,-0.2709051724137931,-0.003858039397198334,-0.006971352344327689
2024-01-12,12.703695297241211,12.793509480767955,12.663777988085295,12.793509480767955,342100,47.87943363228515,0.08404436433373519,-0.008619697822162431,0.09266406215589762,0.009877643547065978,12.883323669433594,0.011232633757020327,-0.007020292880679778,0.0015711530622433054
2024-01-16,12.723654747009277,12.783531188097793,12.683737436851516,12.723654747009277,446400,48.561588299965706,0.06721574439655598,-0.02035865420747332,0.0875743986040293,0.009718296617677188,12.703695297241211,0.3048816135632857,0.0,-0.002352920214317262
2024-01-17,12.603902816772461,12.693717002555045,12.583943685841334,12.693717002555045,1056700,44.77516177737067,0.0437120762856118,-0.035089857854733994,0.0788019341403458,0.009555995549336883,12.723654747009277,1.3671594982078852,-0.007075483545482092,0.011876429238055401
2024-01-18,12.883323669433594,12.883323669433594,12.673757558355506,12.753592176699186,649500,53.822625703082196,0.04708936072680814,-0.025370058730830133,0.07245941945763827,0.010470248345288567,12.603902816772461,-0.3853506198542632,0.01017215314218899,0.0023237841645798777
2024-01-19,12.90328311920166,12.923241298429645,12.833427112644355,12.91326173296378,270700,54.397346556663,0.050790957228025846,-0.017334769783689946,0.06812572701171579,0.010320433031043947,12.883323669433594,-0.5832178598922249,-0.0007727415403226917,0.000773289745696764
2024-01-22,12.893302917480469,12.96315796888684,12.853385609290585,12.913261095723561,358200,54.035203676072754,0.052316112671700665,-0.012647691472012099,0.06496380414371276,0.010320094057442997,12.90328311920166,0.32323605467306993,-0.0015455567803629158,-0.0023219363975233447
2024-01-23,12.793509483337402,12.873344101665271,12.753592174173468,12.863365488152077,354200,50.42062414118323,0.04495411022246465,-0.016007755136998494,0.060961865359463144,0.010446905373106365,12.893302917480469,-0.011166945840312636,-0.0054306164960496615,-0.003120097059677885
2024-01-24,12.813468933105469,12.903283118888579,12.75359249201548,12.75359249201548,1217000,51.124831469969536,0.040266068852309544,-0.016556637205722882,0.05682270605803243,0.010442921637440355,12.793509483337402,2.4359119141727836,0.0046948686127046045,-0.0007788339726238067
2024-01-25,12.783531188964844,12.823448499125313,12.743613878804375,12.803489368193206,441300,49.97817049894129,0.033746033273565956,-0.018461338227573183,0.05220737150113914,0.009381262963991213,12.813468933105469,-0.6373870172555465,-0.001558807810466373,0.0031225573329117747
2024-01-26,12.843406677246094,12.853386242711286,12.81346893255426,12.823448498019452,282700,52.283264013600274,0.03302956533802792,-0.015342244930488975,0.0483718102685169,0.009412482022623254,12.783531188964844,-0.35939270337638796,0.001556381594991701,-0.0046620126994462675
2024-01-29,12.773550987243652,12.823447860384794,12.743613244040446,12.78353055221262,300900,49.42182086623093,0.02651929108249007,-0.01748201534882147,0.04400130643131154,0.009351990869777331,12.843406677246094,0.0643792005659709,-0.0007806579667648877,0.006250019160961953
2024-01-30,12.913261413574219,12.933220544012288,12.843406360448414,12.85338592566745,411700,54.755203942671784,0.03226142599033288,-0.009391904352782927,0.04165333034311581,0.00968844037053774,12.773550987243652,0.3682286473911598,0.004658343587676871,-0.010819118986214451
2024-01-31,12.673757553100586,12.803489045781204,12.673757553100586,12.773551301840667,825500,45.83275734374501,0.017286876994417,-0.019493162678959043,0.03678003967337604,0.009968634269103509,12.913261413574219,1.00510080155453,-0.007812529685906632,0.014173227988145694
2024-02-01,12.863365173339844,12.913261094795839,12.783530556965811,12.853385608367164,353300,52.440108177673004,0.020483073247538286,-0.013037573140670208,0.033520646388208494,0.010276814939018468,12.673757553100586,-0.5720169594185343,0.0007764152789583561,-0.0007757882589757108
2024-02-02,12.913261413574219,12.923240978793254,12.843406360448414,12.85338592566745,363500,54.02927224164056,0.02673411713124274,-0.005429223405572607,0.03216334053681535,0.010217687083973548,12.863365173339844,0.02887064817435614,0.004658343587676871,0.0007728398824244969
2024-02-05,12.873344421386719,12.933220862471568,12.843406676696167,12.923241297006802,292400,52.51743156455562,0.028142734847037332,-0.0032164845518224128,0.031359219398859745,0.009637013393779228,12.913261413574219,-0.19559834938101783,-0.003861018646432013,0.0031007230097837694
2024-02-06,12.923240661621094,12.943199791569311,12.80348873704288,12.913261096646984,284700,54.24107495504082,0.03290596464480977,0.0012373961967600197,0.03166856844804975,0.009656161547122741,12.873344421386719,-0.02633378932968533,0.0007728152400404062,0.004633286590122374
2024-02-07,13.023035049438477,13.062952359597446,12.96315860834815,12.983117739279507,318300,57.55939139244879,0.04422364896017861,0.010044064409703082,0.034179584550475525,0.009659624700245284,12.923240661621094,0.11801896733403572,0.003074555046065907,0.0022988300366983843
2024-02-08,13.052972793579102,13.092890103736382,13.013055483421821,13.052972793579102,345300,58.530938425368525,0.05497500345255091,0.01663633512166031,0.0383386683308906,0.009419925584835004,13.023035049438477,0.08482563619227146,0.0,-0.0015290627898764228
2024-02-09,13.04299259185791,13.052972156836349,13.023034413604732,13.03301397858317,268700,58.05382896715404,0.06197579212320292,0.018909699033849856,0.043066093089353066,0.009412080284017625,13.052972793579102,-0.22183608456414716,0.0007656412623463237,0.0022954099782517886
2024-02-12,13.122827529907227,13.132807095130255,13.052972476753466,13.072931607199525,515400,60.80608920168867,0.07312306272524793,0.02404557570871589,0.04907748701653204,0.00882487615348033,13.04299259185791,0.9181243021957572,0.003816735542334125,-0.010646317737232342
2024-02-13,12.96315860748291,13.013055483104228,12.923241297326605,12.983117738412934,437900,53.276900103217976,0.0682862460209197,0.015367007203510127,0.05291923881740958,0.009351253515797025,13.122827529907227,-0.15036864571206832,-0.0015373141746201275,0.004618945462481234
2024-02-14,13.00307559967041,13.033014295333347,12.953178725269238,13.023034730112368,282600,54.784246284969804,0.06690278791116455,0.011186839275003975,0.05571594863616058,0.009032781153001828,12.96315860748291,-0.3546471797213976,-0.001532602105084421,0.0030698605216481893
2024-02-15,13.052972793579102,13.072931924509614,12.993097304195054,13.042993228113845,183200,56.666209094393,0.06903685998414488,0.010656729078387439,0.058380130905757444,0.007661569158835202,13.00307559967041,-0.3517338995046001,0.0007651284709514112,0.0015290870180182153
2024-02-16,13.142786979675293,13.192683855299029,13.052972793893316,13.072931924824308,523400,59.9014279752795,0.07708677334832359,0.014965313954052914,0.062121459394270676,0.00778507785046398,13.052972793579102,1.856986899563319,0.005343487998919068,0.014426671581592937
2024-02-20,13.512022018432617,13.512022018432617,13.332393651097904,13.332393651097904,940600,69.86285821666587,0.11196985074707122,0.03987871308224043,0.07209113766483079,0.009850924439078838,13.142786979675293,0.7970959113488727,0.013473077080942688,-0.007385552757920685
2024-02-21,13.3922700881958,13.412228266949297,13.342373213756474,13.412228266949297,749900,64.28500865857932,0.12847102691526757,0.04510391140034942,0.08336711551491816,0.009914692063883027,13.512022018432617,-0.20274293004465238,-0.0014880583864411065,-2.3943968593594074e-08
2024-02-22,13.34237289428711,13.392269767531706,13.282497407756551,13.392269767531706,629000,62.061588107686255,0.13595483862224533,0.04207017848586174,0.0938846601363836,0.01000649507559997,13.3922700881958,-0.16122149619949322,-0.003725796605857453,-0.017950595860903102
2024-02-23,13.033014297485352,13.102869350636293,13.003075601817471,13.102869350636293,777300,50.41840426684227,0.11559070231022517,0.017364833739073257,0.09822586857115191,0.011469103286756127,13.34237289428711,0.23577106518282998,-0.005331279071904171,0.0007656412623463934
2024-02-26,13.033014297485352,13.072931606672135,13.023034732262724,13.042992911004257,379700,50.41840426684229,0.09831862169755645,7.420250112362414e-05,0.09824441919643283,0.011438332626869146,13.033014297485352,-0.5115142158754664,-0.000765055504284328,0.013782492424036147
2024-02-27,13.272518157958984,13.272518157958984,13.192683539553219,13.212641718302798,379000,57.566317729200414,0.10277164573740905,0.0036217812327809656,0.09914986450462808,0.011981919276718772,13.033014297485352,-0.0018435607058203685,0.004531753825825943,0.005263111620752665
2024-02-28,13.492063522338867,13.502042135630978,13.262538285953694,13.342372902512789,488200,62.85295480175982,0.12260288571075861,0.018762416964904424,0.10384046874585419,0.012264457583096999,13.272518157958984,0.2881266490765171,0.01121919023848349,-0.003698215412506755
2024-02-29,13.482084274291992,13.492063839522412,13.412228269382773,13.442166965074033,384400,62.471966026984475,0.13594693273217118,0.025685171189053585,0.11026176154311759,0.011280887715767955,13.492063522338867,-0.21261777959852524,0.0029695590987430446,0.0014803483473634499
2024-03-01,13.571898460388184,13.581877073916669,13.492063841937972,13.502042455466455,438500,64.55444246813343,0.1520170820502731,0.03340425640572439,0.1186128256445487,0.010972249757200745,13.482084274291992,0.14073881373569197,0.005173736133043079,-0.001470645379960758
2024-03-04,13.551939010620117,13.61181544889886,13.541959445623043,13.551939010620117,470700,63.70836706994794,0.161283059659306,0.034136187211805835,0.12714687244750017,0.011008209594596377,13.571898460388184,0.07343215507411638,0.0,0.005154663923192835
2024-03-05,13.561919212341309,13.651733398124296,13.54196008141009,13.62179470172747,301100,63.962704664393826,0.16750088658819706,0.032283211312557514,0.13521767527563955,0.010939421751479099,13.551939010620117,-0.3603144253239855,-0.004395565393344866,-0.0058867225020485855
2024-03-06,13.492063522338867,13.522001265622603,13.462124827351431,13.482083957343054,364800,60.7533239070149,0.16489102772501418,0.023738681959499713,0.14115234576551447,0.011072258330054064,13.561919212341309,0.2115576220524742,0.0007402093791574268,0.009615346341803702
2024-03-07,13.75152587890625,13.76150544414053,13.621794385971771,13.621794385971771,271100,67.31355789775807,0.1816650182823114,0.032410138013437534,0.14925488026887387,0.011657184228093314,13.492063522338867,-0.25685307017543857,0.009523818173917007,-0.018867896010449043
2024-03-08,13.4321870803833,13.522001261913573,13.412227950397153,13.492063518638048,802400,55.10488261827128,0.16726245694751185,0.014406061342910365,0.15285639560460149,0.013029733610329731,13.75152587890625,1.9597934341571377,-0.00443790070896371,-0.005943507452717135
2024-03-11,13.272518157958984,13.352352776364752,13.272518157958984,13.352352776364752,398500,50.20211404746555,0.14133515203941904,-0.009216994852145943,0.150552146891565,0.01336512371688627,13.4321870803833,-0.5033649052841476,-0.005979067490418931,2.398057386428674e-08
2024-03-12,13.322415351867676,13.322415351867676,13.242580731547429,13.272518476241586,459100,51.64985061376912,0.1233914824427238,-0.02172853155907295,0.14512001400179675,0.013327483883140057,13.272518157958984,0.1520702634880804,0.0037594127832940704,0.015730291825992723
2024-03-13,13.581876754760742,13.611815449753845,13.462124829899434,13.53198083317964,577100,58.41927869957673,0.12862465683629587,-0.013196285732400725,0.1418209425686966,0.013578022669144214,13.322415351867676,0.2570246133739926,0.0036872592561438167,-0.002204195183944432
2024-03-14,13.531981468200684,13.641753833215626,13.512022337268652,13.551939647428972,361900,56.77313229730845,0.12727866340953042,-0.011633823327332954,0.13891248673686338,0.01364460298253992,13.581876754760742,-0.372898977646855,-0.001472717540627074,-0.0022124869620950404
2024-03-15,13.492063522338867,13.541959443910526,13.45214526235562,13.502042135630978,239100,55.427486381471894,0.12158930349463049,-0.013858546593786325,0.1354478500884168,0.013683044156154374,13.531981468200684,-0.33932025421387124,-0.0007390447453706138,-0.0022189863042493163
2024-03-18,13.312435150146484,13.482083948144743,13.312435150146484,13.462124818166735,442600,49.716868030882296,0.10141686585371268,-0.027224787387763294,0.12864165324147597,0.014024903975501971,13.492063522338867,0.8511083228774572,-0.011119319575632617,-0.0007496422052751653
2024-03-19,13.372310638427734,13.39226976840836,13.272517843635706,13.302455586902946,204700,51.51022577212165,0.08923289393692357,-0.031527007443641925,0.1207599013805655,0.012513242657483077,13.312435150146484,-0.5375056484410303,0.005251289964355518,0.00820902528644697
2024-03-20,13.541959762573242,13.561918893034534,13.462125144135518,13.482084274596811,356500,56.26925848205683,0.0922034113819663,-0.022845191998879355,0.11504860338084566,0.012676984558244198,13.372310638427734,0.7415730337078652,0.004441115094440494,0.005895328707365886
2024-03-21,13.641753196716309,13.671690940013772,13.601835888418458,13.621794066715534,488100,58.82899367682915,0.10144071852688086,-0.010886307883171839,0.1123270264100527,0.012718924042339704,13.541959762573242,0.36914446002805046,0.0014652350419497395,0.0029261128981081285
2024-03-22,13.701628684997559,13.711608249999175,13.671690941696411,13.681670506698028,189200,60.329399550515745,0.11229829762265986,-2.2983029914269704e-05,0.11232128065257413,0.011359731613873368,13.641753196716309,-0.6123745134193812,0.0014587530294462104,-0.005826605410141807
2024-03-25,13.591856956481934,13.671691576796068,13.531981467098205,13.621794701173798,200900,56.279940418039885,0.11076847614804919,-0.0012422436036199636,0.11201071975166915,0.011593818438178069,13.701628684997559,0.061839323467230534,-0.0021977826966724364,0.005139455091714328
2024-03-26,13.691650390625,13.711608569389425,13.631773950924277,13.661711694922777,223300,58.97584088545254,0.1162683090423382,0.0034060714325352404,0.11286223760980296,0.011030621168876771,13.591856956481934,0.11149825783972123,0.00219143079365003,0.0014577129740132495
2024-03-27,13.801423072814941,13.811402638280203,13.691650707808286,13.711608887035068,593600,61.76852104009987,0.12800909511378578,0.01211748600318624,0.11589160911059954,0.010578916296091232,13.691650390625,1.658307210031348,0.006550229555103271,-0.00072310529867969
2024-03-28,13.871277809143066,13.881257374379173,13.781464577129286,13.791443190661669,411800,63.47258808708263,0.141321381171851,0.020343817649001172,0.12097756352284983,0.010602800827723111,13.801423072814941,-0.30626684636118595,0.005788706618858748,-0.011510758052842206
2024-04-01,13.621794700622559,13.761505762018512,13.591856955931906,13.711608886398261,581000,54.18369124885867,0.1302389484160269,0.007409107914541649,0.12282984050148525,0.0113729245716117,13.871277809143066,0.41087906750849923,-0.006550229555103296,0.000732570888658783
2024-04-02,13.611815452575684,13.66171137416713,13.551939014280766,13.631773630871521,1099000,53.84425465818225,0.11927586081822739,-0.0028431837466063037,0.12211904456483369,0.011368260995080108,13.621794700622559,0.891566265060241,-0.0014640925558387211,-0.004398811117835272
2024-04-03,13.531981468200684,13.581877392123275,13.422208151481998,13.551939647428972,605600,51.08701047963373,0.10295875513398833,-0.015328231544676288,0.11828698667866462,0.01144991342017277,13.611815452575684,-0.44895359417652414,-0.001472717540627074,0.002949802007363904
2024-04-04,13.402249336242676,13.601835877572785,13.372310641265384,13.571898134299193,276300,46.88538108284155,0.07865237684758952,-0.031707687864860085,0.11036006471244961,0.011596005163603419,13.531981468200684,-0.5437582562747688,-0.012500005259233213,-0.004467641248372177
2024-04-05,13.34237289428711,13.392269767531706,13.272517842766892,13.34237289428711,319900,45.04402590740196,0.05393612638916778,-0.04513915065862546,0.09907527704779324,0.01067250035638713,13.402249336242676,0.15779949330437937,0.0,-0.0022438099288371433
2024-04-08,13.222620964050293,13.32241471049819,13.202661834079235,13.31243514551266,487200,41.53098230378005,0.024404025453973688,-0.05973700127505564,0.08414102672902933,0.009560721384991866,13.34237289428711,0.5229759299781183,-0.006746638047858725,0.009811377964378165
2024-04-09,13.3523530960083,13.412228585394132,13.312435785849832,13.3523530960083,331500,46.40739984732203,0.011337232963461119,-0.058243035012454564,0.06958026797591568,0.009460120891218603,13.222620964050293,-0.3195812807881774,0.0,-0.010463403810753726
2024-04-10,13.292476654052734,13.302456219517637,13.152766544359068,13.212642033740998,647600,44.56019408466537,-0.0038059500607587893,-0.058708974429339575,0.054903024368580786,0.00948296848562776,13.3523530960083,0.9535444947209653,0.00604229041457895,0.004504488274258329
2024-04-11,13.34237289428711,13.372310637552388,13.282497407756551,13.352352459276768,209100,46.47226257758617,-0.011646567738408109,-0.05323967368559112,0.04159310594718301,0.008362973626192772,13.292476654052734,-0.6771155033971588,-0.0007474012553289561,-0.001495801600632821
2024-04-12,13.232601165771484,13.382290840942504,13.212642034840018,13.322415351555595,623800,42.961745976713054,-0.026413496481533016,-0.054405281942972825,0.027991785461439805,0.008504513967307998,13.34237289428711,1.9832615973218557,-0.006741584270874966,-0.038461579469025856
2024-04-15,12.524067878723145,12.72365442445224,12.524067878723145,12.72365442445224,1331100,28.170021000391976,-0.09420319293676549,-0.09775598271856423,0.0035527897817987444,0.014500248133893666,13.232601165771484,1.1338570054504649,-0.01568625955020686,-0.004780935744657849
2024-04-16,12.384356498718262,12.474170679886033,12.384356498718262,12.464191114933236,478400,26.250756084034695,-0.15738630516918306,-0.12875127596078545,-0.028635029208397618,0.014432129900890022,12.524067878723145,-0.6405980016527684,-0.006405118108252126,-0.013698585813047455
2024-04-17,12.094956398010254,12.25462563863818,12.065018653318454,12.214708328481198,1155400,22.78742102517396,-0.22818121532035818,-0.15963694888956845,-0.06854426643078973,0.014954488220816551,12.384356498718262,1.415133779264214,-0.009803912402207479,0.004125375699988734
2024-04-18,12.114914894104004,12.184769945292294,12.084976199277284,12.144852637227029,932400,23.536659000553954,-0.2794548265444803,-0.16872844809095244,-0.11072637845352784,0.014467118312557252,12.094956398010254,-0.19300675090877617,-0.0024650561037898523,-0.014003249028955599
2024-04-19,11.825514793395996,12.025101344198108,11.815535227929955,11.945266723877262,697000,20.439536928121317,-0.33952783680168785,-0.183041166678528,-0.15648667012315987,0.014695856968024971,12.114914894104004,-0.25246675246675243,-0.010025052872356159,0.01772146830368136
2024-04-22,12.144852638244629,12.164810816427087,11.955244711140965,12.035080278981878,631900,31.198015699384523,-0.3572500784477395,-0.1606107266596637,-0.1966393517880758,0.01639158524010574,11.825514793395996,-0.0934002869440459,0.009121032574619183,-0.014790467877791291
2024-04-23,11.985183715820312,11.995163281021389,11.885389967216998,11.965224585418163,972300,29.080575064760716,-0.37980092165786417,-0.14652925589583068,-0.23327166576203348,0.016466741849104505,12.144852638244629,0.5386928311441683,0.0016680949245594162,0.01748545860627472
2024-04-24,12.184770584106445,12.254625638957044,12.154832839413867,12.194750149571886,581800,35.01769266596302,-0.3772192860001464,-0.11515809619049033,-0.2620611898096561,0.016991198301071115,11.985183715820312,-0.4016250128561144,-0.0008183493177833942,-0.004095045607420044
2024-04-25,12.224687576293945,12.264604885413695,12.124893827642712,12.13487339284858,379700,36.16863901367655,-0.3677135802134721,-0.08452191232305278,-0.28319166789041933,0.016822350497463265,12.184770584106445,-0.3473702303196975,0.007401328430694306,0.006530632223015191
2024-04-26,12.274584770202637,12.314502080361681,12.234667460043594,12.304522514895984,305600,37.65513465327079,-0.35209521884129913,-0.05512284076070384,-0.2969723780805953,0.016790112765898847,12.224687576293945,-0.1951540690018435,-0.0024330683825483164,0.004878005195467116
2024-04-29,12.334460258483887,12.374377568639353,12.27458476910256,12.334460258483887,384400,39.47655752609747,-0.3310697375746674,-0.027277887595257677,-0.3037918499794097,0.01670637450814867,12.274584770202637,0.2578534031413613,0.0,-0.00404529781420418
2024-04-30,12.174790382385254,12.314501436488882,12.164810817441346,12.284563693360854,311500,36.42080461369593,-0.3235611057574008,-0.015815404622392892,-0.30774570113500793,0.016772295252880293,12.334460258483887,-0.18964620187304893,-0.008935873810066709,5.230550912164466e-08
2024-05-01,12.15483283996582,12.22468789481959,12.144853274499926,12.174791019193863,224800,36.04523060901473,-0.3155830231789576,-0.006269857635159748,-0.30931316554379784,0.016793095570725083,12.174790382385254,-0.27833065810593904,-0.0016393036395103968,0.010673243919566573
2024-05-02,12.274584770202637,12.284564335668334,12.174791018953156,12.284564335668334,219900,40.04065583699575,-0.2961831404199291,0.010504020099095013,-0.3066871605190241,0.017086784290371762,12.15483283996582,-0.02179715302491103,-0.0008123662502805364,0.0032520034993659924
2024-05-03,12.374377250671387,12.424274125009521,12.3145017628286,12.3145017628286,374500,43.223800436877056,-0.26964784191982183,0.029631454879361807,-0.29927929679918364,0.01730886480648068,12.274584770202637,0.7030468394724876,0.004862193290151701,0.014516129058787805
2024-05-06,12.623860359191895,12.63383992415404,12.534047129643664,12.55400530786426,280000,50.32405105275099,-0.22588338182357504,0.05871673198048688,-0.2846001138040619,0.018044425155077988,12.374377250671387,-0.25233644859813087,0.0055643636922691544,0.0031620777921921427
2024-05-07,12.643819808959961,12.693716683329212,12.623860678530773,12.66377798768543,410800,50.85358198120073,-0.1874286107487375,0.07773720244425952,-0.26516581319299704,0.0178499039081837,12.623860359191895,0.4671428571428571,-0.0015760051024960194,0.0031570860409485695
2024-05-08,12.663778305053711,12.69371700144779,12.633840560363376,12.683737435983097,308400,51.4113377022831,-0.15357215952594316,0.08927492293364311,-0.24284708245958628,0.01786713623233084,12.643819808959961,-0.24926971762414796,-0.0015736001340396323,-0.003152135324756444
2024-05-09,12.653799057006836,12.663777670267596,12.583943053959338,12.623860362113467,194800,51.09907516009801,-0.12609240516964526,0.09340374183195282,-0.21949614700159809,0.01781539079134126,12.663778305053711,-0.36835278858625164,0.00237159585377074,-0.003943233071776046
2024-05-10,12.53404712677002,12.653799051177236,12.52406756181016,12.603902178081638,819500,47.38007562157312,-0.11267859314107298,0.08545404308842011,-0.1981326362294931,0.017838467325138267,12.653799057006836,3.2068788501026697,-0.0055423352486103404,-0.0015923678168268682
2024-05-13,12.524067878723145,12.563985187868964,12.49413013478971,12.51408831351076,1048000,47.072620705946846,-0.10168117509232921,0.07716116890973113,-0.17884234400206034,0.013198913105747783,12.53404712677002,0.2788285539963393,0.0007974664204351569,0.0031872732893211187
2024-05-14,12.544026374816895,12.6039028159024,12.534047761055763,12.563985505746643,661900,47.8021669807591,-0.09031407379774592,0.07082261616345153,-0.16113668996119745,0.012932769132995084,12.524067878723145,-0.3684160305343511,-0.0015885986911255007,0.010342068579284215
2024-05-15,12.793509483337402,12.793509483337402,12.6737575558456,12.6737575558456,1068100,55.971781795646585,-0.06047721855622079,0.08052757712398134,-0.14100479568020213,0.012293542204956221,12.544026374816895,0.6136878682580451,0.00944881002844871,0.0007800492422148688
2024-05-16,12.823448181152344,12.863365490323016,12.783530871981673,12.803489050715148,503700,56.844672694198756,-0.03402329375717983,0.08558520153841784,-0.11960849529559767,0.012290868074379527,12.793509483337402,-0.5284149424211216,0.0015588821420580272,0.0031128128306519656
2024-05-17,12.923240661621094,12.953178404839722,12.843406045235618,12.863365175183835,604000,59.71185754550138,-0.004948900743251272,0.09172767564187712,-0.09667657638512839,0.010576101125415434,12.823448181152344,0.19912646416517776,0.004654729584508019,0.002316606497467246
2024-05-20,12.94320011138916,12.963158290126836,12.903282802210086,12.953178724906138,461000,60.28026924055091,0.019478786650793722,0.09292429042873769,-0.07344550377794397,0.009162758286953525,12.923240661621094,-0.23675496688741726,-0.0007703602126473583,-0.003855040379774672
2024-05-21,12.873344421386719,12.973138172626886,12.873344421386719,12.893303552316251,810300,57.236599742754514,0.032822774020283774,0.0850146222385822,-0.05219184821829842,0.008579083609706826,12.94320011138916,0.757700650759219,-0.0015480230375826804,-0.0038759349039975037
2024-05-22,12.703695297241211,12.87334409907979,12.703695297241211,12.823448176412684,869200,50.559883876054734,0.029370152807903338,0.0652496008209614,-0.03587944801305807,0.008783905039950987,12.873344421386719,0.07268912748364809,-0.009338586433541773,0.011783260108222946
2024-05-23,12.813468933105469,12.913261732650456,12.773551622946725,12.853386243264213,757500,54.276594499351965,0.035087276339421436,0.056773379481983605,-0.021686103142562172,0.008902066072701513,12.703695297241211,-0.12850897376898296,-0.0031055870727966783,-0.011682287378408419
2024-05-24,12.573965072631836,12.673757872180625,12.563985507165835,12.663778306714622,386100,46.128632428877,0.020060928113062815,0.03339762500449999,-0.013336696891437176,0.010056240183175809,12.813468933105469,-0.4902970297029703,-0.0070921356886961134,0.01269837492701933
2024-05-28,12.793509483337402,12.81346861377123,12.73363399544336,12.73363399544336,440300,53.08165504887103,0.025573047842563312,0.03112779578720039,-0.005554747944637079,0.010669767147709756,12.573965072631836,0.14037814037814034,0.004702152418976981,-0.0093603659412881
2024-05-29,12.643819808959961,12.733633992483869,12.643819808959961,12.673757552900025,531800,48.48659230323152,0.017659172776106402,0.018571136576594784,-0.0009119638004883831,0.010582004354836099,12.793509483337402,0.20781285487167844,-0.002362183733995548,-0.000789284231071319
2024-05-30,12.583943367004395,12.653799371789669,12.563985188282688,12.633840241364242,310000,46.74351293020962,0.006481130869737228,0.005914475736180489,0.0005666551335567393,0.010659568635999756,12.643819808959961,-0.4170740880030086,-0.00394946219095605,-0.0015860035395612027
2024-05-31,12.583943367004395,12.613882062642535,12.53404744434827,12.563985188282688,320900,46.74351293020962,-0.0023504533118305915,-0.0023336867563098647,-1.676655552072684e-05,0.010493746373823092,12.583943367004395,0.03516129032258064,0.001588522942570794,0.0126884068694428
2024-06-03,12.763571739196777,12.793509483143342,12.693716686086882,12.743613560466972,695900,52.664217335315975,0.005086328980770105,0.004082476429032665,0.0010038525517374395,0.010790065697137481,12.583943367004395,1.168588345278903,0.0015661318224305728,0.003127415507441024
2024-06-04,12.803488731384277,12.823447861323675,12.753591858239483,12.803488731384277,597300,53.89096283900435,0.014039165436019019,0.010428250307425262,0.0036109151285937556,0.009882335647812995,12.763571739196777,-0.14168702399770083,0.0,0.0023382739100790764
2024-06-05,12.883323669433594,12.923240978605433,12.833426795042865,12.833426795042865,696900,56.328668218525095,0.02726210454949296,0.018920951536719362,0.008341153012773597,0.009957378120433107,12.803488731384277,0.16675037669512816,0.0038880398187959146,-0.00542210516220031
2024-06-06,12.783531188964844,12.873344423048092,12.753592492566684,12.81346893365926,379500,52.58621336575683,0.02935062416454315,0.016807576921415643,0.012543047243127508,0.0101446918309443,12.883323669433594,-0.4554455445544554,-0.0023364277737291145,-0.002341973900294787
2024-06-07,12.783531188964844,12.823448499125313,12.743613878804375,12.753592492566684,307600,52.586213365756834,0.03065244865879002,0.014487521132530011,0.01616492752626001,0.01014087576821441,12.783531188964844,-0.18945981554677205,0.0023474716175547828,0.005464456828616348
2024-06-10,12.813468933105469,12.863365808729835,12.763572057481102,12.853386243264213,292300,53.65747945887232,0.033711277083918745,0.014037079646126986,0.01967419743779176,0.009866655299719165,12.783531188964844,-0.04973992197659294,-0.0031055870727966783,-0.007009407691889807
2024-06-11,12.623860359191895,12.773550978513006,12.613881745933444,12.723654105405968,440800,46.49272512834422,0.020598150699289164,0.0007391626091979228,0.01985898809009124,0.010489044557583689,12.813468933105469,0.5080396852548752,-0.007843167174096138,0.016600795248580266
2024-06-12,12.923240661621094,12.933220226595202,12.833426480261508,12.833426480261508,596200,56.39355601062639,0.03397178633873921,0.01129023859891837,0.022681547739820836,0.011711269650172688,12.623860359191895,0.35254083484573506,0.006998456842194453,-0.0030888002598733117
2024-06-13,12.893302917480469,12.923240660696957,12.84340604431719,12.883323352507073,483300,55.291763579019374,0.04167436702123695,0.015194255425132884,0.026480111596104063,0.010906656342027417,12.923240661621094,-0.1893659845689366,0.0007746110766872568,-0.02012383290734585
2024-06-14,12.673757553100586,12.723654427470626,12.593922934790008,12.633840243945297,1332700,47.900772118948275,0.029720640573843937,0.002592423182191897,0.02712821739165204,0.011569242458337944,12.893302917480469,1.7575005172770535,0.003159554686819716,-0.0023622089864795913
2024-06-17,12.623860359191895,12.663777667336785,12.55400530786426,12.643819489116188,372300,46.383233290864474,0.016036085688453383,-0.008873705362558926,0.02490979105101231,0.011422289636481916,12.673757553100586,-0.7206423050949201,-0.001578568085496194,3.064067921903794e-10
2024-06-18,12.683736801147461,12.723654109304583,12.603902184833219,12.623860363059931,537500,48.492037290033,0.009908289216999933,-0.012001201467209902,0.021909490684209835,0.011483632758618289,12.623860359191895,0.44372817620198757,0.004743116318265124,-0.007081026167232309
2024-06-20,12.404315948486328,12.673757547233869,12.394336383276196,12.593922928960248,962200,40.48891818276076,-0.0172955884497501,-0.03136406330716795,0.014068474857417848,0.012389239743274473,12.683736801147461,0.790139534883721,-0.015055434398277211,0.0008044724650784573
2024-06-21,12.424274444580078,12.444233575510198,12.394336699888642,12.414294879115019,456100,41.23495728235231,-0.036819936352690874,-0.04071072896808698,0.0038907926153961036,0.01211140044000931,12.404315948486328,-0.5259821242984826,0.0008038769468774369,-0.015261062049599641
2024-06-24,12.204728126525879,12.2646045644906,12.204728126525879,12.234666821360086,424000,35.90309781098337,-0.06921085610601274,-0.05848131897712708,-0.010729537128885667,0.012429139882229325,12.424274444580078,-0.07037930278447713,-0.0024470380167556814,0.004906055881812187
2024-06-25,12.274584770202637,12.284564335668334,12.2147083291122,12.26460520473694,618800,38.622590772861514,-0.08822701988034254,-0.0619979862011655,-0.02622903367917704,0.011929346690542856,12.204728126525879,0.459433962264151,0.0008136882760679897,-0.0024390285969652426
2024-06-26,12.25462532043457,12.374377247796035,12.234667141726186,12.244646706932238,606300,38.124871090943095,-0.10371249438725094,-0.06198676856645911,-0.04172572582079183,0.011097799090181621,12.274584770202637,-0.02020038784744671,0.0008149368243252402,0.0016286759058702926
2024-06-27,12.264604568481445,12.364398314553888,12.234666825341192,12.27458413342943,152600,38.55124482028314,-0.11386701451984038,-0.05771303095923884,-0.05615398356060154,0.010878097264102313,12.25462532043457,-0.748309417779977,-0.0008130267257532398,-0.0073230397775803585
2024-06-28,12.144852638244629,12.234666819324923,12.124893508358477,12.174790381370162,737500,35.39890160370144,-0.13007806587315685,-0.05913926585004424,-0.0709388000231126,0.011014914104788949,12.264604568481445,3.832896461336828,-0.002458994544279272,0.01068206719523925
2024-07-01,12.274584770202637,12.324481645827378,12.19475014988455,12.274584770202637,203900,41.02506424400759,-0.13094765893254312,-0.04800708712754441,-0.08294057180499871,0.011356222700172763,12.144852638244629,-0.7235254237288136,0.0,0.010569088773478808
2024-07-02,12.374377250671387,12.41429455980115,12.334459941541622,12.4043159462965,403300,44.993516912345164,-0.1221760293099674,-0.03138836600397496,-0.09078766330599244,0.01099337560821676,12.274584770202637,0.9779303580186365,-0.0024135708695852192,1.9374389189294119e-10
2024-07-03,12.434253692626953,12.434253692626953,12.374377253068847,12.374377253068847,154900,47.285577191382565,-0.10913488219257772,-0.014677775109268223,-0.0944571070833095,0.011037774199779258,12.374377250671387,-0.6159186709645426,0.0048387436663333535,-0.0024076577503804484
2024-07-05,12.424274444580078,12.454212189271514,12.384357134423583,12.404316265353703,361000,46.934557564394176,-0.09846982224744849,-0.0032101721313111814,-0.09525965011613731,0.010892633757206302,12.434253692626953,1.330535829567463,0.0016089705227945424,-0.00562251665592553
2024-07-08,12.354418754577637,12.414294240882242,12.354418754577637,12.354418754577637,265300,44.44721331681933,-0.09456437651003746,0.0005562188848798888,-0.09512059539491735,0.010841406871318439,12.424274444580078,-0.26509695290858726,0.0,0.007269828330809372
2024-07-09,12.464191436767578,12.504108745905759,12.414294562418922,12.444233258050348,341000,49.01941282943408,-0.0816701024782791,0.010760394333310608,-0.09243049681158971,0.011091735800223443,12.354418754577637,0.285337353938937,0.0016038094355326428,-0.004803775059636563
2024-07-10,12.454212188720703,12.464191754185322,12.364398954650369,12.404316264805098,200300,48.62758949984907,-0.07143310298160266,0.016797915063989644,-0.0882310180455923,0.011061053440576517,12.464191436767578,-0.4126099706744868,0.004022464668784281,-0.00320517630958372
2024-07-11,12.414294242858887,12.474170680876721,12.404315629608995,12.414294242858887,174000,47.00892242621167,-0.06578294688649677,0.01795845692727642,-0.0837414038137732,0.010614711533048705,12.454212188720703,-0.13130304543185223,0.0,-0.0008037490742515026
2024-07-12,12.424274444580078,12.474171320201634,12.394336699888642,12.404316265353703,187300,47.4796377337325,-0.059810381752896546,0.019144817648701323,-0.07895519940159787,0.008935043656100969,12.414294242858887,0.07643678160919531,0.0016089705227945424,-5.149130955868189e-08
2024-07-15,12.324481010437012,12.424273804837917,12.314501445485812,12.424273804837917,680600,43.334519801452124,-0.06241015160262542,0.01323603823917796,-0.07564618984180338,0.009038903682793219,12.424274444580078,2.6337426588360917,-0.008032082676900311,-0.000809709393720032
2024-07-16,12.314501762390137,12.364398636726495,12.294542631974107,12.314501762390137,332200,42.93089304289656,-0.06453184689486768,0.008891474357548557,-0.07342332125241624,0.008340508713693526,12.324481010437012,-0.5119012635909492,0.0,-0.014586735082644131
2024-07-17,12.045059204101562,12.134873387507398,12.035080590603807,12.134873387507398,969400,33.78173762061429,-0.08695273136742365,-0.01082352809200593,-0.07612920327541772,0.009510359586256735,12.314501762390137,1.918121613485852,-0.007401328430694372,0.014913033342399235
2024-07-18,12.134873390197754,12.264604882734531,12.104935646290413,12.224687573623502,369500,38.48757947566956,-0.09636337266027262,-0.016187335507883913,-0.0801760371523887,0.009634672766966577,12.045059204101562,-0.6188363936455539,-0.007346951231664589,-0.004111884348889082
2024-07-19,12.025100708007812,12.09495575916692,12.015121143069742,12.08497619422885,299600,35.195427931000594,-0.11139501928765405,-0.024975185708212264,-0.08641983357944179,0.008608499195998615,12.134873390197754,-0.1891745602165088,-0.0049545390291815435,2.6394333591254727e-08
2024-07-22,12.045059204101562,12.074997899705988,12.015121460200858,12.025101025402332,312500,36.26293195868807,-0.1203103607541891,-0.02711242173979786,-0.09319793901439125,0.008609475996325984,12.025100708007812,0.04305740987983975,0.0016597098566631535,-0.009942022718858355
2024-07-23,11.84547233581543,11.955244694929327,11.835492770885887,11.92530695184439,737200,30.799170515335195,-0.14184571623080622,-0.03891822177313198,-0.10292749445767424,0.008503619191193284,12.045059204101562,1.3590399999999998,-0.006694554391877834,0.007582152865948331
2024-07-24,11.875410079956055,11.955244695992112,11.845472336868456,11.935286517834944,384100,32.4434220228196,-0.15471347422285575,-0.041428783812145195,-0.11328469041071056,0.008390824123736844,11.84547233581543,-0.4789744981009224,-0.00501675747703384,0.0008403823111839916
2024-07-25,11.895369529724121,11.955245017509574,11.865431785831394,11.885389964525306,308500,33.57658486511493,-0.16143972766278658,-0.03852402980166081,-0.12291569786112577,0.008423175590947836,11.875410079956055,-0.1968237438167144,0.0008396497909283233,0.0058724313006341036
2024-07-26,12.025100708007812,12.04505888618026,11.945266091910634,11.965224270083082,215700,40.5559159849137,-0.1545208894673067,-0.02528415328494471,-0.12923673618236198,0.00885721409828795,11.895369529724121,-0.30081037277147493,0.005004205234534608,0.002489630776451926
2024-07-29,11.985183715820312,12.065018334021477,11.955245020217086,12.055038768820403,309400,39.19139124992333,-0.150523486959111,-0.01702940062139921,-0.1334940863377118,0.008634024328334171,12.025100708007812,0.4343996291145109,-0.005794676760456863,-0.0016653437514288203
2024-07-30,11.935286521911621,12.005141573041108,11.925306956977781,11.965224265009445,229500,37.493214571640095,-0.14965665445727083,-0.012930054495647214,-0.13672659996162362,0.008239841274547811,11.985183715820312,-0.2582417582417582,-0.002502062847695397,0.013377940797689664
2024-07-31,12.045059204101562,12.104935643606693,12.045059204101562,12.094956078405218,260000,43.31265400613473,-0.13851522808361239,-0.0014309024975910078,-0.13708432558602138,0.008307770513538119,11.935286521911621,0.13289760348583868,-0.00412542831740773,-0.020712511616630958
2024-08-01,11.685803413391113,11.835493084485753,11.665844283003178,11.795575775413601,693600,32.61171644555691,-0.1568662508038443,-0.015825540174258357,-0.14104071062958595,0.010327025577132064,12.045059204101562,1.6676923076923078,-0.009306231769651693,0.007685751904502283
2024-08-02,11.74567985534668,11.805555343115769,11.695782981069959,11.775617599231223,543300,35.47315457103894,-0.1646797148212027,-0.018911203353293382,-0.1457685114679093,0.0104787587118886,11.685803413391113,-0.21669550173010377,-0.002542350210701316,-0.039932025880456294
2024-08-05,11.376443862915039,11.436320303999405,11.22675418775974,11.276651063379422,884500,27.67039744994672,-0.19837940580004876,-0.04208871546571155,-0.1562906903343372,0.012285009504652037,11.74567985534668,0.628013988588257,0.008849506735177006,0.016666658564023887
2024-08-06,11.635906219482422,11.69578265729768,11.536113425395246,11.566051168451029,335900,37.99207910410562,-0.20182371181741665,-0.036426417186463556,-0.1653972946309531,0.01339988322053284,11.376443862915039,-0.6202374222724703,0.006039662976931837,0.011149265867731076
2024-08-07,11.685803413391113,11.805555340607569,11.685803413391113,11.765638031535417,298800,39.77207392252718,-0.1982418539201607,-0.026275647431366067,-0.17196620648879463,0.01349871534377587,11.635906219482422,-0.11044953855314077,-0.006785404916445936,0.005977797979577832
2024-08-08,11.795576095581055,11.825514791975584,11.705761909804956,11.755658785425426,118200,43.607352287723174,-0.18441959341091696,-0.009962709537697845,-0.17445688387321912,0.01378410635699412,11.685803413391113,-0.6044176706827309,0.003395582577228036,0.000845989300076295
2024-08-09,11.815534591674805,11.88538964276798,11.785596848592542,11.805555026746152,198900,44.30182971025265,-0.16989640849834942,0.0036483802998957537,-0.17354478879824517,0.013796605760094218,11.795576095581055,0.6827411167512691,0.000845327890644992,0.002533761287594982
2024-08-12,11.84547233581543,11.865431465674517,11.815534592730494,11.84547233581543,214400,45.38824954299521,-0.15419350729924197,0.01548102519920258,-0.16967453249844455,0.013772568871849687,11.815534591674805,0.07792860734037199,0.0,-0.002527357477710512
2024-08-13,11.84547233581543,11.865431465674517,11.755658154856926,11.815534592730494,234300,45.38824954299522,-0.14013347351305505,0.0236328471883116,-0.16376632070136665,0.013777098521174412,11.84547233581543,0.09281716417910446,0.0025337611980210633,-0.0025273307714466873
2024-08-14,11.835493087768555,11.855452218162027,11.785597165192314,11.815534909078803,98600,45.048557202288414,-0.12831688023686816,0.028359552371598817,-0.15667643260846698,0.012945204171916622,11.84547233581543,-0.5791720017072131,0.0016891472830752984,-0.004215814145299803
2024-08-15,11.815534591674805,11.835492769828415,11.785596848592542,11.785596848592542,189800,44.333907834554296,-0.11918869567483448,0.029990189546905993,-0.14917888522174047,0.012799016256162107,11.835493087768555,0.924949290060852,0.002540197451759767,0.01689193018959384
2024-08-16,12.124894142150879,12.124894142150879,12.015121777150107,12.015121777150107,371600,55.988534276194656,-0.08600045365036735,0.05054274525709851,-0.13654319890746586,0.014034676203006868,11.815534591674805,0.957850368809273,0.009136184138352479,0.006584330174148965
2024-08-19,12.314501762390137,12.324481327598154,12.174790704589078,12.204728448509405,279900,61.33214321664808,-0.04389281337108031,0.07412030842910844,-0.11801312180018875,0.014437348521486412,12.124894142150879,-0.2467707212055974,0.008994326612333488,0.004862167909915032
2024-08-20,12.444232940673828,12.45421155392609,12.334459629565687,12.374376937685822,205600,64.50740708840786,-5.336800859723212e-05,0.09436780303327322,-0.09442117104187045,0.013944611257643933,12.314501762390137,-0.2654519471239728,0.00564521376225913,0.0024058035547597904
2024-08-21,12.51408863067627,12.524068196141583,12.464191755053445,12.47417132051876,263400,66.12067528910346,0.03986691765176076,0.10743047095490497,-0.06756355330314422,0.01396127776803759,12.444232940673828,0.2811284046692606,0.003199996948242122,-0.003987307203555997
2024-08-22,12.384356498718262,12.484150244838828,12.384356498718262,12.464191114933236,180200,60.61071225888715,0.06034016890864713,0.10232297776943308,-0.04198280886078595,0.01426489727188491,12.51408863067627,-0.31586940015186027,-0.006405118108252126,0.006446408825901025
2024-08-23,12.53404712677002,12.544025740026182,12.464191123754704,12.464191123754704,282800,64.30669478265462,0.08763396094699161,0.10369341584622205,-0.01605945489923044,0.014305597941952887,12.384356498718262,0.5693673695893451,0.00560453561099377,-0.003184685008488217
2024-08-26,12.524067878723145,12.554005622656579,12.484150569577325,12.49413013478971,161300,63.87638619853399,0.10722324305936937,0.09862615836687985,0.008597084692489522,0.014265684038360621,12.53404712677002,-0.4296322489391796,0.00239614471839645,0.003984104309386067
2024-08-27,12.633840560913086,12.643820126378213,12.563985506064682,12.573965071529809,232800,66.52956387357825,0.13010584907071987,0.09720701150258428,0.032898837568135594,0.014250360982845118,12.524067878723145,0.44327340359578415,0.004761862232212498,-0.005529252530817799
2024-08-28,12.474170684814453,12.573964430974447,12.444232941647934,12.563984866017709,500600,59.66506755899102,0.13381393091139415,0.08073207467460684,0.05308185623678731,0.014578816901752572,12.633840560913086,1.1503436426116838,-0.007148542612955499,5.091767792286054e-08
2024-08-29,12.544026374816895,12.554005940281769,12.474171319970258,12.474171319970258,198300,61.53498892263122,0.1407667118305067,0.07014788447497552,0.07061882735553118,0.01253626834555502,12.474170684814453,-0.6038753495805034,0.005599975585937574,-2.5300704182325666e-08
2024-08-30,12.524067878723145,12.603902497014783,12.49413013478971,12.544026057444194,148500,60.669575403953104,0.1430177375137216,0.057919128126552324,0.08509860938716927,0.012583833065286258,12.544026374816895,-0.25113464447806355,-0.0015910504832860536,-0.0023904429629820227
2024-09-03,12.354418754577637,12.524067551946843,12.334459624673638,12.494129808794542,373400,53.74987207601357,0.12961826639336316,0.0356157256049551,0.09400254078840806,0.010438537454829887,12.524067878723145,1.5144781144781145,-0.011182135639295434,0.00969304445767189
2024-09-04,12.474170684814453,12.544025736104231,12.444232941647934,12.474170684814453,230500,57.43993980164867,0.12719583454994243,0.0265546350092275,0.10064119954071493,0.009584027912636272,12.354418754577637,-0.38269951794322443,0.0,5.1005830525272056e-08
2024-09-05,12.484150886535645,12.524068196694918,12.464191755604135,12.474171321069889,89800,57.74253796597082,0.12464453413129029,0.019202667672460275,0.10544186645883001,0.009601183050471739,12.474170684814453,-0.6104121475054229,0.0008000183105469472,0.011190998079287886
2024-09-06,12.544026374816895,12.66377830528416,12.524068195590889,12.623860995128405,206300,59.59844643260232,0.12600159373305786,0.016447781819382265,0.1095538119136756,0.009503490756727184,12.484150886535645,1.2973273942093542,-0.006324104831502742,-0.002386613546781803
2024-09-09,12.573965072631836,12.603902817326098,12.444233576685042,12.514088631539568,237100,60.53184785591132,0.12801717366004617,0.014770689397096443,0.11324648426294973,0.00949925245894631,12.544026374816895,0.1492971400872516,0.004784722472027212,-0.012698475985459111
2024-09-10,12.424274444580078,12.544026375049565,12.264605203954096,12.414294879115019,227900,53.83484824536348,0.11619631383050866,0.0023598636540471396,0.11383645017646152,0.010080099848525615,12.573965072631836,-0.038802193167439936,0.0008038769468774369,-0.004016105080962378
2024-09-11,12.404315948486328,12.424274127202873,12.284564021075896,12.374377252855929,326500,52.99300205472259,0.10401865115509601,-0.007854239217092412,0.11187289037218842,0.010106898580439682,12.424274444580078,0.43264589732338754,0.002419410287777465,-0.004022541568207338
2024-09-12,12.374377250671387,12.394336381088129,12.344439506749994,12.354419071958365,170900,51.68730353782143,0.09090407742524675,-0.016775050357553334,0.10767912778280009,0.010139120721666395,12.404315948486328,-0.47656967840735065,0.0016154688129628423,-0.0032258290812641056
2024-09-13,12.354418754577637,12.414294240882242,12.304521881521335,12.334459624673638,324000,50.78889729410757,0.07800105185249606,-0.02374246074424323,0.10174351259673929,0.01013762292713212,12.374377250671387,0.8958455236980691,0.0016181600581895645,-0.00969299302756419
2024-09-16,12.184770584106445,12.234667459729907,12.164811453175563,12.234667459729907,206900,43.817185657431246,0.05346975551884903,-0.03861900566231222,0.09208876118116124,0.009055769469427441,12.354418754577637,-0.3614197530864197,-0.004078318907129793,0.018018039747504464
2024-09-17,12.454212188720703,12.454212188720703,12.39433669934048,12.404316264805098,257900,54.49993041188067,0.05513465413814167,-0.029563285634415654,0.08469793977255732,0.009724579862985994,12.184770584106445,0.24649589173513764,0.004022464668784281,0.0016025497891690404
2024-09-18,12.444232940673828,12.474170683838004,12.38435650264178,12.474170683838004,133500,54.08971506880348,0.05501468137016552,-0.02374660672191345,0.07876128809207897,0.009441857550017302,12.454212188720703,-0.48235750290810386,-0.002399978637695274,0.008019226067141522
2024-09-19,12.583943367004395,12.593922932217108,12.514088313922842,12.54402605785726,174800,58.76876789916309,0.06543872895016989,-0.010658047313527264,0.07609677626369715,0.009696193185677196,12.444232940673828,0.30936329588014977,0.0031821768356524146,-0.006344140263914963
2024-09-20,12.51408863067627,12.554005940833779,12.504109065210956,12.504109065210956,129300,55.711426329789674,0.06728751969522229,-0.007047405254779898,0.07433492495000218,0.009474007172435614,12.583943367004395,-0.2602974828375286,0.0007981028806825139,0.0023923231666457476
2024-09-23,12.544026374816895,12.57396507121152,12.524068195590889,12.544026374816895,106200,56.74989276071954,0.07035738924521162,-0.0031820285638324564,0.07353941780904408,0.0090937699520341,12.51408863067627,-0.17865429234338748,0.0,0.00715989158861943
2024-09-24,12.643819808959961,12.653799374174556,12.59392293459071,12.633840243745366,276100,60.10771185702034,0.07992149387561476,0.005105660853256533,0.07481583302235822,0.009258508256378774,12.544026374816895,1.5998116760828625,0.0007899075041363789,0.005524863070815424
2024-09-25,12.693717002868652,12.803489367881332,12.683737437402842,12.713675182096528,534500,61.70849102963594,0.09048435492205975,0.01253481751976121,0.07794953740229854,0.009093799552626299,12.643819808959961,0.9358927924664977,-0.0015698198154363138,0.008647746382838389
2024-09-26,12.733633995056152,12.823448178598204,12.713674864622933,12.803489048164984,1236800,62.988022970228855,0.10091320150135807,0.018370931279247632,0.08254227022211044,0.008584727525065032,12.693717002868652,1.3139382600561271,-0.005455938834019879,0.0031347682996855273
2024-09-27,12.773550987243652,12.833426473650064,12.743613244040446,12.773550987243652,230800,64.27366996688141,0.11111820373654879,0.022860746811550675,0.08825745692499812,0.008533728642248896,12.733633995056152,-0.8133893919793014,0.0,0.0031250468277801884
2024-09-30,12.753592491149902,12.813468932235827,12.703695615528922,12.813468932235827,488400,63.09356880817659,0.11625514079952737,0.0223981470996234,0.09385699369990397,0.008533284461201407,12.773550987243652,1.1161178509532061,-0.004672929821157838,0.003912378141654522
2024-10-01,12.813468933105469,12.863365808729835,12.713675181856736,12.803489367639846,260300,65.16025241019216,0.12373142998436393,0.023899549027567968,0.09983188095679596,0.007850702263464446,12.753592491149902,-0.467035217035217,0.0007794410710290524,-0.007009382557036842
2024-10-02,12.673757553100586,12.733633992685379,12.663777987885833,12.723654427470626,229300,57.122418801194016,0.11703380937398045,0.013761542733747578,0.10327226664023287,0.008114865540724802,12.813468933105469,-0.11909335382251252,-0.0039215835870480345,-0.012598413621876876
2024-10-03,12.49413013458252,12.613882062017991,12.454211873733643,12.514088313303239,232000,48.78931971662924,0.09612341443421535,-0.005719081764814032,0.10184249619902938,0.00878068964338976,12.673757553100586,0.011774967291757532,-0.0015948567902866941,-0.0015974553424359722
2024-10-04,12.454212188720703,12.484150885114559,12.424274444030592,12.47417131964994,234900,47.143427649654974,0.07546086528805418,-0.021105304728780167,0.09656617001683435,0.008736326002791965,12.49413013458252,0.012499999999999956,-0.0016000366210937528,1.3332305112977117e-10
2024-10-07,12.364398956298828,12.464191755847086,12.364398956298828,12.454212190381137,409800,43.581117129201786,0.05124771718503851,-0.03625476226543668,0.08750247945047519,0.008842618091966183,12.454212188720703,0.7445721583652618,-0.007211474536436335,0.004035450731777966
2024-10-08,12.424274444580078,12.454212189271514,12.384357134423583,12.414294879115019,249500,46.484368862093945,0.036469674663115015,-0.040826243829888156,0.07729591849300317,0.008523166797934386,12.364398956298828,-0.39116642264519275,0.0008038769468774369,0.0032128484855416706
2024-10-09,12.573965072631836,12.573965072631836,12.464191755913301,12.464191755913301,202100,52.99646704072489,0.03641696011402118,-0.0327031667031856,0.06912012681720678,0.008922355860726051,12.424274444580078,-0.18997995991983962,0.008807094665119832,-0.006349250808535549
2024-10-10,12.474170684814453,12.53404712285119,12.444232941647934,12.49412981472793,183300,48.73844281076327,0.02799984558312829,-0.032896224987262794,0.060896070570391085,0.009107893669628888,12.573965072631836,-0.09302325581395354,-0.001597480593642447,0.005599976130894078
2024-10-11,12.623860359191895,12.643819489116188,12.484150256536626,12.544025742902113,246700,54.62724262717942,0.03302721026757105,-0.022295088242256032,0.05532229850982708,0.009448605385796126,12.474170684814453,0.3458810692853247,0.006364353671304868,-0.0023715205403730746
2024-10-14,12.59392261505127,12.613881744974044,12.514087998767561,12.59392261505127,174300,53.30825306344146,0.034201454174164425,-0.01689667546853013,0.051098129642694556,0.008829889488303856,12.623860359191895,-0.2934738548844751,0.0,-0.012678277463078142
2024-10-15,12.324481010437012,12.434253369789115,12.324481010437012,12.434253369789115,366000,43.198679848036704,0.013237768500140135,-0.03028828891404354,0.04352605741418367,0.008892622072313179,12.59392261505127,1.0998278829604131,-0.008828222820262903,0.001619418769565198
2024-10-16,12.314501762390137,12.394336380646822,12.294542631974107,12.344439506310463,152300,42.87437457222361,-0.0041336946898002935,-0.038127801683187176,0.03399410699338688,0.008892638024528622,12.324481010437012,-0.583879781420765,-0.0024252007476744824,0.0024311224837215316
2024-10-17,12.304522514343262,12.374377569192514,12.264605204186012,12.344439824500512,180600,42.53052462491272,-0.018492773162128273,-0.04198950412441212,0.02349673096228385,0.008454726331045938,12.314501762390137,0.18581746552856204,-0.0032336266954799014,-0.0032441428656037226
2024-10-18,12.224687576293945,12.304522194533446,12.214708011088078,12.264604885413695,334100,39.7817750223635,-0.03590061861119764,-0.04751787965878519,0.011617261047587552,0.008483312266463525,12.304522514343262,0.8499446290143964,-0.003254675506686972,-0.0008163452334220839
2024-10-21,12.19474983215332,12.234667141272327,12.18477026694764,12.214708010860964,240300,38.76987046278958,-0.051518316217997295,-0.050508461812467875,-0.0010098544055294166,0.008446360159204299,12.224687576293945,-0.28075426519006286,-0.0016339464430829651,-0.009001660642419649
2024-10-22,12.094956398010254,12.134873708167236,12.065018653318454,12.084976832545072,202700,35.52596041871718,-0.07112803055703765,-0.05609454092120658,-0.015033489635831064,0.008277074668701763,12.19474983215332,-0.1564710778193924,0.0008257827551896162,-0.0016501768471909263
2024-10-23,12.025100708007812,12.144852632153581,12.00514157813167,12.074997580994474,1231700,33.41810520448494,-0.09125372469115867,-0.06097618804426208,-0.030277536646896586,0.008183051118801148,12.094956398010254,5.076467686235817,-0.004132247037895614,-0.004149367316187681
2024-10-24,11.925307273864746,12.025101022447535,11.915327708665723,11.97520414815614,574600,30.622826668774817,-0.11394251997356442,-0.06693198666133426,-0.04701053331223015,0.00815510944311674,12.025100708007812,-0.5334902979621661,-0.004166682561238526,0.0008368659360406707
2024-10-25,11.885390281677246,11.965224901990652,11.865432102450768,11.935287157299062,306400,29.55781085163457,-0.13360441286250335,-0.06927510364021855,-0.0643293092222848,0.008015956649855,11.925307273864746,-0.4667594848590324,-0.004180617941085804,0.003358519090302006
2024-10-28,11.885390281677246,11.935287157299062,11.865432102450768,11.925307591833949,436400,29.557810851634567,-0.14748647238674373,-0.06652573053156713,-0.0809607418551766,0.008044078011834349,11.885390281677246,0.4242819843342036,-0.0033472771959389127,0.004198142126666929
2024-10-29,11.955245018005371,11.995163278802288,11.915327708912175,11.935286839310633,378300,34.20220967193851,-0.15110951472985334,-0.05611901829974139,-0.09499049643011195,0.008111452747654482,11.885390281677246,-0.13313473877176907,0.0016721993332412274,-0.004173586002033308
2024-10-30,11.875410079956055,11.935286517834944,11.845472336868456,11.905348774747345,194500,31.635082128214638,-0.15859463396295048,-0.05088331002627082,-0.10771132393667966,0.007960136703617357,11.955245018005371,-0.48585778482685704,-0.0025147263938032844,0.0016807644579780053
2024-10-31,11.885390281677246,11.935287157299062,11.845472971520543,11.895369847142359,514200,32.318979897878776,-0.16185555591467882,-0.04331538558239931,-0.11854017033227951,0.00757102289549618,11.875410079956055,1.6437017994858611,-0.0008389453706233335,-0.00251892300939564
2024-11-01,11.78559684753418,11.905348771556167,11.765637717678668,11.855451898621082,587600,29.176069447148894,-0.17052663132513857,-0.04158916879428726,-0.1289374625308513,0.007685807798704172,11.885390281677246,0.14274601322442626,-0.00589223014729849,-0.0008467327255556956
2024-11-04,11.715741157531738,11.775617596993166,11.685803413652884,11.775617596993166,409700,27.18328295590982,-0.18094941916743146,-0.0416095653092641,-0.13933985385816736,0.007651658907598566,11.78559684753418,-0.3027569775357386,-0.0050847812412588254,1.9005861251991363e-10
2024-11-05,11.74567985534668,11.785597164427312,11.715741159758416,11.715741159758416,250800,29.408648137815742,-0.18466504720487364,-0.03626015467736504,-0.1484048925275086,0.007549998698582327,11.715741157531738,-0.3878447644618013,0.0025554248066778943,0.020390831424126694
2024-11-06,11.975204467773438,12.0151217779312,11.885390281992539,11.985184033238815,779000,43.631526799198475,-0.16716205111805849,-0.015005726872439895,-0.1521563242456186,0.008455946572071445,11.74567985534668,2.106060606060606,-0.000832658508847304,-2.648424088665867e-08
2024-11-07,11.985183715820312,12.005141894518744,11.965224585418163,11.975204150619238,561700,44.158329083343176,-0.15074783153498572,0.0011267941685063065,-0.15187462570349203,0.008380924855191409,11.975204467773438,-0.2789473684210526,0.0008333524068196155,-0.004163213363078222
2024-11-08,11.895369529724121,11.935286838815662,11.87541039932649,11.935286838815662,232500,40.49059887522604,-0.14333442839882693,0.0068321578437320896,-0.15016658624255902,0.00778372080036818,11.985183715820312,-0.5860779775680969,-0.003344478405137499,0.003355701476258935
2024-11-11,11.895369529724121,11.96522458270839,11.885389964525306,11.935286838815662,454600,40.49059887522604,-0.13589276578902876,0.011419056362824226,-0.14731182215185298,0.007810833717928746,11.895369529724121,0.9552688172043011,-0.003344478405137499,-0.0016778909923773839
2024-11-12,11.775617599487305,11.875410396339197,11.775617599487305,11.875410396339197,348800,35.88200532825279,-0.13806662836960015,0.007396155025802265,-0.14546278339540242,0.006728839131013277,11.895369529724121,-0.23273207215134184,-0.008403313529497455,-2.716780672374096e-08
2024-11-13,11.755658149719238,11.815534587566637,11.735699971572567,11.775617279569602,305500,35.16361828665154,-0.13978859500687868,0.004539350710819012,-0.1443279457176977,0.006721747412741603,11.775617599487305,-0.1241399082568807,-0.0016949540203715686,-0.0076400817566896284
2024-11-14,11.576030731201172,11.675823525269644,11.566051166283216,11.665843960351689,405500,29.44928809817508,-0.15387393450468423,-0.007636791029589224,-0.146237143475095,0.007306470681710082,11.755658149719238,0.3273322422258593,-0.007698819687264968,-0.008620667944306297
2024-11-15,11.376443862915039,11.496196745083772,11.376443862915039,11.476237614154401,401600,24.65503076015432,-0.1790773673704642,-0.02627217911629534,-0.15280518825416886,0.007942919088608525,11.576030731201172,-0.00961775585696667,-0.008695685345193627,0.006140380168153606
2024-11-18,11.476237297058105,11.516154606110158,11.446299553194995,11.446299553194995,237000,30.727458431098086,-0.18882214917274887,-0.028813568734863987,-0.16000858043788488,0.00840813857312543,11.376443862915039,-0.40986055776892427,0.0026154954030321183,-0.010434800535924126
2024-11-19,11.366464614868164,11.386422792980058,11.336525920144785,11.356485049960371,216400,28.049464117919594,-0.20306192552675384,-0.034442676071095135,-0.1686192494556587,0.00845851775329553,11.476237297058105,-0.08691983122362867,0.0008787547259464558,0.0070237264648148725
2024-11-20,11.476237297058105,11.476237297058105,11.406382244142941,11.446299553194995,271300,34.22310109573333,-0.2031475542843797,-0.027622643862976776,-0.17552491042140292,0.008891339602752209,11.366464614868164,0.2536968576709797,0.0026154954030321183,0.008695658049549769
2024-11-21,11.605968475341797,11.62592665347589,11.556071602451027,11.576030732288812,255500,40.699050847217656,-0.19055064459567816,-0.012020587339420186,-0.17853005725625798,0.009267287837194951,11.476237297058105,-0.058238112790269025,0.002586183791779336,-0.004299215311920982
2024-11-22,11.566051483154297,11.675823845148118,11.496196430222202,11.556071917962935,1517000,39.4132593293759,-0.18169401507566185,-0.002531166255523104,-0.17916284882013875,0.009268373397173676,11.605968475341797,4.937377690802348,0.0008635776293369448,0.008628051125223076
2024-11-25,11.695782661437988,11.695782661437988,11.61594804545851,11.665843966667914,404900,45.44561796141681,-0.16233554735415012,0.013461841172790923,-0.17579738852694105,0.00968255653735971,11.566051483154297,-0.7330916282135794,0.002566354809443354,0.004266227873204565
2024-11-26,11.725720405578613,11.755658148647736,11.675823532660944,11.745679535427158,544800,46.76291354548889,-0.14293048282774024,0.026293524559360654,-0.1692240073871009,0.009590858001563814,11.695782661437988,0.3455174117065942,-0.0016992741704167874,-0.003404252516695337
2024-11-27,11.635906219482422,11.705761270513813,11.625926654562596,11.685803092377856,170500,43.37882347456729,-0.13326291170130133,0.02876887654863966,-0.162031788249941,0.009624305560690303,11.725720405578613,-0.6870411160058737,-0.004269871099229809,0.006003459472978999
2024-11-29,11.735700607299805,11.755658786527617,11.675824166208876,11.705761910902469,351300,47.89112308012678,-0.11620913231251961,0.0366581247499371,-0.1528672570624567,0.009853793019482311,11.635906219482422,1.0604105571847509,0.0025576033943977305,-5.4353131379259256e-08
2024-12-02,11.695782661437988,11.735699969427728,11.675823531591272,11.735699969427728,531300,46.30161787295369,-0.10470792611014268,0.03852746476185123,-0.1432353908719939,0.00970767433775571,11.735700607299805,0.5123825789923142,-0.0034013572342277572,-0.006825905206250119
2024-12-03,11.595989227294922,11.655865666740768,11.586009662103327,11.615948357678109,308300,42.50364727149897,-0.102464486639807,0.03261672338574953,-0.13508121002555654,0.00980362874589469,11.695782661437988,-0.419725202333898,-0.001718252334515076,-0.003442337783483989
2024-12-04,11.50617504119873,11.556071915440931,11.486216862524081,11.556071915440931,408800,39.37335086135692,-0.10670378410359938,0.022701940737565734,-0.1294057248411651,0.009906471212353097,11.595989227294922,0.32598118715536817,-0.004317805791389188,0.031222978914976586
2024-12-05,11.915328025817871,11.945266722211821,11.845472970972807,11.865432101902108,670400,55.46460900807993,-0.07617018893776617,0.04258842872271916,-0.11875861766048533,0.012065395788707493,11.50617504119873,0.639921722113503,0.0042051501780339005,1.1895851512215687e-10
2024-12-06,11.945266723632812,11.965224902860744,11.9153280272353,11.9153280272353,221400,56.37698527400055,-0.04899154801134742,0.05581365571931034,-0.10480520373065776,0.012078669864953347,11.915328025817871,-0.6697494033412887,0.0025126204103722285,0.0016707755493062893
2024-12-09,11.955245018005371,12.005141892297798,11.945266404509862,11.9652245832046,304500,56.69541287192524,-0.02634344348359008,0.06276940819765414,-0.08911285168124422,0.011953193290278066,11.945266723632812,0.37533875338753386,-0.0008340474622797568,0.0008347169749343493
2024-12-10,11.905348777770996,11.9652242639614,11.89536921283803,11.9652242639614,359900,54.55106874895334,-0.012279318718618981,0.06146682637010019,-0.07374614508871917,0.01199540043073666,11.955245018005371,0.1819376026272579,-0.005004125695390857,0.0008382155604273407
2024-12-11,11.885390281677246,11.945266722764172,11.875410716212135,11.915328026368838,163100,53.67653671725882,-0.0027126130359516054,0.05682682564221406,-0.05953943867816566,0.011765261455420997,11.905348777770996,-0.5468185607113087,-0.0025125405381488026,-0.002518922919820426
2024-12-12,11.815534591674805,11.855451899685718,11.795575461817501,11.855451899685718,229100,50.61785125062273,-0.0007589515122763402,0.04702438973271146,-0.0477833412449878,0.011843785097512447,11.885390281677246,0.4046597179644389,-0.0033670001235441586,-0.0033783215928139643
2024-12-13,11.705761909484863,11.795576095258506,11.705761909484863,11.77561791603311,944000,46.165914850175824,-0.007976451159736442,0.03184551206820109,-0.03982196322793753,0.011499278725996548,11.815534591674805,3.120471409864688,-0.005932258251444584,0.0034101109077774696
2024-12-16,11.80555534362793,11.815534908824452,11.735700290659723,11.745679855856244,306100,50.43389521189888,-0.0055795578332613616,0.027393924315740933,-0.032973482149002295,0.010815981885590383,11.705761909484863,-0.6757415254237289,0.005097660459546146,-0.007607790017660523
2024-12-17,11.715741157531738,11.765638031798975,11.685803413652884,11.715741157531738,396200,46.835045770138734,-0.010802729669670441,0.017736601983465487,-0.02853933165313593,0.010888772779228208,11.80555534362793,0.2943482522051617,0.0,0.0017036438193256678
2024-12-18,11.615948677062988,11.785597483169772,11.615948677062988,11.735700607543587,326000,43.15065159441616,-0.02273250399861304,0.004645462123618313,-0.027377966122231354,0.01083723104980104,11.715741157531738,-0.17718324078748104,-0.010204071702683263,0.001718115488165149
2024-12-19,11.605968475341797,11.72572039925743,11.56605116736992,11.635906218394782,606000,42.78812110319001,-0.032616274860888694,-0.004190646990925868,-0.028425627869962826,0.010655885365159995,11.615948677062988,0.8588957055214723,-0.0025728759317136217,-0.0008598375740214576
2024-12-20,11.625926971435547,11.71574115475454,11.586009662371964,11.59598922756379,501000,43.80490525048252,-0.03839614379837286,-0.007976412742728027,-0.030419731055644834,0.010361323690716172,11.605968475341797,-0.1732673267326733,0.0025817326391262135,-2.725571490067175e-08
2024-12-23,11.635906219482422,11.665843962538204,11.586009346586987,11.625926654562596,301800,44.337576619132285,-0.04169090287900623,-0.009016937458689117,-0.032673965420317114,0.010327777989471794,11.625926971435547,-0.39760479041916164,0.0008583887733292647,-0.0008576525739883362
2024-12-24,11.635906219482422,11.655865349322072,11.605968476426638,11.625926654562596,171500,44.337576619132285,-0.04379715682675034,-0.008898553125146577,-0.03489860370160376,0.01000623868770002,11.635906219482422,-0.4317428760768721,0.0008583887733292647,2.747036336811428e-08
2024-12-26,11.685803413391113,11.715741157269298,11.625926973931026,11.635906539124994,144000,47.23780040650967,-0.04096783995745845,-0.004855389004683748,-0.036112450952774704,0.01003882928379389,11.635906219482422,-0.16034985422740522,0.004288181079690214,-0.006831789009234048
2024-12-27,11.516154289245605,11.605968470067438,11.506174724331249,11.605968470067438,528100,39.66967638957317,-0.05181753220016283,-0.012564064997910497,-0.03925346720225233,0.010419694217067047,11.685803413391113,2.667361111111111,-0.007738620094778769,-0.003466146154444025
2024-12-30,11.526134490966797,11.546092670194488,11.466258049876235,11.476237615341953,347500,40.27588303312268,-0.05893134869517702,-0.01574230519433975,-0.04318904350083727,0.010208009731488754,11.516154289245605,-0.3419806854762356,0.004347842672596787,-0.0017316968531368112
2024-12-31,11.456277847290039,11.536113414872124,11.456277847290039,11.506174720139958,404800,37.4400871516092,-0.06940587907778983,-0.020973468461562048,-0.048432410616227786,0.01026015548382606,11.526134490966797,0.16489208633093533,-0.004336530086109454,0.005226545841461098
2025-01-02,11.536113739013672,11.576031048074464,11.506175043440289,11.516154608631416,195000,42.42903066202794,-0.07045279466367305,-0.017616307237956208,-0.05283648742571684,0.01024545796210656,11.456277847290039,-0.5182806324110671,0.0017331419263246688,-0.0051903201090504345
2025-01-03,11.496196746826172,11.52613449152102,11.446299871198928,11.476237615893776,447000,40.682159939173005,-0.07365440830673364,-0.016654336704813442,-0.0570000716019202,0.010123657819994131,11.536113739013672,1.2923076923076922,0.0017391702403193247,-0.006076445015634988
2025-01-06,11.436320304870605,11.486217180494087,11.406382560178015,11.42634073940516,402100,38.14516273869051,-0.08009989689183428,-0.01847986023193126,-0.06162003665990302,0.005745538527695397,11.496196746826172,-0.10044742729306488,0.0008733824496436444,-0.003490454211555399
2025-01-07,11.276650428771973,11.396402352497773,11.276650428771973,11.396402352497773,543900,32.35139949642677,-0.09697415986646973,-0.02828329856525337,-0.06869086130121636,0.006220714408722157,11.436320304870605,0.35264859487689626,-0.010507870819386646,0.00442485213947379
2025-01-08,11.346506118774414,11.366465249704751,11.306588808617485,11.326547939547822,183800,36.86919026496715,-0.10351708396473391,-0.027860978130814035,-0.07565610583391988,0.006497438784813222,11.276650428771973,-0.6620702334988049,0.00176207078565444,-0.01495163390792974
2025-01-10,11.107002258300781,11.206795057845438,11.107002258300781,11.176857313152414,364900,29.576207377283517,-0.12656934574372158,-0.04073059192784137,-0.08583875381588021,0.007705809074345912,11.346506118774414,0.9853101196953209,-0.006249972858598703,0.002695365424459495
2025-01-13,11.236733436584473,11.246713001767944,11.07706420046381,11.136939688157199,340200,36.86158095080949,-0.13283892299245004,-0.037600135341255864,-0.09523878765119417,0.008412701610897633,11.107002258300781,-0.06768977802137577,0.008960607781093819,-0.0035523662887904242
2025-01-14,11.136940002441406,11.196816443528226,11.126960436976312,11.196816443528226,180000,33.95194062177893,-0.14419788084839524,-0.03916727455776084,-0.1050306062906344,0.008497504794025284,11.236733436584473,-0.47089947089947093,-0.005347630854610304,0.013440883125097978
2025-01-15,11.296608924865723,11.336526233897965,11.27665074620146,11.28663031138545,198900,41.859576296102595,-0.1387169465438678,-0.026949072202586702,-0.11176787434128109,0.009180011599364213,11.136940002441406,0.10499999999999998,0.0008841091809489931,-0.000883328248285
2025-01-16,11.266671180725098,11.296608924572574,11.256691615541367,11.28663031109256,224300,40.87149989376899,-0.1352301434555958,-0.018769815291451775,-0.11646032816414403,0.008856912064775633,11.296608924865723,0.12770236299648063,-0.001768387004564748,0.006200150390758426
2025-01-17,11.356485366821289,11.376443545490043,11.336526236448817,11.336526236448817,463000,45.06122223182052,-0.12379256900035429,-0.005865792668968195,-0.1179267763313861,0.009048191623620618,11.266671180725098,1.0641997325011148,0.0017606037295887047,-0.0017574815989775201
2025-01-21,11.376443862915039,11.39640299384441,11.336526552760043,11.336526552760043,231000,45.977299751621416,-0.11182863412337696,0.0048785137664073275,-0.11670714788978429,0.008920576532637543,11.356485366821289,-0.5010799136069115,0.0035211235089708704,4.844536942713664e-11
2025-01-22,11.346506118774414,11.416361173623105,11.346506118774414,11.376443863466175,264300,44.771349587781934,-0.10356897659709574,0.01051053703415085,-0.11407951363124659,0.00892787083953196,11.376443862915039,0.14415584415584415,-0.0026315556118464943,0.0070359975849538185
2025-01-23,11.516154289245605,11.526133854159964,11.426340108423775,11.426340108423775,701300,52.39182739329313,-0.08238427431986217,0.025356191449107543,-0.10774046576896971,0.009611296075906285,11.346506118774414,1.653424139235717,0.0078602754661239,0.007798973750257278
2025-01-24,11.576030731201172,11.605968474251345,11.52613385831509,11.605968474251345,145200,54.76424481713145,-0.0600712526723548,0.03813537047729193,-0.09820662314964673,0.009690616217630435,11.516154289245605,-0.7929559389704834,-0.002579512697849543,-0.0060345388235397745
2025-01-27,11.516154289245605,11.53611341907432,11.46625741637751,11.506174724331249,246000,51.974986957305134,-0.04668143617948317,0.04122014957613085,-0.08790158575561402,0.009753444250707052,11.576030731201172,0.6942148760330578,0.000867322559708184,0.0025996580780378925
2025-01-28,11.566051483154297,11.586009661833302,11.506175043709845,11.546092352771574,155500,54.074184271216325,-0.03167845410056458,0.04497850532403955,-0.07665695942460413,0.009754594658006613,11.516154289245605,-0.36788617886178865,0.001728648080485193,0.00345124771820103
2025-01-29,11.536113739013672,11.635906535813794,11.536113739013672,11.605968791944129,184200,52.58890695682308,-0.021951169051654063,0.04376463229836006,-0.06571580135001412,0.009199312236677738,11.566051483154297,0.1845659163987139,-0.006018890295392171,-0.000865071647772817
2025-01-30,11.566051483154297,11.615948357407385,11.516154608901207,11.526134174092569,135400,53.951047775564305,-0.011691724890416921,0.04321926116767776,-0.054910986058094684,0.009214734423499503,11.536113739013672,-0.26492942453854507,0.0034632001032445735,-2.3427194977148735e-11
2025-01-31,11.536113739013672,11.65586566619605,11.516154608631416,11.566051482883337,191800,52.33187563214779,-0.005908655921855299,0.039201864108991506,-0.045110520030846805,0.0091225539457601,11.566051483154297,0.4165435745937962,-0.0025884152352226592,-0.0077854804818010825
2025-02-03,11.416360855102539,11.456278164145761,11.386423111246051,11.446299550662744,456100,46.340757774116184,-0.01086336292889456,0.027397725681561798,-0.03826108861045636,0.00928714236556609,11.536113739013672,1.377997914494265,-0.0026155785481318376,0.0034965007319288774
2025-02-04,11.536113739013672,11.586009661561874,11.45627816918837,11.45627816918837,431600,52.230266437093434,-0.0050685202670948115,0.026554054674689236,-0.03162257494178405,0.00957107928624326,11.416360855102539,-0.053716290287217694,0.006968717819720908,0.0034602044499019713
2025-02-05,11.655865669250488,11.665844282740512,11.576031051107982,11.576031051107982,332500,57.27977679662767,0.00908222007391224,0.03256383601255703,-0.02348161593864479,0.009739290064960916,11.536113739013672,-0.22961075069508807,0.006896544920278594,-0.00513702233063528
2025-02-06,11.566051483154297,11.645886101277751,11.546092352771574,11.595989227024663,349200,52.77405843566378,0.012900816947954752,0.029105946309279637,-0.016205129361324885,0.009325248093487873,11.655865669250488,0.050225563909774396,-0.002581732639126299,-0.002588387841808375
2025-02-07,11.436320304870605,11.54609266987927,11.436320304870605,11.53611405611757,490500,47.020528957516504,0.005396651365693117,0.017281424581614403,-0.011884773215921286,0.009652140421334844,11.566051483154297,0.40463917525773185,-0.008650551716246662,-0.005235638768360281
2025-02-10,11.376443862915039,11.406382559309094,11.336526552760043,11.376443862915039,435700,44.60351456965743,-0.00532064924781217,0.005251299174487294,-0.010571948422299464,0.008352274558325655,11.436320304870605,-0.11172273190621818,0.0,-0.005263111127057223
2025-02-11,11.316568374633789,11.346506119327008,11.296609243702479,11.316568374633789,237200,42.2639268281299,-0.018433152790827023,-0.006288963494822048,-0.012144189296004975,0.008091993930543804,11.376443862915039,-0.4555887078264861,0.0,-0.004409243861031715
2025-02-12,11.306588172912598,11.326547302720746,11.256691300095914,11.26667086499999,193100,41.86970102105631,-0.029292558806094604,-0.013718695608071702,-0.015573863198022902,0.00780240420935748,11.316568374633789,-0.18591905564924116,0.0035429550033818547,0.006178317389218313
2025-02-13,11.46625804901123,11.496196745406126,11.366465249472814,11.376443863234034,366100,49.91833721146774,-0.024729624014677043,-0.007324608653323312,-0.01740501536135373,0.007782870874348197,11.306588172912598,0.895908855515277,0.007894750491184238,0.0008702863704618464
2025-02-14,11.456277847290039,11.476236977111483,11.416360539350842,11.476236977111483,182200,49.45738920431576,-0.021668997474774798,-0.0034111856907368537,-0.018257811784037944,0.007751768357733318,11.46625804901123,-0.5023217700081946,-0.0017391702403193093,0.0017422004919566258
2025-02-18,11.48621654510498,11.51615428814149,11.44629923715507,11.47623698019158,300900,50.921458883732875,-0.016635858365971146,0.0012975627344534411,-0.017933421100424587,0.007583937260982627,11.456277847290039,0.6514818880351263,0.0008695851201596843,0.00781932922563226
2025-02-19,11.74567985534668,11.74567985534668,11.546092358239797,11.57603105382806,663800,61.36622940351314,0.008194994554690638,0.02090273252409218,-0.012707737969401542,0.009042247862771116,11.48621654510498,1.2060485211033565,0.014655178508917194,-0.0025488843937163394
2025-02-20,11.795576095581055,11.81553522651074,11.685803730579014,11.715741475269798,759600,62.99710024505881,0.03153630310604605,0.035395232860358075,-0.003858929754312024,0.009002087967535188,11.74567985534668,0.14432057848749613,0.006814303685325905,-0.0008460165132789484
2025-02-21,11.725720405578613,11.815534586489678,11.675823532660944,11.785596843420555,364100,59.22750633384378,0.0438917313656777,0.03820052889599178,0.00569120246968592,0.008621116756297228,11.795576095581055,-0.5206687730384413,-0.005080475654940473,0.014468119529105584
2025-02-24,11.925307273864746,11.955245017758095,11.885389964772374,11.895369529971397,1035800,65.56711290357924,0.06899317910911584,0.050641581311543934,0.018351597797571905,0.009306740478714713,11.725720405578613,1.844822850865147,0.002516756105635754,0.0016737051623665741
2025-02-25,11.915328025817871,11.945266722211821,11.865432101902108,11.945266722211821,683300,65.02272217837023,0.08707724311964782,0.05498051625766073,0.032096726861987085,0.009192235203654177,11.925307273864746,-0.34031666344854217,-0.0025063229721174903,-2.6658836372769732e-08
2025-02-26,11.865431785583496,11.955245017259799,11.855452220384889,11.915327708169091,252200,62.24012831131876,0.09627300922749704,0.051341025892407965,0.044931983335089076,0.00926316179540339,11.915328025817871,-0.630908824820723,-0.004187540939506551,0.009251469708540953
2025-02-27,11.945266723632812,12.015121778486186,11.935287158166975,11.97520446832658,1117800,64.83327150221298,0.10874914001988856,0.051053725347839585,0.05769541467204897,0.00929054064785198,11.865431785583496,3.4321966693100716,-0.0024999777475993128,0.0025062167232743717
2025-02-28,12.015121459960938,12.074997899464872,11.955245020457003,11.975204150859554,728300,66.9706598383804,0.12285703752705679,0.052129298284006254,0.07072773924305054,0.00933384074738266,11.945266723632812,-0.3484523170513508,0.003333330154418988,0.005813928159967077
2025-03-03,12.015121459960938,12.124893822063811,12.005141894759662,12.08497651296243,801300,66.9706598383804,0.13251015337994154,0.04942593130951281,0.08308422207042873,0.009285455481003005,12.015121459960938,0.10023342029383486,-0.005780321784371251,2.6510364452412815e-08
2025-03-04,11.945266723632812,12.015121778486186,11.9153280272353,12.015121778486186,971300,62.56081573840836,0.13299059106893552,0.039925095198805424,0.09306549587013009,0.00901520209455423,12.015121459960938,0.2121552477224511,-0.005813928159967018,-0.005012592874295294
2025-03-05,11.925307273864746,11.97520414815614,11.87541039957335,11.885389964772374,745500,61.31840022815427,0.1302592332532413,0.02975498990648895,0.10050424334675234,0.008842594049218715,11.945266723632812,-0.23247194481622568,0.0033585190903020245,0.016736359988146546
2025-03-06,12.174790382385254,12.174790382385254,12.09495576624138,12.124893509369409,1266000,69.47779034381871,0.14653663127673333,0.03682591034398479,0.10971072093274854,0.009663316674548995,11.925307273864746,0.6981891348088531,0.0041152421649961295,0.008196779425292433
2025-03-07,12.374377250671387,12.374377250671387,12.264604888490465,12.274584453698838,766800,74.17160732541902,0.17354110490455277,0.05106430717744337,0.1224767977271094,0.009860449074534924,12.174790382385254,-0.39431279620853077,0.008130034654043012,-0.0008063674929705895
2025-03-10,12.21470832824707,12.394336699801915,12.104935963243413,12.36439895511069,1415600,65.49426788578671,0.17998365761153678,0.04600548790754189,0.1339781697039949,0.009998546003975796,12.374377250671387,0.846113719353156,-0.01210658337757269,0.007352902078596307
2025-03-11,12.384356498718262,12.414294241872954,12.234666831241107,12.304521882503286,1208200,69.56800326045537,0.19651333321600362,0.05002813080960697,0.14648520240639665,0.010049113713320859,12.21470832824707,-0.1465103136479231,0.0064882339173616055,0.01047545869762845
2025-03-12,12.55400562286377,12.573964753288868,12.474171004570813,12.514088313717291,1229000,73.00074039014427,0.2207577290406153,0.05941802130737492,0.16133970773324038,0.009993604415300537,12.384356498718262,0.017215692766098245,0.003189789631156982,-0.0023847423541277584
2025-03-13,12.414294242858887,12.554005297098037,12.404315629608995,12.524067553940968,1631000,66.3618787803473,0.22609180110747928,0.05180167469939112,0.17429012640808816,0.010570490739434031,12.55400562286377,0.3270951993490643,-0.008764988739424278,0.011254099106039311
2025-03-14,12.633840560913086,12.633840560913086,12.494130451216279,12.554005940599554,878700,70.84838280979876,0.24520803905470068,0.05673433011729001,0.18847370893741067,0.010765223571236687,12.414294242858887,-0.46125076640098095,0.006359294450813309,0.0015797900663219494
2025-03-17,12.733633995056152,12.743613560272763,12.633840246297492,12.653799376730712,707600,72.63500296726392,0.265351484739238,0.061502220641461824,0.20384926409777615,0.01069554261684619,12.633840560913086,-0.19471947194719474,0.006309142096266346,-0.009404404911323975
2025-03-18,12.59392261505127,12.643819488154511,12.524067563728948,12.613881744974044,923000,66.49105798015319,0.26696437073398016,0.05049208530896321,0.21647228542501695,0.011293402977840511,12.733633995056152,0.3044092707744488,-0.0015823146535147647,-0.001584696288000206
2025-03-19,12.573965072631836,12.63384056202036,12.534047762471573,12.573965072631836,322400,65.63695595173789,0.26359364417521824,0.037697087000161,0.22589655717505724,0.010543871684999298,12.59392261505127,-0.6507042253521127,0.0,-0.007142894668229785
2025-03-20,12.374377250671387,12.484150564556026,12.364398637166735,12.484150564556026,754600,57.660070748517185,0.242027309715807,0.012904602032599799,0.2291227076832072,0.011391177081674721,12.573965072631836,1.3405707196029777,-0.00879301425571549,-0.0008063674605769668
2025-03-21,12.51408863067627,12.534047761606898,12.364398955511541,12.364398955511541,787500,61.21350191927253,0.23351753029966638,0.003515858093167318,0.23000167220649906,0.011374805199351681,12.374377250671387,0.04359925788497221,0.012106506406282093,0.011961666696416419
2025-03-24,12.673757553100586,12.773551301840667,12.583943369575255,12.663777987885833,1002200,64.84479051035899,0.23692627778469166,0.0055396844625540675,0.2313865933221376,0.011142149280277975,12.51408863067627,0.27263492063492056,0.0007880401270694407,0.004724467724063869
2025-03-25,12.663778305053711,12.763572056293155,12.64382012582807,12.73363431160282,992600,64.43873137691241,0.2361008689582853,0.003771420508918155,0.23232944844936715,0.011141234101476024,12.673757553100586,-0.009578926362003637,-0.005485944141293344,0.0007880146331418422
2025-03-26,12.464191436767578,12.673757547668957,12.464191436767578,12.673757547668957,785800,56.78044172638823,0.2168421133596894,-0.012389868071742222,0.22923198143143161,0.011820022586445511,12.663778305053711,-0.20834172879306867,-0.016535436322902053,0.002401951383576253
2025-03-27,12.53404712677002,12.613881743041496,12.484150253674422,12.494129818634281,799200,58.633495968806855,0.2048547432087382,-0.019501790578154737,0.22435653378689294,0.011801674355481106,12.464191436767578,0.01705268516161884,0.0031948850152176147,-0.0023885904069431124
2025-03-28,12.354418754577637,12.573964425003144,12.314501446473335,12.504108422042844,1161900,52.410699517444186,0.17879907316391375,-0.03644596849838336,0.2152450416622971,0.012348044196748611,12.53404712677002,0.4538288288288288,-0.011971238765118745,0.0048465350881967875
2025-03-31,12.454212188720703,12.454212188720703,12.304522513566402,12.414294878565974,657700,55.25204913699928,0.16430822017537672,-0.04074945718953632,0.20505767736491304,0.01242941299448089,12.354418754577637,-0.43394440141148116,0.0032154311255848346,0.001602550180728099
2025-04-01,12.53404712677002,12.5639848699459,12.424273815618966,12.474170688714564,1423100,57.441222747605075,0.15745112847404208,-0.03808523911269679,0.19553636758673887,0.012331872871301816,12.454212188720703,1.1637524707313367,0.00480003356933591,2.554154400630345e-08
2025-04-02,12.673757553100586,12.673757553100586,12.514088316479432,12.534047446908936,1217200,61.03387195320978,0.16142943960080203,-0.027285542388749473,0.1887149819895515,0.01243735941146132,12.53404712677002,-0.144684140257185,0.0111464478480257,-0.09999993991374985
2025-04-03,11.376443862915039,11.67582416492938,11.097022691830068,11.406382559309094,6839000,33.09569568584296,0.05921728711151708,-0.10359815590242755,0.16281544301394463,0.026146532488618604,12.673757553100586,4.6186329280315475,-0.0026247319199040023,-0.021929825167725937
2025-04-04,11.615948677062988,12.264605205092167,10.897436142475653,11.126960437970864,8387900,38.676631916817406,-0.0024325028795306736,-0.13219835671478025,0.12976585383524958,0.026348792736021035,11.376443862915039,0.22648047960228102,0.04394625484812973,-0.026632337756521574
2025-04-07,11.136940002441406,11.526134490246372,10.97727076181488,11.306588808533027,3722000,32.78607630192439,-0.08891741776677797,-0.17494661728162203,0.08602919951484407,0.027649667897523215,11.615948677062988,-0.5562655730278139,-0.015004419897501488,-0.029569947023482795
2025-04-08,10.109067916870117,10.84753858421371,10.079130174059888,10.807621276565508,3712000,24.25085123309247,-0.23765844431641447,-0.2589501150650068,0.02129167074859236,0.033552477455280796,11.136940002441406,-0.002686727565824776,-0.06463525523512605,0.0039487266385366485
2025-04-09,11.436320304870605,11.72572104144231,10.139006297178792,10.148985862644238,5234000,44.38443251410886,-0.24560739491433736,-0.21351925253034376,-0.03208814238399359,0.045878019466163995,10.109067916870117,0.4100215517241379,0.12684365311461399,-0.004363018304584682
2025-04-10,11.286630630493164,11.406382560975649,10.997229893901224,11.386423430043362,2298200,42.996403894100915,-0.26097731718595973,-0.1831113398415729,-0.07786597734438681,0.045896914148834594,11.436320304870605,-0.5609094382881161,-0.008764191860886861,0.03978772415880385
2025-04-11,11.84547233581543,11.875410078900366,11.476236998755564,11.735699976701532,1417300,49.363131098099664,-0.22546521350199633,-0.1180793889260876,-0.10738582457590873,0.047212364594748965,11.286630630493164,-0.3832999738926116,0.009353712120438016,0.02190397940586121
2025-04-14,11.905348777770996,12.114914882844795,11.855451904809865,12.10493531791183,1403300,50.00740644751491,-0.19029646779871,-0.06632851457824102,-0.123967953220469,0.047184740419443455,11.84547233581543,-0.009877936922317088,-0.016488030286746155,-0.005029346803995018
2025-04-15,11.715741157531738,11.905349089406496,11.675823848458693,11.845472649945068,1444100,47.92782066937115,-0.17569938069643243,-0.04138514198077076,-0.13431423871566167,0.047245605646694756,11.905348777770996,0.029074324805814955,-0.010951989527740026,-0.00681430420764257
2025-04-16,11.476237297058105,11.695782972696257,11.436319988006051,11.635906533266319,1465700,45.36172142543705,-0.18136636536124584,-0.037641701316467324,-0.14372466404477852,0.04741316720618046,11.715741157531738,0.014957412921542845,-0.013722114022807663,0.016521730717508534
2025-04-17,11.705761909484863,11.765638350568539,11.655865985569502,11.665844599330327,832500,48.22277484788222,-0.1654298017527811,-0.017364110166402047,-0.14806569158637906,0.047598439076184676,11.476237297058105,-0.43201200791430716,0.0034217248322360857,-0.012787746286909672
2025-04-21,11.48621654510498,11.576030725918201,11.37644323446496,11.5560715960914,657600,45.75477528710103,-0.16857224050861852,-0.016405239137791572,-0.15216700137082695,0.047640943210093656,11.705761909484863,-0.21009009009009005,-0.006044878694767356,0.006950526835213245
2025-04-22,11.615948677062988,11.615948677062988,11.456278484718446,11.566051801436803,837600,47.46574921191217,-0.15876421202142765,-0.0052777685204805636,-0.1534864435009471,0.0476162351709155,11.48621654510498,0.2737226277372262,0.004314080248195568,0.009450114292279786
2025-04-23,11.595989227294922,11.745679850057678,11.556071918232263,11.72572071967449,426700,47.21898384448488,-0.15086278726770175,0.002098924986596279,-0.15296171225429803,0.047614128546508226,11.615948677062988,-0.49056829035339067,-0.011063839526886601,0.01376937798313236
2025-04-24,11.975204467773438,11.975204467773438,11.755658786053877,11.755658786053877,617600,52.293591731139536,-0.11270218986102343,0.03220761791461968,-0.1449098077756431,0.04817770918859617,11.595989227294922,0.4473869228966487,0.01867574465329116,-0.0033333565503791485
2025-04-25,11.985183715820312,12.045059203619326,11.885389967216998,11.935286841518655,371000,52.423224996565885,-0.08072386509864948,0.0513487541415949,-0.13207261924024438,0.04815561188008665,11.975204467773438,-0.39928756476683935,0.0041806179410857226,-0.004995871851053076
2025-04-28,11.925307273864746,11.985183713355163,11.865431786078048,11.925307273864746,505300,51.518644910564646,-0.05952616026876001,0.0580371671771875,-0.11756332744594751,0.04806616970138419,11.985183715820312,0.3619946091644204,0.0,-0.00836817901695375
2025-04-29,12.025100708007812,12.025100708007812,11.825514167764865,11.825514167764865,433200,52.975050353788816,-0.03427918127930063,0.06662731693331751,-0.10090649821261814,0.04806899825545353,11.925307273864746,-0.14268751236888977,0.016877620491716098,-0.0016597626492342052
2025-04-30,12.045059204101562,12.045059204101562,11.895369532894316,12.005141894999381,365500,53.277355463648014,-0.012516007952111607,0.07071239220840524,-0.08322840016051684,0.048043965795508535,12.025100708007812,-0.15627885503231764,0.003325017684198161,0.002485531905167236
2025-05-01,12.084976196289062,12.124893504344458,11.925306964067484,12.074997583052985,533800,53.91545312021817,0.007861805375625863,0.07287216442891416,-0.0650103590532883,0.04797251392370167,12.045059204101562,0.46046511627906983,0.0008263863547336917,0.007431940315229668
2025-05-02,12.21470832824707,12.224687893712062,12.104935963243413,12.174791018090854,541400,56.0178311269333,0.03408673739400214,0.07927767715783235,-0.04519093976383021,0.04168465638032282,12.084976196289062,0.014237542150618232,0.003278685449048121,1.1596665921896395e-10
2025-05-05,12.244647026062012,12.264605205290563,12.194750150435018,12.21470832966357,208300,56.51089814910025,0.056633155896266274,0.08145927652807719,-0.02482612063181091,0.04149990527364479,12.21470832824707,-0.6152567417805689,0.002451036536479221,-0.0032600842083699653
2025-05-06,12.19474983215332,12.274584450391336,12.174790701741957,12.204728445655283,579200,55.3962505497909,0.06967193377402836,0.07559844352467142,-0.005926509750643055,0.04020612776198485,12.244647026062012,1.7806048967834855,-0.0008176022552566204,0.003273345349636186
2025-05-07,12.394336700439453,12.394336700439453,12.234667459806376,12.234667459806376,362400,58.889270624753706,0.09501497791448443,0.08075319013210198,0.014261787782382445,0.03302510441934088,12.19474983215332,-0.37430939226519333,0.013050558272844466,0.00563604629777174
2025-05-08,12.573965072631836,12.6138823827921,12.464191755913301,12.464191755913301,782400,61.78954805161645,0.12811717634284392,0.09108431084836918,0.037032865494474744,0.01704305198115341,12.394336700439453,1.1589403973509933,0.008807094665119832,-0.007142894458868442
2025-05-09,12.464191436767578,12.56398518546489,12.444233258050348,12.484150567188529,870000,59.04799102034489,0.14383505115261208,0.08544174852650988,0.05839330262610221,0.016827564244048344,12.573965072631836,0.11196319018404899,-0.0015987575857510188,0.010408361753661638
2025-05-12,12.663778305053711,12.713675180673434,12.593923250208347,12.593923250208347,999400,62.32136776992499,0.1704319391300686,0.0896309092031731,0.0808010299268955,0.013516177470079625,12.464191436767578,0.14873563218390795,0.0055467270569723864,0.0023640702865294684
2025-05-13,12.713674545288086,12.753591853448187,12.573964442579584,12.693716367059885,358800,63.11512848018331,0.1933080393119564,0.0900056075080487,0.10330243180390769,0.013511431219859977,12.663778305053711,-0.6409845907544527,0.001572288024332445,0.0015699198594533964
2025-05-14,12.793509483337402,12.793509483337402,12.713674865009533,12.73363399544336,301300,64.40714236429031,0.2153965682525616,0.08967530915892313,0.12572125909363846,0.012731644218663539,12.713674545288086,-0.16025641025641024,0.004702152418976981,-0.0015599988310169616
2025-05-15,12.783531188964844,12.823448499125313,12.733634313338321,12.773551623498792,199200,64.1048980621688,0.22945174472898522,0.08298438850827738,0.14646735622070783,0.01139419162849342,12.793509483337402,-0.33886491868569535,0.0007812678697515352,-0.0039032154537442555
2025-05-16,12.723654747009277,12.743613877940032,12.653799692159131,12.733634312474654,416700,62.21810096403574,0.2330723321288275,0.06928398072649572,0.16378835140233178,0.011069703880916092,12.783531188964844,1.091867469879518,-0.0007837169829512499,-0.0031372519283952654
2025-05-19,12.843406677246094,12.853386242711286,12.603902816303934,12.683737436617987,293900,64.47044620146792,0.24280574025723922,0.06321391108392596,0.17959182917331326,0.009697452610246163,12.723654747009277,-0.29469642428605713,0.01258850093878018,0.010100994544719346
2025-05-20,13.062952041625977,13.122827529555101,12.883323674431159,12.973137858028569,775400,68.21191381899891,0.2651782031544485,0.0684690991849082,0.1967091039695403,0.00995850342984199,12.843406677246094,1.6383123511398434,0.006923088660606926,2.0290562504891344e-10
2025-05-21,13.182703971862793,13.302455899449061,13.062952044276523,13.062952044276523,887500,70.06370985832076,0.28923737275771266,0.07402261503053786,0.2152147577271748,0.009814700025079443,13.062952041625977,0.1445705442352334,0.009167294435467117,-0.000756995493189894
2025-05-22,13.142786979675293,13.212642034526278,13.092890104051556,13.172724724368036,458800,68.62857173982532,0.3016067356312657,0.06911358232327272,0.232493153307993,0.007844102936849638,13.182703971862793,-0.48304225352112673,-0.0022727070761117433,-0.009111608528052277
2025-05-23,13.112849235534668,13.112849235534668,13.02303504974891,13.02303504974891,368500,67.51164368668822,0.305472521989568,0.05838349494525996,0.24708902704430802,0.007954716816484698,13.142786979675293,-0.19681778552746299,0.006896563315898508,0.024353096350683497
2025-05-27,13.561919212341309,13.59185695703439,13.422208150934022,13.43218771639963,523700,74.27491350203023,0.3408433496566925,0.07500345808990755,0.26583989156678495,0.010044971524560147,13.112849235534668,0.4211668928086838,0.009658255131685408,0.001471633820956779
2025-05-28,13.681671142578125,13.711608887270684,13.571898777569585,13.581877391331274,679900,75.7260952344206,0.3742241424101511,0.08670740067469296,0.28751674173545816,0.010050025804969328,13.561919212341309,0.29826236394882577,0.00734756678856087,-0.0021881878223709837
2025-05-29,13.482084274291992,13.651733076394251,13.452145578600732,13.651733076394251,981200,68.76370513169452,0.38019106299575967,0.0741394570082412,0.30605160598751846,0.011068737258449647,13.681671142578125,0.4431534049124872,-0.012426905884616604,-0.0007401858296272497
2025-05-30,13.561919212341309,13.611816087965607,13.47210502655832,13.47210502655832,362000,69.95371163066079,0.38690193813661544,0.0646802657192776,0.32222167241733785,0.011054390345534137,13.482084274291992,-0.6310640032613126,0.006666677969473364,0.011037476118919825
2025-06-02,13.781464576721191,13.801422755489089,13.641753518531022,13.711608571774246,562100,72.99999075603458,0.40526419772016276,0.06643402024225986,0.3388301774779029,0.011247080964095456,13.561919212341309,0.5527624309392265,0.005094661547642654,0.0028964491873530707
2025-06-03,13.931154251098633,13.951112429870333,13.801422758119546,13.82138188859497,600000,74.87072091791123,0.4269732446636496,0.07051445374859738,0.3564587909150522,0.01126022326864542,13.781464576721191,0.06742572495997146,0.007942213259749618,-0.0014326748144407038
2025-06-04,13.831360816955566,13.921175002731859,13.781464893038732,13.911195437266995,535700,71.32282726258398,0.431155235475039,0.05975715564798939,0.3713980798270496,0.011433191086193997,13.931154251098633,-0.10716666666666663,-0.005738875617947125,-0.0007214484287559205
2025-06-05,13.71160888671875,13.861299513583003,13.681671142027398,13.821382203426618,493600,67.207168001819,0.41996541349384664,0.03885386693343762,0.381111546560409,0.011649804689387222,13.831360816955566,-0.07858876236699641,-0.007942282117099145,-0.006550275871272396
2025-06-06,13.611815452575684,13.691650069166439,13.571898144280306,13.621794065871752,452400,63.898119971228994,0.39845179852288126,0.01387220156997776,0.3845795969529035,0.011745331464226296,13.71160888671875,-0.08346839546191243,-0.0007325476547225879,-0.025659805874362777
2025-06-09,13.232601165771484,13.362332661714783,13.17272472468083,13.26253891046494,752800,53.18237005571191,0.3468049286037207,-0.030219734679346244,0.37702466328306694,0.013489222591167128,13.611815452575684,0.6640141467727674,-0.0022573162571333147,0.007541386848175425
2025-06-10,13.372310638427734,13.372310638427734,13.262538278645394,13.332393330170184,650300,56.103117549563514,0.3135335790088227,-0.05079286741939543,0.36432644642821815,0.013267328882500968,13.232601165771484,-0.13615834218916045,0.0029940091976749833,-0.005223810663607973
2025-06-11,13.292476654052734,13.37231127436447,13.292476654052734,13.302456219517637,232900,54.0288859989561,0.2775247271081618,-0.06944137545604512,0.3469661025642069,0.01340719267632313,13.372310638427734,-0.6418576041826849,-0.0007502047216107833,0.0007507440840594904
2025-06-12,13.332393646240234,13.332393646240234,13.272518158286292,13.302455902263263,310600,54.92620943595074,0.24933425018547162,-0.07810548190298827,0.3274397320884599,0.013376165183343221,13.292476654052734,0.3336195792185488,0.0022505426213724525,-0.01946100059040906
2025-06-13,12.993097305297852,13.292476655650987,12.993097305297852,13.072931925619187,398900,46.599859798343445,0.19733990345935126,-0.10407986290328691,0.3014197663626382,0.014729485636429169,13.332393646240234,0.2842884739214424,-0.006106864227211548,0.011520707585903263
2025-06-16,13.232601165771484,13.242580731237219,13.142786979987376,13.142786979987376,370600,52.11768775010946,0.17346042519650595,-0.10236747293290582,0.2758278981294118,0.015167405855535878,12.993097305297852,-0.07094509902231139,0.006833724530487283,0.0037707053669418108
2025-06-17,13.28249740600586,13.35235245751687,13.262538276029172,13.28249740600586,388000,53.20258256049106,0.15675500212953608,-0.0952583167999006,0.2520133189294367,0.015075910594459396,13.232601165771484,0.04695089044792233,0.0,0.0007512842446326533
2025-06-18,13.332393646240234,13.392270085897897,13.292476337036366,13.292476337036366,163200,54.317260335423995,0.14586065276950144,-0.0849221329279482,0.23078278569744964,0.014652361736750854,13.28249740600586,-0.579381443298969,0.0030030002079182564,2.3955913066783927e-08
2025-06-20,13.322415351867676,13.412228585950146,13.302456220935742,13.332393965629898,154800,54.04004558486719,0.13486697491332045,-0.07673264862730339,0.21159962354062384,0.014533125869482728,13.332393646240234,-0.05147058823529416,-0.000748448762311256,0.002247123174923157
2025-06-23,13.372310638427734,13.382290203418048,13.292476021912632,13.35235246015081,127100,55.26938344115245,0.1286969997383327,-0.06632209904183292,0.19501909878016563,0.014522373316363075,13.322415351867676,-0.17894056847545214,0.0014947312345512543,0.009701549401795479
2025-06-24,13.591856956481934,13.621794701173798,13.472105026010732,13.502042770702596,448200,60.30115440371279,0.1399100075259163,-0.04408727300339946,0.18399728052931577,0.014899392383661619,13.372310638427734,2.5263571990558615,0.006651896109692424,0.002202600017881135
2025-06-25,13.512022018432617,13.641753511318386,13.432187399995794,13.621794380857319,1140600,57.756839183445855,0.1407321125005634,-0.0346121344230019,0.1753442469235653,0.012879134866404875,13.591856956481934,1.5448460508701474,-0.008058583131967124,0.002954183539981637
2025-06-26,13.581876754760742,13.581876754760742,13.512021703184239,13.55193901147134,353000,59.37215206456612,0.14534488468065732,-0.023999489794326395,0.1693443744749837,0.012771038429391306,13.512022018432617,-0.6905137646852534,0.002209111424133509,0.0022043124727133684
2025-06-27,13.701628684997559,13.751525558301937,13.6018358900925,13.611815455094117,976300,62.05113754565525,0.1568553885479922,-0.009991188741593215,0.1668465772895854,0.01246029091072076,13.581876754760742,1.7657223796033996,0.006598181572453631,0.0014567209655827833
2025-06-30,13.721588134765625,13.77148500923279,13.721588134765625,13.721588134765625,236000,62.495038411734946,0.16567827060733897,-0.0009346453457971526,0.16661291595313613,0.012405126245539393,13.701628684997559,-0.7582710232510499,0.0,-0.004363666891527076
2025-07-01,13.691650390625,13.731567699857573,13.631773950924277,13.661711694922777,1128100,61.33610465586712,0.16831451746760528,0.0013612812115753326,0.16695323625602995,0.011863008832215367,13.721588134765625,3.7800847457627116,0.00219143079365003,0.008746323883011315
2025-07-02,13.7315673828125,14.050905849299957,13.661711379490592,13.811401999434365,2835000,62.33893865212811,0.17164610036775585,0.0037542912893807068,0.16789180907837514,0.01160111112981649,13.691650390625,1.513075081996277,-0.005780341244511904,0.002906997444996536
2025-07-03,13.931154251098633,13.931154251098633,13.761505448872422,13.771485014110134,788300,66.95422098967909,0.1882216935531762,0.016263907579840836,0.17195778597333536,0.011969360647680852,13.7315673828125,-0.7219400352733686,0.011594191681209653,0.00644698010268022
2025-07-07,14.150699615478516,14.200595537158337,13.9910303820142,14.020968125362835,1451600,71.14339116241591,0.2165768831668924,0.03569527775484563,0.18088160541204676,0.012236118441078416,13.931154251098633,0.8414309273119371,0.009252677058797877,0.011283487902045494
2025-07-08,14.48001766204834,14.48001766204834,14.270451554988854,14.310368863395247,1562300,76.04823770107704,0.2625947604177732,0.06537052400458113,0.19722423641319206,0.01294917720912446,14.150699615478516,0.0762606778726922,0.011854956379708724,0.022053757676351902
2025-07-09,14.859232902526855,14.909128825381181,14.76941871866311,14.79935646271645,2125300,80.21795215556148,0.32590690838278746,0.10294613757567628,0.22296077080711119,0.011712003986793795,14.48001766204834,0.36036612686423863,0.0040458813166133764,0.011417084862710333
2025-07-10,15.088757514953613,15.098737080418834,14.92908827432507,15.028882025569782,909100,82.23394091898022,0.3901060599634061,0.1337162313250359,0.2563898286383702,0.011864815284631259,14.859232902526855,-0.5722486237237097,0.003984028172019742,0.002645479209670616
2025-07-11,15.18855094909668,15.208509127906694,15.088757199935428,15.128674509259184,674600,83.0430765169148,0.44391961723070494,0.15002383087386778,0.29389578635683716,0.011518355290012255,15.088757514953613,-0.2579474205257948,0.0039578113601987566,0.005256257654068865
2025-07-14,15.20850944519043,15.308303196433604,15.20850944519043,15.268385886277084,790800,83.2077973018041,0.4826144538979662,0.15097493403290319,0.331639519865063,0.011553428670867654,15.18855094909668,0.17225022235398746,-0.00392159600449122,-0.0026246905511420273
2025-07-15,15.008922576904297,15.208509123464781,15.008922576904297,15.168591814152684,572800,75.32748147265143,0.49150958197743577,0.1278960496898982,0.36361353228753757,0.009970357804325203,15.20850944519043,-0.27567020738492665,-0.010526305882884378,0.01662231995395407
2025-07-16,15.378157615661621,15.418074924168254,15.248426125089141,15.258405690141725,1518000,79.24383841950944,0.5223320975875456,0.12697485224000643,0.3953572453475392,0.010418665899539641,15.008922576904297,1.650139664804469,0.007848259375962622,0.013627538543301418
2025-07-17,15.63762092590332,15.657579104724807,15.537827176684708,15.587724051294014,842700,81.46974947175335,0.5612262174997937,0.13269517772180361,0.4285310397779901,0.010576398436428944,15.378157615661621,-0.44486166007905137,0.003201036562176251,0.0012762923951642547
2025-07-18,15.547806739807129,15.687517798353209,15.497909865204692,15.657579102569512,885400,78.33800071238944,0.5781384137823444,0.11968589920348344,0.458452514578861,0.010993811586035466,15.63762092590332,0.05067046398481079,-0.007010813232574942,-0.008344059016943005
2025-07-21,15.318282127380371,15.467971796340898,15.318282127380371,15.418074922786154,742800,70.84323712091704,0.5664905823710136,0.08643045423372203,0.48006012813729154,0.01196886466457083,15.547806739807129,-0.16105714931104587,-0.00647245495339373,0.023452767557080357
2025-07-22,15.787310600280762,15.797290165544792,15.677538237487601,15.677538237487601,415200,75.91430347556116,0.5883244321533798,0.08661144321287062,0.5017129889405092,0.013036583975012683,15.318282127380371,-0.4410339256865913,0.0070018877409385874,0.005056885555384945
2025-07-23,15.966938972473145,15.966938972473145,15.837207479117353,15.867145223213697,593300,77.526406938466,0.6130555016204013,0.0890740101439137,0.5239814914764876,0.012921965558992735,15.787310600280762,0.42894990366088637,0.006289332318799776,0.0012500286102294922
2025-07-24,15.966938972473145,15.986898103006524,15.92702166311011,15.986898103006524,276100,77.526406938466,0.6254453081644158,0.08117105335034247,0.5442742548140733,0.012650022167155448,15.966938972473145,-0.534636777347042,-0.001248467989523632,0.012500009005616505
2025-07-25,16.43596649169922,16.445946056584685,16.166525853421188,16.166525853421188,1191500,81.31385127803301,0.66544014037318,0.0969327084472853,0.5685074319258947,0.013451431118464871,15.966938972473145,3.3154654110829407,0.01666657640120071,0.021250764885236095
2025-07-28,16.74532699584961,16.82516161010961,16.635553687464352,16.785243351275938,714800,83.31159511568173,0.7138700902652833,0.11629012667151084,0.5975799635937724,0.013603319491568013,16.43596649169922,-0.400083927822073,-0.0023780623605492114,-0.0452919537215624
2025-07-29,15.867145538330078,16.066733040812718,15.867145538330078,15.98689842050116,1659600,62.789877266408986,0.6736241502331488,0.06083534931150103,0.6127888009216478,0.019486812326750542,16.74532699584961,1.3217683268047007,-0.007490688876681255,0.0075472028917095025
2025-07-30,15.996877670288086,16.03679402795242,15.927021665116184,15.986898105020138,722700,64.19308864978213,0.644764804321623,0.02558080271998009,0.6191840016016429,0.019353904051094377,15.867145538330078,-0.5645336225596529,0.0006242339947618594,0.0012475501476001574
2025-07-31,15.97691822052002,16.066732402729528,15.966938655451473,16.016834577386796,287800,63.79449452744962,0.6132142517960908,-0.004775799844441653,0.6179900516405324,0.01943358782307844,15.996877670288086,-0.6017711360177114,-0.0024921501607522044,-0.0018738719223892182
2025-08-01,15.917041778564453,16.03679370425146,15.857166291572804,15.946979522060278,532200,62.539932523144785,0.5767304930312456,-0.03300764688742952,0.6097381399186751,0.019529013308815,15.97691822052002,0.8492008339124393,-0.0018773300269440247,0.026332354864314657
2025-08-04,16.545740127563477,16.545740127563477,16.316215840904118,16.336174971067734,531900,69.3546073526138,0.591726499126727,-0.014409312633558491,0.6061358117602855,0.02077923313548366,15.917041778564453,-0.0005636978579481866,0.012828287947876021,0.005428293873713462
2025-08-05,16.635555267333984,16.705410323519665,16.575679776804478,16.635555267333984,701800,70.18895247786651,0.6038969253185353,-0.0017911091534001944,0.6056880344719355,0.02047230000339032,16.545740127563477,0.31942094378642594,0.0,0.013797212561448348
2025-08-06,17.0546875,17.0546875,16.815183634584763,16.865079559435113,764400,73.77693405116405,0.6399851931707357,0.02743772695904001,0.6125474662116956,0.02042483730619741,16.635555267333984,0.0891992020518666,0.011242635405109098,-1.8752052793949626e-08
2025-08-07,16.76528549194336,17.0546871801896,16.74532826442197,17.0546871801896,1186100,67.71651404717755,0.6378799984729735,0.02026602580902226,0.6176139726639512,0.02100664103055281,17.0546875,0.5516745159602303,-0.016969041131543225,0.011309518741381419
2025-08-08,17.144500732421875,17.164459862613203,16.94491323732344,16.954892802419103,665300,71.07002067690232,0.659212130090129,0.03327852594094227,0.6259336041491868,0.02135359588494857,16.76528549194336,-0.43908608043166686,0.011183080436563962,0.007566945283956154
2025-08-11,17.234315872192383,17.344087287527334,17.214356740892384,17.274232231384858,331500,71.81674173106886,0.6755776901697068,0.03971526881641596,0.6358624213532909,0.021323444107939182,17.144500732421875,-0.501728543514204,-0.002310745777745901,0.0040531619214485785
2025-08-12,17.403963088989258,17.443879444529443,17.244293860013816,17.30416934502777,460600,73.22265847577413,0.6942339304304408,0.04669720726172,0.6475367231687208,0.020824223268537473,17.234315872192383,0.38944193061840116,0.005767034636086881,0.003440409385193548
2025-08-13,17.423921585083008,17.483798977868766,17.393984792097616,17.46383984694018,854700,73.39083501334554,0.7025312758452742,0.04399564214124263,0.6585356337040316,0.020476155791990972,17.403963088989258,0.8556231003039514,-0.0022857666015624147,0.004009255911482388
2025-08-14,17.723302841186523,17.723302841186523,17.493778545699207,17.493778545699207,780200,75.84183530607808,0.7249082560634932,0.05309809788756925,0.6718101581759239,0.020484564109817586,17.423921585083008,-0.0871650871650872,0.01312033846134081,-0.0033783663235283116
2025-08-15,17.673404693603516,17.71332295474274,17.64346790115655,17.663427031726165,353500,74.60832185753434,0.730198536415152,0.046710702591382436,0.6834878338237695,0.020402902366988933,17.723302841186523,-0.5469110484491155,0.000564876898431375,0.002823310808368
2025-08-18,17.803136825561523,17.803136825561523,17.68338394765897,17.723302208095628,452800,75.7142682195041,0.7363709940956937,0.04230652821753933,0.6940644658781544,0.019772214495764783,17.673404693603516,0.2809052333804809,0.004504500150622524,5.786730031828277e-11
2025-08-19,17.863012313842773,17.93286736620355,17.803136826591743,17.803136826591743,668000,76.22887858126248,0.7375916652000818,0.034821759457541845,0.70276990574254,0.019037361425087256,17.803136825561523,0.47526501766784457,0.0033631987348205525,-0.0033518720169853572
2025-08-20,17.6534481048584,17.82309691402035,17.60355027662987,17.80313778272894,628300,70.59083559450292,0.7134250556312622,0.00852411991097779,0.7049009357202844,0.01941493409584832,17.863012313842773,-0.059431137724550887,-0.008408050294131662,-5.42237834258295e-08
2025-08-21,17.56363296508789,17.673404374423384,17.533694269774163,17.65344714762165,379200,68.26061949563764,0.6791961617066917,-0.020563819210874135,0.6997599809175659,0.019519888990977584,17.6534481048584,-0.39646665605602416,-0.005087628596427481,-0.022727251022041817
2025-08-22,17.324129104614258,17.364045461606278,17.084625252439867,17.16445986983133,896600,62.35001264466212,0.6255328039592669,-0.05938174156663911,0.684914545525906,0.01905210879044545,17.56363296508789,1.3644514767932487,0.009302316297384153,-0.013824835083435166
2025-08-25,17.184417724609375,17.234315551932138,17.034728049456064,17.084625876778826,731500,59.13340083739877,0.5652152163908468,-0.09575946330804741,0.6609746796988942,0.01880975221977551,17.324129104614258,-0.18414008476466648,0.005841032080555199,0.037166125932314706
2025-08-26,17.922887802124023,18.052620245150706,17.823095957835708,17.823095957835708,967400,68.41014437653348,0.5704259420989146,-0.07243899007998378,0.6428649321788984,0.016357911888481774,17.184417724609375,0.32248803827751193,0.00559901851644597,0.0016704172129625304
2025-08-27,17.982765197753906,17.992744762866977,17.87299188491753,17.952826502414688,250400,69.02413976824207,0.5727843833495108,-0.05606443906351011,0.6288488224130209,0.016363447515119502,17.922887802124023,-0.7411618771966095,0.0016676312966758665,0.007769111821549827
2025-08-28,18.28214454650879,18.29212411162677,18.10251618119997,18.12247531143593,540000,71.9587991370114,0.5919868208869801,-0.029489601220832662,0.6214764221078127,0.016435775159635825,17.982765197753906,1.1565495207667733,0.008810564358837952,0.0010917804500895363
2025-08-29,18.252208709716797,18.3120842001506,18.16239452236233,18.30210463451038,498600,71.23208397730582,0.597897133163567,-0.01886343115539668,0.6167605643189636,0.016370546174245524,18.28214454650879,-0.07666666666666666,-0.0027262397298012356,-0.006561060196187649
2025-09-02,18.102516174316406,18.20230992205085,18.002724329989384,18.132454869658964,658300,67.55798841764351,0.5837727922866307,-0.026390217625866352,0.6101630099124971,0.0147834841377856,18.252208709716797,0.3202968311271561,-0.0016511109807119738,0.004410157086558444
2025-09-03,18.212289810180664,18.232248940763036,18.132455191258636,18.182351114307107,344600,68.82775941959142,0.5748109030954502,-0.028281685453637517,0.6030925885490878,0.014786022011196923,18.102516174316406,-0.4765304572383412,0.0016465800096666084,0.003287642174880177
2025-09-04,18.391918182373047,18.441814105431735,18.272165302261755,18.272165302261755,958000,70.83907619835642,0.5755682571736003,-0.02201946510038999,0.5975877222739903,0.014043054908588681,18.212289810180664,1.7800348229831688,0.006553841765894554,-0.016820407666774024
2025-09-05,17.9328670501709,18.122474977099678,17.922887485237027,18.08255862077158,851500,60.15671242653654,0.532982979797918,-0.05168379398085787,0.5846667737787759,0.01476246916971563,18.391918182373047,-0.11116910229645094,-0.008278229521608097,-0.02448517933127235
2025-09-08,17.334108352661133,17.523714375868195,17.304169657909153,17.4937775845236,1274000,49.64156443666655,0.44578033954784146,-0.11110914738474753,0.556889486932589,0.01618353109876563,17.9328670501709,0.4961832061068703,-0.009127201434395873,0.013241194355800456
2025-09-09,17.633487701416016,17.713322317414548,17.563632650343223,17.563632650343223,636700,53.9736089093457,0.39626117811814154,-0.128502647051558,0.5247638251696995,0.016580924050692877,17.334108352661133,-0.5002354788069074,0.003977255301535106,0.006225347504466853
2025-09-10,17.71332359313965,17.82309691182134,17.67340533056175,17.743262290073073,253500,55.0832686896882,0.3593169925415616,-0.13235746610251037,0.49167445864407194,0.016478641001345974,17.633487701416016,-0.6018533061096278,-0.0016873276426835162,0.0061971461745208
2025-09-11,17.99274444580078,17.99274444580078,17.823095648682923,17.823095648682923,569300,58.82491508346736,0.3485673198087582,-0.114485711068251,0.4630530308770092,0.016806399622335343,17.71332359313965,1.2457593688362918,0.009518480990163737,0.0038824007817972
2025-09-12,17.9328670501709,18.092536282298063,17.90293025877667,18.062599490903835,922100,57.7153953148619,0.3313963900127668,-0.10532531269139395,0.4367217027041607,0.01643630043435643,17.99274444580078,0.6197084138415598,-0.007182379302506768,0.018363920027972852
2025-09-15,18.36197853088379,18.421854016119614,18.202309301316678,18.262184786552506,1391000,63.0885220630297,0.34839790057120723,-0.07065904170636284,0.41905694227757007,0.017203883977291893,17.9328670501709,0.508513176445071,0.005464501947476006,-0.011412925516465722
2025-09-16,18.022682189941406,18.202310561492208,18.022682189941406,18.15241463757587,637600,56.92867906655125,0.33068145115496606,-0.07070039289808322,0.4013818440530493,0.01774637109164287,18.36197853088379,-0.5416247304097772,-0.007146842457306734,-0.003322229698995997
2025-09-17,17.843053817749023,18.01270262382896,17.803137459298885,17.962806699914417,662000,53.92672673984482,0.29870326364649813,-0.08214286432524093,0.38084612797173906,0.01789324736518759,18.022682189941406,0.03826850690087835,-0.0066667132907444705,0.0005592253277907523
2025-09-18,17.76321792602539,17.88297079961938,17.76321792602539,17.853032105369042,670900,52.59915087918538,0.2638764272143703,-0.09357576060589501,0.35745218782026533,0.017713455124020283,17.843053817749023,0.013444108761329288,-0.005030752132946718,0.0005618102738437243
2025-09-19,17.64346694946289,17.783177049099262,17.62350781996988,17.773197484352757,686100,50.587448948952265,0.22403052102792387,-0.1067373334338732,0.3307678544617971,0.017744541618722565,17.76321792602539,0.022656133551945068,-0.007299223170399069,-0.01414021806817689
2025-09-22,17.493778228759766,17.573612847631033,17.184417415152076,17.393984479318814,1095500,48.11048692521915,0.1783181835205987,-0.12195973675295874,0.30027792027355743,0.017566920288653358,17.64346694946289,0.5967060195306806,0.0057372564382591725,-0.002281854984202812
2025-09-23,17.254274368286133,17.483798659563753,17.254274368286133,17.45385996371593,973100,44.36725088890224,0.12136583696259251,-0.1431296666487719,0.2644955036113644,0.01775755146650407,17.493778228759766,-0.11172980374258334,-0.01143504049217242,0.016772661343552864
2025-09-24,17.54367446899414,17.603549958378373,17.51373577259828,17.54367446899414,441900,49.48200125174179,0.09844801408089054,-0.1328379916243791,0.23128600570526964,0.01523504996749956,17.254274368286133,-0.5458842873291543,0.0,0.006257090694846193
2025-09-25,17.633487701416016,17.753240577117506,17.603549006638797,17.653446831267495,668800,50.987993497097676,0.08653512849405942,-0.11580070176896817,0.2023358302630276,0.015266621577879037,17.54367446899414,0.5134645847476804,-0.00113060809269993,-0.0011318882824468733
2025-09-26,17.513734817504883,17.66342638791342,17.513734817504883,17.613528563308112,526900,48.894983794896326,0.06666257920668528,-0.10853860084507386,0.17520118005175914,0.014741767405219102,17.633487701416016,-0.21217105263157898,-0.005665744115072764,0.007407541741361955
2025-09-29,17.6534481048584,17.753241857907934,17.633488973566987,17.643468539212694,621800,51.40145654179043,0.061478450075760804,-0.09097818398079865,0.15245663405655946,0.014911418329545798,17.513734817504883,0.18011007781362687,0.0005656237957703373,0.005087574558923755
2025-09-30,17.803136825561523,17.803136825561523,17.6534471557389,17.743261338313957,388300,54.004326595361626,0.06865718189450476,-0.06703956172964376,0.13569674362414852,0.014986722786659966,17.6534481048584,-0.37552267610164036,0.0033745480104198406,-3.4832634543874304e-08
2025-10-01,18.002723693847656,18.012701355201852,17.793156640669817,17.803136205431365,1215300,57.289030547410285,0.08942058598165303,-0.03702092611399638,0.1264415120956494,0.015152724301270765,17.803136825561523,2.1297965490600053,0.011210805001615481,-0.017184041361403033
2025-10-02,17.48379898071289,17.703343710740587,17.46383984978106,17.693364145274668,900000,47.74257482778991,0.06327346863768213,-0.05053443476637383,0.11380790340405596,0.016197732204160768,18.002723693847656,-0.25944211305850406,-0.011844280309900548,-0.002283175322557999
2025-10-03,17.493778228759766,17.513735455921992,17.413943609888495,17.443880402335562,505100,47.92229658674498,0.04286283559257953,-0.05675605424918115,0.09961888984176068,0.0153081391015001,17.48379898071289,-0.4387777777777778,0.002860477443856044,0.038220197681034934
2025-10-06,18.391918182373047,18.411877312959504,18.16239389085115,18.16239389085115,1109800,60.94183013292112,0.09802962553958494,-0.0012714114417406025,0.09930103698132554,0.017480018352528413,17.493778228759766,1.1971886755098002,0.012637336955758619,-0.00868145476431061
2025-10-07,18.192331314086914,18.29212506707179,18.162394520576715,18.232249576643873,778100,57.5015352314407,0.12421286320697789,0.019929460980521868,0.10428340222645602,0.017411887128737688,18.391918182373047,-0.2988826815642458,-0.00218943155583478,0.014810741805402414
2025-10-08,18.391918182373047,18.47175280131142,18.35199992120013,18.461773236018193,1267500,59.93713998210389,0.1592327242261149,0.043959457599727095,0.1152732666263878,0.017526125928885472,18.192331314086914,0.6289679989718546,-0.003783767287795584,0.01247959355676965
2025-10-09,18.71125602722168,18.72123559217842,18.54160722977191,18.621441846018424,860100,63.537780630566054,0.21032956336890862,0.07604503739401663,0.134284525974892,0.017595168344242892,18.391918182373047,-0.3214201183431953,0.004823159342113959,0.017066668037880865
2025-10-10,18.940780639648438,19.240161883323022,18.860946022016698,19.03059482241007,1760200,65.9093542681344,0.2662754370405409,0.10559272885251914,0.16068270818802177,0.017687030419555577,18.71125602722168,1.0465062202069526,-0.0047194627177847654,0.01791358630657814
2025-10-13,19.54952049255371,19.56947962251113,19.280077948350744,19.280077948350744,1497900,71.2502566705956,0.3556336404390663,0.15596074580083563,0.19967289463823068,0.018286297654508496,18.940780639648438,-0.14901715714123398,0.013975179194024759,-0.0010209197937403245
2025-10-14,19.649314880371094,19.729149499399515,19.449727381096306,19.52956200012473,1351800,72.02404712659842,0.4295516297032407,0.183902988052008,0.24564864165123268,0.01755407274171799,19.54952049255371,-0.09753655117164028,0.006131877419759755,-0.005078788629719348
2025-10-15,19.379871368408203,19.54952016337489,19.310016318140867,19.54952016337489,846300,66.79659552536987,0.46107533965729885,0.17234135840485293,0.2887339812524459,0.017735308912684104,19.649314880371094,-0.37394584997780733,-0.008677900713108847,0.005664328341342308
2025-10-16,19.599416732788086,19.63933499335212,19.489645323051846,19.489645323051846,921400,68.78462268176612,0.4980325735073663,0.1674388738039363,0.33059369970343,0.01767634723883846,19.379871368408203,0.08873921777147586,0.0056322938625468525,-0.016293231935699166
2025-10-17,19.160327911376953,19.319997152021138,19.110430084045966,19.280078890156346,1785900,60.927462930260596,0.4862850578812292,0.1245530865422394,0.3617319713389898,0.018552684308863397,19.599416732788086,0.938246147167354,-0.006211124936865974,-0.060937534420269196
2025-10-20,18.16239356994629,18.17237123165577,17.872991891778355,17.992744769773775,2491800,47.61514680055991,0.39193215591892283,0.024160147663946363,0.36777200825497647,0.022313490079797278,19.160327911376953,0.3952628926591635,0.009428733767040847,5.24793211539272e-08
2025-10-21,18.01270294189453,18.212290447891974,17.992745714020806,18.162394523096374,2259800,45.99184710952098,0.30160134609339906,-0.05293652972926194,0.354537875822661,0.022142965837852305,18.16239356994629,-0.09310538566498117,-0.008241841735762662,0.011080375125865894
2025-10-22,18.132455825805664,18.262186372316098,18.06260076973024,18.21229044752151,1287900,47.5328970629903,0.2369452283245046,-0.09407411799852516,0.33101934632302976,0.021911290467606807,18.01270294189453,-0.4300823081688645,-0.004383557463345384,0.003302116968877075
2025-10-23,18.252208709716797,18.272165937589715,18.16239452236233,18.19233131587547,629000,49.09707031233681,0.19314143188509547,-0.11030233155034747,0.30344376343544294,0.021925354418375176,18.132455825805664,-0.511608044102803,0.003291353527025652,-0.001093588712797297
2025-10-24,18.17237091064453,18.23224830028823,18.162393249111304,18.23224830028823,460000,48.068194777435096,0.15025234891529493,-0.12255313161611842,0.27280548053141335,0.021881225893530757,18.252208709716797,-0.2686804451510334,-0.0032841473337521534,-0.014826958247422663
2025-10-27,17.70334243774414,17.902929925895727,17.633487387913288,17.902929925895727,1302400,42.44127160816907,0.07752213679686903,-0.15622667498763546,0.2337488117845045,0.022690909217601026,18.17237091064453,1.8313043478260869,-0.011148314213244631,0.020856941707719363
2025-10-28,18.14243507385254,18.14243507385254,18.012702626205623,18.072580018999965,453300,48.517253987316835,0.05468366651561496,-0.14325211621511164,0.1979357827307266,0.02328317430272049,17.70334243774414,-0.6519502457002457,0.0038652508263421633,-0.002200322959197421
2025-10-29,18.11249542236328,18.152413682121242,18.042640371194242,18.102515857423793,503500,48.14406967051548,0.03377875416488507,-0.13132562285267324,0.1651043770175583,0.023169533751977577,18.14243507385254,0.11074343701742784,0.0005512805522772621,-0.012672117189901905
2025-10-30,17.673404693603516,17.882971757769532,17.673404693603516,17.882971757769532,517800,42.92889250840137,-0.01801186212680861,-0.14649299131549356,0.12848112918868496,0.022884571448739722,18.11249542236328,0.028401191658391278,-0.011718805297277658,-0.008469806363260295
2025-10-31,17.393983840942383,17.523714378069158,17.36404514618664,17.523714378069158,857800,39.96224863863099,-0.08067327496504362,-0.16732352332298286,0.08665024835793925,0.02318395836502147,17.673404693603516,0.656624179219776,-0.007403141498878373,-0.016637960500505422
2025-11-03,17.0546875,17.144501687456653,16.964873312543343,17.104583424850354,1107300,36.650197069531174,-0.15591399569735387,-0.19405139524423448,0.038137399546880626,0.020133478743606822,17.393983840942383,0.29086034040568887,-0.0029171084504673,0.028086535534097005
2025-11-04,17.493778228759766,17.59357007479326,17.43390083705072,17.53369458649167,790700,43.20983783130805,-0.17805930000881176,-0.17295735964455392,-0.005101940364257852,0.02107808703903321,17.0546875,-0.28592070802853786,-0.0022765514441352706,0.00342270964547624
2025-11-05,17.533695220947266,17.593570711415442,17.48379929612504,17.553654352239164,524300,43.77976020492815,-0.19019618235743252,-0.14807539359453972,-0.04212078876289279,0.020890956021444956,17.493778228759766,-0.336916656127482,-0.0011370356788045273,-0.006829853962133726
2025-11-06,17.284210205078125,17.483797692880135,17.284210205078125,17.413942643171634,607500,41.00963234713384,-0.21743959649069922,-0.14025504618224513,-0.07718455030845409,0.020526896015355206,17.533695220947266,0.1586877741750905,-0.007449917617845119,-0.02193987076841972
2025-11-07,16.84511947631836,16.914976431932203,16.745327632256274,16.90499686684451,831400,36.618094218403826,-0.2713333882455693,-0.15531907034969217,-0.11601431789587713,0.020706721982163855,17.284210205078125,0.368559670781893,-0.003541993589101859,-0.010663431974119746
2025-11-10,16.67547035217285,16.68544991706636,16.555719380265483,16.66549269068672,991400,35.05611034004922,-0.32399901404523135,-0.16638775691948338,-0.15761125712574797,0.018708056431336093,16.84511947631836,0.1924464758239115,0.0005987018608641879,0.011370508410869425
2025-11-11,16.895017623901367,16.93493398160582,16.665493332730264,16.865078928067437,885100,38.700294400435915,-0.3440552175504372,-0.1491551683397514,-0.19490004921068582,0.019082695072738968,16.67547035217285,-0.10722211014726646,0.0017751885989756918,0.023626675914903347
2025-11-12,17.493778228759766,17.523715021206833,17.264252034023343,17.294190729877865,1222600,47.37344361649915,-0.3080835313900252,-0.09054678574347147,-0.21753674564655373,0.02126072745980652,16.895017623901367,0.38131284600610105,0.011540724975184193,-0.0017114095123585105
2025-11-13,17.384004592895508,17.483798340492946,17.274231280197583,17.463839210291976,560600,46.08603247050454,-0.28514653419493996,-0.05408783083870897,-0.231058703356231,0.02091552040281356,17.493778228759766,-0.5414690004907574,-0.004571424211774645,0.0005740844320320425
2025-11-14,17.553653717041016,17.563633282325846,17.354066218159346,17.393984479298663,900200,48.419008373314064,-0.2503931557291246,-0.015467561898314858,-0.23492559383080971,0.020805521262648535,17.384004592895508,0.6057795219407778,0.009179566529588564,0.00682197908064771
2025-11-17,17.62350845336914,17.77319812313195,17.583592096355854,17.673404375487603,928000,49.390128849009606,-0.2147387844521873,0.01614944750289793,-0.23088823195508523,0.017527803701124823,17.553653717041016,0.030882026216396463,-0.002823220759191513,0.006228782215887962
2025-11-18,17.693363189697266,17.74326101433198,17.60354900876216,17.733281449405037,658300,50.395869374356465,-0.1787848247480497,0.04168272576562845,-0.22046755051367814,0.017487999641129792,17.62350845336914,-0.290625,-0.002251036268818208,-0.005076151110072814
2025-11-19,17.573612213134766,17.643467264199074,17.503757162070457,17.603549004500962,460000,48.612399942744595,-0.15813111855465678,0.04986914556721708,-0.20800026412187386,0.017446582075366864,17.693363189697266,-0.30123044204769867,-0.0017006111300932767,0.005110813937940446
2025-11-20,17.413944244384766,17.73328273150529,17.39398511308785,17.663427675373615,764600,46.26160450156168,-0.15288442182416873,0.04409267383816412,-0.19697709566233285,0.017419511667996643,17.573612213134766,0.6621739130434783,-0.014124293176498234,0.009168990418034687
2025-11-21,17.68338394165039,17.723302202073484,17.493777914862953,17.57361253230172,895200,50.60270104855148,-0.12553772435517274,0.05715149704572811,-0.18268922140090085,0.017849403925961967,17.413944244384766,0.1708082657598744,0.006246377012518177,0.009593666627022962
2025-11-24,17.87299156188965,17.87299156188965,17.76321825103726,17.853032432024236,506600,53.45235022274865,-0.08755622558567211,0.076106396652183,-0.1636626222378551,0.017051107143125896,17.68338394165039,-0.4340929401251117,0.0011179686107336373,-0.007816757311011651
2025-11-25,17.71332359313965,17.81311734617687,17.67340533056175,17.733282724428598,912500,50.794958951496035,-0.06953789527526055,0.07529978157007564,-0.1448376768453362,0.01617869288074159,17.87299156188965,0.8012238452427951,-0.0011255181344091876,0.015211275149310866
2025-11-26,18.20231056213379,18.20231056213379,17.982765832123675,17.982765832123675,922400,57.726380356826326,-0.015621007673260578,0.1033733353376605,-0.11899434301092107,0.01740015389170474,17.71332359313965,0.010849315068493182,0.012208618632954001,-0.002192997388497681
2025-11-28,18.30210304260254,18.30210304260254,18.022680939202914,18.162392942606406,524000,58.995859678435544,0.03476023897736269,0.12300366559062702,-0.08824342661326433,0.016427684601983315,18.20231056213379,-0.43191673894189075,0.007692273834049313,0.0005453034668280762
2025-12-01,18.34202003479004,18.411876990619643,18.28214454748637,18.312083242841915,685600,59.51951625716211,0.07702085907497391,0.1322114285505906,-0.05519056947561669,0.01589204511388066,18.30210304260254,0.3083969465648855,0.001634810826879911,0.009249240743088182
2025-12-02,18.61146354675293,18.61146354675293,18.481733000307656,18.51166979380636,1221200,62.95829639850177,0.13074737025874228,0.1487503517874872,-0.018002981528744896,0.015192661175236993,18.34202003479004,0.7812135355892649,0.005390856365640226,-0.0010724786633000576
2025-12-03,18.65138053894043,18.681317330400127,18.52164809792377,18.59150314920625,653700,63.45360742165983,0.1745350536654442,0.15403042815535128,0.020504625510092925,0.01434751254729566,18.61146354675293,-0.4647068457255159,0.003220685775304605,6.822493596162175e-08
2025-12-04,18.55158805847168,18.661361377066225,18.46177387115024,18.651381811429673,844300,61.248610567560945,0.19889198605591574,0.14270988843665824,0.05618209761925749,0.014477104809329774,18.65138053894043,0.29157105705981334,-0.005350475046135117,0.0021516409745958075
2025-12-05,18.61146354675293,18.651381809294566,18.52164935944177,18.59150441548211,604000,62.09961383120911,0.22048486963150182,0.13144221760979546,0.08904265202170636,0.013903353420066593,18.55158805847168,-0.28461447352836666,0.0010735619251016097,0.004825728349183575
2025-12-08,18.681318283081055,18.741195675868767,18.63142235916545,18.701277414010292,764900,63.11726409325806,0.24046218052024315,0.12113562279882943,0.11932655772141372,0.012090730530513105,18.61146354675293,0.2663907284768212,-0.0010672602992501817,-0.0005341831755113357
2025-12-09,18.61146354675293,18.70127773406409,18.53162892507718,18.67133903715786,715800,61.34345121726445,0.2478011524721957,0.10277967580062558,0.14502147667157012,0.011746286838590954,18.681318283081055,-0.0641913975683096,-0.0032068128743081834,-0.01662204084266011
2025-12-10,18.24222755432129,18.351998959982428,18.172370600927565,18.302103039537123,918500,52.8834189966782,0.22127239147165767,0.061000731840070044,0.16027165963158763,0.012886364550454471,18.61146354675293,0.28317965912265985,-0.003271508475637341,-0.006017521366375682
2025-12-11,18.232248306274414,18.262185097698705,18.082558638930795,18.132454560242873,725900,52.67199123093128,0.1971700615960259,0.02951872157155061,0.1676513400244753,0.010555382023416167,18.24222755432129,-0.2096897114861187,0.005503598296633695,-0.041050904404024306
2025-12-12,17.453859329223633,17.57361220485415,17.403963408031892,17.48379802398311,874300,39.43001097499463,0.11394580997322379,-0.042964424041001203,0.156910234014225,0.014488611816255392,18.232248306274414,0.20443587270973973,-0.0017123679144776373,0.006289361372472124
2025-12-15,17.384004592895508,17.583592088090384,17.384004592895508,17.563632957889414,724800,38.494695853712585,0.041870638881054134,-0.0920316761065367,0.13390231498759084,0.014341846073430593,17.453859329223633,-0.17099393800754892,-0.010227289845135315,0.023536139136607882
2025-12-16,17.8131160736084,17.912909819516358,17.683383632905834,17.793156943745327,945000,46.83722378877744,0.019155444733158333,-0.09179749620354602,0.11095294093670435,0.015383075637897667,17.384004592895508,0.3038079470198676,0.0011217306701769708,-0.003361297325932602
2025-12-17,17.50375747680664,17.75324089418365,17.50375747680664,17.75324089418365,357300,42.37481220641899,-0.023537834127388635,-0.1075926200512744,0.08405478592388577,0.01587277314766002,17.8131160736084,-0.621904761904762,-0.014052837950210378,0.011402479240250596
2025-12-18,17.843053817749023,17.882972079606652,17.70334370806231,17.70334370806231,495800,48.20361786829153,-0.029652372029822516,-0.09096572636296663,0.06131335433314411,0.01639088843073193,17.50375747680664,0.3876294430450602,0.007891735707706354,0.015659941644737316
2025-12-19,18.351999282836914,18.351999282836914,18.10251586940669,18.12247499929888,685700,55.47832441422649,0.006494592606674843,-0.04385500938117542,0.05034960198785026,0.017317422077847786,17.843053817749023,0.38301734570391277,0.012665173137052933,0.021687049515924
2025-12-22,18.610000610351562,18.75,18.600000381469727,18.75,962400,58.64890260063274,0.05532215407397345,0.003978041668898549,0.0513441124050749,0.017265636531024153,18.351999282836914,0.4035292401925039,-0.007466634114583333,0.008597519729425029
2025-12-23,19.079999923706055,19.09000015258789,18.75,18.770000457763672,1264300,63.71787214865411,0.13043973686923138,0.06327649957132518,0.0671632372979062,0.017914682552810476,18.610000610351562,0.31369492934330845,0.016515687713484335,0.0015723630380225153
2025-12-24,19.010000228881836,19.15999984741211,18.940000534057617,19.110000610351562,1275000,62.489241062783606,0.18222202993516134,0.09204703410980411,0.09017499582535723,0.017761541476430255,19.079999923706055,0.008463181206991965,-0.005232882170373038,-0.023145740597579043
2025-12-26,18.399999618530273,18.56999969482422,18.399999618530273,18.56999969482422,853100,52.91400153072798,0.17205458088543324,0.06550366804806079,0.10655091283737245,0.018529983073280965,19.010000228881836,-0.3309019607843138,-0.009154554608922652,0.013043466092057147
2025-12-29,18.920000076293945,18.920000076293945,18.6299991607666,18.639999389648438,587800,58.72076547848862,0.2036094128089836,0.0776467999772889,0.1259626128316947,0.01951305922478594,18.399999618530273,-0.3109834720431368,0.01502149655653979,0.0021141124744934966
2025-12-30,19.010000228881836,19.020000457763672,18.93000030517578,18.959999084472656,616000,59.648296543670405,0.2331910236357686,0.08578272864325912,0.1474082949925095,0.0195239027407367,18.920000076293945,0.047975501871384774,0.002637191288164579,0.0031562054297729993
2025-12-31,19.079999923706055,19.1200008392334,18.979999542236328,19.06999969482422,600400,60.393712270577296,0.2592940730315014,0.08950862243119354,0.1697854506003079,0.019300391242125133,19.010000228881836,-0.025324675324675305,0.0005243958595631281,0.0010482420253483434
2026-01-02,19.110000610351562,19.149999618530273,18.979999542236328,19.100000381469727,936300,60.72854920352797,0.2791834790650469,0.08751842277179123,0.1916650562932557,0.01929968716521453,19.079999923706055,0.55946035976016,0.0005235721823093717,-0.0047095839724431545
2026-01-05,19.020000457763672,19.1299991607666,18.950000762939453,19.020000457763672,662800,59.11398185571357,0.28440526957930246,0.0741921706288374,0.21021309895046505,0.019288430937926686,19.110000610351562,-0.29210723058848664,0.0,0.0099894123099997
2026-01-06,19.43000030517578,19.459999084472656,19.209999084472656,19.209999084472656,1584000,63.831551030752834,0.3179618708346901,0.08619901750738002,0.23176285332731006,0.019807017048622,19.020000457763672,1.3898611949305977,0.011452432649044261,0.009264040264983044
2026-01-07,19.440000534057617,19.649999618530273,19.399999618530273,19.610000610351562,1125400,63.940838410405256,0.34142689724661324,0.08773123513544251,0.2536956621111707,0.019808107332425627,19.43000030517578,-0.289520202020202,-0.008669050025638812,-0.0041152222998090985
2026-01-08,19.309999465942383,19.469999313354492,19.309999465942383,19.360000610351562,456400,61.34578374246228,0.34554981681090524,0.07348332375978761,0.27206649305111763,0.019865357468936813,19.440000534057617,-0.5944553047805226,-0.002582703658720169,-0.004660805545159468
2026-01-09,19.280000686645508,19.3700008392334,19.110000610351562,19.219999313354492,975000,60.73324157339671,0.34244906978134537,0.05630606138418215,0.2861430083971632,0.019215938964813346,19.309999465942383,1.1362839614373357,0.003121819741654481,0.006224010768209367
2026-01-12,19.670000076293945,19.68000030517578,19.399999618530273,19.399999618530273,757500,65.5493253386538,0.3672282184933131,0.06486816807691992,0.3023600504163932,0.01957530748612692,19.280000686645508,-0.22307692307692306,0.013917549642927615,0.0066090066223881225
2026-01-13,19.799999237060547,19.850000381469727,19.760000228881836,19.799999237060547,670400,67.00215873688646,0.3928274479043772,0.07237391799038717,0.32045352991399,0.016201269502802824,19.670000076293945,-0.11498349834983501,0.0,-0.003030276174459599
2026-01-14,19.690000534057617,19.760000228881836,19.649999618530273,19.739999771118164,775200,64.52267014542103,0.39963233283982547,0.06334304234066834,0.3362892904991571,0.016257637236894735,19.799999237060547,0.15632458233890212,-0.002532889444796315,-0.009141711543604904
2026-01-15,19.530000686645508,19.559999465942383,19.40999984741211,19.510000228881836,633700,60.987342141401946,0.38764606018554915,0.04108541574911362,0.3465606444364355,0.015965395525542284,19.690000534057617,-0.18253353973168218,0.0010251387764754602,0.004608302581854601
2026-01-16,19.729999542236328,19.770000457763672,19.6200008392334,19.6200008392334,1222800,63.66718342758,0.38979181156981113,0.03458493370670046,0.35520687786311067,0.015125512436171402,19.530000686645508,0.9296196938614487,0.005606457609470093,-0.006588908453257197
2026-01-20,19.510000228881836,19.670000076293945,19.34000015258789,19.600000381469727,840300,58.8762292160635,0.3694810811153033,0.011419362601754135,0.3580617185135492,0.015255898909153983,19.729999542236328,-0.31280667320902844,-0.004591844430420458,-0.005125596119762722
2026-01-21,19.389999389648438,19.420000076293945,19.31999969482422,19.40999984741211,859500,56.38387951300185,0.33978478852844773,-0.014621543988081187,0.3544063325165289,0.014334836469243203,19.510000228881836,0.022848982506247673,-0.001030420294739904,0.0041258342560218705
2026-01-22,19.6299991607666,19.649999618530273,19.469999313354492,19.469999313354492,785800,60.02833351830382,0.33179155199228916,-0.018091824419391833,0.349883376411681,0.014270456319304892,19.389999389648438,-0.08574752763234439,0.008217763382372865,-0.006113038054764714
2026-01-23,19.420000076293945,19.540000915527344,19.34000015258789,19.510000228881836,604900,55.64688647562695,0.30499588070839323,-0.03590999656263022,0.34090587727102345,0.013534185850236921,19.6299991607666,-0.23021124968185291,-0.004613026731524993,-0.022142137151723494
2026-01-26,18.90999984741211,19.149999618530273,18.8799991607666,18.989999771118164,1407000,46.72687056387462,0.23984260568105498,-0.08085061727197485,0.3206932229530298,0.0148232629719028,19.420000076293945,1.3260042982311124,-0.0042127395824262375,-0.006874625162114549
2026-01-27,18.760000228881836,18.84000015258789,18.6299991607666,18.780000686645508,1167200,44.46906160942554,0.17409756188023096,-0.11727652885823908,0.29137409073847004,0.01295055416075796,18.90999984741211,-0.1704335465529495,-0.0010649870624282903,-0.010127960114046432
2026-01-28,18.5,18.6299991607666,18.459999084472656,18.56999969482422,1026400,40.78995804756156,0.09986313538040292,-0.1532087642864537,0.2530718996668566,0.011652102323877549,18.760000228881836,-0.12063056888279644,-0.003769504360505126,0.01675672788877745
2026-01-29,18.809999465942383,18.850000381469727,18.600000381469727,18.809999465942383,912100,46.47593430144809,0.06529352061519589,-0.15022270324132858,0.21551622385652447,0.012260320823474289,18.5,-0.11136009353078724,0.0,0.006911274418195275
2026-01-30,19.06999969482422,19.100000381469727,18.889999389648438,18.940000534057617,783000,50.747937441828356,0.05820573789667449,-0.12584838876788,0.18405412666455448,0.012644175946739536,18.809999465942383,-0.14154149764280233,0.0068637358553839045,-0.01678026743288673
2026-02-02,18.770000457763672,18.84000015258789,18.709999084472656,18.75,803400,46.169006432808004,0.028057755455431987,-0.12479709696729802,0.15285485242273,0.013117653320868635,19.06999969482422,0.02605363984674325,0.0010666910807291667,0.0026637845413512566
2026-02-03,18.450000762939453,18.899999618530273,18.450000762939453,18.81999969482422,1492400,41.83310046602873,-0.021409246391407066,-0.13941127905130968,0.1180020326599026,0.013592018456057373,18.770000457763672,0.8576051779935274,-0.01965987980257624,0.010840045925231523
2026-02-04,18.610000610351562,18.760000228881836,18.510000228881836,18.649999618530273,970300,44.63295433324877,-0.04715794381242233,-0.13212798117785995,0.08497003736543761,0.012722622602823998,18.450000762939453,-0.34983918520503887,-0.002144718981064681,-0.012359024290253151
2026-02-05,18.1200008392334,18.510000228881836,18.09000015258789,18.3799991607666,1684900,38.51810993799229,-0.10588231306267204,-0.15268188034248772,0.046799567279815685,0.013804863836425037,18.610000610351562,0.7364732556941151,-0.01414571998937779,0.0
2026-02-06,18.030000686645508,18.139999389648438,18.020000457763672,18.1200008392334,896700,37.50182786789657,-0.1578642975755784,-0.16373109188431528,0.005866794308736871,0.013788776708572866,18.1200008392334,-0.46780224345658494,-0.004966895608140505,0.003882401118046892
2026-02-09,18.049999237060547,18.100000381469727,17.8700008392334,18.100000381469727,1203300,37.893951617876475,-0.19519657432522308,-0.16085069490716797,-0.03434587941805512,0.013819681247799472,18.030000686645508,0.3419203747072599,-0.002762494108031592,0.006094216897566815
2026-02-10,18.079999923706055,18.209999084472656,18.059999465942383,18.15999984741211,558200,38.51715123018081,-0.21982782954681213,-0.1483855601030056,-0.07144226944380652,0.012744912515847417,18.049999237060547,-0.5361090334912324,-0.00440528217941891,0.02876108738705579
2026-02-11,18.709999084472656,18.719999313354492,18.510000228881836,18.600000381469727,897700,49.88875949595758,-0.18636431776984708,-0.09193763866083243,-0.09442667910901464,0.01530390353136935,18.079999923706055,0.6082049444643498,0.0059139086423092785,0.004275886422735352
2026-02-12,18.510000228881836,18.799999237060547,18.479999542236328,18.790000915527344,1077000,46.9217795798152,-0.17397698143593843,-0.06364024186153902,-0.1103367395743994,0.01539680772097875,18.709999084472656,0.19973265010582608,-0.014901579191203012,0.018368457503170413
2026-02-13,18.889999389648438,18.93000030517578,18.700000762939453,18.850000381469727,778100,52.68009648178934,-0.13197583636746657,-0.017311277434453737,-0.11466455893301283,0.016204160787070244,18.510000228881836,-0.27753017641597033,0.002121963255662928,-0.001588077303661221
2026-02-17,18.729999542236328,18.889999389648438,18.6200008392334,18.860000610351562,617800,50.21012398933049,-0.11032847878410479,0.003468864119126447,-0.11379734290323124,0.016027369010993806,18.889999389648438,-0.2060146510731269,-0.0068929514267290935,0.010144182525427412
2026-02-18,18.770000457763672,18.940000534057617,18.729999542236328,18.920000076293945,588100,50.83081239653793,-0.08892003751536848,0.019901844310290212,-0.10882188182565869,0.01592389966759577,18.729999542236328,-0.04807381029459368,-0.007928098199017313,0.004262116236281977
2026-02-19,18.760000228881836,18.90999984741211,18.739999771118164,18.850000381469727,352800,50.660780984350176,-0.07193144751458647,0.02951234744885778,-0.10144379496344424,0.015892845004409042,18.770000457763672,-0.400102023465397,-0.004774543807243857,0.005863571908821823
2026-02-20,19.290000915527344,19.290000915527344,18.809999465942383,18.8700008392334,1229900,58.57052940251034,-0.015522310003628803,0.06873718796785236,-0.08425949797148116,0.016982981261885608,18.760000228881836,2.486111111111111,0.022257554722557606,0.002591976914853351
2026-02-23,19.229999542236328,19.40999984741211,19.1299991607666,19.34000015258789,1389500,57.447703270518154,0.024063341288048434,0.08665827140762368,-0.06259493011957525,0.016832838196573024,19.290000915527344,0.12976664769493462,-0.00568772541280685,0.00416016253824368
2026-02-24,19.25,19.309999465942383,19.15999984741211,19.309999465942383,406900,57.73853470249469,0.056398992448851715,0.09519513805474157,-0.038796145605889856,0.015689758408294983,19.229999542236328,-0.7071608492263404,-0.0031071707717136732,-0.002597362964184253
2026-02-25,19.09000015258789,19.229999542236328,19.020000457763672,19.200000762939453,589000,54.527826490952336,0.06832694792431226,0.0856984748241617,-0.017371526899849433,0.015701361070126988,19.25,0.44753010567707063,-0.005729198228152663,0.00523836462390862
2026-02-26,19.15999984741211,19.299999237060547,19.079999923706055,19.190000534057617,555700,55.68876755124072,0.08247757874805117,0.07987928451832049,0.002598294229730687,0.015313347550072836,19.09000015258789,-0.05653650254668929,-0.0015633499640744584,-0.0026095635416876132
2026-02-27,19.079999923706055,19.139999389648438,18.989999771118164,19.110000610351562,634700,53.99219077637625,0.08624257959639436,0.06691542829333094,0.019327151303063422,0.01495306417888279,19.15999984741211,0.14216303761022142,-0.001569894593789649,-0.022012582703006923
2026-03-02,18.6299991607666,18.719999313354492,18.600000381469727,18.65999984741211,1320500,45.580335551227655,0.052312048407230805,0.026387917683333904,0.0259241307238969,0.015567747503306962,19.079999923706055,1.0805104773908933,-0.0016077538526705027,-0.02039716467442745
2026-03-03,18.1200008392334,18.25,17.899999618530273,18.25,1267200,38.297909427444615,-0.015551476588726132,-0.033180485850098425,0.017629009261372293,0.01634396977707357,18.6299991607666,-0.040363498674744425,-0.007123241685841181,0.001655561694672866
2026-03-04,18.299999237060547,18.389999389648438,18.149999618530273,18.149999618530273,1004100,41.830386286039136,-0.05418483364961446,-0.0574510743287894,0.003266240679174942,0.01611666975445976,18.1200008392334,-0.20762310606060608,0.008264441966000433,-0.007650240190443036
2026-03-05,18.020000457763672,18.239999771118164,17.899999618530273,18.15999984741211,1178900,38.16963952422733,-0.10617172731758728,-0.08755037439740979,-0.018621352920177504,0.016305783183029877,18.299999237060547,0.17408624638980186,-0.007709217556430107,-0.018312980872532594
2026-03-06,17.450000762939453,17.739999771118164,17.40999984741211,17.690000534057617,1704000,32.02531209482106,-0.19116232647570897,-0.13803277884442516,-0.053129547631283795,0.016767517413725463,18.020000457763672,0.44541521757570623,-0.013566973650232812,-0.04584533578406672
2026-03-09,17.229999542236328,17.260000228881836,16.600000381469727,16.649999618530273,2141700,30.01688069525293,-0.2731218696160731,-0.17599385758783143,-0.09712801202824166,0.01693094415595711,17.450000762939453,0.25686619718309855,0.03483483105072001,-0.007544931179361402
2026-03-10,17.059999465942383,17.229999542236328,16.969999313354492,17.100000381469727,1323800,28.528052887556306,-0.3477839466000212,-0.20052474765742362,-0.1472591989425976,0.016998144403557156,17.229999542236328,-0.3818928888266331,-0.0023392347739764037,0.02872214457546566
2026-03-11,17.40999984741211,17.739999771118164,17.290000915527344,17.549999237060547,1761800,35.60924702530656,-0.3743962676912851,-0.18170965499894998,-0.1926866126923351,0.01775743831008792,17.059999465942383,0.33086568968122076,-0.007977173546127517,-0.012061980833611055
2026-03-12,16.75,17.239999771118164,16.709999084472656,17.200000762939453,1563500,29.644694501180915,-0.44362931315245646,-0.20075416036809707,-0.2428751527843594,0.017315561691072734,17.40999984741211,-0.11255534112839138,-0.026162833894115986,0.010746286876166045
2026-03-13,16.709999084472656,17.270000457763672,16.610000610351562,16.93000030517578,1419000,29.324104031205998,-0.49600707920367526,-0.20250554113545272,-0.29350153806822254,0.01728091610792565,16.75,-0.09242085065558048,-0.012994755861632618,0.0203471077927124
2026-03-16,17.299999237060547,17.329999923706055,17.049999237060547,17.049999237060547,908200,39.68496994941932,-0.48432574893247704,-0.15265936869140362,-0.3316663802410734,0.018686972768746597,16.709999084472656,-0.35997181113460186,0.014662757254357537,0.005780369125999898
2026-03-17,17.31999969482422,17.540000915527344,17.309999465942383,17.399999618530273,977000,40.006043646329005,-0.4680588496797924,-0.10911397555097513,-0.35894487412881726,0.018695726451902414,17.299999237060547,0.0757542391543713,-0.004597696865513612,-0.001732031167751095
2026-03-18,17.030000686645508,17.290000915527344,17.020000457763672,17.290000915527344,257000,36.93583192371675,-0.47311394807237406,-0.09133525915484542,-0.38177868891752864,0.018859381651317928,17.31999969482422,-0.736949846468782,-0.015037606426517991,0.002935950384297694
2026-03-19,16.979999542236328,17.09000015258789,16.84000015258789,17.079999923706055,919500,36.41689596917842,-0.4756715785827126,-0.07511431173214711,-0.4005572668505655,0.01883919026757899,17.030000686645508,2.577821011673152,-0.005854823297213942,-0.016489916775345104
2026-03-20,16.43000030517578,16.729999542236328,16.329999923706055,16.700000762939453,1074400,31.220804450434443,-0.5161292444337313,-0.09245758206653265,-0.42367166236719866,0.018104883382735772,16.979999542236328,0.1684611201740076,-0.016167691343036066,-0.0006086566461405155
2026-03-23,16.420000076293945,16.68000030517578,16.329999923706055,16.420000076293945,1375600,31.133820561469484,-0.5427427701886778,-0.09525688625718326,-0.4474858839314945,0.018147840326888626,16.43000030517578,0.28034251675353694,0.0,-0.004263075182641408
2026-03-24,16.459999084472656,16.559999465942383,16.309999465942383,16.350000381469727,950600,31.950485161577042,-0.554217916265177,-0.08538562586694598,-0.46883229039823104,0.018185910434117478,16.420000076293945,-0.30895609188717654,0.006727749262171071,0.026731504163489683
2026-03-25,16.799999237060547,16.969999313354492,16.75,16.899999618530273,1145200,38.61425300726246,-0.5297700223435697,-0.04875018555627092,-0.4810198367872988,0.019251960201505915,16.459999084472656,0.20471281296023558,-0.005917182469050446,-0.012499946071985612
2026-03-26,16.479999542236328,16.719999313354492,16.469999313354492,16.59000015258789,799200,35.12767514182566,-0.5301054654696706,-0.0392685029458974,-0.49083696252377323,0.019309640651634135,16.799999237060547,-0.30213063220398184,-0.006630537030730732,0.013349589005708852
2026-03-27,16.719999313354492,16.860000610351562,16.649999618530273,16.700000762939453,807600,39.53714452412138,-0.5051819082232072,-0.01147595655954714,-0.49370595166366005,0.019915751584983942,16.479999542236328,0.010510510510510551,0.0011975179342158912,0.010765568933487488
2026-03-30,16.850000381469727,17.040000915527344,16.850000381469727,16.899999618530273,612400,41.843089667347634,-0.4695273903232149,0.019342849072356172,-0.48887023939557106,0.019724398682435765,16.719999313354492,-0.2417038137691927,-0.002958534804091026,0.009495539690792193
2026-03-31,17.309999465942383,17.360000610351562,17.010000228881836,17.010000228881836,1183900,49.22256976882753,-0.3995471158245678,0.07145849885680261,-0.4710056146813704,0.02021697138273486,16.850000381469727,0.9332135858915742,0.017636639213629658,0.011554059451761212
2026-04-01,17.40999984741211,17.6200008392334,17.40999984741211,17.510000228881836,934300,50.68747999119441,-0.3321887835408681,0.11105346491240187,-0.44324224845327,0.02010793978970261,17.309999465942383,-0.21082861728186497,-0.005711043984156044,-0.0034462645874923066
2026-04-02,17.469999313354492,17.700000762939453,17.309999465942383,17.350000381469727,1552300,51.58989585202197,-0.2708432520349753,0.13791919713463574,-0.408762449169611,0.01990580961353773,17.40999984741211,0.6614577758749867,0.0069163647980623535,-0.012592977790578353
2026-04-06,17.149999618530273,17.350000381469727,17.059999465942383,17.25,443700,46.683119587231594,-0.24522102207149388,0.13083314167849375,-0.3760541637499876,0.019044124070563054,17.469999313354492,-0.714166076145075,-0.005797123563462409,0.004664718687201379
2026-04-07,17.309999465942383,17.309999465942383,17.1299991607666,17.229999542236328,661200,49.280646190364635,-0.20958856322311448,0.13317248042149854,-0.342761043644613,0.018953370161733332,17.149999618530273,0.4901960784313726,0.004643060117903595,0.04563841362801191
2026-04-08,18.420000076293945,18.43000030517578,18.100000381469727,18.100000381469727,1394100,62.815316817796216,-0.09073586371872366,0.20162014394071148,-0.29235600765943515,0.023515596865914066,17.309999465942383,1.1084392014519056,0.01767954077790106,-0.009229102909327939
2026-04-09,18.350000381469727,18.389999389648438,18.079999923706055,18.25,525200,61.69717504818841,-0.0021676461588846507,0.2321506892004404,-0.23431833535932506,0.0232494085930745,18.420000076293945,-0.6232694928627789,0.005479472957245291,0.0
2026-04-10,18.200000762939453,18.350000381469727,18.170000076293945,18.350000381469727,787000,59.26277476393219,0.05528232847001746,0.23168053106347403,-0.17639820259345657,0.02137879697001277,18.350000381469727,0.49847677075399854,-0.008174365962506827,-0.0027473155117112248
2026-04-13,18.299999237060547,18.299999237060547,18.1299991607666,18.149999618530273,820900,60.38498553189629,0.10764008056249352,0.22723062652476006,-0.11959054596226655,0.021320166284832777,18.200000762939453,0.043074968233799193,0.008264441966000433,0.0038252243219271103
2026-04-14,18.43000030517578,18.469999313354492,18.329999923706055,18.3700008392334,485700,61.85609949961414,0.1578048993955612,0.2219163562862622,-0.064111456890701,0.02009108671790741,18.299999237060547,-0.4083323181873554,0.00326616566147564,0.003798138560234338
2026-04-15,18.65999984741211,18.68000030517578,18.459999084472656,18.5,830700,64.37659899174683,0.21365701553267868,0.22221477793870376,-0.008557762406025057,0.020185125961505197,18.43000030517578,0.7103150092649784,0.00864864040065456,0.0010718359017803352
2026-04-16,18.719999313354492,18.75,18.639999389648438,18.68000030517578,1487200,65.02585168121566,0.2597672403815814,0.21466000223008516,0.04510723815149623,0.019594316535769908,18.65999984741211,0.7902973395931143,0.002141274492786179,0.004807700635100249
2026-04-17,19.040000915527344,19.139999389648438,18.75,18.809999465942383,969600,68.34004696719333,0.31846036782534526,0.21868250373907921,0.09977786408626604,0.01968326333873076,18.719999313354492,-0.3480365788058096,0.012227615955088377,-0.007353008942499452
2026-04-20,19.06999969482422,19.149999618530273,18.8700008392334,18.899999618530273,1027900,68.6400614801594,0.36320889886821206,0.2107448278255568,0.15246407104265525,0.01755360251449434,19.040000915527344,0.06012788778877898,0.008994713212971222,-0.0036706709986585547
2026-04-21,18.860000610351562,19.020000457763672,18.850000381469727,19.0,825800,64.063481701616,0.3773770928171629,0.17993041741960614,0.19744667539755678,0.01795975546087937,19.06999969482422,-0.19661445665920807,-0.0073683889288651315,0.0137858017215085
2026-04-22,19.399999618530273,19.420000076293945,19.030000686645508,19.1200008392334,752800,69.66458473973047,0.4272537799786882,0.1838456836649051,0.24340809631378307,0.01854725716847483,18.860000610351562,-0.0883991281181884,0.01464428697734834,-0.01649482995445861
2026-04-23,19.149999618530273,19.290000915527344,19.020000457763672,19.079999923706055,861500,64.64139037565553,0.44151894764109656,0.15848868106185077,0.2830302665792458,0.018894982385081204,19.399999618530273,0.144394261424017,0.003668747122857544,-0.007310673234320523
2026-04-24,18.90999984741211,19.049999237060547,18.90999984741211,19.010000228881836,509300,60.156940512134696,0.42851852520602307,0.11639060690142178,0.3121279183046013,0.018478695101457686,19.149999618530273,-0.40882182240278586,-0.005260409272262727,-0.00423056183773597
2026-04-27,18.790000915527344,18.90999984741211,18.770000457763672,18.829999923706055,288400,57.99069328003262,0.4038770426896612,0.07339929950804791,0.33047774318161327,0.018622729526242294,18.90999984741211,-0.43373257412134303,-0.002124217118469243,0.003725369420624863
2026-04-28,19.139999389648438,19.139999389648438,18.860000610351562,18.860000610351562,1017200,62.259472556205544,0.4078885566857622,0.06192865080331911,0.3459599058824431,0.018833635506959406,18.790000915527344,2.5270457697642166,0.014846170213970934,-0.01149421736520406
2026-04-29,18.81999969482422,18.920000076293945,18.760000228881836,18.920000076293945,436600,56.59683900673939,0.3808561369339287,0.02791698484118854,0.3529391520927402,0.018854004871096192,19.139999389648438,-0.5707825403067244,-0.005285432403090913,-0.001593984047997892
2026-04-30,18.84000015258789,18.8700008392334,18.760000228881836,18.790000915527344,624300,56.86093318142601,0.3569321279250808,0.003194380665872465,0.3537377472592083,0.018864764889194568,18.81999969482422,0.42991296381126887,0.0026609491551024566,0.004246280417097862
2026-05-01,19.09000015258789,19.110000610351562,18.889999389648438,18.920000076293945,548800,60.126833634985,0.3540636635685743,0.00026073304749280046,0.3538029305210815,0.018973870184447753,18.84000015258789,-0.12093544770142561,0.008985204841883117,-0.01047672924781724
2026-05-04,18.770000457763672,18.93000030517578,18.719999313354492,18.889999389648438,406400,54.445048281175154,0.3222543364819863,-0.02523887523127616,0.3474932117132625,0.01887795024178801,19.09000015258789,-0.2594752186588921,-0.006352511157333549,0.007458678009276807
2026-05-05,19.1200008392334,19.200000762939453,18.90999984741211,18.90999984741211,451100,59.007748151571654,0.3215803432808855,-0.020730294745901656,0.34231063802678713,0.019112015068851407,18.770000457763672,0.10999015748031504,0.011105287864400926,0.01359823797704538
2026-05-06,19.540000915527344,19.600000381469727,19.299999237060547,19.3799991607666,937300,63.70552482745197,0.35089183226322973,0.006864955389154048,0.3440268768740757,0.013872357839810627,19.1200008392334,1.0778097982708932,0.008256024854978018,-0.003582476913664073
2026-05-07,19.520000457763672,19.6200008392334,19.43000030517578,19.469999313354492,820200,63.33330628715332,0.3682624286270766,0.019388441402400702,0.3488739872246759,0.013814000065575083,19.540000915527344,-0.12493331910807637,0.002568112284158318,0.004098356651125815
2026-05-08,19.770000457763672,19.780000686645508,19.579999923706055,19.600000381469727,478000,66.00690582485136,0.3976181673323467,0.038995344086136585,0.3586228232462101,0.0137021427453676,19.520000457763672,-0.41721531333821016,0.00867347311149377,-0.010622204702014651
2026-05-11,19.489999771118164,19.56999969482422,19.399999618530273,19.559999465942383,601900,60.67098447239778,0.39375017943646284,0.028101884952202172,0.36564829448426067,0.014299038624809017,19.770000457763672,0.2592050209205021,-0.0035787166020173626,-0.004104665194742842
2026-05-12,19.43000030517578,19.440000534057617,19.209999084472656,19.40999984741211,714500,59.55990025587834,0.3814462408737853,0.012638357111619702,0.3688078837621656,0.014335889421419624,19.489999771118164,0.18707426482804457,0.001030420294739904,-0.015954681475728278
2026-05-13,19.25,19.260000228881836,19.1200008392334,19.1200008392334,424800,56.23279784849106,0.3531004385571066,-0.01256595616404721,0.3656663947211538,0.01438301148082311,19.43000030517578,-0.40545836249125267,0.00679911898852269,0.00571431742086039
2026-05-14,19.489999771118164,19.5,19.350000381469727,19.360000610351562,852800,59.48273247593979,0.34601353314398153,-0.0157222892617378,0.36173582240571933,0.014583221001257363,19.25,1.0075329566854991,0.006714832472530634,-0.016931756161181432
2026-05-15,19.190000534057617,19.31999969482422,19.15999984741211,19.15999984741211,653900,54.077250216439786,0.3125863771357764,-0.03931955621595434,0.35190593335173076,0.014636481401641754,19.489999771118164,-0.2332317073170732,0.001565797854093403,0.007816551034694363
2026-05-18,19.309999465942383,19.3799991607666,19.229999542236328,19.34000015258789,378500,55.80721330651639,0.29240733634368254,-0.04759887760643855,0.3400062139501211,0.014691945792023138,19.190000534057617,-0.4211653157975226,-0.0015512247367533455,-0.0062143415434273465
